{
  "properties": {
    "connectionReferences": {
      "shared_commondataserviceforapps": {
        "runtimeSource": "embedded",
        "connection": {
          "connectionReferenceLogicalName": "aia_sharedcommondataserviceforapps_f1f89"
        },
        "api": {
          "name": "shared_commondataserviceforapps"
        }
      },
      "shared_commondataserviceforapps_1": {
        "runtimeSource": "embedded",
        "connection": {
          "connectionReferenceLogicalName": "aia_sharedcommondataserviceforapps_1c6db"
        },
        "api": {
          "name": "shared_commondataserviceforapps"
        }
      }
    },
    "definition": {
      "$schema": "https://schema.management.azure.com/providers/Microsoft.Logic/schemas/2016-06-01/workflowdefinition.json#",
      "contentVersion": "1.0.0.0",
      "parameters": {
        "$connections": {
          "defaultValue": {},
          "type": "Object"
        },
        "$authentication": {
          "defaultValue": {},
          "type": "SecureObject"
        }
      },
      "triggers": {
        "activity_log_is_created": {
          "metadata": {
            "operationMetadataId": "b5ce6ab6-b017-495e-b3f2-1b6b1e5ffb23"
          },
          "type": "OpenApiConnectionWebhook",
          "inputs": {
            "host": {
              "connectionName": "shared_commondataserviceforapps",
              "operationId": "SubscribeWebhookTrigger",
              "apiId": "/providers/Microsoft.PowerApps/apis/shared_commondataserviceforapps"
            },
            "parameters": {
              "subscriptionRequest/message": 1,
              "subscriptionRequest/entityname": "aia_s2cactivitylog",
              "subscriptionRequest/scope": 4,
              "subscriptionRequest/filterexpression": "aia_log_type eq 914710003"
            },
            "authentication": "@parameters('$authentication')"
          }
        }
      },
      "actions": {
        "Find_Sourcing_Requests": {
          "runAfter": {},
          "metadata": {
            "operationMetadataId": "7e6142fb-0cea-4104-bc49-5e628da86438"
          },
          "type": "OpenApiConnection",
          "inputs": {
            "host": {
              "connectionName": "shared_commondataserviceforapps_1",
              "operationId": "ListRecords",
              "apiId": "/providers/Microsoft.PowerApps/apis/shared_commondataserviceforapps"
            },
            "parameters": {
              "entityName": "aia_s2c_sourcingrequests",
              "fetchXml": "<fetch top=\"1\">\n  <entity name=\"aia_s2c_sourcingrequest\">\n    <attribute name=\"aia_resubmit_datetime\" />\n    <attribute name=\"aia_s2c_sourcingrequestid\" />\n    <filter>\n      <condition attribute=\"aia_s2c_sourcingrequestid\" operator=\"eq\" value=\"@{triggerOutputs()?['body/_aia_sourcing_request_value']}\" />\n      <condition attribute=\"statecode\" operator=\"eq\" value=\"0\" />\n    </filter>\n  </entity>\n</fetch>"
            },
            "authentication": "@parameters('$authentication')"
          }
        },
        "Condition": {
          "actions": {
            "Update_[Sourcing_Request].[Resubmit_Datetime]_=_UtcNow": {
              "runAfter": {},
              "metadata": {
                "operationMetadataId": "910cfd46-d9e3-4e9f-9c7d-71aec839af52"
              },
              "type": "OpenApiConnection",
              "inputs": {
                "host": {
                  "connectionName": "shared_commondataserviceforapps",
                  "operationId": "UpdateRecord",
                  "apiId": "/providers/Microsoft.PowerApps/apis/shared_commondataserviceforapps"
                },
                "parameters": {
                  "entityName": "aia_s2c_sourcingrequests",
                  "recordId": "@triggerOutputs()?['body/_aia_sourcing_request_value']",
                  "item/aia_resubmit_datetime": "@utcNow()"
                },
                "authentication": "@parameters('$authentication')"
              }
            }
          },
          "runAfter": {
            "Find_Sourcing_Requests": [
              "Succeeded"
            ]
          },
          "expression": {
            "and": [
              {
                "greaterOrEquals": [
                  "@length(outputs('Find_Sourcing_Requests')?['body/value'])",
                  1
                ]
              },
              {
                "equals": [
                  "@if(equals(first(body('Find_Sourcing_Requests')?['value'])?['aia_resubmit_datetime'],null),true,or(greater(sub(ticks(utcNow()),ticks(first(body('Find_Sourcing_Requests')?['value'])?['aia_resubmit_datetime'])),1200000000),greater(sub(ticks(first(body('Find_Sourcing_Requests')?['value'])?['aia_resubmit_datetime']),ticks(utcNow())),1200000000)))",
                  true
                ]
              }
            ]
          },
          "metadata": {
            "operationMetadataId": "b1d31aa2-7603-4660-9cc6-9a26d687de28"
          },
          "type": "If"
        }
      }
    },
    "templateName": ""
  },
  "schemaVersion": "1.0.0.0"
}