<ImportExportXml version="9.2.23041.218" SolutionPackageVersion="9.2" languagecode="1033" generatedBy="CrmLive" xmlns:xsi="http://www.w3.org/2001/XMLSchema-instance">
  <SolutionManifest>
    <UniqueName>s2c_Patch_82ef750b</UniqueName>
    <LocalizedNames>
      <LocalizedName description="SODA 2.0_20230420" languagecode="1033" />
    </LocalizedNames>
    <Descriptions>
      <Description description="Patch for SODA 2.0" languagecode="1033" />
    </Descriptions>
    <ParentUniqueName>s2c</ParentUniqueName>
    <Version>1.4.2.21</Version>
    <Managed>0</Managed>
    <Publisher>
      <UniqueName>aia</UniqueName>
      <LocalizedNames>
        <LocalizedName description="aia" languagecode="1033" />
      </LocalizedNames>
      <Descriptions>
        <Description description="aia" languagecode="1033" />
      </Descriptions>
      <EMailAddress xsi:nil="true"></EMailAddress>
      <SupportingWebsiteUrl xsi:nil="true"></SupportingWebsiteUrl>
      <CustomizationPrefix>aia</CustomizationPrefix>
      <CustomizationOptionValuePrefix>91471</CustomizationOptionValuePrefix>
      <Addresses>
        <Address>
          <AddressNumber>1</AddressNumber>
          <AddressTypeCode>1</AddressTypeCode>
          <City xsi:nil="true"></City>
          <County xsi:nil="true"></County>
          <Country xsi:nil="true"></Country>
          <Fax xsi:nil="true"></Fax>
          <FreightTermsCode xsi:nil="true"></FreightTermsCode>
          <ImportSequenceNumber xsi:nil="true"></ImportSequenceNumber>
          <Latitude xsi:nil="true"></Latitude>
          <Line1 xsi:nil="true"></Line1>
          <Line2 xsi:nil="true"></Line2>
          <Line3 xsi:nil="true"></Line3>
          <Longitude xsi:nil="true"></Longitude>
          <Name xsi:nil="true"></Name>
          <PostalCode xsi:nil="true"></PostalCode>
          <PostOfficeBox xsi:nil="true"></PostOfficeBox>
          <PrimaryContactName xsi:nil="true"></PrimaryContactName>
          <ShippingMethodCode>1</ShippingMethodCode>
          <StateOrProvince xsi:nil="true"></StateOrProvince>
          <Telephone1 xsi:nil="true"></Telephone1>
          <Telephone2 xsi:nil="true"></Telephone2>
          <Telephone3 xsi:nil="true"></Telephone3>
          <TimeZoneRuleVersionNumber xsi:nil="true"></TimeZoneRuleVersionNumber>
          <UPSZone xsi:nil="true"></UPSZone>
          <UTCOffset xsi:nil="true"></UTCOffset>
          <UTCConversionTimeZoneCode xsi:nil="true"></UTCConversionTimeZoneCode>
        </Address>
        <Address>
          <AddressNumber>2</AddressNumber>
          <AddressTypeCode>1</AddressTypeCode>
          <City xsi:nil="true"></City>
          <County xsi:nil="true"></County>
          <Country xsi:nil="true"></Country>
          <Fax xsi:nil="true"></Fax>
          <FreightTermsCode xsi:nil="true"></FreightTermsCode>
          <ImportSequenceNumber xsi:nil="true"></ImportSequenceNumber>
          <Latitude xsi:nil="true"></Latitude>
          <Line1 xsi:nil="true"></Line1>
          <Line2 xsi:nil="true"></Line2>
          <Line3 xsi:nil="true"></Line3>
          <Longitude xsi:nil="true"></Longitude>
          <Name xsi:nil="true"></Name>
          <PostalCode xsi:nil="true"></PostalCode>
          <PostOfficeBox xsi:nil="true"></PostOfficeBox>
          <PrimaryContactName xsi:nil="true"></PrimaryContactName>
          <ShippingMethodCode>1</ShippingMethodCode>
          <StateOrProvince xsi:nil="true"></StateOrProvince>
          <Telephone1 xsi:nil="true"></Telephone1>
          <Telephone2 xsi:nil="true"></Telephone2>
          <Telephone3 xsi:nil="true"></Telephone3>
          <TimeZoneRuleVersionNumber xsi:nil="true"></TimeZoneRuleVersionNumber>
          <UPSZone xsi:nil="true"></UPSZone>
          <UTCOffset xsi:nil="true"></UTCOffset>
          <UTCConversionTimeZoneCode xsi:nil="true"></UTCConversionTimeZoneCode>
        </Address>
      </Addresses>
    </Publisher>
    <RootComponents>
      <RootComponent type="1" schemaName="aia_s2c_sourcingrequest" behavior="2" />
      <RootComponent type="9" schemaName="aia_s2croacostsavingsbaselines" behavior="0" />
      <RootComponent type="29" id="{545f293e-df6e-ed11-81ac-002248593e63}" behavior="0" />
      <RootComponent type="29" id="{54acd6d9-fe73-ed11-81ac-002248593e63}" behavior="0" />
      <RootComponent type="29" id="{8f0bb585-e058-ed11-9561-002248593e63}" behavior="0" />
      <RootComponent type="29" id="{a698793d-ad69-ed11-81ac-002248593e63}" behavior="0" />
      <RootComponent type="29" id="{c316f6b9-c86f-ed11-81ac-002248593fc2}" behavior="0" />
      <RootComponent type="29" id="{c8f53d06-8170-ed11-81ac-002248593fc2}" behavior="0" />
      <RootComponent type="29" id="{eb5acfc0-ad2d-ed11-9db1-00224855f89a}" behavior="0" />
      <RootComponent type="29" id="{fc06b199-2ae0-ed11-a7c7-000d3a07ee6a}" behavior="0" />
      <RootComponent type="61" schemaName="aia_/vue/assets/add.svg" behavior="0" />
      <RootComponent type="61" schemaName="aia_/vue/assets/addlayer.svg" behavior="0" />
      <RootComponent type="61" schemaName="aia_/vue/assets/advancedSearch.css" behavior="0" />
      <RootComponent type="61" schemaName="aia_/vue/assets/advancedSearch.js" behavior="0" />
      <RootComponent type="61" schemaName="aia_/vue/assets/aiabutton.js" behavior="0" />
      <RootComponent type="61" schemaName="aia_/vue/assets/aialogo.svg" behavior="0" />
      <RootComponent type="61" schemaName="aia_/vue/assets/anglesleft.svg" behavior="0" />
      <RootComponent type="61" schemaName="aia_/vue/assets/anglesright.svg" behavior="0" />
      <RootComponent type="61" schemaName="aia_/vue/assets/approval-matrix-spinner.gif" behavior="0" />
      <RootComponent type="61" schemaName="aia_/vue/assets/approval.css" behavior="0" />
      <RootComponent type="61" schemaName="aia_/vue/assets/approval.js" behavior="0" />
      <RootComponent type="61" schemaName="aia_/vue/assets/approval2.css" behavior="0" />
      <RootComponent type="61" schemaName="aia_/vue/assets/approval2.js" behavior="0" />
      <RootComponent type="61" schemaName="aia_/vue/assets/approveChain.svg" behavior="0" />
      <RootComponent type="61" schemaName="aia_/vue/assets/approveError.svg" behavior="0" />
      <RootComponent type="61" schemaName="aia_/vue/assets/approveNotEiligiable.svg" behavior="0" />
      <RootComponent type="61" schemaName="aia_/vue/assets/approveNotGenerated.svg" behavior="0" />
      <RootComponent type="61" schemaName="aia_/vue/assets/arrow.js" behavior="0" />
      <RootComponent type="61" schemaName="aia_/vue/assets/arrow.svg" behavior="0" />
      <RootComponent type="61" schemaName="aia_/vue/assets/arrowleft.js" behavior="0" />
      <RootComponent type="61" schemaName="aia_/vue/assets/arrowleft.svg" behavior="0" />
      <RootComponent type="61" schemaName="aia_/vue/assets/arrowlefttransparent.svg" behavior="0" />
      <RootComponent type="61" schemaName="aia_/vue/assets/arrowright.svg" behavior="0" />
      <RootComponent type="61" schemaName="aia_/vue/assets/arrowrighttransparent.js" behavior="0" />
      <RootComponent type="61" schemaName="aia_/vue/assets/arrowrighttransparent.svg" behavior="0" />
      <RootComponent type="61" schemaName="aia_/vue/assets/background.js" behavior="0" />
      <RootComponent type="61" schemaName="aia_/vue/assets/background.png" behavior="0" />
      <RootComponent type="61" schemaName="aia_/vue/assets/bluereminder.js" behavior="0" />
      <RootComponent type="61" schemaName="aia_/vue/assets/bluereminder.svg" behavior="0" />
      <RootComponent type="61" schemaName="aia_/vue/assets/calendar.svg" behavior="0" />
      <RootComponent type="61" schemaName="aia_/vue/assets/checkico.svg" behavior="0" />
      <RootComponent type="61" schemaName="aia_/vue/assets/checklist.css" behavior="0" />
      <RootComponent type="61" schemaName="aia_/vue/assets/checklist.js" behavior="0" />
      <RootComponent type="61" schemaName="aia_/vue/assets/checklist2.css" behavior="0" />
      <RootComponent type="61" schemaName="aia_/vue/assets/checklist2.js" behavior="0" />
      <RootComponent type="61" schemaName="aia_/vue/assets/CKEditor.css" behavior="0" />
      <RootComponent type="61" schemaName="aia_/vue/assets/CKEditor.js" behavior="0" />
      <RootComponent type="61" schemaName="aia_/vue/assets/comment.svg" behavior="0" />
      <RootComponent type="61" schemaName="aia_/vue/assets/configvalues.js" behavior="0" />
      <RootComponent type="61" schemaName="aia_/vue/assets/container.css" behavior="0" />
      <RootComponent type="61" schemaName="aia_/vue/assets/container.js" behavior="0" />
      <RootComponent type="61" schemaName="aia_/vue/assets/contractrisk.css" behavior="0" />
      <RootComponent type="61" schemaName="aia_/vue/assets/contractrisk.js" behavior="0" />
      <RootComponent type="61" schemaName="aia_/vue/assets/contractrisk2.css" behavior="0" />
      <RootComponent type="61" schemaName="aia_/vue/assets/contractrisk2.js" behavior="0" />
      <RootComponent type="61" schemaName="aia_/vue/assets/copylink.svg" behavior="0" />
      <RootComponent type="61" schemaName="aia_/vue/assets/copyRequestDialog.vue_vue_type_style_index_0_scoped_true_lang.css" behavior="0" />
      <RootComponent type="61" schemaName="aia_/vue/assets/costsavings.css" behavior="0" />
      <RootComponent type="61" schemaName="aia_/vue/assets/costsavings.js" behavior="0" />
      <RootComponent type="61" schemaName="aia_/vue/assets/costsavings2.css" behavior="0" />
      <RootComponent type="61" schemaName="aia_/vue/assets/costsavings2.js" behavior="0" />
      <RootComponent type="61" schemaName="aia_/vue/assets/CRMCommon.js" behavior="0" />
      <RootComponent type="61" schemaName="aia_/vue/assets/currentUserStore.js" behavior="0" />
      <RootComponent type="61" schemaName="aia_/vue/assets/delete.js" behavior="0" />
      <RootComponent type="61" schemaName="aia_/vue/assets/delete.svg" behavior="0" />
      <RootComponent type="61" schemaName="aia_/vue/assets/edit.svg" behavior="0" />
      <RootComponent type="61" schemaName="aia_/vue/assets/editallfields.svg" behavior="0" />
      <RootComponent type="61" schemaName="aia_/vue/assets/Evaluation.css" behavior="0" />
      <RootComponent type="61" schemaName="aia_/vue/assets/Evaluation.js" behavior="0" />
      <RootComponent type="61" schemaName="aia_/vue/assets/EvaluationView.css" behavior="0" />
      <RootComponent type="61" schemaName="aia_/vue/assets/EvaluationView.js" behavior="0" />
      <RootComponent type="61" schemaName="aia_/vue/assets/footer.js" behavior="0" />
      <RootComponent type="61" schemaName="aia_/vue/assets/footer.vue_vue_type_style_index_0_scoped_true_lang.css" behavior="0" />
      <RootComponent type="61" schemaName="aia_/vue/assets/footer.vue_vue_type_style_index_0_scoped_true_lang.js" behavior="0" />
      <RootComponent type="61" schemaName="aia_/vue/assets/format.css" behavior="0" />
      <RootComponent type="61" schemaName="aia_/vue/assets/format.js" behavior="0" />
      <RootComponent type="61" schemaName="aia_/vue/assets/Funding.css" behavior="0" />
      <RootComponent type="61" schemaName="aia_/vue/assets/Funding.js" behavior="0" />
      <RootComponent type="61" schemaName="aia_/vue/assets/FundingView.css" behavior="0" />
      <RootComponent type="61" schemaName="aia_/vue/assets/FundingView.js" behavior="0" />
      <RootComponent type="61" schemaName="aia_/vue/assets/grouptax.js" behavior="0" />
      <RootComponent type="61" schemaName="aia_/vue/assets/guidingPage.css" behavior="0" />
      <RootComponent type="61" schemaName="aia_/vue/assets/guidingPage.js" behavior="0" />
      <RootComponent type="61" schemaName="aia_/vue/assets/headbackground.png" behavior="0" />
      <RootComponent type="61" schemaName="aia_/vue/assets/header.css" behavior="0" />
      <RootComponent type="61" schemaName="aia_/vue/assets/header.js" behavior="0" />
      <RootComponent type="61" schemaName="aia_/vue/assets/humanicon.svg" behavior="0" />
      <RootComponent type="61" schemaName="aia_/vue/assets/icoAction.js" behavior="0" />
      <RootComponent type="61" schemaName="aia_/vue/assets/icoAction.svg" behavior="0" />
      <RootComponent type="61" schemaName="aia_/vue/assets/icoApproverInvoid.svg" behavior="0" />
      <RootComponent type="61" schemaName="aia_/vue/assets/icocurrentselected.js" behavior="0" />
      <RootComponent type="61" schemaName="aia_/vue/assets/icocurrentselected.svg" behavior="0" />
      <RootComponent type="61" schemaName="aia_/vue/assets/icocurrentselectederror.svg" behavior="0" />
      <RootComponent type="61" schemaName="aia_/vue/assets/icocurrentselectedsuccess.svg" behavior="0" />
      <RootComponent type="61" schemaName="aia_/vue/assets/icoError.svg" behavior="0" />
      <RootComponent type="61" schemaName="aia_/vue/assets/icopass.svg" behavior="0" />
      <RootComponent type="61" schemaName="aia_/vue/assets/index.css" behavior="0" />
      <RootComponent type="61" schemaName="aia_/vue/assets/index.js" behavior="0" />
      <RootComponent type="61" schemaName="aia_/vue/assets/index.vue_vue_type_style_index_0_scoped_true_lang.css" behavior="0" />
      <RootComponent type="61" schemaName="aia_/vue/assets/index2.css" behavior="0" />
      <RootComponent type="61" schemaName="aia_/vue/assets/index2.js" behavior="0" />
      <RootComponent type="61" schemaName="aia_/vue/assets/index3.css" behavior="0" />
      <RootComponent type="61" schemaName="aia_/vue/assets/index3.js" behavior="0" />
      <RootComponent type="61" schemaName="aia_/vue/assets/index4.css" behavior="0" />
      <RootComponent type="61" schemaName="aia_/vue/assets/index4.js" behavior="0" />
      <RootComponent type="61" schemaName="aia_/vue/assets/index5.css" behavior="0" />
      <RootComponent type="61" schemaName="aia_/vue/assets/index5.js" behavior="0" />
      <RootComponent type="61" schemaName="aia_/vue/assets/index6.js" behavior="0" />
      <RootComponent type="61" schemaName="aia_/vue/assets/InitialScreen.css" behavior="0" />
      <RootComponent type="61" schemaName="aia_/vue/assets/InitialScreen.js" behavior="0" />
      <RootComponent type="61" schemaName="aia_/vue/assets/InitialScreening.css" behavior="0" />
      <RootComponent type="61" schemaName="aia_/vue/assets/InitialScreening.js" behavior="0" />
      <RootComponent type="61" schemaName="aia_/vue/assets/inputsuffix.js" behavior="0" />
      <RootComponent type="61" schemaName="aia_/vue/assets/line.svg" behavior="0" />
      <RootComponent type="61" schemaName="aia_/vue/assets/livestatus.svg" behavior="0" />
      <RootComponent type="61" schemaName="aia_/vue/assets/main.css" behavior="0" />
      <RootComponent type="61" schemaName="aia_/vue/assets/main.js" behavior="0" />
      <RootComponent type="61" schemaName="aia_/vue/assets/maincontent.css" behavior="0" />
      <RootComponent type="61" schemaName="aia_/vue/assets/maincontent.js" behavior="0" />
      <RootComponent type="61" schemaName="aia_/vue/assets/mainPage.css" behavior="0" />
      <RootComponent type="61" schemaName="aia_/vue/assets/mainPage.js" behavior="0" />
      <RootComponent type="61" schemaName="aia_/vue/assets/myhistory.css" behavior="0" />
      <RootComponent type="61" schemaName="aia_/vue/assets/myhistory.js" behavior="0" />
      <RootComponent type="61" schemaName="aia_/vue/assets/navigation.js" behavior="0" />
      <RootComponent type="61" schemaName="aia_/vue/assets/newrequest.css" behavior="0" />
      <RootComponent type="61" schemaName="aia_/vue/assets/newrequest.js" behavior="0" />
      <RootComponent type="61" schemaName="aia_/vue/assets/newrequesthelper.js" behavior="0" />
      <RootComponent type="61" schemaName="aia_/vue/assets/nofounddata.svg" behavior="0" />
      <RootComponent type="61" schemaName="aia_/vue/assets/noticeicon.svg" behavior="0" />
      <RootComponent type="61" schemaName="aia_/vue/assets/overview.css" behavior="0" />
      <RootComponent type="61" schemaName="aia_/vue/assets/overview.js" behavior="0" />
      <RootComponent type="61" schemaName="aia_/vue/assets/pdf.svg" behavior="0" />
      <RootComponent type="61" schemaName="aia_/vue/assets/pending.svg" behavior="0" />
      <RootComponent type="61" schemaName="aia_/vue/assets/plusicon.svg" behavior="0" />
      <RootComponent type="61" schemaName="aia_/vue/assets/processbar.css" behavior="0" />
      <RootComponent type="61" schemaName="aia_/vue/assets/processbar.js" behavior="0" />
      <RootComponent type="61" schemaName="aia_/vue/assets/readonlyStore.js" behavior="0" />
      <RootComponent type="61" schemaName="aia_/vue/assets/refresh.js" behavior="0" />
      <RootComponent type="61" schemaName="aia_/vue/assets/refresh.svg" behavior="0" />
      <RootComponent type="61" schemaName="aia_/vue/assets/rejectstatus.svg" behavior="0" />
      <RootComponent type="61" schemaName="aia_/vue/assets/reminderbig.js" behavior="0" />
      <RootComponent type="61" schemaName="aia_/vue/assets/reminderbig.svg" behavior="0" />
      <RootComponent type="61" schemaName="aia_/vue/assets/remindersmall.js" behavior="0" />
      <RootComponent type="61" schemaName="aia_/vue/assets/remindersmall.svg" behavior="0" />
      <RootComponent type="61" schemaName="aia_/vue/assets/remove.svg" behavior="0" />
      <RootComponent type="61" schemaName="aia_/vue/assets/removeapprover.svg" behavior="0" />
      <RootComponent type="61" schemaName="aia_/vue/assets/review.css" behavior="0" />
      <RootComponent type="61" schemaName="aia_/vue/assets/review.js" behavior="0" />
      <RootComponent type="61" schemaName="aia_/vue/assets/reviewPage.css" behavior="0" />
      <RootComponent type="61" schemaName="aia_/vue/assets/reviewPage.js" behavior="0" />
      <RootComponent type="61" schemaName="aia_/vue/assets/s2chelper.js" behavior="0" />
      <RootComponent type="61" schemaName="aia_/vue/assets/s2crequestStore.js" behavior="0" />
      <RootComponent type="61" schemaName="aia_/vue/assets/s2crequeststore2.js" behavior="0" />
      <RootComponent type="61" schemaName="aia_/vue/assets/s2crequestSubmitError.js" behavior="0" />
      <RootComponent type="61" schemaName="aia_/vue/assets/search.js" behavior="0" />
      <RootComponent type="61" schemaName="aia_/vue/assets/search.svg" behavior="0" />
      <RootComponent type="61" schemaName="aia_/vue/assets/SearchTeamMemberDialog.css" behavior="0" />
      <RootComponent type="61" schemaName="aia_/vue/assets/SearchTeamMemberDialog.js" behavior="0" />
      <RootComponent type="61" schemaName="aia_/vue/assets/subform.js" behavior="0" />
      <RootComponent type="61" schemaName="aia_/vue/assets/subformbackgroundheader.png" behavior="0" />
      <RootComponent type="61" schemaName="aia_/vue/assets/subformnav.svg" behavior="0" />
      <RootComponent type="61" schemaName="aia_/vue/assets/subformnavselected.js" behavior="0" />
      <RootComponent type="61" schemaName="aia_/vue/assets/subformnavselected.svg" behavior="0" />
      <RootComponent type="61" schemaName="aia_/vue/assets/subPage1.css" behavior="0" />
      <RootComponent type="61" schemaName="aia_/vue/assets/subPage1.js" behavior="0" />
      <RootComponent type="61" schemaName="aia_/vue/assets/subPage2.css" behavior="0" />
      <RootComponent type="61" schemaName="aia_/vue/assets/subPage2.js" behavior="0" />
      <RootComponent type="61" schemaName="aia_/vue/assets/summary.css" behavior="0" />
      <RootComponent type="61" schemaName="aia_/vue/assets/summary.js" behavior="0" />
      <RootComponent type="61" schemaName="aia_/vue/assets/summary2.css" behavior="0" />
      <RootComponent type="61" schemaName="aia_/vue/assets/summary2.js" behavior="0" />
      <RootComponent type="61" schemaName="aia_/vue/assets/TeamMember.css" behavior="0" />
      <RootComponent type="61" schemaName="aia_/vue/assets/TeamMember.js" behavior="0" />
      <RootComponent type="61" schemaName="aia_/vue/assets/teamMemberBase.css" behavior="0" />
      <RootComponent type="61" schemaName="aia_/vue/assets/teamMemberBase.js" behavior="0" />
      <RootComponent type="61" schemaName="aia_/vue/assets/TeamMemberSelection.css" behavior="0" />
      <RootComponent type="61" schemaName="aia_/vue/assets/TeamMemberSelection.js" behavior="0" />
      <RootComponent type="61" schemaName="aia_/vue/assets/title.js" behavior="0" />
      <RootComponent type="61" schemaName="aia_/vue/assets/title.png" behavior="0" />
      <RootComponent type="61" schemaName="aia_/vue/assets/todoList.css" behavior="0" />
      <RootComponent type="61" schemaName="aia_/vue/assets/todoList.js" behavior="0" />
      <RootComponent type="61" schemaName="aia_/vue/assets/tooltip.js" behavior="0" />
      <RootComponent type="61" schemaName="aia_/vue/assets/tooltip.svg" behavior="0" />
      <RootComponent type="61" schemaName="aia_/vue/assets/uparrow.js" behavior="0" />
      <RootComponent type="61" schemaName="aia_/vue/assets/uparrow.svg" behavior="0" />
      <RootComponent type="61" schemaName="aia_/vue/assets/upload.css" behavior="0" />
      <RootComponent type="61" schemaName="aia_/vue/assets/upload.js" behavior="0" />
      <RootComponent type="61" schemaName="aia_/vue/assets/uploadSignContract.css" behavior="0" />
      <RootComponent type="61" schemaName="aia_/vue/assets/uploadSignContract.js" behavior="0" />
      <RootComponent type="61" schemaName="aia_/vue/assets/userlookup.js" behavior="0" />
      <RootComponent type="61" schemaName="aia_/vue/assets/userTicketDialog.css" behavior="0" />
      <RootComponent type="61" schemaName="aia_/vue/assets/userTicketDialog.js" behavior="0" />
      <RootComponent type="61" schemaName="aia_/vue/assets/viewteam.svg" behavior="0" />
      <RootComponent type="61" schemaName="aia_/vue/index.html" behavior="0" />
      <RootComponent type="91" id="{de66869a-6e75-4ee6-8b87-f21eccdb320a}" schemaName="Dynamics365.WorkflowActivitys, Version=1.0.0.0, Culture=neutral, PublicKeyToken=a9f9614f47504d96" behavior="0" />
    </RootComponents>
    <MissingDependencies>
      <MissingDependency>
        <Required type="1" schemaName="aia_activityapprovalchain" displayName="Define Approval Chain" solution="Active" />
        <Dependent type="29" displayName="AIA | ROA Approve Chain Generate" id="{c316f6b9-c86f-ed11-81ac-002248593fc2}" />
      </MissingDependency>
      <MissingDependency>
        <Required type="1" schemaName="aia_approval_chain" displayName="Approval Chain" solution="Active" />
        <Dependent type="29" displayName="AIA | ROA Approve Chain Generate" id="{c316f6b9-c86f-ed11-81ac-002248593fc2}" />
      </MissingDependency>
      <MissingDependency>
        <Required type="1" schemaName="aia_approval_chain" displayName="Approval Chain" solution="Active" />
        <Dependent type="29" displayName="AIA | ROA CAT1 Approve Chain Generate" id="{c8f53d06-8170-ed11-81ac-002248593fc2}" />
      </MissingDependency>
      <MissingDependency>
        <Required type="1" schemaName="aia_approval_chain_approver" displayName="Approval Chain Approver" solution="Active" />
        <Dependent type="29" displayName="AIA | ROA Approve Chain Generate" id="{c316f6b9-c86f-ed11-81ac-002248593fc2}" />
      </MissingDependency>
      <MissingDependency>
        <Required type="1" schemaName="aia_approval_chain_approver" displayName="Approval Chain Approver" solution="Active" />
        <Dependent type="29" displayName="AIA | ROA CAT1 Approve Chain Generate" id="{c8f53d06-8170-ed11-81ac-002248593fc2}" />
      </MissingDependency>
      <MissingDependency>
        <Required type="1" schemaName="aia_new" displayName="NEW" solution="Active" />
        <Dependent type="29" displayName="AIA | S2C Update Renewal No. when NEW onboarded" id="{eb5acfc0-ad2d-ed11-9db1-00224855f89a}" />
      </MissingDependency>
      <MissingDependency>
        <Required type="1" schemaName="aia_roa" displayName="Request" solution="Active" />
        <Dependent type="29" displayName="AIA | ROA Approve Chain Generate" id="{c316f6b9-c86f-ed11-81ac-002248593fc2}" />
      </MissingDependency>
      <MissingDependency>
        <Required type="1" schemaName="aia_roa" displayName="Request" solution="Active" />
        <Dependent type="29" displayName="AIA | ROA CAT1 Approve Chain Generate" id="{c8f53d06-8170-ed11-81ac-002248593fc2}" />
      </MissingDependency>
      <MissingDependency>
        <Required type="1" schemaName="aia_roa" displayName="Request" solution="Active" />
        <Dependent type="29" displayName="AIA | S2C Update Renewal No. when NEW onboarded" id="{eb5acfc0-ad2d-ed11-9db1-00224855f89a}" />
      </MissingDependency>
      <MissingDependency>
        <Required type="1" schemaName="aia_s2c_review_n_edit_roa_activity" displayName="Review &amp; Edit ROA" solution="Active" />
        <Dependent type="29" displayName="AIA | S2C Send to CO trigger both email and to-do 9.1" id="{8f0bb585-e058-ed11-9561-002248593e63}" />
      </MissingDependency>
      <MissingDependency>
        <Required type="1" schemaName="aia_s2c_review_n_reply_comment_activity" displayName="Review &amp; Reply Comment" solution="Active" />
        <Dependent type="29" displayName="AIA | Trigger By Reply &amp; Review Comment Created" id="{54acd6d9-fe73-ed11-81ac-002248593e63}" />
      </MissingDependency>
      <MissingDependency>
        <Required type="1" schemaName="aia_s2c_sourcingrequest" displayName="Sourcing Request" solution="Active" />
        <Dependent type="1" schemaName="aia_s2c_sourcingrequest" displayName="Sourcing Request" />
      </MissingDependency>
      <MissingDependency>
        <Required type="1" schemaName="aia_s2cactivitylog" displayName="S2C Activity Log" solution="Active" />
        <Dependent type="29" displayName="AIA | Activity Log - Set Resubmission Datetime of Sourcing Request" id="{545f293e-df6e-ed11-81ac-002248593e63}" />
      </MissingDependency>
      <MissingDependency>
        <Required type="1" schemaName="aia_sap_employee" displayName="SAP Employee" solution="Active" />
        <Dependent type="29" displayName="AIA | ROA Approve Chain Generate" id="{c316f6b9-c86f-ed11-81ac-002248593fc2}" />
      </MissingDependency>
      <MissingDependency>
        <Required type="1" schemaName="aia_sap_employee" displayName="SAP Employee" solution="Active" />
        <Dependent type="29" displayName="AIA | ROA CAT1 Approve Chain Generate" id="{c8f53d06-8170-ed11-81ac-002248593fc2}" />
      </MissingDependency>
      <MissingDependency>
        <Required type="1" schemaName="aia_sap_wbs" displayName="SAP WBS" solution="Active" />
        <Dependent type="29" displayName="AIA | ROA CAT1 Approve Chain Generate" id="{c8f53d06-8170-ed11-81ac-002248593fc2}" />
      </MissingDependency>
      <MissingDependency>
        <Required type="1" schemaName="aia_update_renewal_number_reminder" displayName="Update Renewal Number Request" solution="Active" />
        <Dependent type="29" displayName="AIA | S2C Update Renewal No. when NEW onboarded" id="{eb5acfc0-ad2d-ed11-9db1-00224855f89a}" />
      </MissingDependency>
      <MissingDependency>
        <Required type="1" schemaName="aia_upsertapprovallog" displayName="Upsert Approval Log" solution="Active" />
        <Dependent type="29" displayName="AIA | S2C Scheduled Add Upsert Approval Logs" id="{a698793d-ad69-ed11-81ac-002248593e63}" />
      </MissingDependency>
      <MissingDependency>
        <Required type="1" schemaName="aia_upsertapprovallog" displayName="Upsert Approval Log" solution="Active" />
        <Dependent type="29" displayName="AIA | S2C Scheduled Update Upsert Approval Logs Status As Success" id="{fc06b199-2ae0-ed11-a7c7-000d3a07ee6a}" />
      </MissingDependency>
      <MissingDependency>
        <Required type="2" schemaName="aia_individual_status" displayName="Individual Status" parentSchemaName="aia_new" parentDisplayName="NEW" solution="Active" />
        <Dependent type="29" displayName="AIA | S2C Update Renewal No. when NEW onboarded" id="{eb5acfc0-ad2d-ed11-9db1-00224855f89a}" />
      </MissingDependency>
      <MissingDependency>
        <Required type="2" schemaName="aia_send_to_requestor_btn" displayName="Is Send to Requestor being clicked?" parentSchemaName="aia_s2c_sourcingrequest" parentDisplayName="Sourcing Request" solution="Active" />
        <Dependent type="29" displayName="AIA | S2C Send to CO trigger both email and to-do 9.1" id="{8f0bb585-e058-ed11-9561-002248593e63}" />
      </MissingDependency>
      <MissingDependency>
        <Required type="2" schemaName="aia_upsert_status" displayName="Upsert Status" parentSchemaName="aia_upsertapprovallog" parentDisplayName="Upsert Approval Log" solution="Active" />
        <Dependent type="29" displayName="AIA | S2C Scheduled Update Upsert Approval Logs Status As Success" id="{fc06b199-2ae0-ed11-a7c7-000d3a07ee6a}" />
      </MissingDependency>
      <MissingDependency>
        <Required type="29" displayName="AIA | S2C Public. Get Given Name" solution="Active" id="{161d9f88-f8f1-ec11-bb3d-6045bd1bf92d}" />
        <Dependent type="29" displayName="AIA | S2C Send to CO trigger both email and to-do 9.1" id="{8f0bb585-e058-ed11-9561-002248593e63}" />
      </MissingDependency>
      <MissingDependency>
        <Required type="29" displayName="AIA | S2C ROA Approval Matrix - Update Souring Request Status is Pending Approval" solution="Active" id="{c174bf1a-79ae-ed11-83ff-002248593e63}" />
        <Dependent type="29" displayName="AIA | S2C Scheduled Update Upsert Approval Logs Status As Success" id="{fc06b199-2ae0-ed11-a7c7-000d3a07ee6a}" />
      </MissingDependency>
      <MissingDependency>
        <Required type="29" displayName="Public. Find Configuration by name" solution="Active" id="{cb8c7cef-6161-ec11-8f8f-000d3a80eca3}" />
        <Dependent type="29" displayName="AIA | S2C Send to CO trigger both email and to-do 9.1" id="{8f0bb585-e058-ed11-9561-002248593e63}" />
      </MissingDependency>
      <MissingDependency>
        <Required type="29" displayName="Public. Find Configuration by name" solution="Active" id="{cb8c7cef-6161-ec11-8f8f-000d3a80eca3}" />
        <Dependent type="29" displayName="AIA | ROA Approve Chain Generate" id="{c316f6b9-c86f-ed11-81ac-002248593fc2}" />
      </MissingDependency>
      <MissingDependency>
        <Required type="29" displayName="Public. Find Configuration by name" solution="Active" id="{cb8c7cef-6161-ec11-8f8f-000d3a80eca3}" />
        <Dependent type="29" displayName="AIA | ROA CAT1 Approve Chain Generate" id="{c8f53d06-8170-ed11-81ac-002248593fc2}" />
      </MissingDependency>
      <MissingDependency>
        <Required type="29" displayName="AIA | 10.6 Upon Approver/Endorser sends a Comment" solution="Active" id="{e3bc8df2-fc73-ed11-81ac-002248593e63}" />
        <Dependent type="29" displayName="AIA | Trigger By Reply &amp; Review Comment Created" id="{54acd6d9-fe73-ed11-81ac-002248593e63}" />
      </MissingDependency>
      <MissingDependency>
        <Required type="29" displayName="AIA | ROA Approve Chain Approver Duplication Detection" solution="Active" id="{f73b7730-b590-ed11-aad0-0022485672d2}" />
        <Dependent type="29" displayName="AIA | ROA CAT1 Approve Chain Generate" id="{c8f53d06-8170-ed11-81ac-002248593fc2}" />
      </MissingDependency>
      <MissingDependency>
        <Required type="29" displayName="AIA | ROA CAT1 Approve Chain Generate WBS heriarchy" solution="Active" id="{fcca97a4-e471-ed11-81ac-002248593fc2}" />
        <Dependent type="29" displayName="AIA | ROA CAT1 Approve Chain Generate" id="{c8f53d06-8170-ed11-81ac-002248593fc2}" />
      </MissingDependency>
      <MissingDependency>
        <Required type="connectionreference" displayName="aia_sharedcommondataserviceforapps_1c6db" solution="Active" id.connectionreferencelogicalname="aia_sharedcommondataserviceforapps_1c6db" />
        <Dependent type="29" displayName="AIA | Activity Log - Set Resubmission Datetime of Sourcing Request" id="{545f293e-df6e-ed11-81ac-002248593e63}" />
      </MissingDependency>
      <MissingDependency>
        <Required type="connectionreference" displayName="aia_sharedcommondataserviceforapps_1c6db" solution="Active" id.connectionreferencelogicalname="aia_sharedcommondataserviceforapps_1c6db" />
        <Dependent type="29" displayName="AIA | Trigger By Reply &amp; Review Comment Created" id="{54acd6d9-fe73-ed11-81ac-002248593e63}" />
      </MissingDependency>
      <MissingDependency>
        <Required type="connectionreference" displayName="aia_sharedcommondataserviceforapps_1c6db" solution="Active" id.connectionreferencelogicalname="aia_sharedcommondataserviceforapps_1c6db" />
        <Dependent type="29" displayName="AIA | S2C Update Renewal No. when NEW onboarded" id="{eb5acfc0-ad2d-ed11-9db1-00224855f89a}" />
      </MissingDependency>
      <MissingDependency>
        <Required type="connectionreference" displayName="aia_sharedcommondataserviceforapps_dba9d" solution="Active" id.connectionreferencelogicalname="aia_sharedcommondataserviceforapps_dba9d" />
        <Dependent type="29" displayName="AIA | S2C Send to CO trigger both email and to-do 9.1" id="{8f0bb585-e058-ed11-9561-002248593e63}" />
      </MissingDependency>
      <MissingDependency>
        <Required type="connectionreference" displayName="aia_sharedcommondataserviceforapps_dba9d" solution="Active" id.connectionreferencelogicalname="aia_sharedcommondataserviceforapps_dba9d" />
        <Dependent type="29" displayName="AIA | S2C Update Renewal No. when NEW onboarded" id="{eb5acfc0-ad2d-ed11-9db1-00224855f89a}" />
      </MissingDependency>
      <MissingDependency>
        <Required type="connectionreference" displayName="aia_sharedcommondataserviceforapps_f1f89" solution="Active" id.connectionreferencelogicalname="aia_sharedcommondataserviceforapps_f1f89" />
        <Dependent type="29" displayName="AIA | Activity Log - Set Resubmission Datetime of Sourcing Request" id="{545f293e-df6e-ed11-81ac-002248593e63}" />
      </MissingDependency>
      <MissingDependency>
        <Required type="connectionreference" displayName="aia_sharedcommondataserviceforapps_f1fd0" solution="Active" id.connectionreferencelogicalname="aia_sharedcommondataserviceforapps_f1fd0" />
        <Dependent type="29" displayName="AIA | S2C Scheduled Update Upsert Approval Logs Status As Success" id="{fc06b199-2ae0-ed11-a7c7-000d3a07ee6a}" />
      </MissingDependency>
      <MissingDependency>
        <Required type="connectionreference" displayName="aia_sharedcommondataserviceforapps_fce10" solution="Active" id.connectionreferencelogicalname="aia_sharedcommondataserviceforapps_fce10" />
        <Dependent type="29" displayName="AIA | S2C Scheduled Add Upsert Approval Logs" id="{a698793d-ad69-ed11-81ac-002248593e63}" />
      </MissingDependency>
      <MissingDependency>
        <Required type="connectionreference" displayName="aia_sharedcommondataserviceforapps_fce10" solution="Active" id.connectionreferencelogicalname="aia_sharedcommondataserviceforapps_fce10" />
        <Dependent type="29" displayName="AIA | ROA Approve Chain Generate" id="{c316f6b9-c86f-ed11-81ac-002248593fc2}" />
      </MissingDependency>
      <MissingDependency>
        <Required type="connectionreference" displayName="aia_sharedcommondataserviceforapps_fce10" solution="Active" id.connectionreferencelogicalname="aia_sharedcommondataserviceforapps_fce10" />
        <Dependent type="29" displayName="AIA | ROA CAT1 Approve Chain Generate" id="{c8f53d06-8170-ed11-81ac-002248593fc2}" />
      </MissingDependency>
      <MissingDependency>
        <Required type="connectionreference" displayName="aia_sharedoffice365_705f6" solution="Active" id.connectionreferencelogicalname="aia_sharedoffice365_705f6" />
        <Dependent type="29" displayName="AIA | S2C Send to CO trigger both email and to-do 9.1" id="{8f0bb585-e058-ed11-9561-002248593e63}" />
      </MissingDependency>
    </MissingDependencies>
  </SolutionManifest>
</ImportExportXml>