{
  "properties": {
    "connectionReferences": {
      "shared_commondataserviceforapps_1": {
        "runtimeSource": "embedded",
        "connection": {
          "connectionReferenceLogicalName": "aia_sharedcommondataserviceforapps_1c6db"
        },
        "api": {
          "name": "shared_commondataserviceforapps"
        }
      }
    },
    "definition": {
      "$schema": "https://schema.management.azure.com/providers/Microsoft.Logic/schemas/2016-06-01/workflowdefinition.json#",
      "contentVersion": "1.0.0.0",
      "parameters": {
        "$connections": {
          "defaultValue": {},
          "type": "Object"
        },
        "$authentication": {
          "defaultValue": {},
          "type": "SecureObject"
        }
      },
      "triggers": {
        "manual": {
          "metadata": {
            "operationMetadataId": "c2a03159-12b1-49f5-bc28-401b1637a782"
          },
          "type": "Request",
          "kind": "Button",
          "inputs": {
            "schema": {
              "type": "object",
              "properties": {
                "text": {
                  "title": "RequestGuid",
                  "type": "string",
                  "x-ms-dynamically-added": true,
                  "description": "Please enter your input",
                  "x-ms-content-hint": "TEXT"
                }
              },
              "required": [
                "text"
              ]
            }
          }
        }
      },
      "actions": {
        "Retrieve_sourcing_request_by_id": {
          "runAfter": {},
          "metadata": {
            "operationMetadataId": "1a886973-e50c-4b16-8376-1c0bd34841a3"
          },
          "type": "OpenApiConnection",
          "inputs": {
            "host": {
              "connectionName": "shared_commondataserviceforapps_1",
              "operationId": "GetItem",
              "apiId": "/providers/Microsoft.PowerApps/apis/shared_commondataserviceforapps"
            },
            "parameters": {
              "entityName": "aia_s2c_sourcingrequests",
              "recordId": "@triggerBody()['text']",
              "$expand": "aia_current_approval_matrix($select=aia_approval_status)"
            },
            "authentication": {
              "type": "Raw",
              "value": "@json(decodeBase64(triggerOutputs().headers['X-MS-APIM-Tokens']))['$ConnectionKey']"
            }
          }
        },
        "Respond_to_a_PowerApp_or_flow": {
          "runAfter": {
            "If_request_status_is_equal_to_pending_approval_or_complete": [
              "Succeeded"
            ]
          },
          "metadata": {
            "operationMetadataId": "956e8120-5d98-4db3-98fe-993d692b6c06"
          },
          "type": "Response",
          "kind": "PowerApp",
          "inputs": {
            "statusCode": 200,
            "body": {},
            "schema": {
              "type": "object",
              "properties": {}
            }
          }
        },
        "Check_Approval_Matrix_status_is_Draft": {
          "actions": {
            "If_request_status_is_equal_to_pending_approval_or_not": {
              "actions": {
                "Update_ROA_submission_datetime_to_current_datetime": {
                  "runAfter": {
                    "If_existing_approval_layer_or_not": [
                      "Succeeded"
                    ]
                  },
                  "metadata": {
                    "operationMetadataId": "428e1504-196f-4729-a665-521effc9815f"
                  },
                  "type": "OpenApiConnection",
                  "inputs": {
                    "host": {
                      "connectionName": "shared_commondataserviceforapps_1",
                      "operationId": "UpdateRecord",
                      "apiId": "/providers/Microsoft.PowerApps/apis/shared_commondataserviceforapps"
                    },
                    "parameters": {
                      "entityName": "aia_s2c_sourcingrequests",
                      "recordId": "@outputs('Retrieve_sourcing_request_by_id')?['body/aia_s2c_sourcingrequestid']",
                      "item/aia_roa_submission_datetime": "@utcNow()"
                    },
                    "authentication": {
                      "type": "Raw",
                      "value": "@json(decodeBase64(triggerOutputs().headers['X-MS-APIM-Tokens']))['$ConnectionKey']"
                    }
                  }
                },
                "Retrieve_approval_layer_list_by_current_approval_matrix_id": {
                  "runAfter": {
                    "if_existing_endorser": [
                      "Succeeded"
                    ]
                  },
                  "metadata": {
                    "operationMetadataId": "048f096d-39d5-4eed-a210-6c5783e21017"
                  },
                  "type": "OpenApiConnection",
                  "inputs": {
                    "host": {
                      "connectionName": "shared_commondataserviceforapps_1",
                      "operationId": "ListRecords",
                      "apiId": "/providers/Microsoft.PowerApps/apis/shared_commondataserviceforapps"
                    },
                    "parameters": {
                      "entityName": "aia_s2c_approval_layers",
                      "$filter": "_aia_approval_value eq @{outputs('Retrieve_sourcing_request_by_id')?['body/_aia_current_approval_matrix_value']} and aia_approval_status eq 914710000 and statecode eq 0 and aia_sequence eq 1",
                      "$orderby": "aia_sequence asc",
                      "$top": 1
                    },
                    "authentication": {
                      "type": "Raw",
                      "value": "@json(decodeBase64(triggerOutputs().headers['X-MS-APIM-Tokens']))['$ConnectionKey']"
                    }
                  }
                },
                "If_existing_approval_layer_or_not": {
                  "actions": {
                    "Update_approval_layer_approval_status_to_pending": {
                      "runAfter": {},
                      "metadata": {
                        "operationMetadataId": "70638e25-a684-4751-a9c4-76115c32b5c4"
                      },
                      "type": "OpenApiConnection",
                      "inputs": {
                        "host": {
                          "connectionName": "shared_commondataserviceforapps_1",
                          "operationId": "UpdateRecord",
                          "apiId": "/providers/Microsoft.PowerApps/apis/shared_commondataserviceforapps"
                        },
                        "parameters": {
                          "entityName": "aia_s2c_approval_layers",
                          "recordId": "@first(outputs('Retrieve_approval_layer_list_by_current_approval_matrix_id')?['body/value'])['aia_s2c_approval_layerId']",
                          "item/aia_approval_status": 914710001
                        },
                        "authentication": {
                          "type": "Raw",
                          "value": "@json(decodeBase64(triggerOutputs().headers['X-MS-APIM-Tokens']))['$ConnectionKey']"
                        }
                      }
                    },
                    "Retrieve_approval_member_list_by_approval_layer_id": {
                      "runAfter": {
                        "Update_approval_layer_approval_status_to_pending": [
                          "Succeeded"
                        ]
                      },
                      "metadata": {
                        "operationMetadataId": "d79af61b-84be-4759-a394-d5782f82ddd1"
                      },
                      "type": "OpenApiConnection",
                      "inputs": {
                        "host": {
                          "connectionName": "shared_commondataserviceforapps_1",
                          "operationId": "ListRecords",
                          "apiId": "/providers/Microsoft.PowerApps/apis/shared_commondataserviceforapps"
                        },
                        "parameters": {
                          "entityName": "aia_s2c_approval_members",
                          "$filter": "_aia_approval_layer_value eq @{first(outputs('Retrieve_approval_layer_list_by_current_approval_matrix_id')?['body/value'])['aia_s2c_approval_layerId']} and aia_user_role eq 914710000 and aia_approval_status eq 914710000 and statecode eq 0"
                        },
                        "authentication": {
                          "type": "Raw",
                          "value": "@json(decodeBase64(triggerOutputs().headers['X-MS-APIM-Tokens']))['$ConnectionKey']"
                        }
                      }
                    },
                    "Apply_to_each": {
                      "foreach": "@outputs('Retrieve_approval_member_list_by_approval_layer_id')?['body/value']",
                      "actions": {
                        "Update_approval_member_approval_status_to_pending": {
                          "runAfter": {},
                          "metadata": {
                            "operationMetadataId": "4237b176-e640-4d0d-9ba5-2fa555c14257"
                          },
                          "type": "OpenApiConnection",
                          "inputs": {
                            "host": {
                              "connectionName": "shared_commondataserviceforapps_1",
                              "operationId": "UpdateRecord",
                              "apiId": "/providers/Microsoft.PowerApps/apis/shared_commondataserviceforapps"
                            },
                            "parameters": {
                              "entityName": "aia_s2c_approval_members",
                              "recordId": "@items('Apply_to_each')?['aia_s2c_approval_memberid']",
                              "item/aia_approval_status": 914710001,
                              "item/aia_is_first_layer": true
                            },
                            "authentication": {
                              "type": "Raw",
                              "value": "@json(decodeBase64(triggerOutputs().headers['X-MS-APIM-Tokens']))['$ConnectionKey']"
                            }
                          }
                        },
                        "AIA_|_S2C_Generate_approval_ROA_activity": {
                          "runAfter": {
                            "Update_approval_member_approval_status_to_pending": [
                              "Succeeded"
                            ]
                          },
                          "metadata": {
                            "operationMetadataId": "bf0b7f2f-95f3-4743-bc39-dd23b0d8cf73"
                          },
                          "type": "Workflow",
                          "inputs": {
                            "host": {
                              "workflowReferenceName": "dde0b067-7dae-ed11-83ff-002248593e63"
                            },
                            "body": {
                              "text": "@items('Apply_to_each')?['_aia_approval_value']",
                              "text_1": "@items('Apply_to_each')?['aia_s2c_approval_memberid']",
                              "text_2": "false"
                            }
                          }
                        }
                      },
                      "runAfter": {
                        "Retrieve_approval_member_list_by_approval_layer_id": [
                          "Succeeded"
                        ]
                      },
                      "metadata": {
                        "operationMetadataId": "1d066f8d-ea68-44f2-bb5d-44fed5827167"
                      },
                      "type": "Foreach"
                    }
                  },
                  "runAfter": {
                    "Retrieve_approval_layer_list_by_current_approval_matrix_id": [
                      "Succeeded"
                    ]
                  },
                  "expression": {
                    "greater": [
                      "@length(outputs('Retrieve_approval_layer_list_by_current_approval_matrix_id')?['body/value'])",
                      0
                    ]
                  },
                  "metadata": {
                    "operationMetadataId": "7f845de7-1630-420c-a386-a216563e8917"
                  },
                  "type": "If"
                },
                "if_existing_endorser": {
                  "actions": {
                    "Apply_to_each_2": {
                      "foreach": "@outputs('Retrieve_endorser_list_approval_matrix_id')?['body/value']",
                      "actions": {
                        "Update_endorser_approval_status_to_pending": {
                          "runAfter": {},
                          "metadata": {
                            "operationMetadataId": "69096b3f-44f3-4625-8e7a-0748377db3ec"
                          },
                          "type": "OpenApiConnection",
                          "inputs": {
                            "host": {
                              "connectionName": "shared_commondataserviceforapps_1",
                              "operationId": "UpdateRecord",
                              "apiId": "/providers/Microsoft.PowerApps/apis/shared_commondataserviceforapps"
                            },
                            "parameters": {
                              "entityName": "aia_s2c_approval_members",
                              "recordId": "@items('Apply_to_each_2')?['aia_s2c_approval_memberid']",
                              "item/aia_approval_status": 914710001
                            },
                            "authentication": {
                              "type": "Raw",
                              "value": "@json(decodeBase64(triggerOutputs().headers['X-MS-APIM-Tokens']))['$ConnectionKey']"
                            }
                          }
                        },
                        "AIA_|_S2C_Generate_Endorse_ROAactivity": {
                          "runAfter": {
                            "Update_endorser_approval_status_to_pending": [
                              "Succeeded"
                            ]
                          },
                          "metadata": {
                            "operationMetadataId": "b13b2018-f8a8-4b08-ab25-4f2f5be54eb8"
                          },
                          "type": "Workflow",
                          "inputs": {
                            "host": {
                              "workflowReferenceName": "dde0b067-7dae-ed11-83ff-002248593e63"
                            },
                            "body": {
                              "text": "@items('Apply_to_each_2')?['_aia_approval_value']",
                              "text_1": "@items('Apply_to_each_2')?['aia_s2c_approval_memberid']",
                              "text_2": "false"
                            }
                          }
                        }
                      },
                      "runAfter": {},
                      "metadata": {
                        "operationMetadataId": "5513f7e2-e233-4ec6-893d-77b0a1110b85"
                      },
                      "type": "Foreach"
                    }
                  },
                  "runAfter": {
                    "Retrieve_endorser_list_approval_matrix_id": [
                      "Succeeded"
                    ]
                  },
                  "expression": {
                    "greaterOrEquals": [
                      "@length(outputs('Retrieve_endorser_list_approval_matrix_id')?['body/value'])",
                      1
                    ]
                  },
                  "metadata": {
                    "operationMetadataId": "766299e0-9cb1-4fe6-b653-81b93cff1126"
                  },
                  "type": "If"
                },
                "if_Endorser_is_null": {
                  "actions": {
                    "Update_approval_matrix_is_endorsement_disable_is_yes": {
                      "runAfter": {},
                      "metadata": {
                        "operationMetadataId": "909c785d-38b2-41ba-b3d1-acb00c708b73"
                      },
                      "type": "OpenApiConnection",
                      "inputs": {
                        "host": {
                          "connectionName": "shared_commondataserviceforapps_1",
                          "operationId": "UpdateRecord",
                          "apiId": "/providers/Microsoft.PowerApps/apis/shared_commondataserviceforapps"
                        },
                        "parameters": {
                          "entityName": "aia_s2c_approvals",
                          "recordId": "@outputs('Update_ROA_submission_datetime_to_current_datetime')?['body/_aia_current_approval_matrix_value']",
                          "item/aia_endorsement_disabled": true,
                          "item/aia_submission_datetime": "@utcNow()"
                        },
                        "authentication": {
                          "type": "Raw",
                          "value": "@json(decodeBase64(triggerOutputs().headers['X-MS-APIM-Tokens']))['$ConnectionKey']"
                        }
                      }
                    }
                  },
                  "runAfter": {
                    "Retrieve_endorser_list_approval_matrix_id_2": [
                      "Succeeded"
                    ]
                  },
                  "else": {
                    "actions": {
                      "Update_approval_matrix_submission_datetime_to_current_datetime": {
                        "runAfter": {},
                        "metadata": {
                          "operationMetadataId": "909c785d-38b2-41ba-b3d1-acb00c708b73"
                        },
                        "type": "OpenApiConnection",
                        "inputs": {
                          "host": {
                            "connectionName": "shared_commondataserviceforapps_1",
                            "operationId": "UpdateRecord",
                            "apiId": "/providers/Microsoft.PowerApps/apis/shared_commondataserviceforapps"
                          },
                          "parameters": {
                            "entityName": "aia_s2c_approvals",
                            "recordId": "@outputs('Update_ROA_submission_datetime_to_current_datetime')?['body/_aia_current_approval_matrix_value']",
                            "item/aia_submission_datetime": "@utcNow()"
                          },
                          "authentication": {
                            "type": "Raw",
                            "value": "@json(decodeBase64(triggerOutputs().headers['X-MS-APIM-Tokens']))['$ConnectionKey']"
                          }
                        }
                      }
                    }
                  },
                  "expression": {
                    "lessOrEquals": [
                      "@length(outputs('Retrieve_endorser_list_approval_matrix_id_2')?['body/value'])",
                      0
                    ]
                  },
                  "metadata": {
                    "operationMetadataId": "6f18a151-fcd0-4d2c-a98f-5e17af974421"
                  },
                  "type": "If"
                },
                "Init_Approval_Matrix_-_add_Endorser_and_Approver_to_Team_Member_": {
                  "runAfter": {
                    "if_Endorser_is_null": [
                      "Succeeded"
                    ]
                  },
                  "metadata": {
                    "operationMetadataId": "c08b42b7-df7c-4249-aa6b-f8540454e4b6"
                  },
                  "type": "OpenApiConnection",
                  "inputs": {
                    "host": {
                      "connectionName": "shared_commondataserviceforapps_1",
                      "operationId": "PerformUnboundAction",
                      "apiId": "/providers/Microsoft.PowerApps/apis/shared_commondataserviceforapps"
                    },
                    "parameters": {
                      "actionName": "aia_ProcessaddApproverandEndorsertoTeamMember",
                      "item/RequestID": "@triggerBody()['text']",
                      "item/CurrentApprovalMatrixID": "@outputs('Retrieve_sourcing_request_by_id')?['body/_aia_current_approval_matrix_value']"
                    },
                    "authentication": {
                      "type": "Raw",
                      "value": "@json(decodeBase64(triggerOutputs().headers['X-MS-APIM-Tokens']))['$ConnectionKey']"
                    }
                  }
                },
                "Retrieve_endorser_list_approval_matrix_id_2": {
                  "runAfter": {
                    "Update_ROA_submission_datetime_to_current_datetime": [
                      "Succeeded"
                    ]
                  },
                  "metadata": {
                    "operationMetadataId": "8bd176c3-7a6c-4db4-9fa3-b1ef550abfca"
                  },
                  "type": "OpenApiConnection",
                  "inputs": {
                    "host": {
                      "connectionName": "shared_commondataserviceforapps_1",
                      "operationId": "ListRecords",
                      "apiId": "/providers/Microsoft.PowerApps/apis/shared_commondataserviceforapps"
                    },
                    "parameters": {
                      "entityName": "aia_s2c_approval_members",
                      "$filter": "_aia_approval_value eq @{outputs('Retrieve_sourcing_request_by_id')?['body/_aia_current_approval_matrix_value']} and aia_user_role eq 914710001 and statecode eq 0"
                    },
                    "authentication": {
                      "type": "Raw",
                      "value": "@json(decodeBase64(triggerOutputs().headers['X-MS-APIM-Tokens']))['$ConnectionKey']"
                    }
                  }
                },
                "Update_a_row": {
                  "runAfter": {},
                  "metadata": {
                    "operationMetadataId": "611c1582-3905-4735-b104-14129407eecd"
                  },
                  "type": "OpenApiConnection",
                  "inputs": {
                    "host": {
                      "connectionName": "shared_commondataserviceforapps_1",
                      "operationId": "UpdateRecord",
                      "apiId": "/providers/Microsoft.PowerApps/apis/shared_commondataserviceforapps"
                    },
                    "parameters": {
                      "entityName": "aia_s2c_approvals",
                      "recordId": "@outputs('Retrieve_sourcing_request_by_id')?['body/_aia_current_approval_matrix_value']",
                      "item/aia_approval_status": 914710001
                    },
                    "authentication": {
                      "type": "Raw",
                      "value": "@json(decodeBase64(triggerOutputs().headers['X-MS-APIM-Tokens']))['$ConnectionKey']"
                    }
                  }
                },
                "Retrieve_endorser_list_approval_matrix_id": {
                  "runAfter": {
                    "Update_a_row": [
                      "Succeeded"
                    ]
                  },
                  "metadata": {
                    "operationMetadataId": "8bd176c3-7a6c-4db4-9fa3-b1ef550abfca"
                  },
                  "type": "OpenApiConnection",
                  "inputs": {
                    "host": {
                      "connectionName": "shared_commondataserviceforapps_1",
                      "operationId": "ListRecords",
                      "apiId": "/providers/Microsoft.PowerApps/apis/shared_commondataserviceforapps"
                    },
                    "parameters": {
                      "entityName": "aia_s2c_approval_members",
                      "$filter": "_aia_approval_value eq @{outputs('Retrieve_sourcing_request_by_id')?['body/_aia_current_approval_matrix_value']} and aia_approval_status eq 914710000 and aia_user_role eq 914710001 and statecode eq 0"
                    },
                    "authentication": {
                      "type": "Raw",
                      "value": "@json(decodeBase64(triggerOutputs().headers['X-MS-APIM-Tokens']))['$ConnectionKey']"
                    }
                  }
                }
              },
              "runAfter": {},
              "else": {
                "actions": {
                  "If_request_status_is_equal_to_Complete_or_not": {
                    "actions": {
                      "Init_Approval_Matrix_-_add_Endorser_and_Approver_to_Team_Member__2": {
                        "runAfter": {},
                        "metadata": {
                          "operationMetadataId": "c08b42b7-df7c-4249-aa6b-f8540454e4b6"
                        },
                        "type": "OpenApiConnection",
                        "inputs": {
                          "host": {
                            "connectionName": "shared_commondataserviceforapps_1",
                            "operationId": "PerformUnboundAction",
                            "apiId": "/providers/Microsoft.PowerApps/apis/shared_commondataserviceforapps"
                          },
                          "parameters": {
                            "actionName": "aia_ProcessaddApproverandEndorsertoTeamMember",
                            "item/RequestID": "@triggerBody()['text']",
                            "item/CurrentApprovalMatrixID": "@outputs('Retrieve_sourcing_request_by_id')?['body/_aia_current_approval_matrix_value']"
                          },
                          "authentication": {
                            "type": "Raw",
                            "value": "@json(decodeBase64(triggerOutputs().headers['X-MS-APIM-Tokens']))['$ConnectionKey']"
                          }
                        }
                      }
                    },
                    "runAfter": {},
                    "expression": {
                      "equals": [
                        "@outputs('Retrieve_sourcing_request_by_id')?['body/aia_requeststatus']",
                        914710003
                      ]
                    },
                    "metadata": {
                      "operationMetadataId": "b5f928b3-8591-425e-9df4-c714fe15559a"
                    },
                    "type": "If"
                  }
                }
              },
              "expression": {
                "equals": [
                  "@outputs('Retrieve_sourcing_request_by_id')?['body/aia_requeststatus']",
                  914710011
                ]
              },
              "metadata": {
                "operationMetadataId": "0a3d54e6-ebfe-4936-b47e-756fde9ec095"
              },
              "type": "If"
            }
          },
          "runAfter": {
            "Retrieve_sourcing_request_by_id": [
              "Succeeded"
            ]
          },
          "expression": {
            "equals": [
              "@outputs('Retrieve_sourcing_request_by_id')?['body/aia_current_approval_matrix/aia_approval_status']",
              914710000
            ]
          },
          "metadata": {
            "operationMetadataId": "af2385cf-ddb1-4c54-87ff-3a14f1fa2502"
          },
          "type": "If"
        },
        "If_request_status_is_equal_to_pending_approval_or_complete": {
          "actions": {
            "Run_a_Child_Flow": {
              "runAfter": {},
              "metadata": {
                "operationMetadataId": "6110c23b-a89a-488b-9e70-3e9896eae779"
              },
              "type": "Workflow",
              "inputs": {
                "host": {
                  "workflowReferenceName": "b9c88fba-18c2-ed11-83fd-000d3a07e032"
                },
                "body": {
                  "text": "@triggerBody()['text']"
                }
              }
            }
          },
          "runAfter": {
            "Check_Approval_Matrix_status_is_Draft": [
              "Succeeded"
            ]
          },
          "expression": {
            "or": [
              {
                "equals": [
                  "@outputs('Retrieve_sourcing_request_by_id')?['body/aia_requeststatus']",
                  914710011
                ]
              },
              {
                "equals": [
                  "@outputs('Retrieve_sourcing_request_by_id')?['body/aia_requeststatus']",
                  914710003
                ]
              }
            ]
          },
          "metadata": {
            "operationMetadataId": "ff39d210-4e33-4761-bc3c-f2da22c97e3b"
          },
          "type": "If"
        }
      }
    },
    "templateName": ""
  },
  "schemaVersion": "1.0.0.0"
}