{
  "properties": {
    "connectionReferences": {
      "shared_commondataserviceforapps": {
        "runtimeSource": "embedded",
        "connection": {
          "connectionReferenceLogicalName": "aia_sharedcommondataserviceforapps_dba9d"
        },
        "api": {
          "name": "shared_commondataserviceforapps"
        }
      },
      "shared_commondataserviceforapps_1": {
        "runtimeSource": "embedded",
        "connection": {
          "connectionReferenceLogicalName": "aia_sharedcommondataserviceforapps_1c6db"
        },
        "api": {
          "name": "shared_commondataserviceforapps"
        }
      }
    },
    "definition": {
      "$schema": "https://schema.management.azure.com/providers/Microsoft.Logic/schemas/2016-06-01/workflowdefinition.json#",
      "contentVersion": "1.0.0.0",
      "parameters": {
        "$connections": {
          "defaultValue": {},
          "type": "Object"
        },
        "$authentication": {
          "defaultValue": {},
          "type": "SecureObject"
        }
      },
      "triggers": {
        "When_a_row_is_added,_modified_or_deleted": {
          "metadata": {
            "operationMetadataId": "6465c51d-5ebd-4a6f-8a85-661474225b4b"
          },
          "type": "OpenApiConnectionWebhook",
          "inputs": {
            "host": {
              "connectionName": "shared_commondataserviceforapps",
              "operationId": "SubscribeWebhookTrigger",
              "apiId": "/providers/Microsoft.PowerApps/apis/shared_commondataserviceforapps"
            },
            "parameters": {
              "subscriptionRequest/message": 3,
              "subscriptionRequest/entityname": "aia_new",
              "subscriptionRequest/scope": 4,
              "subscriptionRequest/filteringattributes": "aia_individual_status"
            },
            "authentication": "@parameters('$authentication')"
          }
        }
      },
      "actions": {
        "Initialize_variable:_Renewal_number": {
          "runAfter": {},
          "metadata": {
            "operationMetadataId": "858da4ae-46a1-4fae-b53d-0acf3563e6da"
          },
          "type": "InitializeVariable",
          "inputs": {
            "variables": [
              {
                "name": "RenewalNo",
                "type": "integer"
              }
            ]
          }
        },
        "Get_a_row_by_ID:_Retrieve_request_by_NEW_request_id": {
          "runAfter": {
            "Initialize_variable:_Renewal_number": [
              "Succeeded"
            ]
          },
          "metadata": {
            "operationMetadataId": "548134f6-9d2f-4614-a099-1ee03c3e8241"
          },
          "type": "OpenApiConnection",
          "inputs": {
            "host": {
              "connectionName": "shared_commondataserviceforapps",
              "operationId": "GetItem",
              "apiId": "/providers/Microsoft.PowerApps/apis/shared_commondataserviceforapps"
            },
            "parameters": {
              "entityName": "aia_roas",
              "recordId": "@triggerOutputs()?['body/_aia_roa_value']",
              "$select": "aia_form_type"
            },
            "authentication": "@parameters('$authentication')"
          }
        },
        "Condition": {
          "actions": {
            "Update_a_row:_Update_old_renewal_number_+1_to_NEW": {
              "runAfter": {
                "Set_variable:_Set_int(old_renewal_number)": [
                  "Succeeded"
                ]
              },
              "metadata": {
                "operationMetadataId": "cb605f20-1c41-4c90-814b-072e3ba24ddf"
              },
              "type": "OpenApiConnection",
              "inputs": {
                "host": {
                  "connectionName": "shared_commondataserviceforapps",
                  "operationId": "UpdateRecord",
                  "apiId": "/providers/Microsoft.PowerApps/apis/shared_commondataserviceforapps"
                },
                "parameters": {
                  "entityName": "aia_news",
                  "recordId": "@triggerOutputs()?['body/aia_newid']",
                  "item/aia_renewal_no": "@add(variables('RenewalNo'),1)"
                },
                "authentication": "@parameters('$authentication')"
              }
            },
            "Update_a_row:_Update_default_renewal_number(1)_to_NEW": {
              "runAfter": {
                "Set_variable:_Set_int(old_renewal_number)": [
                  "Failed"
                ]
              },
              "metadata": {
                "operationMetadataId": "d8ec1c9e-ce52-41f5-8246-2015bdf77952"
              },
              "type": "OpenApiConnection",
              "inputs": {
                "host": {
                  "connectionName": "shared_commondataserviceforapps",
                  "operationId": "UpdateRecord",
                  "apiId": "/providers/Microsoft.PowerApps/apis/shared_commondataserviceforapps"
                },
                "parameters": {
                  "entityName": "aia_news",
                  "recordId": "@triggerOutputs()?['body/aia_newid']",
                  "item/aia_renewal_no": "1"
                },
                "authentication": "@parameters('$authentication')"
              }
            },
            "List_rows:_Retrieve_New_list_by_same_contact_": {
              "runAfter": {},
              "metadata": {
                "operationMetadataId": "ee4f6ea8-5f4e-405c-b9a8-41a1978c10bc"
              },
              "type": "OpenApiConnection",
              "inputs": {
                "host": {
                  "connectionName": "shared_commondataserviceforapps",
                  "operationId": "ListRecords",
                  "apiId": "/providers/Microsoft.PowerApps/apis/shared_commondataserviceforapps"
                },
                "parameters": {
                  "entityName": "aia_news",
                  "$select": "aia_renewal_no",
                  "$filter": "aia_nature_of_request eq 2 and _aia_contact_value eq @{triggerOutputs()?['body/_aia_contact_value']}",
                  "$orderby": "aia_renewal_no desc"
                },
                "authentication": "@parameters('$authentication')"
              }
            },
            "Set_variable:_Set_int(old_renewal_number)": {
              "runAfter": {
                "List_rows:_Retrieve_New_list_by_same_contact_": [
                  "Succeeded"
                ]
              },
              "metadata": {
                "operationMetadataId": "317d6a42-8a9e-499b-87df-79971937bf6b"
              },
              "type": "SetVariable",
              "inputs": {
                "name": "RenewalNo",
                "value": "@int(first(outputs('List_rows:_Retrieve_New_list_by_same_contact_')?['body/value'])['aia_renewal_no'])"
              }
            },
            "find_Update_Renewal_Number_Request": {
              "runAfter": {
                "Update_a_row:_Update_old_renewal_number_+1_to_NEW": [
                  "Succeeded",
                  "TimedOut",
                  "Skipped"
                ],
                "Update_a_row:_Update_default_renewal_number(1)_to_NEW": [
                  "Succeeded",
                  "Skipped",
                  "TimedOut"
                ]
              },
              "metadata": {
                "operationMetadataId": "ac90a6b5-f740-424b-93be-b842afc29c21"
              },
              "type": "OpenApiConnection",
              "inputs": {
                "host": {
                  "connectionName": "shared_commondataserviceforapps_1",
                  "operationId": "ListRecords",
                  "apiId": "/providers/Microsoft.PowerApps/apis/shared_commondataserviceforapps"
                },
                "parameters": {
                  "entityName": "aia_update_renewal_number_reminders",
                  "fetchXml": "<fetch top=\"1\">\n  <entity name=\"aia_update_renewal_number_reminder\">\n    <attribute name=\"activityid\" />\n    <filter>\n      <condition attribute=\"aia_new\" operator=\"eq\" value=\"@{triggerOutputs()?['body/aia_newid']}\" />\n      <condition attribute=\"aia_roa\" operator=\"eq\" value=\"@{triggerOutputs()?['body/_aia_roa_value']}\" />\n      <condition attribute=\"statuscode\" operator=\"eq\" value=\"1\" />\n    </filter>\n  </entity>\n</fetch>"
                },
                "authentication": "@parameters('$authentication')"
              }
            },
            "Condition_2": {
              "actions": {
                "Mark_Update_Renewal_Number_Request_Completed": {
                  "runAfter": {},
                  "metadata": {
                    "operationMetadataId": "33ebcbe5-8bea-4b81-a579-901ce0829244"
                  },
                  "type": "OpenApiConnection",
                  "inputs": {
                    "host": {
                      "connectionName": "shared_commondataserviceforapps_1",
                      "operationId": "UpdateRecord",
                      "apiId": "/providers/Microsoft.PowerApps/apis/shared_commondataserviceforapps"
                    },
                    "parameters": {
                      "entityName": "aia_update_renewal_number_reminders",
                      "recordId": "@first(body('find_Update_Renewal_Number_Request')?['value'])?['activityid']",
                      "item/statecode": 1,
                      "item/aia_renewal_no": "@null",
                      "item/statuscode": 2
                    },
                    "authentication": "@parameters('$authentication')"
                  }
                }
              },
              "runAfter": {
                "find_Update_Renewal_Number_Request": [
                  "Succeeded"
                ]
              },
              "expression": {
                "greaterOrEquals": [
                  "@length(outputs('find_Update_Renewal_Number_Request')?['body/value'])",
                  1
                ]
              },
              "metadata": {
                "operationMetadataId": "d5af1eab-fd14-4c0e-9baf-0422a476fcd7"
              },
              "type": "If"
            }
          },
          "runAfter": {
            "Get_a_row_by_ID:_Retrieve_request_by_NEW_request_id": [
              "Succeeded"
            ]
          },
          "expression": {
            "and": [
              {
                "equals": [
                  "@triggerOutputs()?['body/aia_individual_status']",
                  6
                ]
              },
              {
                "equals": [
                  "@triggerOutputs()?['body/aia_nature_of_request']",
                  2
                ]
              },
              {
                "equals": [
                  "@outputs('Get_a_row_by_ID:_Retrieve_request_by_NEW_request_id')?['body/aia_form_type']",
                  1
                ]
              }
            ]
          },
          "metadata": {
            "operationMetadataId": "a1c89139-5d99-4f99-99f3-75daef4b864f"
          },
          "type": "If"
        }
      }
    },
    "templateName": ""
  },
  "schemaVersion": "1.0.0.0"
}