{
  "properties": {
    "connectionReferences": {
      "shared_commondataserviceforapps": {
        "runtimeSource": "embedded",
        "connection": {
          "connectionReferenceLogicalName": "aia_sharedcommondataserviceforapps_1c6db"
        },
        "api": {
          "name": "shared_commondataserviceforapps"
        }
      }
    },
    "definition": {
      "$schema": "https://schema.management.azure.com/providers/Microsoft.Logic/schemas/2016-06-01/workflowdefinition.json#",
      "contentVersion": "1.0.0.0",
      "parameters": {
        "$connections": {
          "defaultValue": {},
          "type": "Object"
        },
        "$authentication": {
          "defaultValue": {},
          "type": "SecureObject"
        }
      },
      "triggers": {
        "When_a_row_is_added,_modified_or_deleted": {
          "metadata": {
            "operationMetadataId": "f0a38d24-f542-4d43-90a5-b2d4ce7a2323"
          },
          "type": "OpenApiConnectionWebhook",
          "inputs": {
            "host": {
              "connectionName": "shared_commondataserviceforapps",
              "operationId": "SubscribeWebhookTrigger",
              "apiId": "/providers/Microsoft.PowerApps/apis/shared_commondataserviceforapps"
            },
            "parameters": {
              "subscriptionRequest/message": 1,
              "subscriptionRequest/entityname": "aia_s2c_review_n_reply_comment_activity",
              "subscriptionRequest/scope": 4
            },
            "authentication": "@parameters('$authentication')"
          }
        }
      },
      "actions": {
        "Find_S2C_Comments": {
          "runAfter": {},
          "metadata": {
            "operationMetadataId": "0d00b4eb-418a-4673-8152-2991c7cd2cc8"
          },
          "type": "OpenApiConnection",
          "inputs": {
            "host": {
              "connectionName": "shared_commondataserviceforapps",
              "operationId": "ListRecords",
              "apiId": "/providers/Microsoft.PowerApps/apis/shared_commondataserviceforapps"
            },
            "parameters": {
              "entityName": "aia_s2c_review_n_reply_comment_activities",
              "fetchXml": "<fetch>\n  <entity name=\"aia_s2c_review_n_reply_comment_activity\">\n    <attribute name=\"ownerid\" />\n    <filter>\n      <condition attribute=\"activityid\" operator=\"eq\" value=\"@{triggerOutputs()?['body/activityid']}\" />\n    </filter>\n    <link-entity name=\"aia_s2c_comment\" from=\"aia_s2c_commentid\" to=\"aia_comment\" link-type=\"inner\" alias=\"comment\">\n      <attribute name=\"aia_s2c_commentid\" />\n      <attribute name=\"aia_sourcingrequest\" />\n    </link-entity>\n    <link-entity name=\"systemuser\" from=\"systemuserid\" to=\"ownerid\" link-type=\"outer\" alias=\"user\">\n      <attribute name=\"internalemailaddress\" />\n    </link-entity>\n    <link-entity name=\"aia_s2c_approval_member\" from=\"aia_s2c_approval_memberid\" to=\"aia_approval_member\" link-type=\"inner\" alias=\"member\">\n    <filter>\n      <condition attribute=\"aia_approval_status\" operator=\"eq\" value=\"914710001\" />\n    </filter>\n    </link-entity>\n  </entity>\n</fetch>"
            },
            "authentication": "@parameters('$authentication')"
          }
        },
        "Condition": {
          "actions": {
            "AIA_|_10.6_Upon_Approver_or_Endorser_sends_a_Comment": {
              "runAfter": {},
              "metadata": {
                "operationMetadataId": "de8c65c8-9edd-464f-8614-04c2d4aa9279"
              },
              "type": "Workflow",
              "inputs": {
                "host": {
                  "workflowReferenceName": "e3bc8df2-fc73-ed11-81ac-002248593e63"
                },
                "body": {
                  "text": "@first(body('Find_S2C_Comments')?['value'])?['comment.aia_sourcingrequest']",
                  "text_1": "@first(body('Find_S2C_Comments')?['value'])?['comment.aia_s2c_commentid']",
                  "text_2": "@first(body('Find_S2C_Comments')?['value'])?['user.internalemailaddress']"
                },
                "retryPolicy": {
                  "type": "none"
                }
              }
            }
          },
          "runAfter": {
            "Find_S2C_Comments": [
              "Succeeded"
            ]
          },
          "expression": {
            "greaterOrEquals": [
              "@length(outputs('Find_S2C_Comments')?['body/value'])",
              1
            ]
          },
          "metadata": {
            "operationMetadataId": "d545a399-96cc-44aa-a842-5a836896aa63"
          },
          "type": "If"
        }
      }
    },
    "templateName": ""
  },
  "schemaVersion": "1.0.0.0"
}