{
  "properties": {
    "connectionReferences": {
      "shared_commondataserviceforapps": {
        "runtimeSource": "embedded",
        "connection": {
          "connectionReferenceLogicalName": "aia_sharedcommondataserviceforapps_f1fd0"
        },
        "api": {
          "name": "shared_commondataserviceforapps"
        }
      }
    },
    "definition": {
      "$schema": "https://schema.management.azure.com/providers/Microsoft.Logic/schemas/2016-06-01/workflowdefinition.json#",
      "contentVersion": "1.0.0.0",
      "parameters": {
        "$connections": {
          "defaultValue": {},
          "type": "Object"
        },
        "$authentication": {
          "defaultValue": {},
          "type": "SecureObject"
        }
      },
      "triggers": {
        "Upsert_Approval_Logs_added": {
          "metadata": {
            "operationMetadataId": "8243d517-faff-4e8b-87cf-53b96770e236"
          },
          "type": "OpenApiConnectionWebhook",
          "inputs": {
            "host": {
              "connectionName": "shared_commondataserviceforapps",
              "operationId": "SubscribeWebhookTrigger",
              "apiId": "/providers/Microsoft.PowerApps/apis/shared_commondataserviceforapps"
            },
            "parameters": {
              "subscriptionRequest/message": 1,
              "subscriptionRequest/entityname": "aia_upsertapprovallog",
              "subscriptionRequest/scope": 4
            },
            "authentication": "@parameters('$authentication')"
          }
        }
      },
      "actions": {
        "Value_Is_Not_null(skip)": {
          "actions": {
            "List_rows_For__Upsert_Approval_Logs": {
              "runAfter": {},
              "metadata": {
                "operationMetadataId": "be0c7992-358c-4563-9230-4efbf7236888"
              },
              "type": "OpenApiConnection",
              "inputs": {
                "host": {
                  "connectionName": "shared_commondataserviceforapps",
                  "operationId": "ListRecords",
                  "apiId": "/providers/Microsoft.PowerApps/apis/shared_commondataserviceforapps"
                },
                "parameters": {
                  "entityName": "aia_upsertapprovallogs",
                  "$select": "aia_name,_aia_sourcing_request_value,aia_upsert_status,aia_value",
                  "$filter": "aia_upsert_status eq 914710000 and aia_upsertapprovallogid eq '@{triggerOutputs()?['body/aia_upsertapprovallogid']}'",
                  "$orderby": "createdon asc",
                  "$expand": "aia_sourcing_request($select=aia_name,_aia_current_approval_matrix_value)",
                  "$top": 1
                },
                "authentication": "@parameters('$authentication')"
              }
            },
            "Value_Is_Not_null_2": {
              "actions": {
                "Apply_to_each_Upsert_Approval_Logs": {
                  "foreach": "@outputs('List_rows_For__Upsert_Approval_Logs')?['body/value']",
                  "actions": {
                    "Entity_aia_value": {
                      "runAfter": {},
                      "metadata": {
                        "operationMetadataId": "56c61361-a363-44c0-9135-38c8fdfac80e"
                      },
                      "type": "Compose",
                      "inputs": "@items('Apply_to_each_Upsert_Approval_Logs')['aia_value']"
                    },
                    "Compose__aia_sourcing_request_value": {
                      "runAfter": {
                        "Entity_aia_value": [
                          "Succeeded"
                        ]
                      },
                      "metadata": {
                        "operationMetadataId": "c27a12b6-0940-4e06-8876-388b1d334c3e"
                      },
                      "type": "Compose",
                      "inputs": "@items('Apply_to_each_Upsert_Approval_Logs')['_aia_sourcing_request_value']"
                    },
                    "Compose__aia_current_approval_matrix_value": {
                      "runAfter": {
                        "Compose__aia_sourcing_request_value": [
                          "Succeeded"
                        ]
                      },
                      "metadata": {
                        "operationMetadataId": "67dedd90-50c0-43e7-bf67-87a722ee4e45"
                      },
                      "type": "Compose",
                      "inputs": "@items('Apply_to_each_Upsert_Approval_Logs')['aia_sourcing_request']['_aia_current_approval_matrix_value']"
                    },
                    "List_get_processing_logs_by_same_sourcing_request": {
                      "runAfter": {
                        "Compose__aia_current_approval_matrix_value": [
                          "Succeeded"
                        ]
                      },
                      "metadata": {
                        "operationMetadataId": "09ecc816-eda7-4758-baaf-990e2e9822dc"
                      },
                      "type": "OpenApiConnection",
                      "inputs": {
                        "host": {
                          "connectionName": "shared_commondataserviceforapps",
                          "operationId": "ListRecords",
                          "apiId": "/providers/Microsoft.PowerApps/apis/shared_commondataserviceforapps"
                        },
                        "parameters": {
                          "entityName": "aia_upsertapprovallogs",
                          "$select": "aia_name",
                          "$filter": "_aia_sourcing_request_value eq '@{outputs('Compose__aia_sourcing_request_value')}' and aia_upsert_status eq 33"
                        },
                        "authentication": "@parameters('$authentication')"
                      }
                    },
                    "check_is_there_a_processing_request": {
                      "actions": {},
                      "runAfter": {
                        "List_get_processing_logs_by_same_sourcing_request": [
                          "Succeeded"
                        ]
                      },
                      "else": {
                        "actions": {
                          "Update_Approval_Log_state_to_procesing_": {
                            "runAfter": {},
                            "metadata": {
                              "operationMetadataId": "aac4d63c-8f64-4b1b-a9b0-4e96094308ae"
                            },
                            "type": "OpenApiConnection",
                            "inputs": {
                              "host": {
                                "connectionName": "shared_commondataserviceforapps",
                                "operationId": "UpdateRecord",
                                "apiId": "/providers/Microsoft.PowerApps/apis/shared_commondataserviceforapps"
                              },
                              "parameters": {
                                "entityName": "aia_upsertapprovallogs",
                                "recordId": "@items('Apply_to_each_Upsert_Approval_Logs')['aia_upsertapprovallogid']",
                                "item/aia_upsert_status": 914710003
                              },
                              "authentication": "@parameters('$authentication')"
                            }
                          },
                          "Parse_JSON": {
                            "runAfter": {
                              "Update_Approval_Log_state_to_procesing_": [
                                "Succeeded"
                              ]
                            },
                            "metadata": {
                              "operationMetadataId": "1013b463-3819-4fc2-b8e3-8dee29dc2b49"
                            },
                            "type": "ParseJson",
                            "inputs": {
                              "content": "@outputs('Entity_aia_value')",
                              "schema": {
                                "type": "object",
                                "properties": {
                                  "s2c_suppliers": {
                                    "type": "array"
                                  },
                                  "teamMembers": {
                                    "type": "array",
                                    "items": {
                                      "type": "object",
                                      "properties": {
                                        "aia_SourcingRequest@odata.bind": {
                                          "type": "string"
                                        },
                                        "aia_TeamMember@odata.bind": {
                                          "type": "string"
                                        },
                                        "ownerid@odata.bind": {
                                          "type": "string"
                                        },
                                        "aia_role": {
                                          "type": "integer"
                                        },
                                        "aia_department": {
                                          "type": "string"
                                        }
                                      }
                                    }
                                  },
                                  "roa_supplier": {},
                                  "layers": {
                                    "type": "array",
                                    "items": {
                                      "type": "object",
                                      "properties": {
                                        "id": {
                                          "type": "integer"
                                        },
                                        "approvers": {
                                          "type": "array",
                                          "items": {
                                            "type": "object",
                                            "properties": {
                                              "systemuserid": {
                                                "type": "string"
                                              },
                                              "aia_s2c_approval_memberid": {
                                                "type": "string"
                                              },
                                              "fullname": {
                                                "type": "string"
                                              },
                                              "department": {
                                                "type": "string"
                                              },
                                              "removeFlag": {
                                                "type": "boolean"
                                              },
                                              "statusText": {
                                                "type": "string"
                                              },
                                              "status": {
                                                "type": "integer"
                                              },
                                              "commentsCount": {
                                                "type": "integer"
                                              },
                                              "internalemailaddress": {
                                                "type": "string"
                                              },
                                              "type": {
                                                "type": "string"
                                              },
                                              "image_url": {}
                                            }
                                          }
                                        },
                                        "aia_s2c_approval_layerid": {
                                          "type": "string"
                                        },
                                        "_aia_next_approval_layer_value": {}
                                      }
                                    }
                                  },
                                  "endorsers": {
                                    "type": "array",
                                    "items": {
                                      "type": "object",
                                      "properties": {
                                        "systemuserid": {
                                          "type": "string"
                                        },
                                        "aia_s2c_approval_memberid": {
                                          "type": "string"
                                        },
                                        "fullname": {
                                          "type": "string"
                                        },
                                        "department": {
                                          "type": "string"
                                        },
                                        "removeFlag": {
                                          "type": "boolean"
                                        },
                                        "statusText": {
                                          "type": "string"
                                        },
                                        "status": {
                                          "type": "integer"
                                        },
                                        "commentsCount": {
                                          "type": "integer"
                                        },
                                        "internalemailaddress": {
                                          "type": "string"
                                        },
                                        "type": {
                                          "type": "string"
                                        },
                                        "image_url": {},
                                        "roleName": {
                                          "type": "string"
                                        }
                                      }
                                    }
                                  },
                                  "submitFlag": {
                                    "type": "boolean"
                                  },
                                  "s2c_suppliersIsChange": {
                                    "type": "boolean"
                                  },
                                  "approverIsChange": {
                                    "type": "boolean"
                                  },
                                  "teamMemberIsChange": {
                                    "type": "boolean"
                                  }
                                }
                              }
                            }
                          },
                          "getapproverIsChange": {
                            "runAfter": {
                              "Parse_JSON": [
                                "Succeeded"
                              ]
                            },
                            "metadata": {
                              "operationMetadataId": "3ceea621-38e8-49e4-9a53-bdbaff5a4f76"
                            },
                            "type": "Compose",
                            "inputs": "@body('Parse_JSON')?['approverIsChange']"
                          },
                          "check_approverIsChange_is_true": {
                            "actions": {
                              "AIA_|_S2C_Scheduled_Add_Approver": {
                                "runAfter": {},
                                "metadata": {
                                  "operationMetadataId": "e2d2304b-5b4c-4a97-aad4-354c77d6b504"
                                },
                                "type": "Workflow",
                                "inputs": {
                                  "host": {
                                    "workflowReferenceName": "3509bfe9-00a6-ed11-aad1-0022485672d2"
                                  },
                                  "body": {
                                    "text": "@outputs('Compose__aia_sourcing_request_value')",
                                    "text_1": "@outputs('Entity_aia_value')",
                                    "text_2": "@outputs('Compose__aia_current_approval_matrix_value')"
                                  }
                                }
                              }
                            },
                            "runAfter": {
                              "getapproverIsChange": [
                                "Succeeded"
                              ]
                            },
                            "expression": {
                              "equals": [
                                "@outputs('getapproverIsChange')",
                                "@true"
                              ]
                            },
                            "metadata": {
                              "operationMetadataId": "cc3aaefb-9141-4fc9-aa76-0a52d1ca3687"
                            },
                            "type": "If"
                          },
                          "teamMemberIsChange": {
                            "runAfter": {
                              "Parse_JSON": [
                                "Succeeded"
                              ]
                            },
                            "metadata": {
                              "operationMetadataId": "ffaebe22-09a3-430e-acd6-d1b501bd3c7e"
                            },
                            "type": "Compose",
                            "inputs": "@body('Parse_JSON')?['teamMemberIsChange']"
                          },
                          "check_teamMemberIsChange_is_true": {
                            "actions": {
                              "AIA_|_S2C_Scheduled_Add_TeamMember": {
                                "runAfter": {},
                                "metadata": {
                                  "operationMetadataId": "7e1d0041-be64-4a39-8c9f-b9d80e7f0786"
                                },
                                "type": "Workflow",
                                "inputs": {
                                  "host": {
                                    "workflowReferenceName": "6795cebb-f8a5-ed11-aad1-002248593e63"
                                  },
                                  "body": {
                                    "text": "@outputs('Entity_aia_value')",
                                    "text_1": "@outputs('Compose__aia_sourcing_request_value')"
                                  }
                                }
                              }
                            },
                            "runAfter": {
                              "teamMemberIsChange": [
                                "Succeeded"
                              ]
                            },
                            "expression": {
                              "equals": [
                                "@outputs('teamMemberIsChange')",
                                "@true"
                              ]
                            },
                            "metadata": {
                              "operationMetadataId": "c92307bf-3445-4831-8e76-4bf8a9159a1d"
                            },
                            "type": "If"
                          },
                          "s2c_suppliersIsChange": {
                            "runAfter": {
                              "Parse_JSON": [
                                "Succeeded"
                              ]
                            },
                            "metadata": {
                              "operationMetadataId": "35145b02-1111-442a-8de2-e43a1590eb89"
                            },
                            "type": "Compose",
                            "inputs": "@body('Parse_JSON')?['s2c_suppliersIsChange']"
                          },
                          "check_s2c_suppliers_is_change": {
                            "actions": {
                              "AIA_|_S2C_Scheduled_Add_Supplier": {
                                "runAfter": {},
                                "metadata": {
                                  "operationMetadataId": "692481fc-82ee-4d95-9497-2b32031013a9"
                                },
                                "type": "Workflow",
                                "inputs": {
                                  "host": {
                                    "workflowReferenceName": "4b0728e6-f2a5-ed11-aad1-0022485672d2"
                                  },
                                  "body": {
                                    "text": "@outputs('Entity_aia_value')",
                                    "text_1": "@outputs('Compose__aia_sourcing_request_value')"
                                  }
                                }
                              }
                            },
                            "runAfter": {
                              "s2c_suppliersIsChange": [
                                "Succeeded"
                              ]
                            },
                            "expression": {
                              "equals": [
                                "@outputs('s2c_suppliersIsChange')",
                                "@true"
                              ]
                            },
                            "metadata": {
                              "operationMetadataId": "3b2c155e-913d-4755-b5b8-7c0095b1b3f4"
                            },
                            "type": "If"
                          },
                          "Update__Upsert_Approval_Logs_Succuess": {
                            "runAfter": {
                              "check_approverIsChange_is_true": [
                                "Succeeded"
                              ],
                              "check_teamMemberIsChange_is_true": [
                                "Succeeded"
                              ],
                              "check_s2c_suppliers_is_change": [
                                "Succeeded"
                              ]
                            },
                            "metadata": {
                              "operationMetadataId": "435ccdc0-5df4-4eff-a3da-782797e861b3"
                            },
                            "type": "OpenApiConnection",
                            "inputs": {
                              "host": {
                                "connectionName": "shared_commondataserviceforapps",
                                "operationId": "UpdateRecord",
                                "apiId": "/providers/Microsoft.PowerApps/apis/shared_commondataserviceforapps"
                              },
                              "parameters": {
                                "entityName": "aia_upsertapprovallogs",
                                "recordId": "@items('Apply_to_each_Upsert_Approval_Logs')['aia_upsertapprovallogid']",
                                "item/aia_upsert_status": 914710001
                              },
                              "authentication": "@parameters('$authentication')"
                            }
                          }
                        }
                      },
                      "expression": {
                        "greater": [
                          "@length(outputs('List_get_processing_logs_by_same_sourcing_request')?['body/value'])",
                          0
                        ]
                      },
                      "metadata": {
                        "operationMetadataId": "626f5f85-7d71-4981-8945-6e12dc544c74"
                      },
                      "type": "If"
                    }
                  },
                  "runAfter": {},
                  "metadata": {
                    "operationMetadataId": "9349cca4-25f1-43cf-826e-da8b0e3ffc7d"
                  },
                  "type": "Foreach"
                }
              },
              "runAfter": {
                "List_rows_For__Upsert_Approval_Logs": [
                  "Succeeded"
                ]
              },
              "expression": {
                "equals": [
                  "@contains(outputs('List_rows_For__Upsert_Approval_Logs')?['body/value'][0], 'aia_value')",
                  "@true"
                ]
              },
              "metadata": {
                "operationMetadataId": "836f4ff0-4e53-4e40-87c7-e7fc62f8aeea"
              },
              "type": "If"
            }
          },
          "runAfter": {},
          "expression": {
            "and": [
              {
                "equals": [
                  "@equals(triggerOutputs()?['body/aia_value'], null)",
                  "@false"
                ]
              },
              {
                "equals": [
                  1,
                  2
                ]
              }
            ]
          },
          "metadata": {
            "operationMetadataId": "4fc8a876-d499-41b6-9a06-686a3f708eb6"
          },
          "type": "If"
        }
      }
    },
    "templateName": ""
  },
  "schemaVersion": "1.0.0.0"
}