<ImportExportXml version="9.2.23023.168" SolutionPackageVersion="9.2" languagecode="1033" generatedBy="CrmLive" xmlns:xsi="http://www.w3.org/2001/XMLSchema-instance">
  <SolutionManifest>
    <UniqueName>s2c_Patch_b100eceb</UniqueName>
    <LocalizedNames>
      <LocalizedName description="SODA 2.0_20230314_for_uat_deployment" languagecode="1033" />
    </LocalizedNames>
    <Descriptions>
      <Description description="Patch for SODA 2.0" languagecode="1033" />
    </Descriptions>
    <ParentUniqueName>s2c</ParentUniqueName>
    <Version>1.0.11.76</Version>
    <Managed>0</Managed>
    <Publisher>
      <UniqueName>aia</UniqueName>
      <LocalizedNames>
        <LocalizedName description="aia" languagecode="1033" />
      </LocalizedNames>
      <Descriptions>
        <Description description="aia" languagecode="1033" />
      </Descriptions>
      <EMailAddress xsi:nil="true"></EMailAddress>
      <SupportingWebsiteUrl xsi:nil="true"></SupportingWebsiteUrl>
      <CustomizationPrefix>aia</CustomizationPrefix>
      <CustomizationOptionValuePrefix>91471</CustomizationOptionValuePrefix>
      <Addresses>
        <Address>
          <AddressNumber>1</AddressNumber>
          <AddressTypeCode>1</AddressTypeCode>
          <City xsi:nil="true"></City>
          <County xsi:nil="true"></County>
          <Country xsi:nil="true"></Country>
          <Fax xsi:nil="true"></Fax>
          <FreightTermsCode xsi:nil="true"></FreightTermsCode>
          <ImportSequenceNumber xsi:nil="true"></ImportSequenceNumber>
          <Latitude xsi:nil="true"></Latitude>
          <Line1 xsi:nil="true"></Line1>
          <Line2 xsi:nil="true"></Line2>
          <Line3 xsi:nil="true"></Line3>
          <Longitude xsi:nil="true"></Longitude>
          <Name xsi:nil="true"></Name>
          <PostalCode xsi:nil="true"></PostalCode>
          <PostOfficeBox xsi:nil="true"></PostOfficeBox>
          <PrimaryContactName xsi:nil="true"></PrimaryContactName>
          <ShippingMethodCode>1</ShippingMethodCode>
          <StateOrProvince xsi:nil="true"></StateOrProvince>
          <Telephone1 xsi:nil="true"></Telephone1>
          <Telephone2 xsi:nil="true"></Telephone2>
          <Telephone3 xsi:nil="true"></Telephone3>
          <TimeZoneRuleVersionNumber xsi:nil="true"></TimeZoneRuleVersionNumber>
          <UPSZone xsi:nil="true"></UPSZone>
          <UTCOffset xsi:nil="true"></UTCOffset>
          <UTCConversionTimeZoneCode xsi:nil="true"></UTCConversionTimeZoneCode>
        </Address>
        <Address>
          <AddressNumber>2</AddressNumber>
          <AddressTypeCode>1</AddressTypeCode>
          <City xsi:nil="true"></City>
          <County xsi:nil="true"></County>
          <Country xsi:nil="true"></Country>
          <Fax xsi:nil="true"></Fax>
          <FreightTermsCode xsi:nil="true"></FreightTermsCode>
          <ImportSequenceNumber xsi:nil="true"></ImportSequenceNumber>
          <Latitude xsi:nil="true"></Latitude>
          <Line1 xsi:nil="true"></Line1>
          <Line2 xsi:nil="true"></Line2>
          <Line3 xsi:nil="true"></Line3>
          <Longitude xsi:nil="true"></Longitude>
          <Name xsi:nil="true"></Name>
          <PostalCode xsi:nil="true"></PostalCode>
          <PostOfficeBox xsi:nil="true"></PostOfficeBox>
          <PrimaryContactName xsi:nil="true"></PrimaryContactName>
          <ShippingMethodCode>1</ShippingMethodCode>
          <StateOrProvince xsi:nil="true"></StateOrProvince>
          <Telephone1 xsi:nil="true"></Telephone1>
          <Telephone2 xsi:nil="true"></Telephone2>
          <Telephone3 xsi:nil="true"></Telephone3>
          <TimeZoneRuleVersionNumber xsi:nil="true"></TimeZoneRuleVersionNumber>
          <UPSZone xsi:nil="true"></UPSZone>
          <UTCOffset xsi:nil="true"></UTCOffset>
          <UTCConversionTimeZoneCode xsi:nil="true"></UTCConversionTimeZoneCode>
        </Address>
      </Addresses>
    </Publisher>
    <RootComponents>
      <RootComponent type="1" schemaName="aia_s2csupplier" behavior="2" />
      <RootComponent type="1" schemaName="aia_s2c_sourcingrequest" behavior="2" />
      <RootComponent type="20" id="{aebf976e-7006-ed11-82e5-6045bd1c5dce}" behavior="0" />
      <RootComponent type="29" id="{02a78f15-9e14-ed11-b83d-00224855f89a}" behavior="0" />
      <RootComponent type="29" id="{15dd9083-3067-ed11-9561-002248593e63}" behavior="0" />
      <RootComponent type="29" id="{44c31cf6-e30b-ed11-b83d-00224855f89a}" behavior="0" />
      <RootComponent type="29" id="{6de9e12e-fb58-ed11-9561-002248593e63}" behavior="0" />
      <RootComponent type="29" id="{b9c88fba-18c2-ed11-83fd-000d3a07e032}" behavior="0" />
      <RootComponent type="29" id="{c174bf1a-79ae-ed11-83ff-002248593e63}" behavior="0" />
      <RootComponent type="29" id="{f090a9e0-dc76-ed11-81ab-0022485672d2}" behavior="0" />
      <RootComponent type="29" id="{fed58870-85bc-ed11-83fe-000d3a07e032}" behavior="0" />
      <RootComponent type="91" id="{0bb4d97e-bc26-4ef0-9aa2-a1dc22105553}" schemaName="Dynamics365.Plugins, Version=1.0.0.0, Culture=neutral, PublicKeyToken=ea4c904ca22666d2" behavior="0" />
      <RootComponent type="92" id="{0700456b-ee55-ed11-9562-00224855f89a}" behavior="0" />
      <RootComponent type="92" id="{5dc73aab-f8f2-ec11-bb3d-6045bd1bfea1}" behavior="0" />
      <RootComponent type="92" id="{7af11e37-74c1-ed11-83fd-000d3a07ee6a}" behavior="0" />
      <RootComponent type="92" id="{84cab600-f9f2-ec11-bb3d-6045bd1bfea1}" behavior="0" />
      <RootComponent type="300" schemaName="aia_sodaroadashboardkalpana_cd37e" behavior="0" />
    </RootComponents>
    <MissingDependencies>
      <MissingDependency>
        <Required type="1" schemaName="aia_aialegalentity" displayName="AIA Legal Entity" solution="Active" />
        <Dependent type="29" displayName="AIA | Sourcing Request Create Or Update Team Member" id="{f090a9e0-dc76-ed11-81ab-0022485672d2}" />
      </MissingDependency>
      <MissingDependency>
        <Required type="1" schemaName="aia_aialegalentity" displayName="AIA Legal Entity" solution="Active" />
        <Dependent type="300" schemaName="aia_sodaroadashboardkalpana_cd37e" displayName="SODA APP" />
      </MissingDependency>
      <MissingDependency>
        <Required type="1" schemaName="aia_app_trigger_flow" displayName="App Trigger Flow" solution="Active" />
        <Dependent type="300" schemaName="aia_sodaroadashboardkalpana_cd37e" displayName="SODA APP" />
      </MissingDependency>
      <MissingDependency>
        <Required type="1" schemaName="aia_approval_activity" displayName="ROA / Consultant Onboarding Form Approval" solution="Active" />
        <Dependent type="300" schemaName="aia_sodaroadashboardkalpana_cd37e" displayName="SODA APP" />
      </MissingDependency>
      <MissingDependency>
        <Required type="1" schemaName="aia_approval_chain" displayName="Approval Chain" solution="Active" />
        <Dependent type="300" schemaName="aia_sodaroadashboardkalpana_cd37e" displayName="SODA APP" />
      </MissingDependency>
      <MissingDependency>
        <Required type="1" schemaName="aia_approval_chain_approver" displayName="Approval Chain Approver" solution="Active" />
        <Dependent type="300" schemaName="aia_sodaroadashboardkalpana_cd37e" displayName="SODA APP" />
      </MissingDependency>
      <MissingDependency>
        <Required type="1" schemaName="aia_approval_clarification_notice" displayName="ROA / Consultant Onboarding Form Clarification" solution="Active" />
        <Dependent type="300" schemaName="aia_sodaroadashboardkalpana_cd37e" displayName="SODA APP" />
      </MissingDependency>
      <MissingDependency>
        <Required type="1" schemaName="aia_approval_feedback_history" displayName="Approval Feedback History" solution="Active" />
        <Dependent type="300" schemaName="aia_sodaroadashboardkalpana_cd37e" displayName="SODA APP" />
      </MissingDependency>
      <MissingDependency>
        <Required type="1" schemaName="aia_budget_line" displayName="Budget Line" solution="Active" />
        <Dependent type="300" schemaName="aia_sodaroadashboardkalpana_cd37e" displayName="SODA APP" />
      </MissingDependency>
      <MissingDependency>
        <Required type="1" schemaName="aia_clarification_submitted_notice" displayName="ROA / COF Approval - with further clarification" solution="Active" />
        <Dependent type="300" schemaName="aia_sodaroadashboardkalpana_cd37e" displayName="SODA APP" />
      </MissingDependency>
      <MissingDependency>
        <Required type="1" schemaName="aia_configuration_table" displayName="Configuration Table" solution="Active" />
        <Dependent type="300" schemaName="aia_sodaroadashboardkalpana_cd37e" displayName="SODA APP" />
      </MissingDependency>
      <MissingDependency>
        <Required type="1" schemaName="aia_new" displayName="NEW" solution="Active" />
        <Dependent type="29" displayName="AIA | 9.1 Send Actionable Email when New Batch Extension Approval Extension Status Is Pending for A" id="{02a78f15-9e14-ed11-b83d-00224855f89a}" />
      </MissingDependency>
      <MissingDependency>
        <Required type="1" schemaName="aia_new" displayName="NEW" solution="Active" />
        <Dependent type="300" schemaName="aia_sodaroadashboardkalpana_cd37e" displayName="SODA APP" />
      </MissingDependency>
      <MissingDependency>
        <Required type="1" schemaName="aia_new_onboarding_pack_review_request" displayName="Onboarding Pack Review Request" solution="Active" />
        <Dependent type="300" schemaName="aia_sodaroadashboardkalpana_cd37e" displayName="SODA APP" />
      </MissingDependency>
      <MissingDependency>
        <Required type="1" schemaName="aia_newbatchextensionactivity" displayName="NEW Batch Extension Approval" solution="Active" />
        <Dependent type="29" displayName="AIA | 9.1 Send Actionable Email when New Batch Extension Approval Extension Status Is Pending for A" id="{02a78f15-9e14-ed11-b83d-00224855f89a}" />
      </MissingDependency>
      <MissingDependency>
        <Required type="1" schemaName="aia_newbatchextensionactivity" displayName="NEW Batch Extension Approval" solution="Active" />
        <Dependent type="29" displayName="AIA | S2C 9.1 Daily Scheduled Job New Extension" id="{44c31cf6-e30b-ed11-b83d-00224855f89a}" />
      </MissingDependency>
      <MissingDependency>
        <Required type="1" schemaName="aia_newbatchextensionactivity" displayName="NEW Batch Extension Approval" solution="Active" />
        <Dependent type="300" schemaName="aia_sodaroadashboardkalpana_cd37e" displayName="SODA APP" />
      </MissingDependency>
      <MissingDependency>
        <Required type="1" schemaName="aia_newextension" displayName="NEW Extension" solution="Active" />
        <Dependent type="29" displayName="AIA | 9.1 Send Actionable Email when New Batch Extension Approval Extension Status Is Pending for A" id="{02a78f15-9e14-ed11-b83d-00224855f89a}" />
      </MissingDependency>
      <MissingDependency>
        <Required type="1" schemaName="aia_newextension" displayName="NEW Extension" solution="Active" />
        <Dependent type="29" displayName="AIA | S2C 9.1 Daily Scheduled Job New Extension" id="{44c31cf6-e30b-ed11-b83d-00224855f89a}" />
      </MissingDependency>
      <MissingDependency>
        <Required type="1" schemaName="aia_newextension" displayName="NEW Extension" solution="Active" />
        <Dependent type="300" schemaName="aia_sodaroadashboardkalpana_cd37e" displayName="SODA APP" />
      </MissingDependency>
      <MissingDependency>
        <Required type="1" schemaName="aia_offboarding_checklist" displayName="Offboarding Checklist" solution="Active" />
        <Dependent type="300" schemaName="aia_sodaroadashboardkalpana_cd37e" displayName="SODA APP" />
      </MissingDependency>
      <MissingDependency>
        <Required type="1" schemaName="aia_review_onboarding_pack_submission" displayName="Review Onboarding Pack submission" solution="Active" />
        <Dependent type="300" schemaName="aia_sodaroadashboardkalpana_cd37e" displayName="SODA APP" />
      </MissingDependency>
      <MissingDependency>
        <Required type="1" schemaName="aia_roa" displayName="Request" solution="Active" />
        <Dependent type="300" schemaName="aia_sodaroadashboardkalpana_cd37e" displayName="SODA APP" />
      </MissingDependency>
      <MissingDependency>
        <Required type="1" schemaName="aia_roa_cost_centre" displayName="Cost Allocation" solution="Active" />
        <Dependent type="300" schemaName="aia_sodaroadashboardkalpana_cd37e" displayName="SODA APP" />
      </MissingDependency>
      <MissingDependency>
        <Required type="1" schemaName="aia_s2c_approval" displayName="S2C Approval" solution="Active" />
        <Dependent type="29" displayName="AIA | S2C ROA Approval Matrix - Update Souring Request Status is Pending Approval" id="{c174bf1a-79ae-ed11-83ff-002248593e63}" />
      </MissingDependency>
      <MissingDependency>
        <Required type="1" schemaName="aia_s2c_approval_layer" displayName="S2C Approval Layer" solution="Active" />
        <Dependent type="29" displayName="AIA | S2C ROA Approval Matrix - Update Souring Request Status is Pending Approval" id="{c174bf1a-79ae-ed11-83ff-002248593e63}" />
      </MissingDependency>
      <MissingDependency>
        <Required type="1" schemaName="aia_s2c_approval_member" displayName="S2C Approval Member" solution="Active" />
        <Dependent type="29" displayName="AIA | S2C ROA Approval Matrix - Update Souring Request Status is Pending Approval" id="{c174bf1a-79ae-ed11-83ff-002248593e63}" />
      </MissingDependency>
      <MissingDependency>
        <Required type="1" schemaName="aia_s2c_review_n_edit_roa_activity" displayName="Review &amp; Edit ROA" solution="Active" />
        <Dependent type="29" displayName="AIA | S2C Send to GS trigger both email and to-do 9.2" id="{6de9e12e-fb58-ed11-9561-002248593e63}" />
      </MissingDependency>
      <MissingDependency>
        <Required type="1" schemaName="aia_s2c_review_n_edit_roa_activity" displayName="Review &amp; Edit ROA" solution="Active" />
        <Dependent type="29" displayName="AIA | S2C ROA Submit - Complete ROA activity" id="{b9c88fba-18c2-ed11-83fd-000d3a07e032}" />
      </MissingDependency>
      <MissingDependency>
        <Required type="1" schemaName="aia_s2c_sourcingrequest" displayName="Sourcing Request" solution="Active" />
        <Dependent type="1" schemaName="aia_s2c_sourcingrequest" displayName="Sourcing Request" />
      </MissingDependency>
      <MissingDependency>
        <Required type="1" schemaName="aia_s2c_submit_roa_activity" displayName="Submit ROA" solution="Active" />
        <Dependent type="29" displayName="AIA | S2C Send to GS trigger both email and to-do 9.2" id="{6de9e12e-fb58-ed11-9561-002248593e63}" />
      </MissingDependency>
      <MissingDependency>
        <Required type="1" schemaName="aia_s2c_submit_roa_activity" displayName="Submit ROA" solution="Active" />
        <Dependent type="29" displayName="AIA | S2C ROA Submit - Complete ROA activity" id="{b9c88fba-18c2-ed11-83fd-000d3a07e032}" />
      </MissingDependency>
      <MissingDependency>
        <Required type="1" schemaName="aia_s2c_teammember" displayName="Team Member" solution="Active" />
        <Dependent type="29" displayName="AIA | Sourcing Request Create Or Update Team Member" id="{f090a9e0-dc76-ed11-81ab-0022485672d2}" />
      </MissingDependency>
      <MissingDependency>
        <Required type="1" schemaName="aia_s2c_teammember" displayName="Team Member" solution="Active" />
        <Dependent type="300" schemaName="aia_sodaroadashboardkalpana_cd37e" displayName="SODA APP" />
      </MissingDependency>
      <MissingDependency>
        <Required type="1" schemaName="aia_s2c_teammember" displayName="Team Member" solution="Active" />
        <Dependent type="92" displayName="Dynamics365.Plugins.S2C.SourcingRequest.PostUpdateShareToTeamMember: Update of aia_s2c_sourcingrequest" id="{0700456b-ee55-ed11-9562-00224855f89a}" />
      </MissingDependency>
      <MissingDependency>
        <Required type="1" schemaName="aia_s2c_teammember" displayName="Team Member" solution="Active" />
        <Dependent type="92" displayName="Dynamics365.Plugins.S2C.SourcingRequest.PostUpdateShareToTeamMember: Create of aia_s2c_teammember" id="{7af11e37-74c1-ed11-83fd-000d3a07ee6a}" />
      </MissingDependency>
      <MissingDependency>
        <Required type="1" schemaName="aia_s2c_teammember" displayName="Team Member" solution="Active" />
        <Dependent type="93" id="{bc375bb5-75c1-ed11-83fd-000d3a07ee6a}" />
      </MissingDependency>
      <MissingDependency>
        <Required type="1" schemaName="aia_s2c_teammember" displayName="Team Member" solution="Active" />
        <Dependent type="93" id="{dce951cd-75c1-ed11-83fd-000d3a07ee6a}" />
      </MissingDependency>
      <MissingDependency>
        <Required type="1" schemaName="aia_s2csupplier" displayName="S2C Supplier Sourcing Request Data Map" solution="Active" />
        <Dependent type="1" schemaName="aia_s2csupplier" displayName="S2C Supplier Sourcing Request Data Map" />
      </MissingDependency>
      <MissingDependency>
        <Required type="1" schemaName="aia_sap_cost_center" displayName="SAP Cost Center" solution="Active" />
        <Dependent type="300" schemaName="aia_sodaroadashboardkalpana_cd37e" displayName="SODA APP" />
      </MissingDependency>
      <MissingDependency>
        <Required type="1" schemaName="aia_sap_employee" displayName="SAP Employee" solution="Active" />
        <Dependent type="29" displayName="AIA | 9.1 Send Actionable Email when New Batch Extension Approval Extension Status Is Pending for A" id="{02a78f15-9e14-ed11-b83d-00224855f89a}" />
      </MissingDependency>
      <MissingDependency>
        <Required type="1" schemaName="aia_sap_wbs" displayName="SAP WBS" solution="Active" />
        <Dependent type="300" schemaName="aia_sodaroadashboardkalpana_cd37e" displayName="SODA APP" />
      </MissingDependency>
      <MissingDependency>
        <Required type="1" schemaName="aia_upload_signed_contract" displayName="Upload signed contract" solution="Active" />
        <Dependent type="300" schemaName="aia_sodaroadashboardkalpana_cd37e" displayName="SODA APP" />
      </MissingDependency>
      <MissingDependency>
        <Required type="1" schemaName="aia_uploaded_attachment" displayName="Upload Attachment" solution="Active" />
        <Dependent type="300" schemaName="aia_sodaroadashboardkalpana_cd37e" displayName="SODA APP" />
      </MissingDependency>
      <MissingDependency>
        <Required type="10" schemaName="aia_aia_s2csupplier_SourcingRequest_aia_s2c_s" displayName="aia_aia_s2csupplier_SourcingRequest_aia_s2c_s" parentSchemaName="aia_s2c_sourcingrequest" parentDisplayName="Sourcing Request" solution="Active" />
        <Dependent type="60" displayName="S2C Request Form (for BU)" parentDisplayName="Sourcing Request" id="{660d2366-2567-ed11-9561-002248593fc2}" />
      </MissingDependency>
      <MissingDependency>
        <Required type="10" schemaName="aia_aia_s2c_sourcingrequest_ContractOwner_sys" displayName="aia_aia_s2c_sourcingrequest_ContractOwner_sys" parentSchemaName="systemuser" parentDisplayName="User" solution="Active" />
        <Dependent type="60" displayName="S2C Request Form (for BU)" parentDisplayName="Sourcing Request" id="{660d2366-2567-ed11-9561-002248593fc2}" />
      </MissingDependency>
      <MissingDependency>
        <Required type="10" schemaName="aia_aia_s2c_sourcingrequest_gs_sourcing_buyer" displayName="aia_aia_s2c_sourcingrequest_gs_sourcing_buyer" parentSchemaName="systemuser" parentDisplayName="User" solution="Active" />
        <Dependent type="60" displayName="S2C Request Form (for BU)" parentDisplayName="Sourcing Request" id="{660d2366-2567-ed11-9561-002248593fc2}" />
      </MissingDependency>
      <MissingDependency>
        <Required type="10" schemaName="aia_aia_s2c_sourcingrequest_Requestor_systemu" displayName="aia_aia_s2c_sourcingrequest_Requestor_systemu" parentSchemaName="systemuser" parentDisplayName="User" solution="Active" />
        <Dependent type="60" displayName="S2C Request Form (for BU)" parentDisplayName="Sourcing Request" id="{660d2366-2567-ed11-9561-002248593fc2}" />
      </MissingDependency>
      <MissingDependency>
        <Required type="2" schemaName="aia_group_level_supplier" displayName="Group Level Supplier" parentSchemaName="account" parentDisplayName="Supplier" solution="Active" />
        <Dependent type="26" schemaName="Awarded Supplier" displayName="Awarded Supplier" parentSchemaName="aia_s2csupplier" parentDisplayName="S2C Supplier Sourcing Request Data Map" id="{003f3647-abc1-ed11-83fd-000d3a07e032}" />
      </MissingDependency>
      <MissingDependency>
        <Required type="2" schemaName="aia_group_level_supplier" displayName="Group Level Supplier" parentSchemaName="account" parentDisplayName="Supplier" solution="Active" />
        <Dependent type="26" schemaName="Potential Supplier" displayName="Potential Supplier" parentSchemaName="aia_s2csupplier" parentDisplayName="S2C Supplier Sourcing Request Data Map" id="{72315ea3-abc1-ed11-83fd-000d3a07ee6a}" />
      </MissingDependency>
      <MissingDependency>
        <Required type="2" schemaName="aia_aialegalentity" displayName="AIA Legal Entity" parentSchemaName="aia_s2c_sourcingrequest" parentDisplayName="Sourcing Request" solution="Active" />
        <Dependent type="29" displayName="AIA | Sourcing Request Create Or Update Team Member" id="{f090a9e0-dc76-ed11-81ab-0022485672d2}" />
      </MissingDependency>
      <MissingDependency>
        <Required type="2" schemaName="aia_aialegalentity" displayName="AIA Legal Entity" parentSchemaName="aia_s2c_sourcingrequest" parentDisplayName="Sourcing Request" solution="Active" />
        <Dependent type="92" displayName="Dynamics365.Plugins.S2C.SourcingRequest.SourcingRequest_PostUpdate_RequestID: Update of aia_s2c_sourcingrequest" id="{84cab600-f9f2-ec11-bb3d-6045bd1bfea1}" />
      </MissingDependency>
      <MissingDependency>
        <Required type="2" schemaName="aia_aialegalentity" displayName="AIA Legal Entity" parentSchemaName="aia_s2c_sourcingrequest" parentDisplayName="Sourcing Request" solution="Active" />
        <Dependent type="93" id="{044f38e7-f8f2-ec11-bb3d-6045bd1bfea1}" />
      </MissingDependency>
      <MissingDependency>
        <Required type="2" schemaName="aia_aialegalentity" displayName="AIA Legal Entity" parentSchemaName="aia_s2c_sourcingrequest" parentDisplayName="Sourcing Request" solution="Active" />
        <Dependent type="93" id="{9b173358-f9f2-ec11-bb3d-6045bd1bfea1}" />
      </MissingDependency>
      <MissingDependency>
        <Required type="2" schemaName="aia_aialegalentityoption" displayName="[Removed] AIA Legal Entity (Option)" parentSchemaName="aia_s2c_sourcingrequest" parentDisplayName="Sourcing Request" solution="Active" />
        <Dependent type="92" displayName="Dynamics365.Plugins.S2C.SourcingRequest.SourcingRequest_PostUpdate_RequestID: Update of aia_s2c_sourcingrequest" id="{84cab600-f9f2-ec11-bb3d-6045bd1bfea1}" />
      </MissingDependency>
      <MissingDependency>
        <Required type="2" schemaName="aia_aialegalentityoption" displayName="[Removed] AIA Legal Entity (Option)" parentSchemaName="aia_s2c_sourcingrequest" parentDisplayName="Sourcing Request" solution="Active" />
        <Dependent type="93" id="{044f38e7-f8f2-ec11-bb3d-6045bd1bfea1}" />
      </MissingDependency>
      <MissingDependency>
        <Required type="2" schemaName="aia_aialegalentityoption" displayName="[Removed] AIA Legal Entity (Option)" parentSchemaName="aia_s2c_sourcingrequest" parentDisplayName="Sourcing Request" solution="Active" />
        <Dependent type="93" id="{9b173358-f9f2-ec11-bb3d-6045bd1bfea1}" />
      </MissingDependency>
      <MissingDependency>
        <Required type="2" schemaName="aia_bu_country_code" displayName="BU" parentSchemaName="aia_s2c_sourcingrequest" parentDisplayName="Sourcing Request" solution="Active" />
        <Dependent type="60" displayName="S2C Request Form (for BU)" parentDisplayName="Sourcing Request" id="{660d2366-2567-ed11-9561-002248593fc2}" />
      </MissingDependency>
      <MissingDependency>
        <Required type="2" schemaName="aia_bu_country_code" displayName="BU" parentSchemaName="aia_s2c_sourcingrequest" parentDisplayName="Sourcing Request" solution="Active" />
        <Dependent type="92" displayName="Dynamics365.Plugins.S2C.SourcingRequest.SourcingRequest_PostUpdate_RequestID: Update of aia_s2c_sourcingrequest" id="{84cab600-f9f2-ec11-bb3d-6045bd1bfea1}" />
      </MissingDependency>
      <MissingDependency>
        <Required type="2" schemaName="aia_bu_country_code" displayName="BU" parentSchemaName="aia_s2c_sourcingrequest" parentDisplayName="Sourcing Request" solution="Active" />
        <Dependent type="93" id="{044f38e7-f8f2-ec11-bb3d-6045bd1bfea1}" />
      </MissingDependency>
      <MissingDependency>
        <Required type="2" schemaName="aia_bu_country_code" displayName="BU" parentSchemaName="aia_s2c_sourcingrequest" parentDisplayName="Sourcing Request" solution="Active" />
        <Dependent type="93" id="{9b173358-f9f2-ec11-bb3d-6045bd1bfea1}" />
      </MissingDependency>
      <MissingDependency>
        <Required type="2" schemaName="aia_category" displayName="Category" parentSchemaName="aia_s2c_sourcingrequest" parentDisplayName="Sourcing Request" solution="Active" />
        <Dependent type="60" displayName="S2C Request Form (for BU)" parentDisplayName="Sourcing Request" id="{660d2366-2567-ed11-9561-002248593fc2}" />
      </MissingDependency>
      <MissingDependency>
        <Required type="2" schemaName="aia_contractowner" displayName="Contract Owner" parentSchemaName="aia_s2c_sourcingrequest" parentDisplayName="Sourcing Request" solution="Active" />
        <Dependent type="29" displayName="AIA | Sourcing Request Create Or Update Team Member" id="{f090a9e0-dc76-ed11-81ab-0022485672d2}" />
      </MissingDependency>
      <MissingDependency>
        <Required type="2" schemaName="aia_contractowner" displayName="Contract Owner" parentSchemaName="aia_s2c_sourcingrequest" parentDisplayName="Sourcing Request" solution="Active" />
        <Dependent type="60" displayName="S2C Request Form (for BU)" parentDisplayName="Sourcing Request" id="{660d2366-2567-ed11-9561-002248593fc2}" />
      </MissingDependency>
      <MissingDependency>
        <Required type="2" schemaName="aia_department" displayName="Department" parentSchemaName="aia_s2c_sourcingrequest" parentDisplayName="Sourcing Request" solution="Active" />
        <Dependent type="60" displayName="S2C Request Form (for BU)" parentDisplayName="Sourcing Request" id="{660d2366-2567-ed11-9561-002248593fc2}" />
      </MissingDependency>
      <MissingDependency>
        <Required type="2" schemaName="aia_gs_sourcing_buyer" displayName="GS Sourcing Buyer" parentSchemaName="aia_s2c_sourcingrequest" parentDisplayName="Sourcing Request" solution="Active" />
        <Dependent type="60" displayName="S2C Request Form (for BU)" parentDisplayName="Sourcing Request" id="{660d2366-2567-ed11-9561-002248593fc2}" />
      </MissingDependency>
      <MissingDependency>
        <Required type="2" schemaName="aia_gssupport" displayName="GS Support" parentSchemaName="aia_s2c_sourcingrequest" parentDisplayName="Sourcing Request" solution="Active" />
        <Dependent type="92" displayName="Dynamics365.Plugins.S2C.SourcingRequest.SourcingRequest_PostUpdate_RequestID: Update of aia_s2c_sourcingrequest" id="{84cab600-f9f2-ec11-bb3d-6045bd1bfea1}" />
      </MissingDependency>
      <MissingDependency>
        <Required type="2" schemaName="aia_gssupport" displayName="GS Support" parentSchemaName="aia_s2c_sourcingrequest" parentDisplayName="Sourcing Request" solution="Active" />
        <Dependent type="93" id="{044f38e7-f8f2-ec11-bb3d-6045bd1bfea1}" />
      </MissingDependency>
      <MissingDependency>
        <Required type="2" schemaName="aia_gssupport" displayName="GS Support" parentSchemaName="aia_s2c_sourcingrequest" parentDisplayName="Sourcing Request" solution="Active" />
        <Dependent type="93" id="{9b173358-f9f2-ec11-bb3d-6045bd1bfea1}" />
      </MissingDependency>
      <MissingDependency>
        <Required type="2" schemaName="aia_have_baseline" displayName="Do you have one of the below baselines? " parentSchemaName="aia_s2c_sourcingrequest" parentDisplayName="Sourcing Request" solution="Active" />
        <Dependent type="60" displayName="S2C Request Form (for BU)" parentDisplayName="Sourcing Request" id="{660d2366-2567-ed11-9561-002248593fc2}" />
      </MissingDependency>
      <MissingDependency>
        <Required type="2" schemaName="aia_have_current_price" displayName="Is there an existing contract for same service?" parentSchemaName="aia_s2c_sourcingrequest" parentDisplayName="Sourcing Request" solution="Active" />
        <Dependent type="60" displayName="S2C Request Form (for BU)" parentDisplayName="Sourcing Request" id="{660d2366-2567-ed11-9561-002248593fc2}" />
      </MissingDependency>
      <MissingDependency>
        <Required type="2" schemaName="aia_initialcostestimation" displayName="Initial Cost Estimation" parentSchemaName="aia_s2c_sourcingrequest" parentDisplayName="Sourcing Request" solution="Active" />
        <Dependent type="60" displayName="S2C Request Form (for BU)" parentDisplayName="Sourcing Request" id="{660d2366-2567-ed11-9561-002248593fc2}" />
      </MissingDependency>
      <MissingDependency>
        <Required type="2" schemaName="aia_initialcostestimationinusd" displayName="Initial Cost Estimation in USD" parentSchemaName="aia_s2c_sourcingrequest" parentDisplayName="Sourcing Request" solution="Active" />
        <Dependent type="60" displayName="S2C Request Form (for BU)" parentDisplayName="Sourcing Request" id="{660d2366-2567-ed11-9561-002248593fc2}" />
      </MissingDependency>
      <MissingDependency>
        <Required type="2" schemaName="aia_is_competivitively_bid" displayName="Is Competitively Bid?" parentSchemaName="aia_s2c_sourcingrequest" parentDisplayName="Sourcing Request" solution="Active" />
        <Dependent type="60" displayName="S2C Request Form (for BU)" parentDisplayName="Sourcing Request" id="{660d2366-2567-ed11-9561-002248593fc2}" />
      </MissingDependency>
      <MissingDependency>
        <Required type="2" schemaName="aia_is_new_price_lower" displayName="New Price lower than or equal to existing price" parentSchemaName="aia_s2c_sourcingrequest" parentDisplayName="Sourcing Request" solution="Active" />
        <Dependent type="60" displayName="S2C Request Form (for BU)" parentDisplayName="Sourcing Request" id="{660d2366-2567-ed11-9561-002248593fc2}" />
      </MissingDependency>
      <MissingDependency>
        <Required type="2" schemaName="aia_is_signed_contract" displayName="Signed Contract?" parentSchemaName="aia_s2c_sourcingrequest" parentDisplayName="Sourcing Request" solution="Active" />
        <Dependent type="60" displayName="S2C Request Form (for BU)" parentDisplayName="Sourcing Request" id="{660d2366-2567-ed11-9561-002248593fc2}" />
      </MissingDependency>
      <MissingDependency>
        <Required type="2" schemaName="aia_justification_for_exception_approval" displayName="Justification for Exception Approval" parentSchemaName="aia_s2c_sourcingrequest" parentDisplayName="Sourcing Request" solution="Active" />
        <Dependent type="60" displayName="S2C Request Form (for BU)" parentDisplayName="Sourcing Request" id="{660d2366-2567-ed11-9561-002248593fc2}" />
      </MissingDependency>
      <MissingDependency>
        <Required type="2" schemaName="aia_justificationfornoncompetitivebidding" displayName="Justification For Non Competitive Bidding" parentSchemaName="aia_s2c_sourcingrequest" parentDisplayName="Sourcing Request" solution="Active" />
        <Dependent type="60" displayName="S2C Request Form (for BU)" parentDisplayName="Sourcing Request" id="{660d2366-2567-ed11-9561-002248593fc2}" />
      </MissingDependency>
      <MissingDependency>
        <Required type="2" schemaName="aia_manual_date_of_entry" displayName="Date of Entry" parentSchemaName="aia_s2c_sourcingrequest" parentDisplayName="Sourcing Request" solution="Active" />
        <Dependent type="60" displayName="S2C Request Form (for BU)" parentDisplayName="Sourcing Request" id="{660d2366-2567-ed11-9561-002248593fc2}" />
      </MissingDependency>
      <MissingDependency>
        <Required type="2" schemaName="aia_manual_upload_remarks" displayName="Remarks" parentSchemaName="aia_s2c_sourcingrequest" parentDisplayName="Sourcing Request" solution="Active" />
        <Dependent type="60" displayName="S2C Request Form (for BU)" parentDisplayName="Sourcing Request" id="{660d2366-2567-ed11-9561-002248593fc2}" />
      </MissingDependency>
      <MissingDependency>
        <Required type="2" schemaName="aia_manualimport" displayName="Manual Import" parentSchemaName="aia_s2c_sourcingrequest" parentDisplayName="Sourcing Request" solution="Active" />
        <Dependent type="29" displayName="Update default values for S2C BU form" id="{fed58870-85bc-ed11-83fe-000d3a07e032}" />
      </MissingDependency>
      <MissingDependency>
        <Required type="2" schemaName="aia_manualimport" displayName="Manual Import" parentSchemaName="aia_s2c_sourcingrequest" parentDisplayName="Sourcing Request" solution="Active" />
        <Dependent type="60" displayName="S2C Request Form (for BU)" parentDisplayName="Sourcing Request" id="{660d2366-2567-ed11-9561-002248593fc2}" />
      </MissingDependency>
      <MissingDependency>
        <Required type="2" schemaName="aia_msa_ariba_cw_number" displayName="MSA Ariba CW Number" parentSchemaName="aia_s2c_sourcingrequest" parentDisplayName="Sourcing Request" solution="Active" />
        <Dependent type="60" displayName="S2C Request Form (for BU)" parentDisplayName="Sourcing Request" id="{660d2366-2567-ed11-9561-002248593fc2}" />
      </MissingDependency>
      <MissingDependency>
        <Required type="2" schemaName="aia_name" displayName="Request ID" parentSchemaName="aia_s2c_sourcingrequest" parentDisplayName="Sourcing Request" solution="Active" />
        <Dependent type="29" displayName="(Removed) Set Manual Import to Yes" id="{15dd9083-3067-ed11-9561-002248593e63}" />
      </MissingDependency>
      <MissingDependency>
        <Required type="2" schemaName="aia_name" displayName="Request ID" parentSchemaName="aia_s2c_sourcingrequest" parentDisplayName="Sourcing Request" solution="Active" />
        <Dependent type="29" displayName="Update default values for S2C BU form" id="{fed58870-85bc-ed11-83fe-000d3a07e032}" />
      </MissingDependency>
      <MissingDependency>
        <Required type="2" schemaName="aia_name" displayName="Request ID" parentSchemaName="aia_s2c_sourcingrequest" parentDisplayName="Sourcing Request" solution="Active" />
        <Dependent type="60" displayName="S2C Request Form (for BU)" parentDisplayName="Sourcing Request" id="{660d2366-2567-ed11-9561-002248593fc2}" />
      </MissingDependency>
      <MissingDependency>
        <Required type="2" schemaName="aia_name" displayName="Request ID" parentSchemaName="aia_s2c_sourcingrequest" parentDisplayName="Sourcing Request" solution="Active" />
        <Dependent type="93" id="{044f38e7-f8f2-ec11-bb3d-6045bd1bfea1}" />
      </MissingDependency>
      <MissingDependency>
        <Required type="2" schemaName="aia_name" displayName="Request ID" parentSchemaName="aia_s2c_sourcingrequest" parentDisplayName="Sourcing Request" solution="Active" />
        <Dependent type="93" id="{9b173358-f9f2-ec11-bb3d-6045bd1bfea1}" />
      </MissingDependency>
      <MissingDependency>
        <Required type="2" schemaName="aia_nc_desc" displayName="Non-compliance Description" parentSchemaName="aia_s2c_sourcingrequest" parentDisplayName="Sourcing Request" solution="Active" />
        <Dependent type="60" displayName="S2C Request Form (for BU)" parentDisplayName="Sourcing Request" id="{660d2366-2567-ed11-9561-002248593fc2}" />
      </MissingDependency>
      <MissingDependency>
        <Required type="2" schemaName="aia_non_compliance" displayName="Non-compliance" parentSchemaName="aia_s2c_sourcingrequest" parentDisplayName="Sourcing Request" solution="Active" />
        <Dependent type="60" displayName="S2C Request Form (for BU)" parentDisplayName="Sourcing Request" id="{660d2366-2567-ed11-9561-002248593fc2}" />
      </MissingDependency>
      <MissingDependency>
        <Required type="2" schemaName="aia_other_desc_of_nc" displayName="Other Description of Non-compliance" parentSchemaName="aia_s2c_sourcingrequest" parentDisplayName="Sourcing Request" solution="Active" />
        <Dependent type="60" displayName="S2C Request Form (for BU)" parentDisplayName="Sourcing Request" id="{660d2366-2567-ed11-9561-002248593fc2}" />
      </MissingDependency>
      <MissingDependency>
        <Required type="2" schemaName="aia_otherjustificationfornoncompetitivebidding" displayName="Other Justification For Non Competitive Bidding" parentSchemaName="aia_s2c_sourcingrequest" parentDisplayName="Sourcing Request" solution="Active" />
        <Dependent type="60" displayName="S2C Request Form (for BU)" parentDisplayName="Sourcing Request" id="{660d2366-2567-ed11-9561-002248593fc2}" />
      </MissingDependency>
      <MissingDependency>
        <Required type="2" schemaName="aia_reason_of_nc" displayName="Reason of Non-compliance" parentSchemaName="aia_s2c_sourcingrequest" parentDisplayName="Sourcing Request" solution="Active" />
        <Dependent type="60" displayName="S2C Request Form (for BU)" parentDisplayName="Sourcing Request" id="{660d2366-2567-ed11-9561-002248593fc2}" />
      </MissingDependency>
      <MissingDependency>
        <Required type="2" schemaName="aia_requestor" displayName="Requestor" parentSchemaName="aia_s2c_sourcingrequest" parentDisplayName="Sourcing Request" solution="Active" />
        <Dependent type="29" displayName="AIA | Sourcing Request Create Or Update Team Member" id="{f090a9e0-dc76-ed11-81ab-0022485672d2}" />
      </MissingDependency>
      <MissingDependency>
        <Required type="2" schemaName="aia_requestor" displayName="Requestor" parentSchemaName="aia_s2c_sourcingrequest" parentDisplayName="Sourcing Request" solution="Active" />
        <Dependent type="60" displayName="S2C Request Form (for BU)" parentDisplayName="Sourcing Request" id="{660d2366-2567-ed11-9561-002248593fc2}" />
      </MissingDependency>
      <MissingDependency>
        <Required type="2" schemaName="aia_requestor" displayName="Requestor" parentSchemaName="aia_s2c_sourcingrequest" parentDisplayName="Sourcing Request" solution="Active" />
        <Dependent type="92" displayName="Dynamics365.Plugins.S2C.SourcingRequest.SourcingRequest_PostUpdate_RequestID: Update of aia_s2c_sourcingrequest" id="{84cab600-f9f2-ec11-bb3d-6045bd1bfea1}" />
      </MissingDependency>
      <MissingDependency>
        <Required type="2" schemaName="aia_requestor" displayName="Requestor" parentSchemaName="aia_s2c_sourcingrequest" parentDisplayName="Sourcing Request" solution="Active" />
        <Dependent type="93" id="{9b173358-f9f2-ec11-bb3d-6045bd1bfea1}" />
      </MissingDependency>
      <MissingDependency>
        <Required type="2" schemaName="aia_requeststage" displayName="Request Stage" parentSchemaName="aia_s2c_sourcingrequest" parentDisplayName="Sourcing Request" solution="Active" />
        <Dependent type="29" displayName="Update default values for S2C BU form" id="{fed58870-85bc-ed11-83fe-000d3a07e032}" />
      </MissingDependency>
      <MissingDependency>
        <Required type="2" schemaName="aia_requeststage" displayName="Request Stage" parentSchemaName="aia_s2c_sourcingrequest" parentDisplayName="Sourcing Request" solution="Active" />
        <Dependent type="60" displayName="S2C Request Form (for BU)" parentDisplayName="Sourcing Request" id="{660d2366-2567-ed11-9561-002248593fc2}" />
      </MissingDependency>
      <MissingDependency>
        <Required type="2" schemaName="aia_requeststatus" displayName="Request Status" parentSchemaName="aia_s2c_sourcingrequest" parentDisplayName="Sourcing Request" solution="Active" />
        <Dependent type="29" displayName="Update default values for S2C BU form" id="{fed58870-85bc-ed11-83fe-000d3a07e032}" />
      </MissingDependency>
      <MissingDependency>
        <Required type="2" schemaName="aia_requeststatus" displayName="Request Status" parentSchemaName="aia_s2c_sourcingrequest" parentDisplayName="Sourcing Request" solution="Active" />
        <Dependent type="60" displayName="S2C Request Form (for BU)" parentDisplayName="Sourcing Request" id="{660d2366-2567-ed11-9561-002248593fc2}" />
      </MissingDependency>
      <MissingDependency>
        <Required type="2" schemaName="aia_requeststatus" displayName="Request Status" parentSchemaName="aia_s2c_sourcingrequest" parentDisplayName="Sourcing Request" solution="Active" />
        <Dependent type="92" displayName="Dynamics365.Plugins.S2C.SourcingRequest.SourcingRequest_PostUpdate_RequestID: Update of aia_s2c_sourcingrequest" id="{84cab600-f9f2-ec11-bb3d-6045bd1bfea1}" />
      </MissingDependency>
      <MissingDependency>
        <Required type="2" schemaName="aia_requeststatus" displayName="Request Status" parentSchemaName="aia_s2c_sourcingrequest" parentDisplayName="Sourcing Request" solution="Active" />
        <Dependent type="93" id="{9b173358-f9f2-ec11-bb3d-6045bd1bfea1}" />
      </MissingDependency>
      <MissingDependency>
        <Required type="2" schemaName="aia_requesttitle" displayName="Request Title" parentSchemaName="aia_s2c_sourcingrequest" parentDisplayName="Sourcing Request" solution="Active" />
        <Dependent type="60" displayName="S2C Request Form (for BU)" parentDisplayName="Sourcing Request" id="{660d2366-2567-ed11-9561-002248593fc2}" />
      </MissingDependency>
      <MissingDependency>
        <Required type="2" schemaName="aia_require_group_tax" displayName="Require Group Tax" parentSchemaName="aia_s2c_sourcingrequest" parentDisplayName="Sourcing Request" solution="Active" />
        <Dependent type="29" displayName="AIA | Sourcing Request Create Or Update Team Member" id="{f090a9e0-dc76-ed11-81ab-0022485672d2}" />
      </MissingDependency>
      <MissingDependency>
        <Required type="2" schemaName="aia_s2c_sourcingrequestid" displayName="Request" parentSchemaName="aia_s2c_sourcingrequest" parentDisplayName="Sourcing Request" solution="Active" />
        <Dependent type="29" displayName="(Removed) Set Manual Import to Yes" id="{15dd9083-3067-ed11-9561-002248593e63}" />
      </MissingDependency>
      <MissingDependency>
        <Required type="2" schemaName="aia_s2c_sourcingrequestid" displayName="Request" parentSchemaName="aia_s2c_sourcingrequest" parentDisplayName="Sourcing Request" solution="Active" />
        <Dependent type="29" displayName="Update default values for S2C BU form" id="{fed58870-85bc-ed11-83fe-000d3a07e032}" />
      </MissingDependency>
      <MissingDependency>
        <Required type="2" schemaName="aia_s2c_sourcingrequestid" displayName="Request" parentSchemaName="aia_s2c_sourcingrequest" parentDisplayName="Sourcing Request" solution="Active" />
        <Dependent type="93" id="{044f38e7-f8f2-ec11-bb3d-6045bd1bfea1}" />
      </MissingDependency>
      <MissingDependency>
        <Required type="2" schemaName="aia_send_to_gs_btn" displayName="Is Send to Group Sourcing being clicked?" parentSchemaName="aia_s2c_sourcingrequest" parentDisplayName="Sourcing Request" solution="Active" />
        <Dependent type="29" displayName="AIA | S2C Send to GS trigger both email and to-do 9.2" id="{6de9e12e-fb58-ed11-9561-002248593e63}" />
      </MissingDependency>
      <MissingDependency>
        <Required type="2" schemaName="aia_targetenddate" displayName="Target End Date" parentSchemaName="aia_s2c_sourcingrequest" parentDisplayName="Sourcing Request" solution="Active" />
        <Dependent type="60" displayName="S2C Request Form (for BU)" parentDisplayName="Sourcing Request" id="{660d2366-2567-ed11-9561-002248593fc2}" />
      </MissingDependency>
      <MissingDependency>
        <Required type="2" schemaName="aia_targetstartdate" displayName="Target Start Date" parentSchemaName="aia_s2c_sourcingrequest" parentDisplayName="Sourcing Request" solution="Active" />
        <Dependent type="60" displayName="S2C Request Form (for BU)" parentDisplayName="Sourcing Request" id="{660d2366-2567-ed11-9561-002248593fc2}" />
      </MissingDependency>
      <MissingDependency>
        <Required type="2" schemaName="aia_type_of_exception_approval" displayName="Type of Exception Approval" parentSchemaName="aia_s2c_sourcingrequest" parentDisplayName="Sourcing Request" solution="Active" />
        <Dependent type="60" displayName="S2C Request Form (for BU)" parentDisplayName="Sourcing Request" id="{660d2366-2567-ed11-9561-002248593fc2}" />
      </MissingDependency>
      <MissingDependency>
        <Required type="2" schemaName="createdon" displayName="Created On" parentSchemaName="aia_s2c_sourcingrequest" parentDisplayName="Sourcing Request" solution="Active" />
        <Dependent type="29" displayName="(Removed) Set Manual Import to Yes" id="{15dd9083-3067-ed11-9561-002248593e63}" />
      </MissingDependency>
      <MissingDependency>
        <Required type="2" schemaName="ownerid" displayName="Owner" parentSchemaName="aia_s2c_sourcingrequest" parentDisplayName="Sourcing Request" solution="Active" />
        <Dependent type="29" displayName="Update default values for S2C BU form" id="{fed58870-85bc-ed11-83fe-000d3a07e032}" />
      </MissingDependency>
      <MissingDependency>
        <Required type="2" schemaName="ownerid" displayName="Owner" parentSchemaName="aia_s2c_sourcingrequest" parentDisplayName="Sourcing Request" solution="Active" />
        <Dependent type="60" displayName="S2C Request Form (for BU)" parentDisplayName="Sourcing Request" id="{660d2366-2567-ed11-9561-002248593fc2}" />
      </MissingDependency>
      <MissingDependency>
        <Required type="2" schemaName="transactioncurrencyid" displayName="Currency of Initial Cost Estimation" parentSchemaName="aia_s2c_sourcingrequest" parentDisplayName="Sourcing Request" solution="Active" />
        <Dependent type="60" displayName="S2C Request Form (for BU)" parentDisplayName="Sourcing Request" id="{660d2366-2567-ed11-9561-002248593fc2}" />
      </MissingDependency>
      <MissingDependency>
        <Required type="2" schemaName="aia_role" displayName="Role" parentSchemaName="aia_s2c_teammember" parentDisplayName="Team Member" solution="Active" />
        <Dependent type="93" id="{bc375bb5-75c1-ed11-83fd-000d3a07ee6a}" />
      </MissingDependency>
      <MissingDependency>
        <Required type="2" schemaName="aia_role" displayName="Role" parentSchemaName="aia_s2c_teammember" parentDisplayName="Team Member" solution="Active" />
        <Dependent type="93" id="{dce951cd-75c1-ed11-83fd-000d3a07ee6a}" />
      </MissingDependency>
      <MissingDependency>
        <Required type="2" schemaName="aia_s2c_teammemberid" displayName="Team Member" parentSchemaName="aia_s2c_teammember" parentDisplayName="Team Member" solution="Active" />
        <Dependent type="93" id="{bc375bb5-75c1-ed11-83fd-000d3a07ee6a}" />
      </MissingDependency>
      <MissingDependency>
        <Required type="2" schemaName="aia_s2c_teammemberid" displayName="Team Member" parentSchemaName="aia_s2c_teammember" parentDisplayName="Team Member" solution="Active" />
        <Dependent type="93" id="{dce951cd-75c1-ed11-83fd-000d3a07ee6a}" />
      </MissingDependency>
      <MissingDependency>
        <Required type="2" schemaName="aia_sourcingrequest" displayName="Sourcing Request" parentSchemaName="aia_s2c_teammember" parentDisplayName="Team Member" solution="Active" />
        <Dependent type="93" id="{bc375bb5-75c1-ed11-83fd-000d3a07ee6a}" />
      </MissingDependency>
      <MissingDependency>
        <Required type="2" schemaName="aia_sourcingrequest" displayName="Sourcing Request" parentSchemaName="aia_s2c_teammember" parentDisplayName="Team Member" solution="Active" />
        <Dependent type="93" id="{dce951cd-75c1-ed11-83fd-000d3a07ee6a}" />
      </MissingDependency>
      <MissingDependency>
        <Required type="2" schemaName="aia_team" displayName="Team" parentSchemaName="aia_s2c_teammember" parentDisplayName="Team Member" solution="Active" />
        <Dependent type="93" id="{bc375bb5-75c1-ed11-83fd-000d3a07ee6a}" />
      </MissingDependency>
      <MissingDependency>
        <Required type="2" schemaName="aia_team" displayName="Team" parentSchemaName="aia_s2c_teammember" parentDisplayName="Team Member" solution="Active" />
        <Dependent type="93" id="{dce951cd-75c1-ed11-83fd-000d3a07ee6a}" />
      </MissingDependency>
      <MissingDependency>
        <Required type="2" schemaName="aia_teamtype" displayName="Team Type" parentSchemaName="aia_s2c_teammember" parentDisplayName="Team Member" solution="Active" />
        <Dependent type="93" id="{bc375bb5-75c1-ed11-83fd-000d3a07ee6a}" />
      </MissingDependency>
      <MissingDependency>
        <Required type="2" schemaName="aia_teamtype" displayName="Team Type" parentSchemaName="aia_s2c_teammember" parentDisplayName="Team Member" solution="Active" />
        <Dependent type="93" id="{dce951cd-75c1-ed11-83fd-000d3a07ee6a}" />
      </MissingDependency>
      <MissingDependency>
        <Required type="2" schemaName="statecode" displayName="Status" parentSchemaName="aia_s2c_teammember" parentDisplayName="Team Member" solution="Active" />
        <Dependent type="92" displayName="Dynamics365.Plugins.S2C.SourcingRequest.PostUpdateShareToTeamMember: Update of aia_s2c_sourcingrequest" id="{0700456b-ee55-ed11-9562-00224855f89a}" />
      </MissingDependency>
      <MissingDependency>
        <Required type="2" schemaName="statecode" displayName="Status" parentSchemaName="aia_s2c_teammember" parentDisplayName="Team Member" solution="Active" />
        <Dependent type="93" id="{bc375bb5-75c1-ed11-83fd-000d3a07ee6a}" />
      </MissingDependency>
      <MissingDependency>
        <Required type="2" schemaName="statecode" displayName="Status" parentSchemaName="aia_s2c_teammember" parentDisplayName="Team Member" solution="Active" />
        <Dependent type="93" id="{dce951cd-75c1-ed11-83fd-000d3a07ee6a}" />
      </MissingDependency>
      <MissingDependency>
        <Required type="2" schemaName="aia_name" displayName="Supplier Name" parentSchemaName="aia_s2csupplier" parentDisplayName="S2C Supplier Sourcing Request Data Map" solution="Active" />
        <Dependent type="26" schemaName="Awarded Supplier" displayName="Awarded Supplier" parentSchemaName="aia_s2csupplier" parentDisplayName="S2C Supplier Sourcing Request Data Map" id="{003f3647-abc1-ed11-83fd-000d3a07e032}" />
      </MissingDependency>
      <MissingDependency>
        <Required type="2" schemaName="aia_name" displayName="Supplier Name" parentSchemaName="aia_s2csupplier" parentDisplayName="S2C Supplier Sourcing Request Data Map" solution="Active" />
        <Dependent type="26" schemaName="Potential Supplier" displayName="Potential Supplier" parentSchemaName="aia_s2csupplier" parentDisplayName="S2C Supplier Sourcing Request Data Map" id="{72315ea3-abc1-ed11-83fd-000d3a07ee6a}" />
      </MissingDependency>
      <MissingDependency>
        <Required type="2" schemaName="aia_requeststage" displayName="Request Stage" parentSchemaName="aia_s2csupplier" parentDisplayName="S2C Supplier Sourcing Request Data Map" solution="Active" />
        <Dependent type="26" schemaName="Awarded Supplier" displayName="Awarded Supplier" parentSchemaName="aia_s2csupplier" parentDisplayName="S2C Supplier Sourcing Request Data Map" id="{003f3647-abc1-ed11-83fd-000d3a07e032}" />
      </MissingDependency>
      <MissingDependency>
        <Required type="2" schemaName="aia_requeststage" displayName="Request Stage" parentSchemaName="aia_s2csupplier" parentDisplayName="S2C Supplier Sourcing Request Data Map" solution="Active" />
        <Dependent type="26" schemaName="Potential Supplier" displayName="Potential Supplier" parentSchemaName="aia_s2csupplier" parentDisplayName="S2C Supplier Sourcing Request Data Map" id="{72315ea3-abc1-ed11-83fd-000d3a07ee6a}" />
      </MissingDependency>
      <MissingDependency>
        <Required type="2" schemaName="aia_roa_awarded_supplier" displayName="Awarded Supplier" parentSchemaName="aia_s2csupplier" parentDisplayName="S2C Supplier Sourcing Request Data Map" solution="Active" />
        <Dependent type="26" schemaName="Awarded Supplier" displayName="Awarded Supplier" parentSchemaName="aia_s2csupplier" parentDisplayName="S2C Supplier Sourcing Request Data Map" id="{003f3647-abc1-ed11-83fd-000d3a07e032}" />
      </MissingDependency>
      <MissingDependency>
        <Required type="2" schemaName="aia_roa_awarded_supplier" displayName="Awarded Supplier" parentSchemaName="aia_s2csupplier" parentDisplayName="S2C Supplier Sourcing Request Data Map" solution="Active" />
        <Dependent type="26" schemaName="Potential Supplier" displayName="Potential Supplier" parentSchemaName="aia_s2csupplier" parentDisplayName="S2C Supplier Sourcing Request Data Map" id="{72315ea3-abc1-ed11-83fd-000d3a07ee6a}" />
      </MissingDependency>
      <MissingDependency>
        <Required type="2" schemaName="aia_s2csupplierid" displayName="S2C Supplier" parentSchemaName="aia_s2csupplier" parentDisplayName="S2C Supplier Sourcing Request Data Map" solution="Active" />
        <Dependent type="26" schemaName="Awarded Supplier" displayName="Awarded Supplier" parentSchemaName="aia_s2csupplier" parentDisplayName="S2C Supplier Sourcing Request Data Map" id="{003f3647-abc1-ed11-83fd-000d3a07e032}" />
      </MissingDependency>
      <MissingDependency>
        <Required type="2" schemaName="aia_s2csupplierid" displayName="S2C Supplier" parentSchemaName="aia_s2csupplier" parentDisplayName="S2C Supplier Sourcing Request Data Map" solution="Active" />
        <Dependent type="26" schemaName="Potential Supplier" displayName="Potential Supplier" parentSchemaName="aia_s2csupplier" parentDisplayName="S2C Supplier Sourcing Request Data Map" id="{72315ea3-abc1-ed11-83fd-000d3a07ee6a}" />
      </MissingDependency>
      <MissingDependency>
        <Required type="2" schemaName="aia_supplier" displayName="Supplier" parentSchemaName="aia_s2csupplier" parentDisplayName="S2C Supplier Sourcing Request Data Map" solution="Active" />
        <Dependent type="26" schemaName="Awarded Supplier" displayName="Awarded Supplier" parentSchemaName="aia_s2csupplier" parentDisplayName="S2C Supplier Sourcing Request Data Map" id="{003f3647-abc1-ed11-83fd-000d3a07e032}" />
      </MissingDependency>
      <MissingDependency>
        <Required type="2" schemaName="aia_supplier" displayName="Supplier" parentSchemaName="aia_s2csupplier" parentDisplayName="S2C Supplier Sourcing Request Data Map" solution="Active" />
        <Dependent type="26" schemaName="Potential Supplier" displayName="Potential Supplier" parentSchemaName="aia_s2csupplier" parentDisplayName="S2C Supplier Sourcing Request Data Map" id="{72315ea3-abc1-ed11-83fd-000d3a07ee6a}" />
      </MissingDependency>
      <MissingDependency>
        <Required type="2" schemaName="statecode" displayName="Status" parentSchemaName="aia_s2csupplier" parentDisplayName="S2C Supplier Sourcing Request Data Map" solution="Active" />
        <Dependent type="26" schemaName="Awarded Supplier" displayName="Awarded Supplier" parentSchemaName="aia_s2csupplier" parentDisplayName="S2C Supplier Sourcing Request Data Map" id="{003f3647-abc1-ed11-83fd-000d3a07e032}" />
      </MissingDependency>
      <MissingDependency>
        <Required type="2" schemaName="statecode" displayName="Status" parentSchemaName="aia_s2csupplier" parentDisplayName="S2C Supplier Sourcing Request Data Map" solution="Active" />
        <Dependent type="26" schemaName="Potential Supplier" displayName="Potential Supplier" parentSchemaName="aia_s2csupplier" parentDisplayName="S2C Supplier Sourcing Request Data Map" id="{72315ea3-abc1-ed11-83fd-000d3a07ee6a}" />
      </MissingDependency>
      <MissingDependency>
        <Required type="26" schemaName="Active S2C Suppliers" displayName="Active S2C Suppliers" parentSchemaName="aia_s2csupplier" parentDisplayName="S2C Supplier Sourcing Request Data Map" solution="Active" id="{b148b44a-5a2e-424d-92a3-940673bd4de7}" />
        <Dependent type="60" displayName="S2C Request Form (for BU)" parentDisplayName="Sourcing Request" id="{660d2366-2567-ed11-9561-002248593fc2}" />
      </MissingDependency>
      <MissingDependency>
        <Required type="29" displayName="AIA | S2C Public. Get Given Name" solution="Active" id="{161d9f88-f8f1-ec11-bb3d-6045bd1bf92d}" />
        <Dependent type="29" displayName="AIA | S2C Send to GS trigger both email and to-do 9.2" id="{6de9e12e-fb58-ed11-9561-002248593e63}" />
      </MissingDependency>
      <MissingDependency>
        <Required type="29" displayName="Public. Find Configuration by name" solution="Active" id="{cb8c7cef-6161-ec11-8f8f-000d3a80eca3}" />
        <Dependent type="29" displayName="AIA | 9.1 Send Actionable Email when New Batch Extension Approval Extension Status Is Pending for A" id="{02a78f15-9e14-ed11-b83d-00224855f89a}" />
      </MissingDependency>
      <MissingDependency>
        <Required type="29" displayName="Public. Find Configuration by name" solution="Active" id="{cb8c7cef-6161-ec11-8f8f-000d3a80eca3}" />
        <Dependent type="29" displayName="AIA | S2C 9.1 Daily Scheduled Job New Extension" id="{44c31cf6-e30b-ed11-b83d-00224855f89a}" />
      </MissingDependency>
      <MissingDependency>
        <Required type="29" displayName="Public. Find Configuration by name" solution="Active" id="{cb8c7cef-6161-ec11-8f8f-000d3a80eca3}" />
        <Dependent type="29" displayName="AIA | S2C Send to GS trigger both email and to-do 9.2" id="{6de9e12e-fb58-ed11-9561-002248593e63}" />
      </MissingDependency>
      <MissingDependency>
        <Required type="29" displayName="Public. Find Configuration by name" solution="Active" id="{cb8c7cef-6161-ec11-8f8f-000d3a80eca3}" />
        <Dependent type="29" displayName="AIA | Sourcing Request Create Or Update Team Member" id="{f090a9e0-dc76-ed11-81ab-0022485672d2}" />
      </MissingDependency>
      <MissingDependency>
        <Required type="29" displayName="Public. Get Office 365 Users Given Name" solution="Active" id="{fc7467b5-a290-ec11-b401-000d3aa14cd5}" />
        <Dependent type="29" displayName="AIA | 9.1 Send Actionable Email when New Batch Extension Approval Extension Status Is Pending for A" id="{02a78f15-9e14-ed11-b83d-00224855f89a}" />
      </MissingDependency>
      <MissingDependency>
        <Required type="61" schemaName="aia_jquery_3.3.1" displayName="aia_jquery_3.3.1" solution="Active" />
        <Dependent type="60" displayName="S2C Request Form (for BU)" parentDisplayName="Sourcing Request" id="{660d2366-2567-ed11-9561-002248593fc2}" />
      </MissingDependency>
      <MissingDependency>
        <Required type="61" schemaName="aia_S2CSourcingRequestButton" displayName="aia_S2CSourcingRequestButton" solution="Active" />
        <Dependent type="60" displayName="S2C Request Form (for BU)" parentDisplayName="Sourcing Request" id="{660d2366-2567-ed11-9561-002248593fc2}" />
      </MissingDependency>
      <MissingDependency>
        <Required type="connectionreference" displayName="aia_sharedcommondataserviceforapps_1c6db" solution="Active" id.connectionreferencelogicalname="aia_sharedcommondataserviceforapps_1c6db" />
        <Dependent type="29" displayName="AIA | 9.1 Send Actionable Email when New Batch Extension Approval Extension Status Is Pending for A" id="{02a78f15-9e14-ed11-b83d-00224855f89a}" />
      </MissingDependency>
      <MissingDependency>
        <Required type="connectionreference" displayName="aia_sharedcommondataserviceforapps_1c6db" solution="Active" id.connectionreferencelogicalname="aia_sharedcommondataserviceforapps_1c6db" />
        <Dependent type="29" displayName="AIA | S2C 9.1 Daily Scheduled Job New Extension" id="{44c31cf6-e30b-ed11-b83d-00224855f89a}" />
      </MissingDependency>
      <MissingDependency>
        <Required type="connectionreference" displayName="aia_sharedcommondataserviceforapps_1c6db" solution="Active" id.connectionreferencelogicalname="aia_sharedcommondataserviceforapps_1c6db" />
        <Dependent type="29" displayName="AIA | S2C ROA Approval Matrix - Update Souring Request Status is Pending Approval" id="{c174bf1a-79ae-ed11-83ff-002248593e63}" />
      </MissingDependency>
      <MissingDependency>
        <Required type="connectionreference" displayName="aia_sharedcommondataserviceforapps_1c6db" solution="Active" id.connectionreferencelogicalname="aia_sharedcommondataserviceforapps_1c6db" />
        <Dependent type="29" displayName="AIA | Sourcing Request Create Or Update Team Member" id="{f090a9e0-dc76-ed11-81ab-0022485672d2}" />
      </MissingDependency>
      <MissingDependency>
        <Required type="connectionreference" displayName="aia_sharedcommondataserviceforapps_dba9d" solution="Active" id.connectionreferencelogicalname="aia_sharedcommondataserviceforapps_dba9d" />
        <Dependent type="29" displayName="AIA | S2C Send to GS trigger both email and to-do 9.2" id="{6de9e12e-fb58-ed11-9561-002248593e63}" />
      </MissingDependency>
      <MissingDependency>
        <Required type="connectionreference" displayName="aia_sharedcommondataserviceforapps_f1fd0" solution="Active" id.connectionreferencelogicalname="aia_sharedcommondataserviceforapps_f1fd0" />
        <Dependent type="29" displayName="AIA | S2C Send to GS trigger both email and to-do 9.2" id="{6de9e12e-fb58-ed11-9561-002248593e63}" />
      </MissingDependency>
      <MissingDependency>
        <Required type="connectionreference" displayName="aia_sharedcommondataserviceforapps_f1fd0" solution="Active" id.connectionreferencelogicalname="aia_sharedcommondataserviceforapps_f1fd0" />
        <Dependent type="29" displayName="AIA | S2C ROA Submit - Complete ROA activity" id="{b9c88fba-18c2-ed11-83fd-000d3a07e032}" />
      </MissingDependency>
      <MissingDependency>
        <Required type="connectionreference" displayName="aia_sharedcommondataserviceforapps_fce10" solution="Active" id.connectionreferencelogicalname="aia_sharedcommondataserviceforapps_fce10" />
        <Dependent type="29" displayName="AIA | Sourcing Request Create Or Update Team Member" id="{f090a9e0-dc76-ed11-81ab-0022485672d2}" />
      </MissingDependency>
      <MissingDependency>
        <Required type="connectionreference" displayName="aia_sharedoffice365_705f6" solution="Active" id.connectionreferencelogicalname="aia_sharedoffice365_705f6" />
        <Dependent type="29" displayName="AIA | S2C Send to GS trigger both email and to-do 9.2" id="{6de9e12e-fb58-ed11-9561-002248593e63}" />
      </MissingDependency>
      <MissingDependency>
        <Required type="connectionreference" displayName="aia_sharedoffice365_b2416" solution="Active" id.connectionreferencelogicalname="aia_sharedoffice365_b2416" />
        <Dependent type="29" displayName="AIA | 9.1 Send Actionable Email when New Batch Extension Approval Extension Status Is Pending for A" id="{02a78f15-9e14-ed11-b83d-00224855f89a}" />
      </MissingDependency>
    </MissingDependencies>
  </SolutionManifest>
</ImportExportXml>