{
  "properties": {
    "connectionReferences": {
      "shared_commondataserviceforapps": {
        "runtimeSource": "embedded",
        "connection": {
          "connectionReferenceLogicalName": "aia_sharedcommondataserviceforapps_1c6db"
        },
        "api": {
          "name": "shared_commondataserviceforapps"
        }
      },
      "shared_office365": {
        "runtimeSource": "embedded",
        "connection": {
          "connectionReferenceLogicalName": "aia_sharedoffice365_b2416"
        },
        "api": {
          "name": "shared_office365"
        }
      }
    },
    "definition": {
      "$schema": "https://schema.management.azure.com/providers/Microsoft.Logic/schemas/2016-06-01/workflowdefinition.json#",
      "contentVersion": "1.0.0.0",
      "parameters": {
        "$connections": {
          "defaultValue": {},
          "type": "Object"
        },
        "$authentication": {
          "defaultValue": {},
          "type": "SecureObject"
        }
      },
      "triggers": {
        "manual": {
          "metadata": {
            "operationMetadataId": "f70fd8bd-8727-4871-be6e-daf784911d77"
          },
          "type": "Request",
          "kind": "Button",
          "inputs": {
            "schema": {
              "type": "object",
              "properties": {
                "text": {
                  "title": "SourcingRequestGuid",
                  "type": "string",
                  "x-ms-dynamically-added": true,
                  "description": "Please enter your input",
                  "x-ms-content-hint": "TEXT"
                },
                "text_1": {
                  "title": "ActivityGuid",
                  "type": "string",
                  "x-ms-dynamically-added": true,
                  "description": "Please enter your input",
                  "x-ms-content-hint": "TEXT"
                },
                "text_2": {
                  "title": "ApproverGuid",
                  "type": "string",
                  "x-ms-dynamically-added": true,
                  "description": "Please enter your input",
                  "x-ms-content-hint": "TEXT"
                }
              },
              "required": [
                "text",
                "text_1",
                "text_2"
              ]
            }
          }
        }
      },
      "actions": {
        "Find_Sourcing_Requests": {
          "runAfter": {},
          "metadata": {
            "operationMetadataId": "6a9745be-6faf-4e20-907c-eef9a437e7e4"
          },
          "type": "OpenApiConnection",
          "inputs": {
            "host": {
              "connectionName": "shared_commondataserviceforapps",
              "operationId": "ListRecords",
              "apiId": "/providers/Microsoft.PowerApps/apis/shared_commondataserviceforapps"
            },
            "parameters": {
              "entityName": "aia_s2c_sourcingrequests",
              "fetchXml": "<fetch top=\"1\">\n  <entity name=\"aia_s2c_sourcingrequest\">\n    <attribute name=\"aia_targetstartdate\" />\n    <attribute name=\"aia_requesttitle\" />\n    <attribute name=\"aia_supplier_name_txt\" />\n    <attribute name=\"aia_currency_of_estimated_contract_value\" />\n    <attribute name=\"aia_contractduration\" />\n    <attribute name=\"aia_contractowner\" />\n    <attribute name=\"aia_briefdescription\" />\n    <attribute name=\"aia_sourcing_cover_note\" />\n    <attribute name=\"aia_initialcostestimationinusd\" />\n    <attribute name=\"transactioncurrencyid\" />\n    <attribute name=\"aia_initialcostestimation\" />\n    <attribute name=\"aia_expense_amount\" />\n    <attribute name=\"aia_expense_amount_in_usd\" />\n    <attribute name=\"aia_is_expense_approval\" />\n    <attribute name=\"aia_is_competivitively_bid\" />\n    <attribute name=\"aia_contractdurationunit\" />\n    <attribute name=\"aia_name\" />\n    <attribute name=\"aia_current_approval_matrix\" />\n    <attribute name=\"aia_sourcingrepresentative\" />\n    <attribute name=\"aia_sourcing_cover_notes_plain_text\" />\n    <attribute name=\"aia_gssupport\" />\n    <filter>\n      <condition attribute=\"aia_s2c_sourcingrequestid\" operator=\"eq\" value=\"@{triggerBody()['text']}\" />\n      <condition attribute=\"statecode\" operator=\"eq\" value=\"0\" />\n    </filter>\n    <link-entity name=\"systemuser\" from=\"systemuserid\" to=\"aia_contractowner\" link-type=\"inner\" alias=\"CO\">\n      <attribute name=\"internalemailaddress\" />\n      <attribute name=\"fullname\" />\n    </link-entity>\n    <link-entity name=\"systemuser\" from=\"systemuserid\" to=\"aia_sourcingrepresentative\" link-type=\"outer\" alias=\"SR\">\n      <attribute name=\"internalemailaddress\" />\n      <attribute name=\"fullname\" />\n    </link-entity>\n    <link-entity name=\"transactioncurrency\" from=\"transactioncurrencyid\" to=\"transactioncurrencyid\" link-type=\"outer\" alias=\"transactioncurrency\">\n      <attribute name=\"isocurrencycode\" />\n    </link-entity>\n    <link-entity name=\"aia_s2c_approval\" from=\"aia_s2c_approvalid\" to=\"aia_current_approval_matrix\" link-type=\"inner\" alias=\"approval\" />\n  </entity>\n</fetch>"
            },
            "authentication": {
              "type": "Raw",
              "value": "@json(decodeBase64(triggerOutputs().headers['X-MS-APIM-Tokens']))['$ConnectionKey']"
            }
          }
        },
        "Condition": {
          "actions": {
            "Apply_to_each": {
              "foreach": "@outputs('Find_S2C_Approval_Member')?['body/value']",
              "actions": {
                "Append_to_array_variable": {
                  "runAfter": {},
                  "metadata": {
                    "operationMetadataId": "a9c8627d-02aa-4ba2-853d-1f58cffcba68"
                  },
                  "type": "AppendToArrayVariable",
                  "inputs": {
                    "name": "EndorserEmailAddress",
                    "value": "@items('Apply_to_each')?['user.internalemailaddress']"
                  }
                }
              },
              "runAfter": {},
              "metadata": {
                "operationMetadataId": "c0d2eb2c-e0fa-4a36-bfd3-986b1d6c12aa"
              },
              "type": "Foreach"
            },
            "AIA_|_S2C_Public._Get_Given_Name": {
              "runAfter": {
                "Set_variable_2": [
                  "Succeeded"
                ]
              },
              "metadata": {
                "operationMetadataId": "38c34a31-4374-4142-bf12-4e6eb8a43491"
              },
              "type": "Workflow",
              "inputs": {
                "host": {
                  "workflowReferenceName": "161d9f88-f8f1-ec11-bb3d-6045bd1bf92d"
                },
                "body": {
                  "text": "@join(variables('EndorserEmailAddress'),';')",
                  "text_1": ";",
                  "text_2": " , "
                }
              }
            },
            "S2C_Sub_Deeplink_Request": {
              "runAfter": {
                "AIA_|_S2C_Public._Get_Given_Name": [
                  "Succeeded"
                ]
              },
              "metadata": {
                "operationMetadataId": "0648f45c-0627-45d7-84cf-1c2efcb74838"
              },
              "type": "Workflow",
              "inputs": {
                "host": {
                  "workflowReferenceName": "cb8c7cef-6161-ec11-8f8f-000d3a80eca3"
                },
                "body": {
                  "text": "S2C_Sub_Deeplink_Approval_Page"
                }
              }
            },
            "Set_Expense_Approval_For": {
              "runAfter": {
                "Apply_to_each": [
                  "Succeeded"
                ]
              },
              "metadata": {
                "operationMetadataId": "705a2e5d-112c-448f-b760-a7fcff39bb83"
              },
              "type": "SetVariable",
              "inputs": {
                "name": "ExpenseApprovalFor",
                "value": "@{if(equals(first(body('Find_Sourcing_Requests')?['value'])?['aia_is_expense_approval'],1),concat(',{\"type\":\"TextBlock\",\"text\":\"*   **Expense approval: ',first(body('Find_Sourcing_Requests')?['value'])?['transactioncurrency.isocurrencycode'],' ',if(not(equals(first(body('Find_Sourcing_Requests')?['value'])?['aia_expense_amount'],null)),if(greaterOrEquals(first(body('Find_Sourcing_Requests')?['value'])?['aia_expense_amount'],1),formatNumber(first(body('Find_Sourcing_Requests')?['value'])?['aia_expense_amount'], '###,###,###.00'),formatNumber(first(body('Find_Sourcing_Requests')?['value'])?['aia_expense_amount'], 'F2')),'0.00'),' (USD ',if(not(equals(first(body('Find_Sourcing_Requests')?['value'])?['aia_expense_amount_in_usd'],null)),if(greaterOrEquals(first(body('Find_Sourcing_Requests')?['value'])?['aia_expense_amount_in_usd'],1),formatNumber(first(body('Find_Sourcing_Requests')?['value'])?['aia_expense_amount_in_usd'], '###,###,###.00'),formatNumber(first(body('Find_Sourcing_Requests')?['value'])?['aia_expense_amount_in_usd'], 'F2')),'0.00'),')** \",\"wrap\":true,\"weight\":\"Bolder\",\"spacing\": \"None\",\"color\":\"Dark\"}'),'')}"
              }
            },
            "Set_ROA_Approval_For": {
              "runAfter": {
                "Set_Expense_Approval_For": [
                  "Succeeded"
                ]
              },
              "metadata": {
                "operationMetadataId": "b9930514-8ed3-4eb0-a563-62edcde47a86"
              },
              "type": "SetVariable",
              "inputs": {
                "name": "ROAApprovalFor",
                "value": "@{concat(first(body('Find_Sourcing_Requests')?['value'])?['transactioncurrency.isocurrencycode'],' ',if(not(equals(first(body('Find_Sourcing_Requests')?['value'])?['aia_initialcostestimation'],null)),if(greaterOrEquals(first(body('Find_Sourcing_Requests')?['value'])?['aia_initialcostestimation'],1),formatNumber(first(body('Find_Sourcing_Requests')?['value'])?['aia_initialcostestimation'], '###,###,###.00'),formatNumber(first(body('Find_Sourcing_Requests')?['value'])?['aia_initialcostestimation'], 'F2')),'0.00'),' (USD ',if(not(equals(first(body('Find_Sourcing_Requests')?['value'])?['aia_initialcostestimationinusd'],null)),if(greaterOrEquals(first(body('Find_Sourcing_Requests')?['value'])?['aia_initialcostestimationinusd'],1),formatNumber(first(body('Find_Sourcing_Requests')?['value'])?['aia_initialcostestimationinusd'], '###,###,###.00'),formatNumber(first(body('Find_Sourcing_Requests')?['value'])?['aia_initialcostestimationinusd'], 'F2')),'0.00'),')')}"
              }
            },
            "Set_variable": {
              "runAfter": {
                "Find_Not_Reply_Email_Address": [
                  "Succeeded"
                ]
              },
              "metadata": {
                "operationMetadataId": "e8fb8c83-5c1d-400c-b0ef-50835dc9ef32"
              },
              "type": "SetVariable",
              "inputs": {
                "name": "AcEmailJson",
                "value": "{\n    \"$schema\": \"http://adaptivecards.io/schemas/adaptive-card.json\",\n    \"type\": \"AdaptiveCard\",\n    \"version\": \"1.0\",\n    \"body\": [ \n\t\t{\n            \"type\": \"ColumnSet\",\n            \"id\": \"b14ba8d0-a670-bacf-f1b4-ebe818981075\",\n            \"columns\": [\n                {\n                    \"type\": \"Column\",\n                    \"id\": \"d5dadd66-7159-ac64-a570-d41d249c2c7c\",\n                    \"padding\": \"None\",\n                    \"width\": \"auto\",\n                    \"items\": [\n                        {\n                            \"type\": \"TextBlock\",\n                            \"id\": \"a5e0078b-1e59-d48a-b644-3c8027d2c888\", \"text\": \"Hi @{body('AIA_|_S2C_Public._Get_Given_Name')?['givennames']},\",\n                            \"wrap\": true\n                        }\n                    ]\n                }\n            ],\n            \"padding\": \"Default\",\n            \"style\": \"emphasis\"\n        },\n        {\n            \"type\": \"Container\",\n            \"id\": \"ae8db803-7200-ce20-14aa-071e686ec5d1\",\n            \"padding\": \"Default\",\n            \"items\": [\n                {\n                    \"type\": \"TextBlock\",\n                    \"id\": \"c6359d7c-3f5b-0433-2792-762cd7137642\",\n                    \"text\": \"ROA for @{first(body('Find_Sourcing_Requests')?['value'])?['aia_requesttitle']} has been submitted for your endorsement:\",\n                    \"wrap\": true\n                },\n                {\n                    \"type\": \"Container\",\n                    \"id\": \"0db36ef3-161b-8bde-a5a6-020f2b14c2f8\",\n                    \"padding\": \"None\",\n                    \"items\": [\n                        {\n                            \"type\": \"TextBlock\",\n                            \"id\": \"6cf70ff4-907d-ec08-3890-5768f2cfd3ee\",\n                            \"text\": \"* **ROA Approval: @{variables('ROAApprovalFor')}**\",\n                            \"wrap\": true,\n                            \"weight\": \"Bolder\",\n                            \"spacing\": \"None\"\n                        }@{variables('ExpenseApprovalFor')}\n                    ],\n                    \"spacing\": \"Small\"\n                },\n                {\n                    \"type\": \"Container\",\n                    \"id\": \"7975a16e-5c33-af95-cd51-5f0daf0df5ed\",\n                    \"padding\": \"None\",\n                    \"items\": [\n                        {\n                            \"type\": \"TextBlock\",\n                            \"id\": \"5aa57ea9-1a41-1f41-5756-93e07f9c3eb3\",\n                            \"text\": \"ROA Summary\",\n                            \"weight\": \"Bolder\",\n                            \"color\": \"Attention\",\n                            \"size\": \"Medium\",\n                            \"wrap\": true,\n                            \"spacing\": \"Small\"\n                        },\n                        {\n                            \"type\": \"FactSet\",\n                            \"id\": \"ce033b10-cd3e-5ad2-1338-e0d48822112a\",\n                            \"facts\": [\n                                {\n                                    \"title\": \"Supplier Name\",\n                                    \"value\": \"@{first(body('Find_Sourcing_Requests')?['value'])?['aia_supplier_name_txt']}\"\n                                },\n                                {\n                                    \"title\": \"Request Title\",\n                                    \"value\": \"@{first(body('Find_Sourcing_Requests')?['value'])?['aia_requesttitle']}\"\n                                },\n                                {\n                                    \"title\": \"Target Contract Start Date\",\n                                    \"value\": \"@{if(equals(first(body('Find_Sourcing_Requests')?['value'])?['aia_targetstartdate'], null), ' ', formatDateTime(first(body('Find_Sourcing_Requests')?['value'])?['aia_targetstartdate'], 'dd-MMM-yyyy'))}\"\n                                },\n                                {\n                                    \"title\": \"Contract Duration\",\n                                    \"value\": \"@{concat(first(body('Find_Sourcing_Requests')?['value'])?['aia_contractduration'], ' ', first(body('Find_Sourcing_Requests')?['value'])?['aia_contractdurationunit@OData.Community.Display.V1.FormattedValue'], '(s)')}\"\n                                },\n                                {\n                                    \"title\": \"ROA Approval\",\n                                    \"value\": \"@{variables('ROAApprovalFor')}\"\n                                },\n                                {\n                                    \"title\": \"Sourcing Strategy\",\n                                    \"value\": \"@{if(equals(first(body('Find_Sourcing_Requests')?['value'])?['aia_is_competivitively_bid'], true), 'Competitive Bid', 'Direct Negotiation')}\"\n                                },\n                                {\n                                    \"title\": \"Contract Owner\",\n                                    \"value\": \"@{first(body('Find_Sourcing_Requests')?['value'])?['CO.fullname']} \"\n                                }@{if(empty(first(body('Find_Sourcing_Requests')?['value'])?['SR.fullname']),'',concat(',{\"title\": \"Sourcing Representative\",\"value\":\"',first(body('Find_Sourcing_Requests')?['value'])?['SR.fullname'],'\"}'))}\n                            ],\n                            \"spacing\": \"Small\"\n                        },\n                        {\n                            \"type\": \"TextBlock\",\n                            \"id\": \"8d27a582-177e-5bf4-fa48-13aaf1be558d\",\n                            \"text\": \"Description/ Business Need\",\n                            \"weight\": \"Bolder\",\n                            \"color\": \"Attention\",\n                            \"size\": \"Medium\",\n                            \"wrap\": true,\n                            \"spacing\": \"Small\"\n                        },\n                        {\n                            \"type\": \"TextBlock\",\n                            \"id\": \"e291842c-65e8-97d5-6a6b-531720e10fb9\",\n                            \"text\": \"@{if(equals(first(body('Find_Sourcing_Requests')?['value'])?['aia_briefdescription'], null), '', replace(first(body('Find_Sourcing_Requests')?['value'])?['aia_briefdescription'], '\"', '\\\"'))}\",\n                            \"horizontalAlignment\": \"Left\",\n                            \"spacing\": \"Small\",\n                            \"wrap\": true\n                        },\n                       @{if(or(equals(first(body('Find_Sourcing_Requests')?['value'])?['aia_gssupport'],914710003),empty(first(body('Find_Sourcing_Requests')?['value'])?['aia_sourcing_cover_notes_plain_text'])),'',variables('Recommendation or Comments by Group Sourcing'))}\n\t\t\t\t\t\t{\n                            \"type\": \"TextBlock\",\n                            \"id\": \"4ddce85c-e787-e82f-f473-85a7a5d64532\",\n                            \"text\": \"Your Comments\",\n                            \"color\": \"Attention\",\n                            \"weight\": \"Bolder\",\n                            \"size\": \"Medium\",\n                            \"wrap\": true\n                        },\n                        {\n                            \"type\": \"Input.Text\",\n                            \"id\": \"Comment\",\n                            \"placeholder\": \"'Send Comment' - your questions will be sent to Contract Owner and/or Sourcing Representative to follow up                                                                                                                                                 'Endorse' - your comments will be sent along with your endorsement.\",\n                            \"isMultiline\": true,\n                            \"maxLength\": 150\n                        },\n\t\t\t\t\t\t{\n\t\t\t\t\t\t\t\"type\": \"Container\",\n\t\t\t\t\t\t\t\"id\": \"8bdde19e-5b63-7558-de2d-d16b2b438bf0\",\n\t\t\t\t\t\t\t\"padding\": \"Small\",\n\t\t\t\t\t\t\t\"items\": [\n\t\t\t\t\t\t\t\t{\n\t\t\t\t\t\t\t\t\t\"type\": \"ActionSet\",\n\t\t\t\t\t\t\t\t\t\"id\": \"01efab2c-8ee3-ea7e-a72f-4a06b6f3888e\",\n\t\t\t\t\t\t\t\t\t\"actions\": [\n\t\t\t\t\t\t\t\t\t\t\t{\n\t\t\t\t\t\t\t\t\t\t\t\"type\": \"Action.Http\",\n\t\t\t\t\t\t\t\t\t\t\t\"title\": \"Send Comment\",\n\t\t\t\t\t\t\t\t\t\t\t\"method\": \"POST\",\n\t\t\t\t\t\t\t\t\t\t\t\"style\": \"positive\",\n\t\t\t\t\t\t\t\t\t\t\t\"isPrimary\": true,\n\t\t\t\t\t\t\t\t\t\t\t\"url\": \"@{body('Find_Target_URL')?['result']}\",\n\t\t\t\t\t\t\t\t\t\t\t\"body\": \"{\\\"eMailType\\\":\\\"ROA_Endorsement\\\",\\\"actionType\\\":\\\"comment\\\",\\\"feedBack\\\": \\\"{{Comment.value}}\\\",\\\"approvalChainId\\\":\\\"@{first(body('Find_Sourcing_Requests')?['value'])?['_aia_current_approval_matrix_value']}\\\",\\\"ROAGuid\\\":\\\"@{triggerBody()['text']}\\\",\\\"approvalChainApproverId\\\":\\\"@{triggerBody()['text_2']}\\\"}\",\n\t\t\t\t\t\t\t\t\t\t\t\"headers\": [\n\t\t\t\t\t\t\t\t\t\t\t\t{\n\t\t\t\t\t\t\t\t\t\t\t\t\t\"name\": \"Authorization\",\n\t\t\t\t\t\t\t\t\t\t\t\t\t\"value\": \"\"\n\t\t\t\t\t\t\t\t\t\t\t\t},\n\t\t\t\t\t\t\t\t\t\t\t\t{\n\t\t\t\t\t\t\t\t\t\t\t\t\t\"name\": \"Content-Type\",\n\t\t\t\t\t\t\t\t\t\t\t\t\t\"value\": \"application/json\"\n\t\t\t\t\t\t\t\t\t\t\t\t}\n\t\t\t\t\t\t\t\t\t\t\t]\n\t\t\t\t\t\t\t\t\t\t},\n\t\t\t\t\t\t\t\t\t\t{\n\t\t\t\t\t\t\t\t\t\t\t\"type\": \"Action.Http\",\n\t\t\t\t\t\t\t\t\t\t\t\"id\": \"b556e2d6-65ec-ecc9-99bb-ac2f38a03b5c\",\n\t\t\t\t\t\t\t\t\t\t\t\"title\": \"Endorse\",\n\t\t\t\t\t\t\t\t\t\t\t\"method\": \"POST\",\n\t\t\t\t\t\t\t\t\t\t\t\"url\": \"@{body('Find_Target_URL')?['result']}\",\n\t\t\t\t\t\t\t\t\t\t\t\"body\": \"{\\\"eMailType\\\":\\\"ROA_Endorsement\\\",\\\"actionType\\\":\\\"endorse\\\",\\\"feedBack\\\": \\\"{{Comment.value}}\\\",\\\"approvalChainId\\\":\\\"@{first(body('Find_Sourcing_Requests')?['value'])?['_aia_current_approval_matrix_value']}\\\",\\\"ROAGuid\\\":\\\"@{triggerBody()['text']}\\\",\\\"approvalChainApproverId\\\":\\\"@{triggerBody()['text_2']}\\\"}\",\n\t\t\t\t\t\t\t\t\t\t\t\"headers\": [\n\t\t\t\t\t\t\t\t\t\t\t\t{\n\t\t\t\t\t\t\t\t\t\t\t\t\t\"name\": \"Authorization\",\n\t\t\t\t\t\t\t\t\t\t\t\t\t\"value\": \"\"\n\t\t\t\t\t\t\t\t\t\t\t\t},\n\t\t\t\t\t\t\t\t\t\t\t\t{\n\t\t\t\t\t\t\t\t\t\t\t\t\t\"name\": \"Content-Type\",\n\t\t\t\t\t\t\t\t\t\t\t\t\t\"value\": \"application/json\"\n\t\t\t\t\t\t\t\t\t\t\t\t}\n\t\t\t\t\t\t\t\t\t\t\t],\n\t\t\t\t\t\t\t\t\t\t\t\"style\": \"positive\",\n\t\t\t\t\t\t\t\t\t\t\t\"isPrimary\": true\n\t\t\t\t\t\t\t\t\t\t}\n\t\t\t\t\t\t\t\t\t],\n\t\t\t\t\t\t\t\t\t\"horizontalAlignment\": \"Right\",\n\t\t\t\t\t\t\t\t\t\"spacing\": \"None\"\n\t\t\t\t\t\t\t\t}\n\t\t\t\t\t\t\t],\n\t\t\t\t\t\t\t\"spacing\": \"Small\"\n\t\t\t\t\t\t}\n                    ],\n\t\t\t\t\t\"spacing\": \"Small\"\n                },\n\t\t\t\t{\n                     \"type\": \"TextBlock\",\n                     \"id\": \"c3b33648-1259-1572-203c-8c93e92ff61c\",\n                     \"text\": \"Please endorse or reject within 2 working days before the ROA is routed to Approvers. \",\n                     \"wrap\": true,\n                     \"spacing\": \"None\",\n                     \"horizontalAlignment\": \"Left\"\n                },\n\t\t\t\t{\n                     \"type\": \"TextBlock\",\n                     \"text\": \"If you would like to reject this ROA or view all comments and questions, please go to [SODA](@{body('S2C_Sub_Deeplink_Request')?['result']}@{triggerBody()['text']}). Thank you for your attention.\",\n                     \"wrap\": true,\n                     \"spacing\": \"Small\",\n                     \"horizontalAlignment\": \"Left\"\n                },\n                {\n                    \"type\": \"TextBlock\",\n                    \"id\": \"f26daeb6-b8d0-256a-2a87-74b95cffa99d\",\n                    \"text\": \"*This is a system generated email.*\",\n                    \"wrap\": true,\n                    \"spacing\": \"Small\",\n                    \"horizontalAlignment\": \"Center\",\n                    \"size\": \"Small\"\n                }\n            ],\n            \"spacing\": \"None\"\n        }\n    ],\n    \"padding\": \"None\",\n    \"hideOriginalBody\": true,\n    \"originator\": \"@{body('Find_Config')?['result']}\"\n}"
              }
            },
            "Find_Target_URL": {
              "runAfter": {
                "Find_Config": [
                  "Succeeded"
                ]
              },
              "metadata": {
                "operationMetadataId": "7d387579-f37d-4450-8525-ed695fec213d"
              },
              "type": "Workflow",
              "inputs": {
                "host": {
                  "workflowReferenceName": "cb8c7cef-6161-ec11-8f8f-000d3a80eca3"
                },
                "body": {
                  "text": "Actionable_Email_Target_URL"
                }
              }
            },
            "Find_Config": {
              "runAfter": {
                "S2C_Sub_Deeplink_Request": [
                  "Succeeded"
                ]
              },
              "metadata": {
                "operationMetadataId": "e173303e-d66a-42fb-ba19-7d77c183b556"
              },
              "type": "Workflow",
              "inputs": {
                "host": {
                  "workflowReferenceName": "cb8c7cef-6161-ec11-8f8f-000d3a80eca3"
                },
                "body": {
                  "text": "Actionable_Email_Provider_Id"
                }
              }
            },
            "Send_an_email_(V2)": {
              "runAfter": {
                "Set_variable": [
                  "Succeeded"
                ]
              },
              "metadata": {
                "operationMetadataId": "3ea8c69f-551e-456d-a9f7-a39356778ea1"
              },
              "type": "OpenApiConnection",
              "inputs": {
                "host": {
                  "connectionName": "shared_office365",
                  "operationId": "SendEmailV2",
                  "apiId": "/providers/Microsoft.PowerApps/apis/shared_office365"
                },
                "parameters": {
                  "emailMessage/To": "@join(variables('EndorserEmailAddress'),';')",
                  "emailMessage/Subject": "[Action required] Request for ROA Endorsement - @{first(body('Find_Sourcing_Requests')?['value'])?['aia_name']} @{first(body('Find_Sourcing_Requests')?['value'])?['aia_requesttitle']}",
                  "emailMessage/Body": "<html>\n<head> <meta http-equiv=\"Content-Type\" content=\"text/html; charset=us-ascii\">\n<script type=\"application/adaptivecard+json\">\n@{variables('AcEmailJson')}\n</script>\n</head>\n<body>\n<div style=\"display:none\">\nHi @{body('AIA_|_S2C_Public._Get_Given_Name')?['givennames']},\nROA for @{first(body('Find_Sourcing_Requests')?['value'])?['aia_requesttitle']} has been submitted for your endorsement:\n@{first(body('Find_Sourcing_Requests')?['value'])?['aia_briefdescription']}\n@{first(body('Find_Sourcing_Requests')?['value'])?['aia_sourcing_cover_notes_plain_text']}\n@{first(body('Find_Sourcing_Requests')?['value'])?['aia_supplier_name_txt']}\n</div>\n</body>\n</html>",
                  "emailMessage/From": "@body('Find_Not_Reply_Email_Address')?['result']",
                  "emailMessage/Importance": "Normal"
                },
                "authentication": {
                  "type": "Raw",
                  "value": "@json(decodeBase64(triggerOutputs().headers['X-MS-APIM-Tokens']))['$ConnectionKey']"
                }
              }
            },
            "Find_Not_Reply_Email_Address": {
              "runAfter": {
                "S2C_Group_Sourcing_Email_Address": [
                  "Succeeded"
                ]
              },
              "metadata": {
                "operationMetadataId": "1ede7fc6-a81e-495e-a51f-a4dbd56db6e0"
              },
              "type": "Workflow",
              "inputs": {
                "host": {
                  "workflowReferenceName": "cb8c7cef-6161-ec11-8f8f-000d3a80eca3"
                },
                "body": {
                  "text": "Not_Reply_Email_Address"
                }
              }
            },
            "Set_variable_2": {
              "runAfter": {
                "Set_ROA_Approval_For": [
                  "Succeeded"
                ]
              },
              "metadata": {
                "operationMetadataId": "639f6a99-653d-4ea7-999e-5a463f651517"
              },
              "type": "SetVariable",
              "inputs": {
                "name": "Recommendation or Comments by Group Sourcing",
                "value": " {\n                            \"type\": \"TextBlock\",\n                            \"id\": \"a7fc1389-236c-ac95-e9eb-dadaba75a855\",\n                            \"text\": \"Recommendation/Comments by Group Sourcing\",\n                            \"weight\": \"Bolder\",\n                            \"color\": \"Attention\",\n                            \"size\": \"Medium\",\n                            \"wrap\": true,\n                            \"spacing\": \"Small\"\n                        },\n                        {\n                            \"type\": \"TextBlock\",\n                            \"id\": \"d46e929b-cf83-9600-ec26-ddcfcfe2d1f0\",\n                            \"text\": \"@{if(equals(first(body('Find_Sourcing_Requests')?['value'])?['aia_sourcing_cover_notes_plain_text'], null), '', replace(first(body('Find_Sourcing_Requests')?['value'])?['aia_sourcing_cover_notes_plain_text'], '\"', '\\\"'))}\",\n                            \"wrap\": true,\n                            \"spacing\": \"Small\"\n                        },"
              }
            },
            "S2C_Group_Sourcing_Email_Address": {
              "runAfter": {
                "Find_Target_URL": [
                  "Succeeded"
                ]
              },
              "metadata": {
                "operationMetadataId": "3f85489f-56fc-4e7d-a479-982e7017ee1e"
              },
              "type": "Workflow",
              "inputs": {
                "host": {
                  "workflowReferenceName": "cb8c7cef-6161-ec11-8f8f-000d3a80eca3"
                },
                "body": {
                  "text": "S2C_Group_Sourcing_Email_Address"
                }
              }
            }
          },
          "runAfter": {
            "Recommendation_or_Comments_by_Group_Sourcing": [
              "Succeeded"
            ]
          },
          "expression": {
            "and": [
              {
                "greaterOrEquals": [
                  "@length(outputs('Find_S2C_Approval_Member')?['body/value'])",
                  1
                ]
              },
              {
                "greaterOrEquals": [
                  "@length(outputs('Find_Sourcing_Requests')?['body/value'])",
                  1
                ]
              }
            ]
          },
          "metadata": {
            "operationMetadataId": "d6294d99-6dbe-44a3-b473-5527f1576c6b"
          },
          "type": "If"
        },
        "Initialize_variable": {
          "runAfter": {
            "Find_S2C_Approval_Member": [
              "Succeeded"
            ]
          },
          "metadata": {
            "operationMetadataId": "74ad0192-8d7d-47d6-9b45-13e7c15dfaa6"
          },
          "type": "InitializeVariable",
          "inputs": {
            "variables": [
              {
                "name": "EndorserEmailAddress",
                "type": "array"
              }
            ]
          }
        },
        "ActionAble_Email_Json": {
          "runAfter": {
            "Expense_approval_for": [
              "Succeeded"
            ]
          },
          "metadata": {
            "operationMetadataId": "fd8f9bff-0aa6-4a1d-8d2b-b7f692e4cda1"
          },
          "type": "InitializeVariable",
          "inputs": {
            "variables": [
              {
                "name": "AcEmailJson",
                "type": "string"
              }
            ]
          }
        },
        "ROA_approval_for": {
          "runAfter": {
            "Initialize_variable": [
              "Succeeded"
            ]
          },
          "metadata": {
            "operationMetadataId": "7b272a1e-be32-4efd-832c-ae4b092f6919"
          },
          "type": "InitializeVariable",
          "inputs": {
            "variables": [
              {
                "name": "ROAApprovalFor",
                "type": "string"
              }
            ]
          }
        },
        "Expense_approval_for": {
          "runAfter": {
            "ROA_approval_for": [
              "Succeeded"
            ]
          },
          "metadata": {
            "operationMetadataId": "0afe42a0-387a-43af-8261-2b595b8ea7dc"
          },
          "type": "InitializeVariable",
          "inputs": {
            "variables": [
              {
                "name": "ExpenseApprovalFor",
                "type": "string"
              }
            ]
          }
        },
        "Respond_to_a_PowerApp_or_flow": {
          "runAfter": {
            "Condition": [
              "Succeeded"
            ]
          },
          "metadata": {
            "operationMetadataId": "d8bf9238-2297-499f-ad31-7ae8dfd33bcf"
          },
          "type": "Response",
          "kind": "PowerApp",
          "inputs": {
            "statusCode": 200,
            "body": {
              "result": true
            },
            "schema": {
              "type": "object",
              "properties": {
                "result": {
                  "title": "result",
                  "x-ms-dynamically-added": true,
                  "type": "boolean"
                }
              }
            }
          }
        },
        "Find_S2C_Approval_Member": {
          "runAfter": {
            "Find_Sourcing_Requests": [
              "Succeeded"
            ]
          },
          "metadata": {
            "operationMetadataId": "57290464-43db-4957-9513-cf148747451e"
          },
          "type": "OpenApiConnection",
          "inputs": {
            "host": {
              "connectionName": "shared_commondataserviceforapps",
              "operationId": "ListRecords",
              "apiId": "/providers/Microsoft.PowerApps/apis/shared_commondataserviceforapps"
            },
            "parameters": {
              "entityName": "aia_s2c_approval_members",
              "fetchXml": "<fetch>\n  <entity name=\"aia_s2c_approval_member\">\n    <attribute name=\"aia_user\" />\n    <attribute name=\"aia_user_role\" />\n    <attribute name=\"aia_approval_status\" />\n    <filter>\n      <condition attribute=\"aia_s2c_approval_memberid\" operator=\"eq\" value=\"@{triggerBody()['text_2']}\" />\n      <condition attribute=\"statecode\" operator=\"eq\" value=\"0\" />\n      <condition attribute=\"aia_approval_status\" operator=\"eq\" value=\"914710001\" />\n      <condition attribute=\"aia_user_role\" operator=\"eq\" value=\"914710001\" />\n    </filter>\n    <order attribute=\"modifiedon\" descending=\"true\" />\n    <link-entity name=\"systemuser\" from=\"systemuserid\" to=\"aia_user\" link-type=\"inner\" alias=\"user\">\n      <attribute name=\"internalemailaddress\" />\n      <attribute name=\"fullname\" />\n    </link-entity>\n    <link-entity name=\"aia_s2c_approval\" from=\"aia_s2c_approvalid\" to=\"aia_approval\" link-type=\"inner\" alias=\"approval\">\n      <filter>\n        <condition attribute=\"aia_s2c_approvalid\" operator=\"eq\" value=\"@{if(equals(first(body('Find_Sourcing_Requests')?['value'])?['_aia_current_approval_matrix_value'],null),guid(),first(body('Find_Sourcing_Requests')?['value'])?['_aia_current_approval_matrix_value'])}\" />\n      </filter>\n      <link-entity name=\"aia_s2c_sourcingrequest\" from=\"aia_s2c_sourcingrequestid\" to=\"aia_sourcing_request\" link-type=\"inner\" alias=\"sourcingRequest\">\n        <filter>\n          <condition attribute=\"aia_s2c_sourcingrequestid\" operator=\"eq\" value=\"@{triggerBody()['text']}\" />\n        </filter>\n      </link-entity>\n    </link-entity>\n  </entity>\n</fetch>"
            },
            "authentication": {
              "type": "Raw",
              "value": "@json(decodeBase64(triggerOutputs().headers['X-MS-APIM-Tokens']))['$ConnectionKey']"
            }
          }
        },
        "Recommendation_or_Comments_by_Group_Sourcing": {
          "runAfter": {
            "ActionAble_Email_Json": [
              "Succeeded"
            ]
          },
          "metadata": {
            "operationMetadataId": "d18b83ea-1aa9-4918-9270-6c6f43de3409"
          },
          "type": "InitializeVariable",
          "inputs": {
            "variables": [
              {
                "name": "Recommendation or Comments by Group Sourcing",
                "type": "string"
              }
            ]
          }
        }
      }
    },
    "templateName": ""
  },
  "schemaVersion": "1.0.0.0"
}