{
  "properties": {
    "connectionReferences": {
      "shared_commondataserviceforapps": {
        "runtimeSource": "embedded",
        "connection": {
          "connectionReferenceLogicalName": "aia_sharedcommondataserviceforapps_1c6db"
        },
        "api": {
          "name": "shared_commondataserviceforapps"
        }
      }
    },
    "definition": {
      "$schema": "https://schema.management.azure.com/providers/Microsoft.Logic/schemas/2016-06-01/workflowdefinition.json#",
      "contentVersion": "1.0.0.0",
      "parameters": {
        "$connections": {
          "defaultValue": {},
          "type": "Object"
        },
        "$authentication": {
          "defaultValue": {},
          "type": "SecureObject"
        }
      },
      "triggers": {
        "manual": {
          "metadata": {
            "operationMetadataId": "a929008f-1828-4891-82ba-cc745b9ae026"
          },
          "type": "Request",
          "kind": "Button",
          "inputs": {
            "schema": {
              "type": "object",
              "properties": {
                "text": {
                  "title": "SourcingRequestGuid",
                  "type": "string",
                  "x-ms-dynamically-added": true,
                  "description": "Please enter your input",
                  "x-ms-content-hint": "TEXT"
                }
              },
              "required": [
                "text"
              ]
            }
          }
        }
      },
      "actions": {
        "Find_S2C_Supplier_Sourcing_Request_Data_Maps": {
          "runAfter": {},
          "metadata": {
            "operationMetadataId": "e6b8b7dd-489b-4ced-945f-589fe7a2479d"
          },
          "type": "OpenApiConnection",
          "inputs": {
            "host": {
              "connectionName": "shared_commondataserviceforapps",
              "operationId": "ListRecords",
              "apiId": "/providers/Microsoft.PowerApps/apis/shared_commondataserviceforapps"
            },
            "parameters": {
              "entityName": "aia_s2csuppliers",
              "fetchXml": "<fetch>\n  <entity name=\"aia_s2csupplier\">\n    <attribute name=\"aia_s2csupplierid\" />\n    <attribute name=\"aia_name\" />\n    <filter>\n      <condition attribute=\"aia_sourcingrequest\" operator=\"eq\" value=\"@{triggerBody()['text']}\" />\n      <condition attribute=\"statuscode\" operator=\"eq\" value=\"1\" />\n    </filter>\n    <link-entity name=\"account\" from=\"name\" to=\"aia_name\" link-type=\"outer\" alias=\"supplier\">\n      <attribute name=\"name\" />\n      <attribute name=\"accountid\" />\n      <filter>\n        <condition attribute=\"aia_suppliertype\" operator=\"eq\" value=\"914710002\" />\n      </filter>\n    </link-entity>\n    <link-entity name=\"account\" from=\"accountid\" to=\"aia_supplier\" link-type=\"outer\" alias=\"supplier2\">\n      <attribute name=\"accountid\" />\n      <attribute name=\"name\" />\n    </link-entity>\n  </entity>\n</fetch>"
            },
            "authentication": {
              "type": "Raw",
              "value": "@json(decodeBase64(triggerOutputs().headers['X-MS-APIM-Tokens']))['$ConnectionKey']"
            }
          }
        },
        "Condition": {
          "actions": {
            "Apply_to_each": {
              "foreach": "@outputs('Find_S2C_Supplier_Sourcing_Request_Data_Maps')?['body/value']",
              "actions": {
                "check_supplier_name_is_equal_to_[supplier].[_supplier_name]_where_type_is_sap": {
                  "actions": {
                    "Update_[Supplier_Mapping_Result]_=_\"Auto-Mapped\"": {
                      "runAfter": {},
                      "metadata": {
                        "operationMetadataId": "c3e4e7b3-8d94-4a9b-a8f1-12bbde455558"
                      },
                      "type": "OpenApiConnection",
                      "inputs": {
                        "host": {
                          "connectionName": "shared_commondataserviceforapps",
                          "operationId": "UpdateRecord",
                          "apiId": "/providers/Microsoft.PowerApps/apis/shared_commondataserviceforapps"
                        },
                        "parameters": {
                          "entityName": "aia_s2csuppliers",
                          "recordId": "@items('Apply_to_each')?['aia_s2csupplierid']",
                          "item/aia_Supplier@odata.bind": "/accounts(@{items('Apply_to_each')?['supplier.accountid']})",
                          "item/aia_supplier_mapping_result": 914710002
                        },
                        "authentication": {
                          "type": "Raw",
                          "value": "@json(decodeBase64(triggerOutputs().headers['X-MS-APIM-Tokens']))['$ConnectionKey']"
                        }
                      }
                    }
                  },
                  "runAfter": {},
                  "else": {
                    "actions": {
                      "check_supplier_name_is_equal_to_[maps].[supplier].[supplier_name]": {
                        "actions": {
                          "Mark_[Supplier_Mapping_Result]_=_\"Pending_for_Manually_Mapping\"": {
                            "runAfter": {},
                            "metadata": {
                              "operationMetadataId": "0b2741aa-7154-40f9-b890-aaa6feb81c8d"
                            },
                            "type": "OpenApiConnection",
                            "inputs": {
                              "host": {
                                "connectionName": "shared_commondataserviceforapps",
                                "operationId": "UpdateRecord",
                                "apiId": "/providers/Microsoft.PowerApps/apis/shared_commondataserviceforapps"
                              },
                              "parameters": {
                                "entityName": "aia_s2csuppliers",
                                "recordId": "@items('Apply_to_each')?['aia_s2csupplierid']",
                                "item/aia_supplier_mapping_result": 914710001
                              },
                              "authentication": {
                                "type": "Raw",
                                "value": "@json(decodeBase64(triggerOutputs().headers['X-MS-APIM-Tokens']))['$ConnectionKey']"
                              }
                            }
                          }
                        },
                        "runAfter": {},
                        "else": {
                          "actions": {
                            "Find_S2C_Supplier_by_supplier_name": {
                              "runAfter": {},
                              "metadata": {
                                "operationMetadataId": "5ab5e1bb-5104-4385-b0ba-fed7c3fc4c33"
                              },
                              "type": "OpenApiConnection",
                              "inputs": {
                                "host": {
                                  "connectionName": "shared_commondataserviceforapps",
                                  "operationId": "ListRecords",
                                  "apiId": "/providers/Microsoft.PowerApps/apis/shared_commondataserviceforapps"
                                },
                                "parameters": {
                                  "entityName": "accounts",
                                  "fetchXml": "<fetch top=\"1\">\n  <entity name=\"account\">\n    <attribute name=\"accountid\" />\n    <filter>\n      <condition attribute=\"name\" operator=\"eq\" value=\"@{items('Apply_to_each')?['aia_name']}\" />\n      <condition attribute=\"aia_suppliertype\" operator=\"eq\" value=\"914710001\" />\n       <condition attribute=\"statecode\" operator=\"eq\" value=\"0\" />\n    </filter>\n    <order attribute=\"createdon\" />\n  </entity>\n</fetch>"
                                },
                                "authentication": {
                                  "type": "Raw",
                                  "value": "@json(decodeBase64(triggerOutputs().headers['X-MS-APIM-Tokens']))['$ConnectionKey']"
                                }
                              }
                            },
                            "Check_if_find_S2C_supplier_by_name": {
                              "actions": {
                                "Update_[Supplier_Mapping_Result]_\"Pending_for_Manually_Mapping\"": {
                                  "runAfter": {},
                                  "metadata": {
                                    "operationMetadataId": "06ccacc2-740b-47c8-bcda-a6e563786ba3"
                                  },
                                  "type": "OpenApiConnection",
                                  "inputs": {
                                    "host": {
                                      "connectionName": "shared_commondataserviceforapps",
                                      "operationId": "UpdateRecord",
                                      "apiId": "/providers/Microsoft.PowerApps/apis/shared_commondataserviceforapps"
                                    },
                                    "parameters": {
                                      "entityName": "aia_s2csuppliers",
                                      "recordId": "@items('Apply_to_each')?['aia_s2csupplierid']",
                                      "item/aia_Supplier@odata.bind": "/accounts(@{first(outputs('Find_S2C_Supplier_by_supplier_name')?['body/value'])['accountid']})",
                                      "item/aia_supplier_mapping_result": 914710001
                                    },
                                    "authentication": {
                                      "type": "Raw",
                                      "value": "@json(decodeBase64(triggerOutputs().headers['X-MS-APIM-Tokens']))['$ConnectionKey']"
                                    }
                                  }
                                }
                              },
                              "runAfter": {
                                "Find_S2C_Supplier_by_supplier_name": [
                                  "Succeeded"
                                ]
                              },
                              "else": {
                                "actions": {
                                  "Create_S2C_supplier": {
                                    "runAfter": {},
                                    "metadata": {
                                      "operationMetadataId": "d0f2c208-1722-4593-a300-de56ccd16eb8"
                                    },
                                    "type": "OpenApiConnection",
                                    "inputs": {
                                      "host": {
                                        "connectionName": "shared_commondataserviceforapps",
                                        "operationId": "CreateRecord",
                                        "apiId": "/providers/Microsoft.PowerApps/apis/shared_commondataserviceforapps"
                                      },
                                      "parameters": {
                                        "entityName": "accounts",
                                        "item/name": "@items('Apply_to_each')?['aia_name']",
                                        "item/aia_istier1": false,
                                        "item/aia_suppliertype": 914710001
                                      },
                                      "authentication": {
                                        "type": "Raw",
                                        "value": "@json(decodeBase64(triggerOutputs().headers['X-MS-APIM-Tokens']))['$ConnectionKey']"
                                      }
                                    }
                                  },
                                  "Update_[Supplier_Mapping_Result]_\"Pending_for_Manually_Mapping\"_by_new_supplier": {
                                    "runAfter": {
                                      "Create_S2C_supplier": [
                                        "Succeeded"
                                      ]
                                    },
                                    "metadata": {
                                      "operationMetadataId": "e65cad5a-688d-4bd8-8ffc-4b6c231d7106"
                                    },
                                    "type": "OpenApiConnection",
                                    "inputs": {
                                      "host": {
                                        "connectionName": "shared_commondataserviceforapps",
                                        "operationId": "UpdateRecord",
                                        "apiId": "/providers/Microsoft.PowerApps/apis/shared_commondataserviceforapps"
                                      },
                                      "parameters": {
                                        "entityName": "aia_s2csuppliers",
                                        "recordId": "@items('Apply_to_each')?['aia_s2csupplierid']",
                                        "item/aia_Supplier@odata.bind": "/accounts(@{outputs('Create_S2C_supplier')?['body/accountid']})",
                                        "item/aia_supplier_mapping_result": 914710001
                                      },
                                      "authentication": {
                                        "type": "Raw",
                                        "value": "@json(decodeBase64(triggerOutputs().headers['X-MS-APIM-Tokens']))['$ConnectionKey']"
                                      }
                                    }
                                  }
                                }
                              },
                              "expression": {
                                "greaterOrEquals": [
                                  "@length(outputs('Find_S2C_Supplier_by_supplier_name')?['body/value'])",
                                  1
                                ]
                              },
                              "metadata": {
                                "operationMetadataId": "82e61458-92e4-4d62-8e45-01834b2818c7"
                              },
                              "type": "If"
                            }
                          }
                        },
                        "expression": {
                          "and": [
                            {
                              "equals": [
                                "@not(equals(items('Apply_to_each')?['supplier2.name'],null))",
                                true
                              ]
                            },
                            {
                              "equals": [
                                "@items('Apply_to_each')?['supplier2.name']",
                                "@items('Apply_to_each')?['aia_name']"
                              ]
                            }
                          ]
                        },
                        "metadata": {
                          "operationMetadataId": "5872d76d-a83b-4bde-9eb7-3eb742de41b8"
                        },
                        "type": "If"
                      }
                    }
                  },
                  "expression": {
                    "equals": [
                      "@not(equals(items('Apply_to_each')?['supplier.name'],null))",
                      true
                    ]
                  },
                  "metadata": {
                    "operationMetadataId": "51cc17ac-20da-431f-8432-c6c2b8239f91"
                  },
                  "type": "If"
                }
              },
              "runAfter": {},
              "metadata": {
                "operationMetadataId": "77569eb8-8445-4abf-a259-6cfef4f0063d"
              },
              "type": "Foreach"
            }
          },
          "runAfter": {
            "Find_S2C_Supplier_Sourcing_Request_Data_Maps": [
              "Succeeded"
            ]
          },
          "expression": {
            "greaterOrEquals": [
              "@length(outputs('Find_S2C_Supplier_Sourcing_Request_Data_Maps')?['body/value'])",
              1
            ]
          },
          "metadata": {
            "operationMetadataId": "13cf425a-172a-45b1-8c4a-748132358a8d"
          },
          "type": "If"
        },
        "Respond_to_a_PowerApp_or_flow": {
          "runAfter": {
            "Condition": [
              "Succeeded"
            ]
          },
          "metadata": {
            "operationMetadataId": "aa2f6014-9414-4f5d-bbf9-0fb8354c955a"
          },
          "type": "Response",
          "kind": "PowerApp",
          "inputs": {
            "statusCode": 200,
            "body": {
              "reslut": true
            },
            "schema": {
              "type": "object",
              "properties": {
                "reslut": {
                  "title": "reslut",
                  "x-ms-dynamically-added": true,
                  "type": "boolean"
                }
              }
            }
          }
        }
      }
    },
    "templateName": ""
  },
  "schemaVersion": "1.0.0.0"
}