{
  "properties": {
    "connectionReferences": {
      "shared_commondataserviceforapps": {
        "runtimeSource": "embedded",
        "connection": {
          "connectionReferenceLogicalName": "aia_sharedcommondataserviceforapps_f04d4"
        },
        "api": {
          "name": "shared_commondataserviceforapps"
        }
      },
      "shared_commondataserviceforapps_1": {
        "runtimeSource": "embedded",
        "connection": {
          "connectionReferenceLogicalName": "aia_sharedcommondataserviceforapps_f04d4"
        },
        "api": {
          "name": "shared_commondataserviceforapps"
        }
      },
      "shared_office365": {
        "runtimeSource": "embedded",
        "connection": {
          "connectionReferenceLogicalName": "aia_sharedoffice365_9ed7c"
        },
        "api": {
          "name": "shared_office365"
        }
      }
    },
    "definition": {
      "$schema": "https://schema.management.azure.com/providers/Microsoft.Logic/schemas/2016-06-01/workflowdefinition.json#",
      "contentVersion": "1.0.0.0",
      "parameters": {
        "$connections": {
          "defaultValue": {},
          "type": "Object"
        },
        "$authentication": {
          "defaultValue": {},
          "type": "SecureObject"
        }
      },
      "triggers": {
        "manual": {
          "metadata": {
            "operationMetadataId": "ebe69673-ac3e-4231-a8bf-a3535d6264fe"
          },
          "type": "Request",
          "kind": "Button",
          "inputs": {
            "schema": {
              "type": "object",
              "properties": {
                "text": {
                  "title": "RequestGUID",
                  "type": "string",
                  "x-ms-dynamically-added": true,
                  "description": "Please enter your input",
                  "x-ms-content-hint": "TEXT"
                }
              },
              "required": [
                "text"
              ]
            }
          }
        }
      },
      "actions": {
        "Find_Request": {
          "runAfter": {},
          "metadata": {
            "operationMetadataId": "342ea099-e349-4da6-a93f-2bb103042f42"
          },
          "type": "OpenApiConnection",
          "inputs": {
            "host": {
              "connectionName": "shared_commondataserviceforapps",
              "operationId": "ListRecords",
              "apiId": "/providers/Microsoft.PowerApps/apis/shared_commondataserviceforapps"
            },
            "parameters": {
              "entityName": "aia_roas",
              "fetchXml": "<fetch top=\"1\" >\n  <entity name=\"aia_roa\" >\n    <attribute name=\"aia_roaid\" />\n    <attribute name=\"aia_form_type\" />\n    <attribute name=\"aia_name\" />\n    <attribute name=\"aia_supplier_name\" />\n    <attribute name=\"aia_supplier_email\" />\n    <attribute name=\"aia_contract_start_date\" />\n    <attribute name=\"aia_hiring_manager\" />\n    <attribute name=\"aia_supplier\" />\n    <attribute name=\"aia_add_new_supplier\" />\n    <attribute name=\"aia_approval_fully_completion_date\" />\n    <attribute name=\"aia_supplier_name_for_search\" />\n    <attribute name=\"aia_submit_date\" />\n    <attribute name=\"aia_requestor\" />\n    <attribute name=\"aia_department\" />\n    <attribute name=\"aia_supplier_contact_person\" />\n    <attribute name=\"owninguser\" />\n    <attribute name=\"ownerid\" />\n    <attribute name=\"aia_aia_contracting_entity\" />\n    <filter>\n      <condition attribute=\"aia_roaid\" operator=\"eq\" value=\"@{triggerBody()['text']}\" />\n    </filter>\n    <link-entity name=\"systemuser\" from=\"systemuserid\" to=\"aia_hiring_manager\" link-type=\"outer\" alias=\"hiringmanager\" >\n      <attribute name=\"internalemailaddress\" />\n      <attribute name=\"fullname\" />\n    </link-entity>\n        <link-entity name=\"systemuser\" from=\"systemuserid\" to=\"owninguser\" link-type=\"outer\" alias=\"owner\" >\n      <attribute name=\"internalemailaddress\" />\n      <attribute name=\"fullname\" />\n    </link-entity>\n    <link-entity name=\"systemuser\" from=\"systemuserid\" to=\"aia_requestor\" link-type=\"outer\" alias=\"requestor\">\n      <attribute name=\"fullname\" />\n      <attribute name=\"internalemailaddress\" />\n    </link-entity>\n  </entity>\n</fetch>",
              "$top": 1
            },
            "authentication": {
              "type": "Raw",
              "value": "@json(decodeBase64(triggerOutputs().headers['X-MS-APIM-Tokens']))['$ConnectionKey']"
            }
          }
        },
        "Check_exists_Request": {
          "actions": {},
          "runAfter": {
            "Find_Request": [
              "Succeeded"
            ]
          },
          "else": {
            "actions": {
              "Create_Flow_log_Request_not_valid": {
                "runAfter": {},
                "metadata": {
                  "operationMetadataId": "0b9fe322-397e-441a-9bbf-a20d2ef20aa4"
                },
                "type": "OpenApiConnection",
                "inputs": {
                  "host": {
                    "connectionName": "shared_commondataserviceforapps",
                    "operationId": "CreateRecord",
                    "apiId": "/providers/Microsoft.PowerApps/apis/shared_commondataserviceforapps"
                  },
                  "parameters": {
                    "entityName": "aia_power_automate_flow_logs",
                    "item/aia_name": "C1. Trigger – Sign Contract_Onboarding(Manuall trigger)",
                    "item/aia_message": "Missing or not found Request Approval Chain ID:@{triggerOutputs()?['body/aia_approval_chainid']}"
                  },
                  "authentication": {
                    "type": "Raw",
                    "value": "@json(decodeBase64(triggerOutputs().headers['X-MS-APIM-Tokens']))['$ConnectionKey']"
                  }
                }
              }
            }
          },
          "expression": {
            "greaterOrEquals": [
              "@length(outputs('Find_Request')?['body/value'])",
              1
            ]
          },
          "metadata": {
            "operationMetadataId": "0f84495a-36e8-4726-a858-36481489f930"
          },
          "type": "If"
        },
        "Find_GS_Team": {
          "runAfter": {
            "Check_if_RoA_FormType_is_CAT2": [
              "Succeeded"
            ]
          },
          "metadata": {
            "operationMetadataId": "65c53e8c-18bc-4fc1-8309-733f83fc6359"
          },
          "type": "OpenApiConnection",
          "inputs": {
            "host": {
              "connectionName": "shared_commondataserviceforapps_1",
              "operationId": "ListRecords",
              "apiId": "/providers/Microsoft.PowerApps/apis/shared_commondataserviceforapps"
            },
            "parameters": {
              "entityName": "teams",
              "$select": "teamid",
              "$filter": "name eq 'Group Sourcing Team'",
              "$top": 1
            },
            "authentication": {
              "type": "Raw",
              "value": "@json(decodeBase64(triggerOutputs().headers['X-MS-APIM-Tokens']))['$ConnectionKey']"
            }
          }
        },
        "Find_All_InProgress_and_Closed_New": {
          "runAfter": {
            "Find_GS_Team": [
              "Succeeded"
            ]
          },
          "metadata": {
            "operationMetadataId": "671e38eb-b361-4bd5-9afa-058b47034274"
          },
          "type": "OpenApiConnection",
          "inputs": {
            "host": {
              "connectionName": "shared_commondataserviceforapps",
              "operationId": "ListRecords",
              "apiId": "/providers/Microsoft.PowerApps/apis/shared_commondataserviceforapps"
            },
            "parameters": {
              "entityName": "aia_news",
              "fetchXml": "<fetch>\n  <entity name=\"aia_new\">\n    <attribute name=\"aia_name\" />\n    <attribute name=\"aia_last_name\" />\n    <attribute name=\"aia_first_name\" />\n    <attribute name=\"aia_newid\" />\n    <attribute name=\"aia_individual_status\" />\n    <attribute name=\"aia_onboarding_date\" />\n    <attribute name=\"aia_individual_id\" />\n    <attribute name=\"aia_onboarding_pack_sharepoint_url\" />\n    <filter>\n      <condition attribute=\"aia_roa\" operator=\"eq\" value=\"@{triggerBody()['text']}\" />\n      <condition attribute=\"statecode\" operator=\"ne\" value=\"1\" />\n    </filter>\n    <link-entity name=\"contact\" from=\"contactid\" to=\"aia_contact\" alias=\"contact\">\n      <link-entity name=\"aia_new\" from=\"aia_newid\" to=\"aia_current_new\" link-type=\"outer\" alias=\"currentnew\">\n        <attribute name=\"aia_newid\" />\n        <attribute name=\"aia_individual_status\" />\n        <attribute name=\"aia_offboarding_date\" />\n      </link-entity>\n    </link-entity>\n  </entity>\n</fetch>"
            },
            "authentication": {
              "type": "Raw",
              "value": "@json(decodeBase64(triggerOutputs().headers['X-MS-APIM-Tokens']))['$ConnectionKey']"
            }
          }
        },
        "Apply_to_each": {
          "foreach": "@outputs('Find_All_InProgress_and_Closed_New')?['body/value']",
          "actions": {
            "Append_to_array_variable": {
              "runAfter": {
                "Check_if_need_Create_#18": [
                  "Succeeded"
                ]
              },
              "metadata": {
                "operationMetadataId": "1e0a7dcf-43d9-49b3-9415-e02b6a32bfe0"
              },
              "type": "AppendToArrayVariable",
              "inputs": {
                "name": "NEWNames",
                "value": "@{items('Apply_to_each')?['aia_first_name']} @{items('Apply_to_each')?['aia_last_name']} "
              }
            },
            "Check_if_[Contact].[Current_NEW].[Individual_Status]_=_Submitted": {
              "actions": {
                "Set_variable": {
                  "runAfter": {},
                  "metadata": {
                    "operationMetadataId": "dc3b2902-90fe-4a6c-840e-cbd2449b28a7"
                  },
                  "type": "SetVariable",
                  "inputs": {
                    "name": "NeedCreate#18",
                    "value": true
                  }
                }
              },
              "runAfter": {
                "Check_if_[Contact].[Current_NEW]_=_Blank": [
                  "Succeeded"
                ]
              },
              "expression": {
                "equals": [
                  "@items('Apply_to_each')?['currentnew.aia_individual_status']",
                  2
                ]
              },
              "metadata": {
                "operationMetadataId": "2b40bd29-ddab-44a2-aafe-2486affb1e59"
              },
              "type": "If"
            },
            "Check_if_[Contact].[Current_NEW].[Offboarding_Date]_le_Today_–_12-month_and_Tem": {
              "actions": {
                "Set_variable_3": {
                  "runAfter": {},
                  "metadata": {
                    "operationMetadataId": "01dfa776-2ed4-43a0-b27a-687b345a0fd6"
                  },
                  "type": "SetVariable",
                  "inputs": {
                    "name": "NeedCreate#18",
                    "value": true
                  }
                }
              },
              "runAfter": {
                "Check_if_[Contact].[Current_NEW].[Individual_Status]_=_Submitted": [
                  "Succeeded"
                ]
              },
              "expression": {
                "and": [
                  {
                    "equals": [
                      "@items('Apply_to_each')?['currentnew.aia_individual_status']",
                      9
                    ]
                  },
                  {
                    "lessOrEquals": [
                      "@items('Apply_to_each')?['currentnew.aia_offboarding_date']",
                      "@addToTime(utcNow(), -12, 'Month', 'yyyy-MM-dd')"
                    ]
                  }
                ]
              },
              "metadata": {
                "operationMetadataId": "2b3aeee7-4a77-4bb2-9e50-d758a0ee1409"
              },
              "type": "If"
            },
            "Check_if_need_Create_#18": {
              "actions": {
                "Check__Supplier_Email_Address_is_not_empty": {
                  "actions": {
                    "Update_[New].[Has_Sent_Onboarding_Pack_Reminder_email]=Yes": {
                      "runAfter": {
                        "Send_3.2_Notification:_Onboarding_pack_reminder_": [
                          "Succeeded"
                        ]
                      },
                      "metadata": {
                        "operationMetadataId": "8850eb2b-c039-4e9b-a306-1c398d74c867"
                      },
                      "type": "OpenApiConnection",
                      "inputs": {
                        "host": {
                          "connectionName": "shared_commondataserviceforapps",
                          "operationId": "UpdateRecord",
                          "apiId": "/providers/Microsoft.PowerApps/apis/shared_commondataserviceforapps"
                        },
                        "parameters": {
                          "entityName": "aia_news",
                          "recordId": "@items('Apply_to_each')?['aia_newid']",
                          "item/aia_has_sent_onboarding_pack_reminder_email": true
                        },
                        "authentication": {
                          "type": "Raw",
                          "value": "@json(decodeBase64(triggerOutputs().headers['X-MS-APIM-Tokens']))['$ConnectionKey']"
                        }
                      }
                    },
                    "Compose_email_Content": {
                      "runAfter": {},
                      "metadata": {
                        "operationMetadataId": "3ef712a0-84bd-4fc7-9ee3-29a5f9ac61b1"
                      },
                      "type": "Compose",
                      "inputs": {
                        "$schema": "http://adaptivecards.io/schemas/adaptive-card.json",
                        "type": "AdaptiveCard",
                        "version": "1.0",
                        "body": [
                          {
                            "type": "Container",
                            "id": "336dc8ba-f7c0-ced1-945c-3acff847267b",
                            "padding": "Default",
                            "items": [
                              {
                                "type": "TextBlock",
                                "id": "6c8311d8-fb89-1fff-60b8-a1eb5b189c6a",
                                "text": "Hi @{first(body('Find_Request')?['value'])?['aia_supplier_contact_person']},",
                                "wrap": true
                              },
                              {
                                "type": "TextBlock",
                                "id": "7bed172d-6faa-ba9a-cc70-bed12b43448f",
                                "text": "As a part of the below individual’s onboarding, Pplease complete the onboarding pack (provided in the MSA) for the below Individual and revert as soon as possible:",
                                "wrap": true
                              },
                              {
                                "type": "TextBlock",
                                "id": "f6d9a8a2-819b-f5fb-b482-f588eb5e7d1d",
                                "text": "Please note, the onboarding pack should be submitted before the individuals onboarding date.",
                                "wrap": true
                              },
                              {
                                "type": "TextBlock",
                                "id": "437a24f8-e529-a339-032f-78a0b6ff7540",
                                "text": "Submission of Onboarding Pack",
                                "wrap": true,
                                "weight": "Bolder"
                              },
                              {
                                "type": "FactSet",
                                "id": "2e73eac7-6ff8-62b6-a331-7f676ae10d45",
                                "facts": [
                                  {
                                    "title": "Individual Name ",
                                    "value": "@{items('Apply_to_each')?['aia_first_name']} @{items('Apply_to_each')?['aia_last_name']}"
                                  },
                                  {
                                    "title": "Hiring Manager",
                                    "value": "@{first(body('Find_Request')?['value'])?['hiringmanager.fullname']}"
                                  },
                                  {
                                    "title": "Department ",
                                    "value": "@{first(body('Find_Request')?['value'])?['aia_department']}"
                                  }
                                ]
                              },
                              {
                                "type": "TextBlock",
                                "id": "39454fd7-40e2-70e3-6455-7256134c76d0",
                                "text": "Submission instructions:",
                                "wrap": true
                              },
                              {
                                "type": "TextBlock",
                                "id": "fd400c46-7c29-e32c-e60e-25eafeb1edfb",
                                "text": "• Reply to this email and attach the completed onboarding pack documents in pdf format",
                                "wrap": true
                              },
                              {
                                "type": "TextBlock",
                                "id": "30fae29f-2e6a-38a2-da83-7bbbebee664d",
                                "text": "• DO NOT change the subject, otherwise the response will not be recorded.\n",
                                "wrap": true
                              },
                              {
                                "type": "TextBlock",
                                "id": "b4121c70-3428-4910-e4a2-5a775785fc1b",
                                "text": "Next Steps:",
                                "wrap": true
                              },
                              {
                                "type": "TextBlock",
                                "id": "b013ea5a-ece8-7ca2-0ca2-2af91061ce10",
                                "text": "1. We will review the onboarding pack and follow up with you if any revision/ clarification on the documents required.\n2. If you do not hear from us in the next <4 working days>, please assume confirmation of receipt of the onboarding pack and completion of the pre-onboarding process.",
                                "wrap": true
                              },
                              {
                                "type": "TextBlock",
                                "id": "1032925b-cd00-d7f1-46ee-b5f74ff4c430",
                                "text": "Thanks.",
                                "wrap": true
                              },
                              {
                                "type": "TextBlock",
                                "id": "7618cca9-2713-44ec-a618-4a8104e55f31",
                                "text": "Best Regards,",
                                "wrap": true
                              },
                              {
                                "type": "TextBlock",
                                "id": "bc940a13-a6a7-535f-ecaa-8e2503aa6fde",
                                "text": "Group Sourcing",
                                "wrap": true,
                                "horizontalAlignment": "Left",
                                "spacing": "None"
                              }
                            ]
                          }
                        ],
                        "padding": "None"
                      }
                    },
                    "Send_3.2_Notification:_Onboarding_pack_reminder_": {
                      "runAfter": {
                        "Compose_Script": [
                          "Succeeded"
                        ]
                      },
                      "metadata": {
                        "operationMetadataId": "57ab98bd-47af-424c-9093-50fce72b22a5"
                      },
                      "type": "OpenApiConnection",
                      "inputs": {
                        "host": {
                          "connectionName": "shared_office365",
                          "operationId": "SendEmailV2",
                          "apiId": "/providers/Microsoft.PowerApps/apis/shared_office365"
                        },
                        "parameters": {
                          "emailMessage/To": "@first(body('Find_Request')?['value'])?['aia_supplier_email']",
                          "emailMessage/Subject": "[Action Required] Submit onboarding pack for @{items('Apply_to_each')?['aia_first_name']} @{items('Apply_to_each')?['aia_last_name']} under @{first(body('Find_Request')?['value'])?['aia_name']}_@{first(body('Find_Request')?['value'])?['aia_supplier_name_for_search']}",
                          "emailMessage/Body": "<div class=WordSection1>\n\t<p class=MsoNormal style=\"margin-top:0.0000pt;margin-right:0.0000pt;margin-bottom:10.0000pt;\nmargin-left:0.0000pt;mso-pagination:widow-orphan;text-align:left;\nline-height:114%;\"><span style=\"mso-spacerun:'yes';font-family:Arial;mso-fareast-font-family:'Times New Roman';\nline-height:114%;font-size:11.0pt;mso-font-kerning:6.0000pt;\">Hi</span><span style=\"mso-spacerun:'yes';font-family:'Times New Roman';mso-ascii-font-family:Arial;\nmso-hansi-font-family:Arial;mso-bidi-font-family:Arial;line-height:114%;\nfont-size:11.0pt;mso-font-kerning:6.0000pt;\">&nbsp;</span><span style=\"mso-spacerun:'yes';font-family:Arial;mso-fareast-font-family:'Times New Roman';\nmso-bidi-font-family:'Times New Roman';line-height:114%;font-size:11.0pt;\nmso-font-kerning:6.0000pt;\">@{first(body('Find_Request')?['value'])?['aia_supplier_contact_person']}</span><span style=\"mso-spacerun:'yes';font-family:Arial;mso-fareast-font-family:'Times New Roman';\nline-height:114%;font-size:11.0pt;mso-font-kerning:6.0000pt;\">,</span><span style=\"mso-spacerun:'yes';font-family:Arial;mso-fareast-font-family:??;\nmso-bidi-font-family:Arial;font-size:11.0pt;mso-font-kerning:1.0000pt;\">\n\t\t\t<o:p></o:p>\n\t\t</span></p>\n\n<p class=MsoNormal style=\"margin-top:0.0000pt;margin-right:0.0000pt;margin-bottom:10.0000pt;\nmargin-left:0.0000pt;mso-pagination:widow-orphan;text-align:left;\nline-height:114%;\"><span style=\"mso-spacerun:'yes';font-family:Arial;mso-fareast-font-family:'Times New Roman';\nline-height:114%;font-size:11.0pt;mso-font-kerning:6.0000pt;\">As a part of the below individual’s\nonboarding, please </span><span style=\"mso-spacerun:'yes';font-family:Arial;mso-fareast-font-family:'Times New Roman';\nline-height:114%;font-size:11.0pt;mso-font-kerning:6.0000pt;\">complete the onboarding pack provided\nin the MSA  and revert as soon as possible</span><span lang=EN-GB>:</span></p>\n\n<p class=MsoNormal style=\"margin-top:0.0000pt;margin-right:0.0000pt;margin-bottom:10.0000pt;\nmargin-left:0.0000pt;mso-pagination:widow-orphan;text-align:left;\nline-height:114%;\"><span style=\"mso-spacerun:'yes';font-family:Arial;mso-fareast-font-family:'Times New Roman';\nline-height:114%;font-size:11.0pt;mso-font-kerning:6.0000pt;\">Please note, the\nonboarding pack should be submitted before the individuals onboarding date.</span></p>\n\n\n\t<table class=MsoTableGrid border=1 cellspacing=0 style=\"border-collapse:collapse;border:none;mso-border-left-alt:none;\nmso-border-top-alt:none;mso-border-right-alt:none;mso-border-bottom-alt:none;\nmso-border-insideh:none;mso-border-insidev:none;mso-padding-alt:0.0000pt 5.4000pt 0.0000pt 5.4000pt ;\">\n\t\t<tr>\n\t\t\t<td width=560 valign=top colspan=2 style=\"width:420.4500pt;padding:0.0000pt 5.4000pt 0.0000pt 5.4000pt ;border-left:none;\nmso-border-left-alt:none;border-right:none;mso-border-right-alt:none;\nborder-top:none;mso-border-top-alt:none;border-bottom:none;\nmso-border-bottom-alt:none;background:rgb(217,217,217);\">\n\t\t\t\t<p class=MsoNormal style=\"margin-top:0.0000pt;margin-right:0.0000pt;margin-bottom:3.0000pt;\nmargin-left:0.0000pt;mso-pagination:widow-orphan;text-align:left;\"><b><span style=\"font-family:Arial;mso-fareast-font-family:'Times New Roman';mso-bidi-font-family:'Times New Roman';\nfont-weight:bold;font-size:11.0pt;mso-font-kerning:6.0000pt;\">Submission of Onboarding Pack</span></b><b><span style=\"font-family:Arial;mso-fareast-font-family:'Times New Roman';mso-bidi-font-family:'Times New Roman';\nfont-weight:bold;font-size:11.0pt;mso-font-kerning:6.0000pt;\"><span\n\t\t\t\t\t\t\t\tstyle=\"mso-spacerun:'yes';\"></span></span></b><b><span style=\"font-family:Arial;mso-fareast-font-family:??;mso-bidi-font-family:'Times New Roman';\nfont-weight:bold;font-size:11.0pt;mso-font-kerning:1.0000pt;\">\n\t\t\t\t\t\t\t<o:p></o:p>\n\t\t\t\t\t\t</span></b></p>\n\t\t\t</td>\n\t\t</tr>\n\t\t<tr>\n\t\t\t<td width=166 valign=top style=\"width:124.9500pt;padding:0.0000pt 5.4000pt 0.0000pt 5.4000pt ;border-left:none;\nmso-border-left-alt:none;border-right:none;mso-border-right-alt:none;\nborder-top:none;mso-border-top-alt:none;border-bottom:none;\nmso-border-bottom-alt:none;\">\n\t\t\t\t<p class=MsoNormal style=\"margin-top:3.0000pt;margin-right:0.0000pt;margin-bottom:6.0000pt;\nmargin-left:0.0000pt;mso-pagination:widow-orphan;text-align:left;\"><span style=\"font-family:Arial;mso-fareast-font-family:'Times New Roman';mso-bidi-font-family:'Times New Roman';\nfont-size:11.0pt;mso-font-kerning:6.0000pt;\">Individual Name</span><span style=\"font-family:Arial;mso-fareast-font-family:??;mso-bidi-font-family:'Times New Roman';\nfont-size:11.0pt;mso-font-kerning:1.0000pt;\">\n\t\t\t\t\t\t<o:p></o:p>\n\t\t\t\t\t</span></p>\n\t\t\t</td>\n\t\t\t<td width=394 valign=top style=\"width:295.5000pt;padding:0.0000pt 5.4000pt 0.0000pt 5.4000pt ;border-left:none;\nmso-border-left-alt:none;border-right:none;mso-border-right-alt:none;\nborder-top:none;mso-border-top-alt:none;border-bottom:none;\nmso-border-bottom-alt:none;\">\n\t\t\t\t<p class=MsoNormal style=\"margin-top:3.0000pt;margin-right:0.0000pt;margin-bottom:6.0000pt;\nmargin-left:0.0000pt;mso-pagination:widow-orphan;text-align:left;\"><span style=\"font-family:Arial;mso-fareast-font-family:'Times New Roman';mso-bidi-font-family:'Times New Roman';\nfont-size:11.0pt;mso-font-kerning:6.0000pt;background:rgb(192,192,192);\nmso-highlight:rgb(192,192,192);\">@{items('Apply_to_each')?['aia_first_name']} @{items('Apply_to_each')?['aia_last_name']}</span><span style=\"font-family:Arial;mso-fareast-font-family:??;mso-bidi-font-family:'Times New Roman';\nfont-size:11.0pt;mso-font-kerning:1.0000pt;background:rgb(192,192,192);\nmso-highlight:rgb(192,192,192);\">\n\t\t\t\t\t\t<o:p></o:p>\n\t\t\t\t\t</span></p>\n\t\t\t</td>\n\t\t</tr>\n\t\t<tr>\n\t\t\t<td width=166 valign=top style=\"width:124.9500pt;padding:0.0000pt 5.4000pt 0.0000pt 5.4000pt ;border-left:none;\nmso-border-left-alt:none;border-right:none;mso-border-right-alt:none;\nborder-top:none;mso-border-top-alt:none;border-bottom:none;\nmso-border-bottom-alt:none;\">\n\t\t\t\t<p class=MsoNormal style=\"margin-top:0.0000pt;margin-right:0.0000pt;margin-bottom:6.0000pt;\nmargin-left:0.0000pt;mso-pagination:widow-orphan;text-align:left;\"><span style=\"font-family:Arial;mso-fareast-font-family:'Times New Roman';mso-bidi-font-family:'Times New Roman';\nfont-size:11.0pt;mso-font-kerning:6.0000pt;\">Hiring Manager</span><span style=\"font-family:Arial;mso-fareast-font-family:??;mso-bidi-font-family:'Times New Roman';\nfont-size:11.0pt;mso-font-kerning:1.0000pt;\">\n\t\t\t\t\t\t<o:p></o:p>\n\t\t\t\t\t</span></p>\n\t\t\t</td>\n\t\t\t<td width=394 valign=top style=\"width:295.5000pt;padding:0.0000pt 5.4000pt 0.0000pt 5.4000pt ;border-left:none;\nmso-border-left-alt:none;border-right:none;mso-border-right-alt:none;\nborder-top:none;mso-border-top-alt:none;border-bottom:none;\nmso-border-bottom-alt:none;\">\n\t\t\t\t<p class=MsoNormal style=\"margin-top:0.0000pt;margin-right:0.0000pt;margin-bottom:6.0000pt;\nmargin-left:0.0000pt;mso-pagination:widow-orphan;text-align:left;\"><span style=\"font-family:Arial;mso-fareast-font-family:'Times New Roman';mso-bidi-font-family:'Times New Roman';\nfont-size:11.0pt;mso-font-kerning:6.0000pt;background:rgb(192,192,192);\nmso-highlight:rgb(192,192,192);\">@{first(body('Find_Request')?['value'])?['hiringmanager.fullname']}</span><span style=\"font-family:Arial;mso-fareast-font-family:??;mso-bidi-font-family:'Times New Roman';\nfont-size:11.0pt;mso-font-kerning:1.0000pt;background:rgb(192,192,192);\nmso-highlight:rgb(192,192,192);\">\n\t\t\t\t\t\t<o:p></o:p>\n\t\t\t\t\t</span></p>\n\t\t\t</td>\n\t\t</tr>\n\t\t<tr>\n\t\t\t<td width=166 valign=top style=\"width:124.9500pt;padding:0.0000pt 5.4000pt 0.0000pt 5.4000pt ;border-left:none;\nmso-border-left-alt:none;border-right:none;mso-border-right-alt:none;\nborder-top:none;mso-border-top-alt:none;border-bottom:none;\nmso-border-bottom-alt:none;\">\n\t\t\t\t<p class=MsoNormal style=\"margin-top:0.0000pt;margin-right:0.0000pt;margin-bottom:6.0000pt;\nmargin-left:0.0000pt;mso-pagination:widow-orphan;text-align:left;\"><span style=\"font-family:Arial;mso-fareast-font-family:'Times New Roman';mso-bidi-font-family:'Times New Roman';\nfont-size:11.0pt;mso-font-kerning:6.0000pt;\">Department</span><span style=\"font-family:Arial;mso-fareast-font-family:??;mso-bidi-font-family:'Times New Roman';\nfont-size:11.0pt;mso-font-kerning:1.0000pt;\">\n\t\t\t\t\t\t<o:p></o:p>\n\t\t\t\t\t</span></p>\n\t\t\t</td>\n\t\t\t<td width=394 valign=top style=\"width:295.5000pt;padding:0.0000pt 5.4000pt 0.0000pt 5.4000pt ;border-left:none;\nmso-border-left-alt:none;border-right:none;mso-border-right-alt:none;\nborder-top:none;mso-border-top-alt:none;border-bottom:none;\nmso-border-bottom-alt:none;\">\n\t\t\t\t<p class=MsoNormal style=\"margin-top:0.0000pt;margin-right:0.0000pt;margin-bottom:6.0000pt;\nmargin-left:0.0000pt;mso-pagination:widow-orphan;text-align:left;\"><span style=\"font-family:Arial;mso-fareast-font-family:'Times New Roman';mso-bidi-font-family:'Times New Roman';\nfont-size:11.0pt;mso-font-kerning:6.0000pt;background:rgb(192,192,192);\nmso-highlight:rgb(192,192,192);\">@{first(body('Find_Request')?['value'])?['aia_department']}</span><span style=\"font-family:Arial;mso-fareast-font-family:??;mso-bidi-font-family:'Times New Roman';\nfont-size:11.0pt;mso-font-kerning:1.0000pt;background:rgb(192,192,192);\nmso-highlight:rgb(192,192,192);\">\n\t\t\t\t\t\t<o:p></o:p>\n\t\t\t\t\t</span></p>\n\t\t\t</td>\n\t\t</tr>\n\t</table>\n<p></p>\n<p class=MsoNormal style=\"margin-top:0.0000pt;margin-right:0.0000pt;margin-bottom:10.0000pt;\nmargin-left:0.0000pt;mso-pagination:widow-orphan;text-align:left;\nline-height:114%;\"><b><span style=\"mso-spacerun:'yes';font-family:Arial;mso-fareast-font-family:'Times New Roman';\nline-height:114%;font-size:11.0pt;mso-font-kerning:6.0000pt;\">Submission\ninstructions:</span></b><i><span lang=EN-GB style='color:red'> </span></i></p>\n\n<p class=MsoListParagraphCxSpFirst style='margin-bottom:6.0pt'><span\nlang=EN-GB style='font-family:Symbol'>·<span style=\"mso-spacerun:'yes';font-family:Arial;mso-fareast-font-family:'Times New Roman';\nline-height:114%;font-size:11.0pt;mso-font-kerning:6.0000pt;\">&nbsp;&nbsp;&nbsp;&nbsp;\n</span></span><span style=\"mso-spacerun:'yes';font-family:Arial;mso-fareast-font-family:'Times New Roman';\nline-height:114%;font-size:11.0pt;mso-font-kerning:6.0000pt;\" lang=EN-GB>Reply to this email and attach the completed\nonboarding pack documents in pdf format</span></p>\n\n<p class=MsoListParagraphCxSpLast style='margin-bottom:6.0pt'><span\nlang=EN-GB style='font-family:Symbol'>·<span style=\"mso-spacerun:'yes';font-family:Arial;mso-fareast-font-family:'Times New Roman';\nline-height:114%;font-size:11.0pt;mso-font-kerning:6.0000pt;\">&nbsp;&nbsp;&nbsp;&nbsp;\n</span></span><b><span style=\"mso-spacerun:'yes';font-family:Arial;mso-fareast-font-family:'Times New Roman';\nline-height:114%;font-size:11.0pt;mso-font-kerning:6.0000pt;\">DO NOT</span></b><span style=\"mso-spacerun:'yes';font-family:Arial;mso-fareast-font-family:'Times New Roman';\nline-height:114%;font-size:11.0pt;mso-font-kerning:6.0000pt;\"> change the\nsubject, otherwise the response will not be recorded.</span></p>\n\n<p></p>\n<p class=MsoNormal style=\"margin-top:0.0000pt;margin-right:0.0000pt;margin-bottom:10.0000pt;\nmargin-left:0.0000pt;mso-pagination:widow-orphan;text-align:left;\nline-height:114%;\"><span style=\"mso-spacerun:'yes';font-family:Arial;mso-fareast-font-family:'Times New Roman';\nline-height:114%;font-size:11.0pt;mso-font-kerning:6.0000pt;\">Next Steps:</span></p>\n\n<p class=MsoListParagraphCxSpFirst style='margin-bottom:6.0pt'><span style=\"mso-spacerun:'yes';font-family:Arial;mso-fareast-font-family:'Times New Roman';\nline-height:114%;font-size:11.0pt;mso-font-kerning:6.0000pt;\"\nlang=EN-GB>1.<span style=\"mso-spacerun:'yes';font-family:Arial;mso-fareast-font-family:'Times New Roman';\nline-height:114%;font-size:11.0pt;mso-font-kerning:6.0000pt;\">&nbsp;&nbsp;&nbsp;&nbsp;\n</span></span><span style=\"mso-spacerun:'yes';font-family:Arial;mso-fareast-font-family:'Times New Roman';\nline-height:114%;font-size:11.0pt;mso-font-kerning:6.0000pt;\">We will review the onboarding pack and follow up\nwith you if any revision/ clarification on the documents required.</span></p>\n\n<p class=MsoListParagraphCxSpLast style='margin-bottom:6.0pt'><span style=\"mso-spacerun:'yes';font-family:Arial;mso-fareast-font-family:'Times New Roman';\nline-height:114%;font-size:11.0pt;mso-font-kerning:6.0000pt;\" lang=EN-GB>2.<span style=\"mso-spacerun:'yes';font-family:Arial;mso-fareast-font-family:'Times New Roman';\nline-height:114%;font-size:11.0pt;mso-font-kerning:6.0000pt;\">&nbsp;&nbsp;&nbsp;&nbsp; </span></span><span style=\"mso-spacerun:'yes';font-family:Arial;mso-fareast-font-family:'Times New Roman';\nline-height:114%;font-size:11.0pt;mso-font-kerning:6.0000pt;\"\nlang=EN-GB>If you do not hear from us in the next </span><span style=\"mso-spacerun:'yes';font-family:Arial;mso-fareast-font-family:'Times New Roman';\nline-height:114%;font-size:11.0pt;mso-font-kerning:6.0000pt;background:rgb(192,192,192);\nmso-highlight:rgb(192,192,192);\">4 working days</span><span style=\"mso-spacerun:'yes';font-family:Arial;mso-fareast-font-family:'Times New Roman';\nline-height:114%;font-size:11.0pt;mso-font-kerning:6.0000pt;\">, please assume confirmation of receipt of the onboarding pack and\ncompletion of the pre-onboarding process.</span></p>\n\n\t<p class=MsoNormal style=\"margin-top:0.0000pt;margin-right:0.0000pt;margin-bottom:10.0000pt;\nmargin-left:0.0000pt;mso-pagination:widow-orphan;text-align:left;\nline-height:114%;\"><span style=\"mso-spacerun:'yes';font-family:Arial;mso-fareast-font-family:'Times New Roman';\nline-height:114%;font-size:11.0pt;mso-font-kerning:6.0000pt;\">Thanks.</span><span style=\"mso-spacerun:'yes';font-family:Arial;mso-fareast-font-family:??;\nmso-bidi-font-family:'Times New Roman';font-size:11.0pt;mso-font-kerning:1.0000pt;\">\n\t\t\t<o:p></o:p>\n\t\t</span></p>\n\t<p class=MsoNormal style=\"mso-pagination:widow-orphan;text-align:left;\"><span style=\"mso-spacerun:'yes';font-family:Arial;mso-fareast-font-family:'Times New Roman';\nmso-bidi-font-family:'Times New Roman';font-size:11.0pt;mso-font-kerning:6.0000pt;\">Best Regards,</span><span style=\"mso-spacerun:'yes';font-family:Arial;mso-fareast-font-family:'Times New Roman';\nmso-bidi-font-family:'Times New Roman';font-size:11.0pt;mso-font-kerning:6.0000pt;\"><br></span><span style=\"mso-spacerun:'yes';font-family:Arial;mso-fareast-font-family:'Times New Roman';\nmso-bidi-font-family:'Times New Roman';font-size:11.0pt;mso-font-kerning:6.0000pt;\">Group Sourcing </span><span\n\t\t\tstyle=\"mso-spacerun:'yes';font-family:Arial;mso-fareast-font-family:??;\nmso-bidi-font-family:'Times New Roman';font-size:11.0pt;mso-font-kerning:1.0000pt;\">\n\t\t\t<o:p></o:p>\n\t\t</span></p>\n\t\t\n<p></p>\n\n</div>",
                          "emailMessage/From": "@body('Find_Not_Reply_Email_Address')?['result']",
                          "emailMessage/Cc": "@{first(body('Find_Request')?['value'])?['hiringmanager.internalemailaddress']};@{first(body('Find_Request')?['value'])?['requestor.internalemailaddress']}",
                          "emailMessage/Importance": "Normal"
                        },
                        "authentication": {
                          "type": "Raw",
                          "value": "@json(decodeBase64(triggerOutputs().headers['X-MS-APIM-Tokens']))['$ConnectionKey']"
                        }
                      }
                    },
                    "Compose_Script": {
                      "runAfter": {
                        "Compose_email_Content": [
                          "Succeeded"
                        ]
                      },
                      "metadata": {
                        "operationMetadataId": "f45ba88d-6d08-43b9-accc-fb6015492bcb"
                      },
                      "type": "Compose",
                      "inputs": "<script type=\"application/adaptivecard+json\">\n@{outputs('Compose_email_Content')}\n</script>"
                    }
                  },
                  "runAfter": {
                    "Check_Activity_Length": [
                      "Succeeded"
                    ]
                  },
                  "expression": {
                    "and": [
                      {
                        "not": {
                          "equals": [
                            "@empty(first(body('Find_Request')?['value'])?['aia_supplier_email'])",
                            true
                          ]
                        }
                      },
                      {
                        "not": {
                          "equals": [
                            "@items('Apply_to_each')?['aia_has_sent_onboarding_pack_reminder_email']",
                            true
                          ]
                        }
                      }
                    ]
                  },
                  "metadata": {
                    "operationMetadataId": "8395f646-da31-43a4-ba76-2823c2190986"
                  },
                  "type": "If"
                },
                "Check_OnBoarding_Pack_SharePoint_Url_Is_Empty": {
                  "actions": {
                    "Find_ROA_Folder_Path": {
                      "runAfter": {},
                      "metadata": {
                        "operationMetadataId": "47fd831d-806d-4669-bc7c-98a901e239f5"
                      },
                      "type": "Workflow",
                      "inputs": {
                        "host": {
                          "workflowReferenceName": "cb8c7cef-6161-ec11-8f8f-000d3a80eca3"
                        },
                        "body": {
                          "text": "SharePoint_AIA_ROA_Folder_Path"
                        }
                      }
                    },
                    "Get_Folder_Url": {
                      "runAfter": {
                        "Find_ROA_Folder_Path": [
                          "Succeeded"
                        ]
                      },
                      "metadata": {
                        "operationMetadataId": "873840d9-ecb2-44bc-a1ac-09f7607da5bd"
                      },
                      "type": "Workflow",
                      "inputs": {
                        "host": {
                          "workflowReferenceName": "c350f4df-6b71-ec11-8943-000d3ac7467e"
                        },
                        "body": {
                          "text": "@concat(outputs('Find_ROA_Folder_Path')?['Body']?['result'], '/', first(body('Find_Request')?['value'])?['aia_name'],'/',items('Apply_to_each')?['aia_individual_id'],'-',items('Apply_to_each')?['aia_first_name'],items('Apply_to_each')?['aia_last_name'])"
                        }
                      }
                    },
                    "Update_[NEW].[Onboarding_Pack_SharePoint_URL]_": {
                      "runAfter": {
                        "Get_Folder_Url": [
                          "Succeeded"
                        ]
                      },
                      "metadata": {
                        "operationMetadataId": "84e8e75f-af43-4e6f-ac93-ba2ce25f812e"
                      },
                      "type": "OpenApiConnection",
                      "inputs": {
                        "host": {
                          "connectionName": "shared_commondataserviceforapps_1",
                          "operationId": "UpdateRecord",
                          "apiId": "/providers/Microsoft.PowerApps/apis/shared_commondataserviceforapps"
                        },
                        "parameters": {
                          "entityName": "aia_news",
                          "recordId": "@items('Apply_to_each')?['aia_newid']",
                          "item/aia_onboarding_pack_sharepoint_url": "@body('Get_Folder_Url')?['folderurl']"
                        },
                        "authentication": {
                          "type": "Raw",
                          "value": "@json(decodeBase64(triggerOutputs().headers['X-MS-APIM-Tokens']))['$ConnectionKey']"
                        }
                      }
                    }
                  },
                  "runAfter": {
                    "Check__Supplier_Email_Address_is_not_empty": [
                      "Succeeded"
                    ]
                  },
                  "expression": {
                    "equals": [
                      "@empty(items('Apply_to_each')?['aia_onboarding_pack_sharepoint_url'])",
                      true
                    ]
                  },
                  "metadata": {
                    "operationMetadataId": "fed877cb-ff89-417f-ad1d-cd5698cc2b9b"
                  },
                  "type": "If"
                },
                "Check_Activity_Length": {
                  "actions": {
                    "Create_Activity_#18a": {
                      "runAfter": {},
                      "metadata": {
                        "operationMetadataId": "69cc2a58-d80d-44e1-9209-5653499507db"
                      },
                      "type": "OpenApiConnection",
                      "inputs": {
                        "host": {
                          "connectionName": "shared_commondataserviceforapps",
                          "operationId": "CreateRecord",
                          "apiId": "/providers/Microsoft.PowerApps/apis/shared_commondataserviceforapps"
                        },
                        "parameters": {
                          "entityName": "aia_review_onboarding_pack_submissions",
                          "item/subject": "#18 Review Onboarding Pack submission for @{items('Apply_to_each')?['aia_name']}",
                          "item/scheduledend": "@items('Apply_to_each')?['aia_onboarding_date']",
                          "item/aia_new_aia_review_onboarding_pack_submission@odata.bind": "/aia_news(@{items('Apply_to_each')?['aia_newid']})",
                          "item/ownerid_aia_review_onboarding_pack_submission@odata.bind": "@if(not(equals(first(body('Find_GS_Team')?['value'])?['teamid'],null)), concat('teams(', first(body('Find_GS_Team')?['value'])?['teamid'], ')'), concat('systemusers(', first(body('Find_Request')?['value'])?['_ownerid_value'], ')'))",
                          "item/regardingobjectid_aia_roa_aia_review_onboarding_pack_submission@odata.bind": "/aia_roas(@{triggerBody()['text']})",
                          "item/aia_request_aia_review_onboarding_pack_submission@odata.bind": "/aia_roas(@{triggerBody()['text']})"
                        },
                        "authentication": {
                          "type": "Raw",
                          "value": "@json(decodeBase64(triggerOutputs().headers['X-MS-APIM-Tokens']))['$ConnectionKey']"
                        }
                      }
                    },
                    "Update_NEW.[Onboarding_Pack_Review_Status]_=_Pending": {
                      "runAfter": {
                        "Create_Activity_#18a": [
                          "Succeeded"
                        ]
                      },
                      "metadata": {
                        "operationMetadataId": "8aa3f92b-0a88-4c9c-b638-6a7efaff95b6"
                      },
                      "type": "OpenApiConnection",
                      "inputs": {
                        "host": {
                          "connectionName": "shared_commondataserviceforapps",
                          "operationId": "UpdateRecord",
                          "apiId": "/providers/Microsoft.PowerApps/apis/shared_commondataserviceforapps"
                        },
                        "parameters": {
                          "entityName": "aia_news",
                          "recordId": "@items('Apply_to_each')?['aia_newid']",
                          "item/aia_onboarding_pack_review_status": 1
                        },
                        "authentication": {
                          "type": "Raw",
                          "value": "@json(decodeBase64(triggerOutputs().headers['X-MS-APIM-Tokens']))['$ConnectionKey']"
                        }
                      }
                    }
                  },
                  "runAfter": {
                    "Set_Is_Onboarding_Pack_Review_=_False": [
                      "Succeeded"
                    ]
                  },
                  "expression": {
                    "lessOrEquals": [
                      "@length(outputs('Find_Review_Onboarding_Pack_submissions')?['body/value'])",
                      0
                    ]
                  },
                  "metadata": {
                    "operationMetadataId": "bfc07b6c-5b7d-4a27-bedc-265b80ab030e"
                  },
                  "type": "If"
                },
                "Find_Review_Onboarding_Pack_submissions": {
                  "runAfter": {},
                  "metadata": {
                    "operationMetadataId": "313fe098-093c-4991-83bf-84c37f4fa707"
                  },
                  "type": "OpenApiConnection",
                  "inputs": {
                    "host": {
                      "connectionName": "shared_commondataserviceforapps",
                      "operationId": "ListRecords",
                      "apiId": "/providers/Microsoft.PowerApps/apis/shared_commondataserviceforapps"
                    },
                    "parameters": {
                      "entityName": "aia_review_onboarding_pack_submissions",
                      "fetchXml": "<fetch top=\"1\">\n  <entity name=\"aia_review_onboarding_pack_submission\">\n    <attribute name=\"activityid\" />\n    <filter>\n      <condition attribute=\"aia_new\" operator=\"eq\" value=\"@{items('Apply_to_each')?['aia_newid']}\" />\n      <condition attribute=\"aia_request\" operator=\"eq\" value=\"@{triggerBody()['text']}\" />\n      <condition attribute=\"statuscode\" operator=\"eq\" value=\"1\" />\n    </filter>\n  </entity>\n</fetch>"
                    },
                    "authentication": {
                      "type": "Raw",
                      "value": "@json(decodeBase64(triggerOutputs().headers['X-MS-APIM-Tokens']))['$ConnectionKey']"
                    }
                  }
                },
                "Set_Is_Onboarding_Pack_Review_=_False": {
                  "runAfter": {
                    "Find_Review_Onboarding_Pack_submissions": [
                      "Succeeded"
                    ]
                  },
                  "metadata": {
                    "operationMetadataId": "6a89439f-a0fd-4bcb-91a3-79ec42c8d695"
                  },
                  "type": "SetVariable",
                  "inputs": {
                    "name": "IsOnboardingPackReview",
                    "value": false
                  }
                }
              },
              "runAfter": {
                "Check_if_[Contact].[Current_NEW].[Offboarding_Date]_le_Today_–_12-month_and_Tem": [
                  "Succeeded"
                ]
              },
              "else": {
                "actions": {
                  "Find_Previous_NEW": {
                    "runAfter": {},
                    "metadata": {
                      "operationMetadataId": "463fd258-d40b-4624-8688-12dfe6bcefd9"
                    },
                    "type": "OpenApiConnection",
                    "inputs": {
                      "host": {
                        "connectionName": "shared_commondataserviceforapps",
                        "operationId": "ListRecords",
                        "apiId": "/providers/Microsoft.PowerApps/apis/shared_commondataserviceforapps"
                      },
                      "parameters": {
                        "entityName": "aia_news",
                        "fetchXml": "<fetch top=\"1\" >\n  <entity name=\"aia_new\" >\n    <attribute name=\"aia_onboarding_pack_sharepoint_url\" />\n    <filter>\n      <condition attribute=\"aia_onboarding_pack_sharepoint_url\" operator=\"not-null\" />\n    </filter>\n    <order attribute=\"createdon\" />\n    <link-entity name=\"contact\" from=\"contactid\" to=\"aia_contact\" link-type=\"inner\" >\n      <link-entity name=\"aia_new\" from=\"aia_contact\" to=\"contactid\" link-type=\"inner\" >\n        <filter>\n          <condition attribute=\"aia_newid\" operator=\"eq\" value=\"@{items('Apply_to_each')?['aia_newid']}\" />\n        </filter>\n      </link-entity>\n    </link-entity>\n  </entity>\n</fetch>",
                        "$top": 1
                      },
                      "authentication": {
                        "type": "Raw",
                        "value": "@json(decodeBase64(triggerOutputs().headers['X-MS-APIM-Tokens']))['$ConnectionKey']"
                      }
                    }
                  },
                  "Update_NEW.[Onboarding_Pack_Review_Status]_=_Completed_": {
                    "runAfter": {
                      "Find_Previous_NEW": [
                        "Succeeded"
                      ]
                    },
                    "metadata": {
                      "operationMetadataId": "db819deb-5d4b-4566-a420-fc69466b681e"
                    },
                    "type": "OpenApiConnection",
                    "inputs": {
                      "host": {
                        "connectionName": "shared_commondataserviceforapps",
                        "operationId": "UpdateRecord",
                        "apiId": "/providers/Microsoft.PowerApps/apis/shared_commondataserviceforapps"
                      },
                      "parameters": {
                        "entityName": "aia_news",
                        "recordId": "@items('Apply_to_each')?['aia_newid']",
                        "item/aia_onboarding_pack_review_status": 3,
                        "item/aia_onboarding_pack_sharepoint_url": "@first(body('Find_Previous_NEW')?['value'])?['aia_onboarding_pack_sharepoint_url']"
                      },
                      "authentication": {
                        "type": "Raw",
                        "value": "@json(decodeBase64(triggerOutputs().headers['X-MS-APIM-Tokens']))['$ConnectionKey']"
                      }
                    }
                  }
                }
              },
              "expression": {
                "equals": [
                  "@variables('NeedCreate#18')",
                  true
                ]
              },
              "metadata": {
                "operationMetadataId": "45f3e401-bbe9-49c7-bc62-67f471bfa9d3"
              },
              "type": "If"
            },
            "Set_variable_4": {
              "runAfter": {},
              "metadata": {
                "operationMetadataId": "01dfa776-2ed4-43a0-b27a-687b345a0fd6"
              },
              "type": "SetVariable",
              "inputs": {
                "name": "NeedCreate#18",
                "value": false
              }
            },
            "Check_if_[Contact].[Current_NEW]_=_Blank": {
              "actions": {
                "Set_variable_2": {
                  "runAfter": {},
                  "metadata": {
                    "operationMetadataId": "56abe759-43b8-476d-83e7-c3c682d1b55e"
                  },
                  "type": "SetVariable",
                  "inputs": {
                    "name": "NeedCreate#18",
                    "value": true
                  }
                }
              },
              "runAfter": {
                "Set_variable_4": [
                  "Succeeded"
                ]
              },
              "expression": {
                "or": [
                  {
                    "equals": [
                      "@items('Apply_to_each')?['currentnew.aia_newid']",
                      "@null"
                    ]
                  },
                  {
                    "equals": [
                      "@items('Apply_to_each')?['currentnew.aia_newid']",
                      true
                    ]
                  }
                ]
              },
              "metadata": {
                "operationMetadataId": "7d0762da-6248-48ed-9ccb-d89a1874b1fe"
              },
              "type": "If"
            }
          },
          "runAfter": {
            "Onboarding_Pack_Review": [
              "Succeeded"
            ]
          },
          "metadata": {
            "operationMetadataId": "9ea35bf5-411d-4cda-9baf-0516e0119df3"
          },
          "type": "Foreach"
        },
        "Check_if_RoA_FormType_is_CAT1": {
          "actions": {
            "Find_Upload_signed_contracts": {
              "runAfter": {
                "if_Add_New_Supplier_=_Yes_Create_Activity_#14a": [
                  "Succeeded"
                ]
              },
              "metadata": {
                "operationMetadataId": "4760c181-eaa6-4497-83ae-2db3c425aec5"
              },
              "type": "OpenApiConnection",
              "inputs": {
                "host": {
                  "connectionName": "shared_commondataserviceforapps",
                  "operationId": "ListRecords",
                  "apiId": "/providers/Microsoft.PowerApps/apis/shared_commondataserviceforapps"
                },
                "parameters": {
                  "entityName": "aia_upload_signed_contracts",
                  "$select": "activityid",
                  "fetchXml": "<fetch>\n  <entity name=\"aia_upload_signed_contract\">\n    <attribute name=\"activityid\" />\n    <filter>\n      <condition attribute=\"aia_roa\" operator=\"eq\" value=\"@{triggerBody()['text']}\" /> \n     <condition attribute=\"statuscode\" operator=\"eq\" value=\"1\" />\n    </filter>\n  </entity>\n</fetch>"
                },
                "authentication": {
                  "type": "Raw",
                  "value": "@json(decodeBase64(triggerOutputs().headers['X-MS-APIM-Tokens']))['$ConnectionKey']"
                }
              }
            },
            "Check_Upload_signed_contracts": {
              "actions": {
                "Create_Activity_#13a": {
                  "runAfter": {},
                  "metadata": {
                    "operationMetadataId": "3b6fcdb7-64d0-491d-bfd8-5003a1502f2b"
                  },
                  "type": "OpenApiConnection",
                  "inputs": {
                    "host": {
                      "connectionName": "shared_commondataserviceforapps",
                      "operationId": "CreateRecord",
                      "apiId": "/providers/Microsoft.PowerApps/apis/shared_commondataserviceforapps"
                    },
                    "parameters": {
                      "entityName": "aia_upload_signed_contracts",
                      "item/subject": "#13a Upload signed contract",
                      "item/scheduledend": "@first(body('Find_Request')?['value'])?['aia_contract_start_date']",
                      "item/ownerid_aia_upload_signed_contract@odata.bind": "@if(not(empty(first(body('Find_Request')?['value'])?['_aia_hiring_manager_value'])), concat('systemusers(', first(body('Find_Request')?['value'])?['_aia_hiring_manager_value'], ')'), null)",
                      "item/regardingobjectid_aia_roa_aia_upload_signed_contract@odata.bind": "/aia_roas(@{first(body('Find_Request')?['value'])?['aia_roaid']})",
                      "item/aia_roa_aia_upload_signed_contract@odata.bind": "/aia_roas(@{first(body('Find_Request')?['value'])?['aia_roaid']})"
                    },
                    "authentication": {
                      "type": "Raw",
                      "value": "@json(decodeBase64(triggerOutputs().headers['X-MS-APIM-Tokens']))['$ConnectionKey']"
                    }
                  }
                }
              },
              "runAfter": {
                "Find_Upload_signed_contracts": [
                  "Succeeded"
                ]
              },
              "expression": {
                "lessOrEquals": [
                  "@length(outputs('Find_Upload_signed_contracts')?['body/value'])",
                  0
                ]
              },
              "metadata": {
                "operationMetadataId": "036c69cd-e58e-4d02-9dbf-b1f773a5ca74"
              },
              "type": "If"
            },
            "if_Add_New_Supplier_=_Yes_Create_Activity_#14a": {
              "actions": {
                "Find_Upload_Signed_Master_Agreements": {
                  "runAfter": {},
                  "metadata": {
                    "operationMetadataId": "dbc88fcb-568e-486d-96d1-e08950c901c2"
                  },
                  "type": "OpenApiConnection",
                  "inputs": {
                    "host": {
                      "connectionName": "shared_commondataserviceforapps",
                      "operationId": "ListRecords",
                      "apiId": "/providers/Microsoft.PowerApps/apis/shared_commondataserviceforapps"
                    },
                    "parameters": {
                      "entityName": "aia_signed_msa_uploads",
                      "$select": "activityid",
                      "fetchXml": "<fetch>\n  <entity name=\"aia_signed_msa_upload\">\n    <attribute name=\"activityid\" />\n    <filter>\n      <condition attribute=\"aia_roa\" operator=\"eq\" value=\"@{triggerBody()['text']}\" />\n    </filter>\n  </entity>\n</fetch>"
                    },
                    "authentication": {
                      "type": "Raw",
                      "value": "@json(decodeBase64(triggerOutputs().headers['X-MS-APIM-Tokens']))['$ConnectionKey']"
                    }
                  }
                },
                "Check_Upload_Signed_Master_Agreements": {
                  "actions": {
                    "Create_Activity_#14a": {
                      "runAfter": {},
                      "metadata": {
                        "operationMetadataId": "5e1f16c1-e4ef-4186-84d6-f21b87179ccb"
                      },
                      "type": "OpenApiConnection",
                      "inputs": {
                        "host": {
                          "connectionName": "shared_commondataserviceforapps_1",
                          "operationId": "CreateRecord",
                          "apiId": "/providers/Microsoft.PowerApps/apis/shared_commondataserviceforapps"
                        },
                        "parameters": {
                          "entityName": "aia_signed_msa_uploads",
                          "item/aia_aiacontractingentity": "@first(body('Find_Request')?['value'])?['aia_aia_contracting_entity']",
                          "item/subject": "#14a Upload signed Master Agreement",
                          "item/scheduledend": "@first(body('Find_Request')?['value'])?['aia_contract_start_date']",
                          "item/ownerid_aia_signed_msa_upload@odata.bind": "@if(not(equals(first(body('Find_GS_Team')?['value'])?['teamid'],null)), concat('teams(', first(body('Find_GS_Team')?['value'])?['teamid'], ')'), concat('systemusers(', first(body('Find_Request')?['value'])?['_ownerid_value'], ')'))",
                          "item/regardingobjectid_aia_roa_aia_signed_msa_upload@odata.bind": "/aia_roas(@{first(body('Find_Request')?['value'])?['aia_roaid']})",
                          "item/aia_roa_aia_signed_msa_upload@odata.bind": "/aia_roas(@{first(body('Find_Request')?['value'])?['aia_roaid']})",
                          "item/aia_Supplier_aia_signed_msa_upload@odata.bind": "@if(not(empty(first(body('Find_Request')?['value'])?['_aia_supplier_value'])),concat('/accounts/',first(body('Find_Request')?['value'])?['_aia_supplier_value']),null)"
                        },
                        "authentication": {
                          "type": "Raw",
                          "value": "@json(decodeBase64(triggerOutputs().headers['X-MS-APIM-Tokens']))['$ConnectionKey']"
                        }
                      }
                    }
                  },
                  "runAfter": {
                    "Find_Upload_Signed_Master_Agreements": [
                      "Succeeded"
                    ]
                  },
                  "expression": {
                    "and": [
                      {
                        "lessOrEquals": [
                          "@length(outputs('Find_Upload_Signed_Master_Agreements')?['body/value'])",
                          0
                        ]
                      },
                      {
                        "equals": [
                          "@first(body('Find_Request')?['value'])?['aia_add_new_supplier']",
                          true
                        ]
                      }
                    ]
                  },
                  "metadata": {
                    "operationMetadataId": "b13c9168-89b6-4bac-b213-258831b0092e"
                  },
                  "type": "If"
                }
              },
              "runAfter": {},
              "expression": {
                "equals": [
                  "@first(body('Find_Request')?['value'])?['aia_add_new_supplier']",
                  true
                ]
              },
              "metadata": {
                "operationMetadataId": "94c50f87-cce6-467d-b13c-742e60e9a413"
              },
              "type": "If"
            },
            "Check_3.1_email_is_not_emty": {
              "actions": {
                "Public._Send_3.1_Notification:_Contract_Signing_Upload_notification": {
                  "runAfter": {},
                  "metadata": {
                    "operationMetadataId": "5234dbca-c49c-42be-985f-8d19e0fea8b7"
                  },
                  "type": "Workflow",
                  "inputs": {
                    "host": {
                      "workflowReferenceName": "ccf25afb-1675-ec11-8943-000d3ac7467e"
                    },
                    "body": {
                      "text": "@triggerBody()['text']"
                    }
                  }
                }
              },
              "runAfter": {
                "Check_Upload_signed_contracts": [
                  "Succeeded"
                ]
              },
              "expression": {
                "and": [
                  {
                    "or": [
                      {
                        "equals": [
                          "@not(empty(first(body('Find_Request')?['value'])?['requestor.internalemailaddress']))",
                          true
                        ]
                      },
                      {
                        "equals": [
                          "@not(empty(first(body('Find_Request')?['value'])?['hiringmanager.internalemailaddress']))",
                          true
                        ]
                      }
                    ]
                  }
                ]
              },
              "metadata": {
                "operationMetadataId": "c0d7c66c-0dbb-4845-88e4-a8a1da03c9f8"
              },
              "type": "If"
            }
          },
          "runAfter": {
            "Check_Is_Onboarding_Pack_Review": [
              "Succeeded"
            ]
          },
          "expression": {
            "equals": [
              "@first(body('Find_Request')?['value'])?['aia_form_type']",
              1
            ]
          },
          "metadata": {
            "operationMetadataId": "e450884b-74c5-4ebd-a055-eae061a4f778"
          },
          "type": "If"
        },
        "Respond_to_a_PowerApp_or_flow": {
          "runAfter": {
            "Check_if_RoA_FormType_is_CAT1": [
              "Succeeded"
            ]
          },
          "metadata": {
            "operationMetadataId": "6d85c830-e15b-4d47-909c-cf85200c1e5f"
          },
          "type": "Response",
          "kind": "PowerApp",
          "inputs": {
            "statusCode": 200,
            "body": {
              "result": true
            },
            "schema": {
              "type": "object",
              "properties": {
                "result": {
                  "title": "Result",
                  "x-ms-dynamically-added": true,
                  "type": "boolean"
                }
              }
            }
          }
        },
        "NEW_Names": {
          "runAfter": {
            "Check_exists_Request": [
              "Succeeded"
            ]
          },
          "metadata": {
            "operationMetadataId": "50a4d922-a70b-4380-9810-53318278e14c"
          },
          "type": "InitializeVariable",
          "inputs": {
            "variables": [
              {
                "name": "NEWNames",
                "type": "array"
              }
            ]
          }
        },
        "Find_Not_Reply_Email_Address": {
          "runAfter": {
            "NEW_Names": [
              "Succeeded"
            ]
          },
          "metadata": {
            "operationMetadataId": "6c110ca8-4b7f-4d98-a938-35f1a20eff90"
          },
          "type": "Workflow",
          "inputs": {
            "host": {
              "workflowReferenceName": "cb8c7cef-6161-ec11-8f8f-000d3a80eca3"
            },
            "body": {
              "text": "Not_Reply_Email_Address"
            }
          }
        },
        "Initialize_variable": {
          "runAfter": {
            "Find_All_InProgress_and_Closed_New": [
              "Succeeded"
            ]
          },
          "metadata": {
            "operationMetadataId": "7104eede-adf9-4943-b6d9-26efbb7fb636"
          },
          "type": "InitializeVariable",
          "inputs": {
            "variables": [
              {
                "name": "NeedCreate#18",
                "type": "boolean",
                "value": false
              }
            ]
          }
        },
        "Run_Canvas_DeepLink_URL": {
          "runAfter": {
            "Find_Not_Reply_Email_Address": [
              "Succeeded"
            ]
          },
          "metadata": {
            "operationMetadataId": "21e50c66-752e-4b5c-9ca2-0de4fc582667"
          },
          "type": "Workflow",
          "inputs": {
            "host": {
              "workflowReferenceName": "cb8c7cef-6161-ec11-8f8f-000d3a80eca3"
            },
            "body": {
              "text": "Canvas_DeepLink_URL"
            }
          }
        },
        "Check_if_RoA_FormType_is_CAT2": {
          "actions": {
            "Find_News": {
              "runAfter": {},
              "metadata": {
                "operationMetadataId": "2f237a16-0d99-4d2f-b3d2-0d785b5db77b"
              },
              "type": "OpenApiConnection",
              "inputs": {
                "host": {
                  "connectionName": "shared_commondataserviceforapps",
                  "operationId": "ListRecords",
                  "apiId": "/providers/Microsoft.PowerApps/apis/shared_commondataserviceforapps"
                },
                "parameters": {
                  "entityName": "aia_news",
                  "$select": "aia_newid",
                  "fetchXml": "<fetch>\n  <entity name=\"aia_new\">\n    <attribute name=\"aia_newid\" />\n    <filter>\n      <condition attribute=\"aia_roa\" operator=\"eq\" value=\"@{triggerBody()['text']}\" />\n      <condition attribute=\"aia_individual_status\" operator=\"eq\" value=\"3\" />\n    </filter>\n  </entity>\n</fetch>"
                },
                "authentication": {
                  "type": "Raw",
                  "value": "@json(decodeBase64(triggerOutputs().headers['X-MS-APIM-Tokens']))['$ConnectionKey']"
                }
              }
            },
            "Check_Approval_News_Length": {
              "actions": {
                "Apply_to_each_Approval_News": {
                  "foreach": "@outputs('Find_News')?['body/value']",
                  "actions": {
                    "Update_[New].[Individual_Status]=Approved": {
                      "runAfter": {},
                      "metadata": {
                        "operationMetadataId": "e77d9055-5ca4-460c-a77b-16ca456092d3"
                      },
                      "type": "OpenApiConnection",
                      "inputs": {
                        "host": {
                          "connectionName": "shared_commondataserviceforapps",
                          "operationId": "UpdateRecord",
                          "apiId": "/providers/Microsoft.PowerApps/apis/shared_commondataserviceforapps"
                        },
                        "parameters": {
                          "entityName": "aia_news",
                          "recordId": "@items('Apply_to_each_Approval_News')?['aia_newid']",
                          "item/aia_individual_status": 5
                        },
                        "authentication": {
                          "type": "Raw",
                          "value": "@json(decodeBase64(triggerOutputs().headers['X-MS-APIM-Tokens']))['$ConnectionKey']"
                        }
                      }
                    }
                  },
                  "runAfter": {},
                  "metadata": {
                    "operationMetadataId": "00cc0f92-aaf3-4600-9541-ee168c1d108c"
                  },
                  "type": "Foreach"
                }
              },
              "runAfter": {
                "Find_News": [
                  "Succeeded"
                ]
              },
              "expression": {
                "greaterOrEquals": [
                  "@length(outputs('Find_News')?['body/value'])",
                  1
                ]
              },
              "metadata": {
                "operationMetadataId": "05125ac3-e570-4f36-a3a5-0eb33e06fb69"
              },
              "type": "If"
            },
            "Update_[Request].[Request__Status]=_Onboarding": {
              "runAfter": {
                "Check_Approval_News_Length": [
                  "Succeeded"
                ]
              },
              "metadata": {
                "operationMetadataId": "399b7c88-2e51-4884-af22-7f7788ce3f22"
              },
              "type": "OpenApiConnection",
              "inputs": {
                "host": {
                  "connectionName": "shared_commondataserviceforapps",
                  "operationId": "UpdateRecord",
                  "apiId": "/providers/Microsoft.PowerApps/apis/shared_commondataserviceforapps"
                },
                "parameters": {
                  "entityName": "aia_roas",
                  "recordId": "@first(body('Find_Request')?['value'])?['aia_roaid']",
                  "item/aia_roa_stage": 3,
                  "item/aia_roa_status": 5
                },
                "authentication": {
                  "type": "Raw",
                  "value": "@json(decodeBase64(triggerOutputs().headers['X-MS-APIM-Tokens']))['$ConnectionKey']"
                }
              }
            }
          },
          "runAfter": {
            "Run_Canvas_DeepLink_URL": [
              "Succeeded"
            ]
          },
          "expression": {
            "equals": [
              "@first(body('Find_Request')?['value'])?['aia_form_type']",
              2
            ]
          },
          "metadata": {
            "operationMetadataId": "b889bbf5-f832-4f9e-bcf0-406515b7210b"
          },
          "type": "If"
        },
        "Onboarding_Pack_Review": {
          "runAfter": {
            "Initialize_variable": [
              "Succeeded"
            ]
          },
          "metadata": {
            "operationMetadataId": "1535b333-b5eb-4dd9-b66a-ef5874eb3a89"
          },
          "type": "InitializeVariable",
          "inputs": {
            "variables": [
              {
                "name": "IsOnboardingPackReview",
                "type": "boolean",
                "value": true
              }
            ]
          }
        },
        "Check_Is_Onboarding_Pack_Review": {
          "actions": {
            "If_Form_Type_=_CAT_2": {
              "actions": {
                "C4._Process_Check_–_Sign_Contract_Onboarding_to_Security_Badge_LAN_ID": {
                  "runAfter": {},
                  "metadata": {
                    "operationMetadataId": "154893ea-b51d-4d08-94f3-022b342d44ef"
                  },
                  "type": "Workflow",
                  "inputs": {
                    "host": {
                      "workflowReferenceName": "6293d036-0b63-ec11-8f8f-000d3a80eca3"
                    },
                    "body": {
                      "text": "@triggerBody()['text']"
                    }
                  }
                }
              },
              "runAfter": {},
              "else": {
                "actions": {
                  "Set_[Request].[Onboarding_Pack_Review_Status]_=_Completed_": {
                    "runAfter": {},
                    "metadata": {
                      "operationMetadataId": "9be0ac53-ebcf-4261-a5da-2b9dffef01ab"
                    },
                    "type": "OpenApiConnection",
                    "inputs": {
                      "host": {
                        "connectionName": "shared_commondataserviceforapps",
                        "operationId": "UpdateRecord",
                        "apiId": "/providers/Microsoft.PowerApps/apis/shared_commondataserviceforapps"
                      },
                      "parameters": {
                        "entityName": "aia_roas",
                        "recordId": "@triggerBody()['text']",
                        "item/aia_onboarding_pack_review_status": 3
                      },
                      "authentication": {
                        "type": "Raw",
                        "value": "@json(decodeBase64(triggerOutputs().headers['X-MS-APIM-Tokens']))['$ConnectionKey']"
                      }
                    }
                  }
                }
              },
              "expression": {
                "equals": [
                  "@first(body('Find_Request')?['value'])?['aia_form_type']",
                  2
                ]
              },
              "metadata": {
                "operationMetadataId": "424cabae-c450-47b1-a95e-18b9a14019bf"
              },
              "type": "If"
            }
          },
          "runAfter": {
            "Apply_to_each": [
              "Succeeded"
            ]
          },
          "expression": {
            "equals": [
              "@variables('IsOnboardingPackReview')",
              "@true"
            ]
          },
          "metadata": {
            "operationMetadataId": "3b905511-eeaa-4b19-aac5-d90932d1ecd0"
          },
          "type": "If"
        }
      }
    },
    "templateName": ""
  },
  "schemaVersion": "1.0.0.0"
}