{
  "properties": {
    "connectionReferences": {
      "shared_commondataserviceforapps": {
        "runtimeSource": "embedded",
        "connection": {
          "connectionReferenceLogicalName": "aia_sharedcommondataserviceforapps_f1fd0"
        },
        "api": {
          "name": "shared_commondataserviceforapps"
        }
      }
    },
    "definition": {
      "$schema": "https://schema.management.azure.com/providers/Microsoft.Logic/schemas/2016-06-01/workflowdefinition.json#",
      "contentVersion": "1.0.0.0",
      "parameters": {
        "$connections": {
          "defaultValue": {},
          "type": "Object"
        },
        "$authentication": {
          "defaultValue": {},
          "type": "SecureObject"
        }
      },
      "triggers": {
        "manual": {
          "metadata": {
            "operationMetadataId": "27d17c32-0c90-496b-9723-410ed8974727"
          },
          "type": "Request",
          "kind": "Button",
          "inputs": {
            "schema": {
              "type": "object",
              "properties": {
                "text": {
                  "title": "RequestGuid",
                  "type": "string",
                  "x-ms-dynamically-added": true,
                  "description": "Please enter your input",
                  "x-ms-content-hint": "TEXT"
                }
              },
              "required": [
                "text"
              ]
            }
          },
          "description": "Please make sure this request status = PendingForApproval || Complete"
        }
      },
      "actions": {
        "Find_All_Submit_ROA": {
          "runAfter": {},
          "metadata": {
            "operationMetadataId": "f3728958-3dba-4504-94f0-1eea7e00be9a"
          },
          "type": "OpenApiConnection",
          "inputs": {
            "host": {
              "connectionName": "shared_commondataserviceforapps",
              "operationId": "ListRecords",
              "apiId": "/providers/Microsoft.PowerApps/apis/shared_commondataserviceforapps"
            },
            "parameters": {
              "entityName": "aia_s2c_submit_roa_activities",
              "$filter": "_regardingobjectid_value eq @{triggerBody()['text']} and statecode eq 0"
            },
            "authentication": {
              "type": "Raw",
              "value": "@json(decodeBase64(triggerOutputs().headers['X-MS-APIM-Tokens']))['$ConnectionKey']"
            }
          }
        },
        "Apply_to_each_-_All_Submit_ROA": {
          "foreach": "@outputs('Find_All_Submit_ROA')?['body/value']",
          "actions": {
            "Set_Submit_ROA_status_to_completed": {
              "runAfter": {},
              "metadata": {
                "operationMetadataId": "fe1d5e6e-2e7b-41c5-af7b-8e4838a752b9"
              },
              "type": "OpenApiConnection",
              "inputs": {
                "host": {
                  "connectionName": "shared_commondataserviceforapps",
                  "operationId": "UpdateRecord",
                  "apiId": "/providers/Microsoft.PowerApps/apis/shared_commondataserviceforapps"
                },
                "parameters": {
                  "entityName": "aia_s2c_submit_roa_activities",
                  "recordId": "@items('Apply_to_each_-_All_Submit_ROA')?['activityid']",
                  "item/statecode": 1,
                  "item/statuscode": 2
                },
                "authentication": {
                  "type": "Raw",
                  "value": "@json(decodeBase64(triggerOutputs().headers['X-MS-APIM-Tokens']))['$ConnectionKey']"
                }
              }
            }
          },
          "runAfter": {
            "Find_All_Submit_ROA": [
              "Succeeded"
            ]
          },
          "metadata": {
            "operationMetadataId": "177c2385-51ca-4a74-b708-281e16e5e653"
          },
          "type": "Foreach"
        },
        "Find_All_Review_Edit_ROA": {
          "runAfter": {
            "Apply_to_each_-_All_Submit_ROA": [
              "Succeeded"
            ]
          },
          "metadata": {
            "operationMetadataId": "b22c4990-59a2-429a-8927-8cd6c1b2770f"
          },
          "type": "OpenApiConnection",
          "inputs": {
            "host": {
              "connectionName": "shared_commondataserviceforapps",
              "operationId": "ListRecords",
              "apiId": "/providers/Microsoft.PowerApps/apis/shared_commondataserviceforapps"
            },
            "parameters": {
              "entityName": "aia_s2c_review_n_edit_roa_activities",
              "$filter": "_regardingobjectid_value eq @{triggerBody()['text']} and statecode eq 0"
            },
            "authentication": {
              "type": "Raw",
              "value": "@json(decodeBase64(triggerOutputs().headers['X-MS-APIM-Tokens']))['$ConnectionKey']"
            }
          }
        },
        "Apply_to_each_-_All_Review_Edit_ROA": {
          "foreach": "@outputs('Find_All_Review_Edit_ROA')?['body/value']",
          "actions": {
            "Set_Review_Edit_ROA_status_to_completed": {
              "runAfter": {},
              "metadata": {
                "operationMetadataId": "b5f0e66c-8f21-4060-bf59-d271a32eba87"
              },
              "type": "OpenApiConnection",
              "inputs": {
                "host": {
                  "connectionName": "shared_commondataserviceforapps",
                  "operationId": "UpdateRecord",
                  "apiId": "/providers/Microsoft.PowerApps/apis/shared_commondataserviceforapps"
                },
                "parameters": {
                  "entityName": "aia_s2c_review_n_edit_roa_activities",
                  "recordId": "@items('Apply_to_each_-_All_Review_Edit_ROA')?['activityid']",
                  "item/statecode": 1,
                  "item/statuscode": 2
                },
                "authentication": {
                  "type": "Raw",
                  "value": "@json(decodeBase64(triggerOutputs().headers['X-MS-APIM-Tokens']))['$ConnectionKey']"
                }
              }
            }
          },
          "runAfter": {
            "Find_All_Review_Edit_ROA": [
              "Succeeded"
            ]
          },
          "metadata": {
            "operationMetadataId": "c1f4db0e-98e8-4a26-97e4-5ede2295954d"
          },
          "type": "Foreach"
        },
        "Respond_to_a_PowerApp_or_flow": {
          "runAfter": {
            "Apply_to_each_-_All_Review_Edit_ROA": [
              "Succeeded"
            ]
          },
          "metadata": {
            "operationMetadataId": "c4808139-2fbe-4525-af9d-87ca1b6df65b"
          },
          "type": "Response",
          "kind": "PowerApp",
          "inputs": {
            "statusCode": 200,
            "body": {
              "result": "success"
            },
            "schema": {
              "type": "object",
              "properties": {
                "result": {
                  "title": "Result",
                  "x-ms-dynamically-added": true,
                  "type": "string"
                }
              }
            }
          }
        }
      }
    },
    "templateName": null
  },
  "schemaVersion": "1.0.0.0"
}