{
  "properties": {
    "connectionReferences": {
      "shared_commondataserviceforapps": {
        "runtimeSource": "embedded",
        "connection": {
          "connectionReferenceLogicalName": "aia_sharedcommondataserviceforapps_dba9d"
        },
        "api": {
          "name": "shared_commondataserviceforapps"
        }
      },
      "shared_commondataserviceforapps_1": {
        "runtimeSource": "embedded",
        "connection": {
          "connectionReferenceLogicalName": "aia_sharedcommondataserviceforapps_dba9d"
        },
        "api": {
          "name": "shared_commondataserviceforapps"
        }
      },
      "shared_commondataserviceforapps_2": {
        "runtimeSource": "embedded",
        "connection": {
          "connectionReferenceLogicalName": "aia_sharedcommondataserviceforapps_f1fd0"
        },
        "api": {
          "name": "shared_commondataserviceforapps"
        }
      }
    },
    "definition": {
      "$schema": "https://schema.management.azure.com/providers/Microsoft.Logic/schemas/2016-06-01/workflowdefinition.json#",
      "contentVersion": "1.0.0.0",
      "parameters": {
        "$connections": {
          "defaultValue": {},
          "type": "Object"
        },
        "$authentication": {
          "defaultValue": {},
          "type": "SecureObject"
        }
      },
      "triggers": {
        "manual": {
          "metadata": {
            "operationMetadataId": "c003cd9d-511f-4af2-a651-5790d2b419d4"
          },
          "type": "Request",
          "kind": "Button",
          "inputs": {
            "schema": {
              "type": "object",
              "properties": {
                "text": {
                  "title": "SourcingRequestId",
                  "type": "string",
                  "x-ms-dynamically-added": true,
                  "description": "Please enter your input",
                  "x-ms-content-hint": "TEXT"
                },
                "text_1": {
                  "title": "ApprovalMatrixId",
                  "type": "string",
                  "x-ms-dynamically-added": true,
                  "description": "Please enter your input",
                  "x-ms-content-hint": "TEXT"
                },
                "text_2": {
                  "title": "ApprovalLayerId",
                  "type": "string",
                  "x-ms-dynamically-added": true,
                  "description": "Please enter your input",
                  "x-ms-content-hint": "TEXT"
                },
                "text_3": {
                  "title": "WBSorCOHierarchy",
                  "type": "string",
                  "x-ms-dynamically-added": true,
                  "description": "Please enter your input",
                  "x-ms-content-hint": "TEXT"
                },
                "text_4": {
                  "title": "IsGreater",
                  "type": "string",
                  "x-ms-dynamically-added": true,
                  "description": "Please enter your input",
                  "x-ms-content-hint": "TEXT"
                }
              },
              "required": [
                "text",
                "text_1",
                "text_2",
                "text_3",
                "text_4"
              ]
            }
          }
        }
      },
      "actions": {
        "WBS_or_CO": {
          "actions": {
            "Retrieve_SAP_WBS_project_manager_by_WBS_code": {
              "runAfter": {},
              "metadata": {
                "operationMetadataId": "04e49fca-f510-4753-a565-5f0a2d85695b"
              },
              "type": "OpenApiConnection",
              "inputs": {
                "host": {
                  "connectionName": "shared_commondataserviceforapps",
                  "operationId": "ListRecords",
                  "apiId": "/providers/Microsoft.PowerApps/apis/shared_commondataserviceforapps"
                },
                "parameters": {
                  "entityName": "aia_sap_wbses",
                  "$filter": "aia_wbs_code eq '@{outputs('Retrieve_sourcing_request_by_id')?['body/aia_wbs_code']}'",
                  "$top": 1
                },
                "authentication": {
                  "type": "Raw",
                  "value": "@json(decodeBase64(triggerOutputs().headers['X-MS-APIM-Tokens']))['$ConnectionKey']"
                }
              }
            },
            "If_project_manager_approval_limit_is_null_or_not": {
              "actions": {
                "If_project_manager_approval_limit_is_greater_than_or_equal_to_contract_value": {
                  "actions": {
                    "Create_approver_base_on_project_manager": {
                      "runAfter": {},
                      "metadata": {
                        "operationMetadataId": "20065179-93a5-47fd-8b85-c1c52c3a8686"
                      },
                      "type": "OpenApiConnection",
                      "inputs": {
                        "host": {
                          "connectionName": "shared_commondataserviceforapps",
                          "operationId": "CreateRecord",
                          "apiId": "/providers/Microsoft.PowerApps/apis/shared_commondataserviceforapps"
                        },
                        "parameters": {
                          "entityName": "aia_s2c_approval_members",
                          "item/aia_approval@odata.bind": "/aia_s2c_approvals(@{outputs('Retrieve_approval_matrix_by_id')?['body/aia_s2c_approvalid']})",
                          "item/aia_approval_status": 914710000,
                          "item/aia_generation_type": 914710000,
                          "item/aia_name": "@first(outputs('Retrieve_SAP_WBS_project_manager_by_WBS_code')?['body/value'])['_aia_person_responsible_user_value@OData.Community.Display.V1.FormattedValue']",
                          "item/aia_user@odata.bind": "/systemusers(@{first(outputs('Retrieve_SAP_WBS_project_manager_by_WBS_code')?['body/value'])['_aia_person_responsible_user_value']})",
                          "item/aia_user_role": 914710000,
                          "item/aia_approval_layer@odata.bind": "/aia_s2c_approval_layers(@{outputs('Retrieve_approval_layer_by_id')?['body/aia_s2c_approval_layerid']})",
                          "item/aia_approvertype": "914710000"
                        },
                        "authentication": {
                          "type": "Raw",
                          "value": "@json(decodeBase64(triggerOutputs().headers['X-MS-APIM-Tokens']))['$ConnectionKey']"
                        }
                      }
                    }
                  },
                  "runAfter": {},
                  "else": {
                    "actions": {
                      "If_project_sponsor_approval_limit_is_greater_than_or_equal_to_contract_value": {
                        "actions": {
                          "Create_approver_base_on_project_sponsor": {
                            "runAfter": {},
                            "metadata": {
                              "operationMetadataId": "20065179-93a5-47fd-8b85-c1c52c3a8686"
                            },
                            "type": "OpenApiConnection",
                            "inputs": {
                              "host": {
                                "connectionName": "shared_commondataserviceforapps",
                                "operationId": "CreateRecord",
                                "apiId": "/providers/Microsoft.PowerApps/apis/shared_commondataserviceforapps"
                              },
                              "parameters": {
                                "entityName": "aia_s2c_approval_members",
                                "item/aia_approval@odata.bind": "/aia_s2c_approvals(@{outputs('Retrieve_approval_matrix_by_id')?['body/aia_s2c_approvalid']})",
                                "item/aia_approval_status": 914710000,
                                "item/aia_generation_type": 914710000,
                                "item/aia_name": "@first(outputs('Retrieve_SAP_WBS_project_sponsor_by_WBS_code')?['body/value'])['_aia_applicant_user_value@OData.Community.Display.V1.FormattedValue']",
                                "item/aia_user@odata.bind": "/systemusers(@{first(outputs('Retrieve_SAP_WBS_project_sponsor_by_WBS_code')?['body/value'])['_aia_applicant_user_value']})",
                                "item/aia_user_role": 914710000,
                                "item/aia_approval_layer@odata.bind": "/aia_s2c_approval_layers(@{outputs('Retrieve_approval_layer_by_id')?['body/aia_s2c_approval_layerid']})",
                                "item/aia_approvertype": "914710000"
                              },
                              "authentication": {
                                "type": "Raw",
                                "value": "@json(decodeBase64(triggerOutputs().headers['X-MS-APIM-Tokens']))['$ConnectionKey']"
                              }
                            }
                          }
                        },
                        "runAfter": {
                          "Retrieve_SAP_WBS_project_sponsor_by_WBS_code": [
                            "Succeeded"
                          ]
                        },
                        "else": {
                          "actions": {
                            "Create_approver_base_on_project_controller": {
                              "runAfter": {
                                "Retrieve_SAP_WBS_project_controller_by_WBS_code": [
                                  "Succeeded"
                                ]
                              },
                              "metadata": {
                                "operationMetadataId": "20065179-93a5-47fd-8b85-c1c52c3a8686"
                              },
                              "type": "OpenApiConnection",
                              "inputs": {
                                "host": {
                                  "connectionName": "shared_commondataserviceforapps",
                                  "operationId": "CreateRecord",
                                  "apiId": "/providers/Microsoft.PowerApps/apis/shared_commondataserviceforapps"
                                },
                                "parameters": {
                                  "entityName": "aia_s2c_approval_members",
                                  "item/aia_approval@odata.bind": "/aia_s2c_approvals(@{outputs('Retrieve_approval_matrix_by_id')?['body/aia_s2c_approvalid']})",
                                  "item/aia_approval_status": 914710000,
                                  "item/aia_generation_type": 914710000,
                                  "item/aia_name": "@first(outputs('Retrieve_SAP_WBS_project_controller_by_WBS_code')?['body/value'])['_aia_project_controller_user_value@OData.Community.Display.V1.FormattedValue']",
                                  "item/aia_user@odata.bind": "/systemusers(@{first(outputs('Retrieve_SAP_WBS_project_controller_by_WBS_code')?['body/value'])['_aia_project_controller_user_value']})",
                                  "item/aia_user_role": 914710000,
                                  "item/aia_approval_layer@odata.bind": "/aia_s2c_approval_layers(@{outputs('Retrieve_approval_layer_by_id')?['body/aia_s2c_approval_layerid']})",
                                  "item/aia_approvertype": "914710000"
                                },
                                "authentication": {
                                  "type": "Raw",
                                  "value": "@json(decodeBase64(triggerOutputs().headers['X-MS-APIM-Tokens']))['$ConnectionKey']"
                                }
                              }
                            },
                            "Create_endorser_base_on_project_sponsor": {
                              "runAfter": {},
                              "metadata": {
                                "operationMetadataId": "20065179-93a5-47fd-8b85-c1c52c3a8686"
                              },
                              "type": "OpenApiConnection",
                              "inputs": {
                                "host": {
                                  "connectionName": "shared_commondataserviceforapps",
                                  "operationId": "CreateRecord",
                                  "apiId": "/providers/Microsoft.PowerApps/apis/shared_commondataserviceforapps"
                                },
                                "parameters": {
                                  "entityName": "aia_s2c_approval_members",
                                  "item/aia_approval@odata.bind": "/aia_s2c_approvals(@{outputs('Retrieve_approval_matrix_by_id')?['body/aia_s2c_approvalid']})",
                                  "item/aia_approval_status": 914710000,
                                  "item/aia_generation_type": 914710000,
                                  "item/aia_name": "@first(outputs('Retrieve_SAP_WBS_project_sponsor_by_WBS_code')?['body/value'])['_aia_applicant_user_value@OData.Community.Display.V1.FormattedValue']",
                                  "item/aia_user@odata.bind": "/systemusers(@{first(outputs('Retrieve_SAP_WBS_project_sponsor_by_WBS_code')?['body/value'])['_aia_applicant_user_value']})",
                                  "item/aia_user_role": 914710001,
                                  "item/aia_approvertype": "914710000"
                                },
                                "authentication": {
                                  "type": "Raw",
                                  "value": "@json(decodeBase64(triggerOutputs().headers['X-MS-APIM-Tokens']))['$ConnectionKey']"
                                }
                              }
                            },
                            "Retrieve_SAP_WBS_project_controller_by_WBS_code": {
                              "runAfter": {
                                "Create_endorser_base_on_project_sponsor": [
                                  "Succeeded"
                                ]
                              },
                              "metadata": {
                                "operationMetadataId": "2cec0660-9b00-4d4c-8acf-f9610b2453f3"
                              },
                              "type": "OpenApiConnection",
                              "inputs": {
                                "host": {
                                  "connectionName": "shared_commondataserviceforapps",
                                  "operationId": "ListRecords",
                                  "apiId": "/providers/Microsoft.PowerApps/apis/shared_commondataserviceforapps"
                                },
                                "parameters": {
                                  "entityName": "aia_sap_wbses",
                                  "$filter": "aia_wbs_code eq '@{outputs('Retrieve_sourcing_request_by_id')?['body/aia_wbs_code']}'",
                                  "$top": 1
                                },
                                "authentication": {
                                  "type": "Raw",
                                  "value": "@json(decodeBase64(triggerOutputs().headers['X-MS-APIM-Tokens']))['$ConnectionKey']"
                                }
                              }
                            }
                          }
                        },
                        "expression": {
                          "greaterOrEquals": [
                            "@first(outputs('Retrieve_SAP_WBS_project_sponsor_by_WBS_code')?['body/value'])?['aia_applicant_apporval_limit']",
                            "@outputs('Retrieve_sourcing_request_by_id')?['body/aia_initialcostestimationinusd']"
                          ]
                        },
                        "metadata": {
                          "operationMetadataId": "e3a4e83c-08fc-47d7-92e2-d7aaa284f8f3"
                        },
                        "type": "If"
                      },
                      "Create_endorser_base_on_project_manager": {
                        "runAfter": {},
                        "metadata": {
                          "operationMetadataId": "20065179-93a5-47fd-8b85-c1c52c3a8686"
                        },
                        "type": "OpenApiConnection",
                        "inputs": {
                          "host": {
                            "connectionName": "shared_commondataserviceforapps",
                            "operationId": "CreateRecord",
                            "apiId": "/providers/Microsoft.PowerApps/apis/shared_commondataserviceforapps"
                          },
                          "parameters": {
                            "entityName": "aia_s2c_approval_members",
                            "item/aia_approval@odata.bind": "/aia_s2c_approvals(@{outputs('Retrieve_approval_matrix_by_id')?['body/aia_s2c_approvalid']})",
                            "item/aia_approval_status": 914710000,
                            "item/aia_generation_type": 914710000,
                            "item/aia_name": "@first(outputs('Retrieve_SAP_WBS_project_manager_by_WBS_code')?['body/value'])['_aia_person_responsible_user_value@OData.Community.Display.V1.FormattedValue']",
                            "item/aia_user@odata.bind": "/systemusers(@{first(outputs('Retrieve_SAP_WBS_project_manager_by_WBS_code')?['body/value'])['_aia_person_responsible_user_value']})",
                            "item/aia_user_role": 914710001,
                            "item/aia_approvertype": "914710000"
                          },
                          "authentication": {
                            "type": "Raw",
                            "value": "@json(decodeBase64(triggerOutputs().headers['X-MS-APIM-Tokens']))['$ConnectionKey']"
                          }
                        }
                      },
                      "Retrieve_SAP_WBS_project_sponsor_by_WBS_code": {
                        "runAfter": {
                          "Create_endorser_base_on_project_manager": [
                            "Succeeded"
                          ]
                        },
                        "metadata": {
                          "operationMetadataId": "97b7c0e7-9cee-4a27-9413-a18ea79172c4"
                        },
                        "type": "OpenApiConnection",
                        "inputs": {
                          "host": {
                            "connectionName": "shared_commondataserviceforapps",
                            "operationId": "ListRecords",
                            "apiId": "/providers/Microsoft.PowerApps/apis/shared_commondataserviceforapps"
                          },
                          "parameters": {
                            "entityName": "aia_sap_wbses",
                            "$filter": "aia_wbs_code eq '@{outputs('Retrieve_sourcing_request_by_id')?['body/aia_wbs_code']}'",
                            "$top": 1
                          },
                          "authentication": {
                            "type": "Raw",
                            "value": "@json(decodeBase64(triggerOutputs().headers['X-MS-APIM-Tokens']))['$ConnectionKey']"
                          }
                        }
                      }
                    }
                  },
                  "expression": {
                    "greaterOrEquals": [
                      "@first(outputs('Retrieve_SAP_WBS_project_manager_by_WBS_code')?['body/value'])['aia_person_responsible_approval_limit']",
                      "@outputs('Retrieve_sourcing_request_by_id')?['body/aia_initialcostestimationinusd']"
                    ]
                  },
                  "metadata": {
                    "operationMetadataId": "94e42f2f-9cfa-4f2d-972f-41338f9ea5b7"
                  },
                  "type": "If"
                }
              },
              "runAfter": {
                "Retrieve_SAP_WBS_project_manager_by_WBS_code": [
                  "Succeeded"
                ]
              },
              "else": {
                "actions": {
                  "Update_approval_matrix_generation_status_to_generation_failed_1": {
                    "runAfter": {},
                    "metadata": {
                      "operationMetadataId": "98c2b0f2-d573-4d1b-87e3-5f9cfd37401f"
                    },
                    "type": "OpenApiConnection",
                    "inputs": {
                      "host": {
                        "connectionName": "shared_commondataserviceforapps",
                        "operationId": "UpdateRecord",
                        "apiId": "/providers/Microsoft.PowerApps/apis/shared_commondataserviceforapps"
                      },
                      "parameters": {
                        "entityName": "aia_s2c_approvals",
                        "recordId": "@outputs('Retrieve_approval_matrix_by_id')?['body/aia_s2c_approvalid']",
                        "item/aia_approval_matrix_status": 914710003
                      },
                      "authentication": {
                        "type": "Raw",
                        "value": "@json(decodeBase64(triggerOutputs().headers['X-MS-APIM-Tokens']))['$ConnectionKey']"
                      }
                    }
                  },
                  "Set_generation_failed_to_true:_project_manager_is_null": {
                    "runAfter": {
                      "Update_approval_matrix_generation_status_to_generation_failed_1": [
                        "Succeeded"
                      ]
                    },
                    "metadata": {
                      "operationMetadataId": "4930b774-f16f-41dd-8947-fa20eea4bcef"
                    },
                    "type": "SetVariable",
                    "inputs": {
                      "name": "GenerationFailed",
                      "value": true
                    }
                  }
                }
              },
              "expression": {
                "and": [
                  {
                    "greater": [
                      "@length(outputs('Retrieve_SAP_WBS_project_manager_by_WBS_code')?['body/value'])",
                      0
                    ]
                  },
                  {
                    "not": {
                      "equals": [
                        "@first(outputs('Retrieve_SAP_WBS_project_manager_by_WBS_code')?['body/value'])?['aia_person_responsible_approval_limit1']",
                        "@null"
                      ]
                    }
                  },
                  {
                    "greater": [
                      "@float(first(outputs('Retrieve_SAP_WBS_project_manager_by_WBS_code')?['body/value'])?['aia_person_responsible_approval_limit'])",
                      0
                    ]
                  }
                ]
              },
              "metadata": {
                "operationMetadataId": "9d6d43f0-044b-48ee-b32a-c19fc99dd8c7"
              },
              "type": "If"
            }
          },
          "runAfter": {
            "Initialize_aia_person_responsible_approval_limit": [
              "Succeeded"
            ]
          },
          "else": {
            "actions": {
              "If_existing_immediate_supervisor_or_not": {
                "actions": {
                  "Set_immediate_supervisor_to_variable_ImmediateSupervisor": {
                    "runAfter": {},
                    "metadata": {
                      "operationMetadataId": "3a53540e-f73b-4efd-b474-76dbbbd747c2"
                    },
                    "type": "SetVariable",
                    "inputs": {
                      "name": "ImmediateSupervisor",
                      "value": "@{first(outputs('Retrieve_SAP_employee_by_contract_owner_id')?['body/value'])['_aia_immediate_supervisor_value']}"
                    }
                  },
                  "Do_until:_SAP_employee": {
                    "actions": {
                      "Retrieve_SAP_employee_by_user_id": {
                        "runAfter": {},
                        "metadata": {
                          "operationMetadataId": "e8f916de-c1d0-403c-8df1-61a34b30ac5e"
                        },
                        "type": "OpenApiConnection",
                        "inputs": {
                          "host": {
                            "connectionName": "shared_commondataserviceforapps",
                            "operationId": "ListRecords",
                            "apiId": "/providers/Microsoft.PowerApps/apis/shared_commondataserviceforapps"
                          },
                          "parameters": {
                            "entityName": "aia_sap_employees",
                            "$filter": "_aia_user_value eq @{variables('ImmediateSupervisor')}",
                            "$top": 1
                          },
                          "authentication": {
                            "type": "Raw",
                            "value": "@json(decodeBase64(triggerOutputs().headers['X-MS-APIM-Tokens']))['$ConnectionKey']"
                          }
                        }
                      },
                      "If_immediate_supervisor_approval_limit_is_null_or_not": {
                        "actions": {
                          "If_contract_value_is_greater_than_1_million": {
                            "actions": {
                              "If_person_grade_is_equal_to_ExCo": {
                                "actions": {
                                  "Create_approver_base_on_immediate_supervisor_ExCo": {
                                    "runAfter": {},
                                    "metadata": {
                                      "operationMetadataId": "20065179-93a5-47fd-8b85-c1c52c3a8686"
                                    },
                                    "type": "OpenApiConnection",
                                    "inputs": {
                                      "host": {
                                        "connectionName": "shared_commondataserviceforapps",
                                        "operationId": "CreateRecord",
                                        "apiId": "/providers/Microsoft.PowerApps/apis/shared_commondataserviceforapps"
                                      },
                                      "parameters": {
                                        "entityName": "aia_s2c_approval_members",
                                        "item/aia_approval@odata.bind": "/aia_s2c_approvals(@{outputs('Retrieve_approval_matrix_by_id')?['body/aia_s2c_approvalid']})",
                                        "item/aia_approval_status": 914710000,
                                        "item/aia_generation_type": 914710000,
                                        "item/aia_name": "@first(outputs('Retrieve_SAP_employee_by_user_id')?['body/value'])['_aia_user_value@OData.Community.Display.V1.FormattedValue']",
                                        "item/aia_user@odata.bind": "/systemusers(@{first(outputs('Retrieve_SAP_employee_by_user_id')?['body/value'])['_aia_user_value']})",
                                        "item/aia_user_role": 914710000,
                                        "item/aia_approval_layer@odata.bind": "/aia_s2c_approval_layers(@{outputs('Retrieve_approval_layer_by_id')?['body/aia_s2c_approval_layerid']})",
                                        "item/aia_approvertype": "914710000"
                                      },
                                      "authentication": {
                                        "type": "Raw",
                                        "value": "@json(decodeBase64(triggerOutputs().headers['X-MS-APIM-Tokens']))['$ConnectionKey']"
                                      }
                                    }
                                  },
                                  "Set_do_until_break_to_true_2": {
                                    "runAfter": {
                                      "Create_approver_base_on_immediate_supervisor_ExCo": [
                                        "Succeeded"
                                      ]
                                    },
                                    "metadata": {
                                      "operationMetadataId": "307df4f9-5662-4e25-889c-8271178f792e"
                                    },
                                    "type": "SetVariable",
                                    "inputs": {
                                      "name": "DoUntilBreak",
                                      "value": true
                                    }
                                  }
                                },
                                "runAfter": {},
                                "else": {
                                  "actions": {
                                    "If_CO`s_immediate_supervisor_is_null_or_not": {
                                      "actions": {
                                        "Retrieve_immediate_supervisor_from_SAP_employee": {
                                          "runAfter": {},
                                          "metadata": {
                                            "operationMetadataId": "e8f916de-c1d0-403c-8df1-61a34b30ac5e"
                                          },
                                          "type": "OpenApiConnection",
                                          "inputs": {
                                            "host": {
                                              "connectionName": "shared_commondataserviceforapps",
                                              "operationId": "ListRecords",
                                              "apiId": "/providers/Microsoft.PowerApps/apis/shared_commondataserviceforapps"
                                            },
                                            "parameters": {
                                              "entityName": "aia_sap_employees",
                                              "$filter": "_aia_user_value eq @{first(outputs('Retrieve_SAP_employee_by_user_id')?['body/value'])['_aia_immediate_supervisor_value']}",
                                              "$top": 1
                                            },
                                            "authentication": {
                                              "type": "Raw",
                                              "value": "@json(decodeBase64(triggerOutputs().headers['X-MS-APIM-Tokens']))['$ConnectionKey']"
                                            }
                                          }
                                        },
                                        "If_person_grade_is_equal_to_GCF": {
                                          "actions": {
                                            "Create_endorser_base_on_immediate_supervisor_GCF": {
                                              "runAfter": {},
                                              "metadata": {
                                                "operationMetadataId": "20065179-93a5-47fd-8b85-c1c52c3a8686"
                                              },
                                              "type": "OpenApiConnection",
                                              "inputs": {
                                                "host": {
                                                  "connectionName": "shared_commondataserviceforapps",
                                                  "operationId": "CreateRecord",
                                                  "apiId": "/providers/Microsoft.PowerApps/apis/shared_commondataserviceforapps"
                                                },
                                                "parameters": {
                                                  "entityName": "aia_s2c_approval_members",
                                                  "item/aia_approval@odata.bind": "/aia_s2c_approvals(@{outputs('Retrieve_approval_matrix_by_id')?['body/aia_s2c_approvalid']})",
                                                  "item/aia_approval_status": 914710000,
                                                  "item/aia_generation_type": 914710000,
                                                  "item/aia_name": "@first(outputs('Retrieve_SAP_employee_by_user_id')?['body/value'])['_aia_user_value@OData.Community.Display.V1.FormattedValue']",
                                                  "item/aia_user@odata.bind": "/systemusers(@{first(outputs('Retrieve_SAP_employee_by_user_id')?['body/value'])['_aia_user_value']})",
                                                  "item/aia_user_role": 914710001,
                                                  "item/aia_approvertype": "914710000"
                                                },
                                                "authentication": {
                                                  "type": "Raw",
                                                  "value": "@json(decodeBase64(triggerOutputs().headers['X-MS-APIM-Tokens']))['$ConnectionKey']"
                                                }
                                              }
                                            },
                                            "Set_do_until_break_to_true_3": {
                                              "runAfter": {
                                                "Create_endorser_base_on_immediate_supervisor_GCF": [
                                                  "Succeeded"
                                                ]
                                              },
                                              "metadata": {
                                                "operationMetadataId": "307df4f9-5662-4e25-889c-8271178f792e"
                                              },
                                              "type": "SetVariable",
                                              "inputs": {
                                                "name": "DoUntilBreak",
                                                "value": true
                                              }
                                            }
                                          },
                                          "runAfter": {
                                            "Retrieve_immediate_supervisor_from_SAP_employee": [
                                              "Succeeded"
                                            ]
                                          },
                                          "else": {
                                            "actions": {
                                              "Create_endorser_base_on_immediate_supervisor_other": {
                                                "runAfter": {},
                                                "metadata": {
                                                  "operationMetadataId": "20065179-93a5-47fd-8b85-c1c52c3a8686"
                                                },
                                                "type": "OpenApiConnection",
                                                "inputs": {
                                                  "host": {
                                                    "connectionName": "shared_commondataserviceforapps",
                                                    "operationId": "CreateRecord",
                                                    "apiId": "/providers/Microsoft.PowerApps/apis/shared_commondataserviceforapps"
                                                  },
                                                  "parameters": {
                                                    "entityName": "aia_s2c_approval_members",
                                                    "item/aia_approval@odata.bind": "/aia_s2c_approvals(@{outputs('Retrieve_approval_matrix_by_id')?['body/aia_s2c_approvalid']})",
                                                    "item/aia_approval_status": 914710000,
                                                    "item/aia_generation_type": 914710000,
                                                    "item/aia_name": "@first(outputs('Retrieve_SAP_employee_by_user_id')?['body/value'])['_aia_user_value@OData.Community.Display.V1.FormattedValue']",
                                                    "item/aia_user@odata.bind": "/systemusers(@{first(outputs('Retrieve_SAP_employee_by_user_id')?['body/value'])['_aia_user_value']})",
                                                    "item/aia_user_role": 914710001,
                                                    "item/aia_approvertype": "914710000"
                                                  },
                                                  "authentication": {
                                                    "type": "Raw",
                                                    "value": "@json(decodeBase64(triggerOutputs().headers['X-MS-APIM-Tokens']))['$ConnectionKey']"
                                                  }
                                                }
                                              }
                                            }
                                          },
                                          "expression": {
                                            "and": [
                                              {
                                                "greater": [
                                                  "@length(outputs('Retrieve_immediate_supervisor_from_SAP_employee')?['body/value'])",
                                                  0
                                                ]
                                              },
                                              {
                                                "contains": [
                                                  "@first(outputs('Retrieve_immediate_supervisor_from_SAP_employee')?['body/value'])",
                                                  "aia_employee_grade"
                                                ]
                                              },
                                              {
                                                "equals": [
                                                  "@equals(string(first(outputs('Retrieve_immediate_supervisor_from_SAP_employee')?['body/value'])['aia_employee_grade']),'GCF')",
                                                  true
                                                ]
                                              }
                                            ]
                                          },
                                          "metadata": {
                                            "operationMetadataId": "5db3c3ee-d400-43e4-b11d-bbf97a117cce"
                                          },
                                          "type": "If"
                                        }
                                      },
                                      "runAfter": {},
                                      "else": {
                                        "actions": {
                                          "Update_approval_matrix_generation_status_to_generation_failed_3": {
                                            "runAfter": {},
                                            "metadata": {
                                              "operationMetadataId": "e4dcb166-403b-44a5-b7a5-43e6f7ea0227"
                                            },
                                            "type": "OpenApiConnection",
                                            "inputs": {
                                              "host": {
                                                "connectionName": "shared_commondataserviceforapps_1",
                                                "operationId": "UpdateRecord",
                                                "apiId": "/providers/Microsoft.PowerApps/apis/shared_commondataserviceforapps"
                                              },
                                              "parameters": {
                                                "entityName": "aia_s2c_approvals",
                                                "recordId": "@outputs('Retrieve_approval_matrix_by_id')?['body/aia_s2c_approvalid']",
                                                "item/aia_approval_matrix_status": 914710003
                                              },
                                              "authentication": {
                                                "type": "Raw",
                                                "value": "@json(decodeBase64(triggerOutputs().headers['X-MS-APIM-Tokens']))['$ConnectionKey']"
                                              }
                                            }
                                          },
                                          "Set_do_until_to_true:_immediate_supervisor_is_null_2": {
                                            "runAfter": {
                                              "Update_approval_matrix_generation_status_to_generation_failed_3": [
                                                "Succeeded"
                                              ]
                                            },
                                            "metadata": {
                                              "operationMetadataId": "7e426b89-4a96-416b-982d-0c093d8ec6be"
                                            },
                                            "type": "SetVariable",
                                            "inputs": {
                                              "name": "DoUntilBreak",
                                              "value": true
                                            }
                                          },
                                          "Set_generation_failed_to_true:_immediate_supervisor_is_null_2": {
                                            "runAfter": {
                                              "Set_do_until_to_true:_immediate_supervisor_is_null_2": [
                                                "Succeeded"
                                              ]
                                            },
                                            "metadata": {
                                              "operationMetadataId": "bdb6db50-d474-4f85-9175-9999a614243d"
                                            },
                                            "type": "SetVariable",
                                            "inputs": {
                                              "name": "GenerationFailed",
                                              "value": true
                                            }
                                          }
                                        }
                                      },
                                      "expression": {
                                        "contains": [
                                          "@first(outputs('Retrieve_SAP_employee_by_user_id')?['body/value'])",
                                          "_aia_immediate_supervisor_value"
                                        ]
                                      },
                                      "metadata": {
                                        "operationMetadataId": "fee9fb37-f85c-4ee4-9d05-d414c36d6c31"
                                      },
                                      "type": "If"
                                    }
                                  }
                                },
                                "expression": {
                                  "and": [
                                    {
                                      "contains": [
                                        "@first(outputs('Retrieve_SAP_employee_by_user_id')?['body/value'])",
                                        "aia_is_exco"
                                      ]
                                    },
                                    {
                                      "equals": [
                                        "@first(outputs('Retrieve_SAP_employee_by_user_id')?['body/value'])['aia_is_exco']",
                                        true
                                      ]
                                    }
                                  ]
                                },
                                "metadata": {
                                  "operationMetadataId": "f26973c7-1d3a-4b99-b6c1-3eeb92994167"
                                },
                                "type": "If"
                              }
                            },
                            "runAfter": {},
                            "else": {
                              "actions": {
                                "If_approval_limit_is_greater_than_or_equal_to_contract_value": {
                                  "actions": {
                                    "Create_approver_to_approval_layer_1_base_on_immediate_supervisor": {
                                      "runAfter": {},
                                      "metadata": {
                                        "operationMetadataId": "1d4c3245-54b1-4646-a5d1-3c418427ae70"
                                      },
                                      "type": "OpenApiConnection",
                                      "inputs": {
                                        "host": {
                                          "connectionName": "shared_commondataserviceforapps",
                                          "operationId": "CreateRecord",
                                          "apiId": "/providers/Microsoft.PowerApps/apis/shared_commondataserviceforapps"
                                        },
                                        "parameters": {
                                          "entityName": "aia_s2c_approval_members",
                                          "item/aia_approval@odata.bind": "/aia_s2c_approvals(@{outputs('Retrieve_approval_matrix_by_id')?['body/aia_s2c_approvalid']})",
                                          "item/aia_approval_status": 914710000,
                                          "item/aia_generation_type": 914710000,
                                          "item/aia_name": "@first(outputs('Retrieve_SAP_employee_by_user_id')?['body/value'])['_aia_user_value@OData.Community.Display.V1.FormattedValue']",
                                          "item/aia_user@odata.bind": "/systemusers(@{first(outputs('Retrieve_SAP_employee_by_user_id')?['body/value'])['_aia_user_value']})",
                                          "item/aia_user_role": 914710000,
                                          "item/aia_approval_layer@odata.bind": "/aia_s2c_approval_layers(@{outputs('Retrieve_approval_layer_by_id')?['body/aia_s2c_approval_layerid']})",
                                          "item/aia_approvertype": "914710000"
                                        },
                                        "authentication": {
                                          "type": "Raw",
                                          "value": "@json(decodeBase64(triggerOutputs().headers['X-MS-APIM-Tokens']))['$ConnectionKey']"
                                        }
                                      }
                                    },
                                    "Set_do_until_break_to_true": {
                                      "runAfter": {
                                        "Create_approver_to_approval_layer_1_base_on_immediate_supervisor": [
                                          "Succeeded"
                                        ]
                                      },
                                      "metadata": {
                                        "operationMetadataId": "307df4f9-5662-4e25-889c-8271178f792e"
                                      },
                                      "type": "SetVariable",
                                      "inputs": {
                                        "name": "DoUntilBreak",
                                        "value": true
                                      }
                                    }
                                  },
                                  "runAfter": {},
                                  "else": {
                                    "actions": {
                                      "Create_endorser_base_on_immediate_supervisor": {
                                        "runAfter": {},
                                        "metadata": {
                                          "operationMetadataId": "20065179-93a5-47fd-8b85-c1c52c3a8686"
                                        },
                                        "type": "OpenApiConnection",
                                        "inputs": {
                                          "host": {
                                            "connectionName": "shared_commondataserviceforapps",
                                            "operationId": "CreateRecord",
                                            "apiId": "/providers/Microsoft.PowerApps/apis/shared_commondataserviceforapps"
                                          },
                                          "parameters": {
                                            "entityName": "aia_s2c_approval_members",
                                            "item/aia_approval@odata.bind": "/aia_s2c_approvals(@{outputs('Retrieve_approval_matrix_by_id')?['body/aia_s2c_approvalid']})",
                                            "item/aia_approval_status": 914710000,
                                            "item/aia_generation_type": 914710000,
                                            "item/aia_name": "@first(outputs('Retrieve_SAP_employee_by_user_id')?['body/value'])['_aia_user_value@OData.Community.Display.V1.FormattedValue']",
                                            "item/aia_user@odata.bind": "/systemusers(@{first(outputs('Retrieve_SAP_employee_by_user_id')?['body/value'])['_aia_user_value']})",
                                            "item/aia_user_role": 914710001,
                                            "item/aia_approvertype": "914710000"
                                          },
                                          "authentication": {
                                            "type": "Raw",
                                            "value": "@json(decodeBase64(triggerOutputs().headers['X-MS-APIM-Tokens']))['$ConnectionKey']"
                                          }
                                        }
                                      }
                                    }
                                  },
                                  "expression": {
                                    "greaterOrEquals": [
                                      "@first(outputs('Retrieve_SAP_employee_by_user_id')?['body/value'])['aia_approval_limit']",
                                      "@outputs('Retrieve_sourcing_request_by_id')?['body/aia_initialcostestimationinusd']"
                                    ]
                                  },
                                  "metadata": {
                                    "operationMetadataId": "126abd63-0c67-42d3-bae6-91f2ef891c11"
                                  },
                                  "type": "If"
                                }
                              }
                            },
                            "expression": {
                              "equals": [
                                "@toUpper(triggerBody()['text_4'])",
                                "TRUE"
                              ]
                            },
                            "metadata": {
                              "operationMetadataId": "2ac8b74d-0ae1-4fd1-bb96-3398eb5be8bf"
                            },
                            "type": "If"
                          }
                        },
                        "runAfter": {
                          "Retrieve_SAP_employee_by_user_id": [
                            "Succeeded"
                          ]
                        },
                        "else": {
                          "actions": {
                            "Update_approval_matrix_generation_status_to_generation_failed": {
                              "runAfter": {},
                              "metadata": {
                                "operationMetadataId": "7ad5a17d-bfd4-4771-9d04-091932be3b5d"
                              },
                              "type": "OpenApiConnection",
                              "inputs": {
                                "host": {
                                  "connectionName": "shared_commondataserviceforapps",
                                  "operationId": "UpdateRecord",
                                  "apiId": "/providers/Microsoft.PowerApps/apis/shared_commondataserviceforapps"
                                },
                                "parameters": {
                                  "entityName": "aia_s2c_approvals",
                                  "recordId": "@outputs('Retrieve_approval_matrix_by_id')?['body/aia_s2c_approvalid']",
                                  "item/aia_approval_matrix_status": 914710003
                                },
                                "authentication": {
                                  "type": "Raw",
                                  "value": "@json(decodeBase64(triggerOutputs().headers['X-MS-APIM-Tokens']))['$ConnectionKey']"
                                }
                              }
                            },
                            "Set_do_until_break_to_true:_immediate_supervisor_approval_limit_is_null": {
                              "runAfter": {
                                "Update_approval_matrix_generation_status_to_generation_failed": [
                                  "Succeeded"
                                ]
                              },
                              "metadata": {
                                "operationMetadataId": "92f45d23-e61d-4863-ac1a-27f224cab564"
                              },
                              "type": "SetVariable",
                              "inputs": {
                                "name": "DoUntilBreak",
                                "value": true
                              }
                            },
                            "set_generation_failed_to_true:_immediate_supervisor_approval_limit_is_null": {
                              "runAfter": {
                                "Set_do_until_break_to_true:_immediate_supervisor_approval_limit_is_null": [
                                  "Succeeded"
                                ]
                              },
                              "metadata": {
                                "operationMetadataId": "515f0d8b-2e43-4a56-9e29-96e30b6fb1ff"
                              },
                              "type": "SetVariable",
                              "inputs": {
                                "name": "GenerationFailed",
                                "value": true
                              }
                            }
                          }
                        },
                        "expression": {
                          "and": [
                            {
                              "greater": [
                                "@length(outputs('Retrieve_SAP_employee_by_user_id')?['body/value'])",
                                0
                              ]
                            },
                            {
                              "contains": [
                                "@first(outputs('Retrieve_SAP_employee_by_user_id')?['body/value'])",
                                "aia_approval_limit"
                              ]
                            }
                          ]
                        },
                        "metadata": {
                          "operationMetadataId": "d7f77bd7-fa11-4d03-aa0a-f96e800e73e0"
                        },
                        "type": "If"
                      },
                      "If_immediate_supervisor_is_null_or_not": {
                        "actions": {
                          "Set_immediate_supervisor_as_contract_owner": {
                            "runAfter": {},
                            "metadata": {
                              "operationMetadataId": "68d62f0a-e249-42e4-b138-7e823be6e478"
                            },
                            "type": "SetVariable",
                            "inputs": {
                              "name": "ImmediateSupervisor",
                              "value": "@{first(outputs('Retrieve_SAP_employee_by_user_id')?['body/value'])['_aia_immediate_supervisor_value']}"
                            }
                          }
                        },
                        "runAfter": {
                          "If_immediate_supervisor_approval_limit_is_null_or_not": [
                            "Succeeded"
                          ]
                        },
                        "expression": {
                          "and": [
                            {
                              "not": {
                                "equals": [
                                  "@variables('DoUntilBreak')",
                                  true
                                ]
                              }
                            },
                            {
                              "contains": [
                                "@first(outputs('Retrieve_SAP_employee_by_user_id')?['body/value'])",
                                "_aia_immediate_supervisor_value"
                              ]
                            }
                          ]
                        },
                        "metadata": {
                          "operationMetadataId": "bc016a3a-5ef1-4277-8d50-81386d1247fd"
                        },
                        "type": "If"
                      }
                    },
                    "runAfter": {
                      "Set_immediate_supervisor_to_variable_ImmediateSupervisor": [
                        "Succeeded"
                      ]
                    },
                    "expression": "@equals(variables('DoUntilBreak'), true)",
                    "limit": {
                      "count": 60,
                      "timeout": "PT1H"
                    },
                    "metadata": {
                      "operationMetadataId": "3c09cc7c-0a9f-49f2-9cf9-0bc6d782c2e3"
                    },
                    "type": "Until"
                  }
                },
                "runAfter": {},
                "else": {
                  "actions": {
                    "Update_approval_matrix_generation_status_to_generation_failed_2": {
                      "runAfter": {},
                      "metadata": {
                        "operationMetadataId": "7ad5a17d-bfd4-4771-9d04-091932be3b5d"
                      },
                      "type": "OpenApiConnection",
                      "inputs": {
                        "host": {
                          "connectionName": "shared_commondataserviceforapps",
                          "operationId": "UpdateRecord",
                          "apiId": "/providers/Microsoft.PowerApps/apis/shared_commondataserviceforapps"
                        },
                        "parameters": {
                          "entityName": "aia_s2c_approvals",
                          "recordId": "@outputs('Retrieve_approval_matrix_by_id')?['body/aia_s2c_approvalid']",
                          "item/aia_approval_matrix_status": 914710003
                        },
                        "authentication": {
                          "type": "Raw",
                          "value": "@json(decodeBase64(triggerOutputs().headers['X-MS-APIM-Tokens']))['$ConnectionKey']"
                        }
                      }
                    },
                    "set_generation_failed_to_true:_immediate_supervisor_is_null": {
                      "runAfter": {
                        "Update_approval_matrix_generation_status_to_generation_failed_2": [
                          "Succeeded"
                        ]
                      },
                      "metadata": {
                        "operationMetadataId": "515f0d8b-2e43-4a56-9e29-96e30b6fb1ff"
                      },
                      "type": "SetVariable",
                      "inputs": {
                        "name": "GenerationFailed",
                        "value": true
                      }
                    }
                  }
                },
                "expression": {
                  "and": [
                    {
                      "greater": [
                        "@length(outputs('Retrieve_SAP_employee_by_contract_owner_id')?['body/value'])",
                        0
                      ]
                    },
                    {
                      "contains": [
                        "@first(outputs('Retrieve_SAP_employee_by_contract_owner_id')?['body/value'])",
                        "_aia_immediate_supervisor_value"
                      ]
                    }
                  ]
                },
                "metadata": {
                  "operationMetadataId": "2e789982-ab35-4214-b295-a643c5773c02"
                },
                "type": "If"
              }
            }
          },
          "expression": {
            "equals": [
              "@toUpper(triggerBody()['text_3'])",
              "WBS"
            ]
          },
          "metadata": {
            "operationMetadataId": "2ca213a6-8313-42c4-a02f-526e3cd28fa0"
          },
          "type": "If"
        },
        "Retrieve_sourcing_request_by_id": {
          "runAfter": {},
          "metadata": {
            "operationMetadataId": "197b1a00-1baf-49ab-95cb-4c1afada772e"
          },
          "type": "OpenApiConnection",
          "inputs": {
            "host": {
              "connectionName": "shared_commondataserviceforapps",
              "operationId": "GetItem",
              "apiId": "/providers/Microsoft.PowerApps/apis/shared_commondataserviceforapps"
            },
            "parameters": {
              "entityName": "aia_s2c_sourcingrequests",
              "recordId": "@triggerBody()['text']"
            },
            "authentication": {
              "type": "Raw",
              "value": "@json(decodeBase64(triggerOutputs().headers['X-MS-APIM-Tokens']))['$ConnectionKey']"
            }
          }
        },
        "Retrieve_approval_matrix_by_id": {
          "runAfter": {
            "Retrieve_sourcing_request_by_id": [
              "Succeeded"
            ]
          },
          "metadata": {
            "operationMetadataId": "2801f98d-6ef5-4517-b8eb-77d4cd1f6905"
          },
          "type": "OpenApiConnection",
          "inputs": {
            "host": {
              "connectionName": "shared_commondataserviceforapps",
              "operationId": "GetItem",
              "apiId": "/providers/Microsoft.PowerApps/apis/shared_commondataserviceforapps"
            },
            "parameters": {
              "entityName": "aia_s2c_approvals",
              "recordId": "@triggerBody()['text_1']"
            },
            "authentication": {
              "type": "Raw",
              "value": "@json(decodeBase64(triggerOutputs().headers['X-MS-APIM-Tokens']))['$ConnectionKey']"
            }
          }
        },
        "Retrieve_approval_layer_by_id": {
          "runAfter": {
            "Retrieve_approval_matrix_by_id": [
              "Succeeded"
            ]
          },
          "metadata": {
            "operationMetadataId": "2691b236-dad6-46c0-8906-c3d1cea6307f"
          },
          "type": "OpenApiConnection",
          "inputs": {
            "host": {
              "connectionName": "shared_commondataserviceforapps",
              "operationId": "GetItem",
              "apiId": "/providers/Microsoft.PowerApps/apis/shared_commondataserviceforapps"
            },
            "parameters": {
              "entityName": "aia_s2c_approval_layers",
              "recordId": "@triggerBody()['text_2']"
            },
            "authentication": {
              "type": "Raw",
              "value": "@json(decodeBase64(triggerOutputs().headers['X-MS-APIM-Tokens']))['$ConnectionKey']"
            }
          }
        },
        "Do_until_break_flag": {
          "runAfter": {
            "Retrieve_approval_layer_by_id": [
              "Succeeded"
            ]
          },
          "metadata": {
            "operationMetadataId": "de247f33-ee5f-410b-ab45-0c9fddb0b10f"
          },
          "type": "InitializeVariable",
          "inputs": {
            "variables": [
              {
                "name": "DoUntilBreak",
                "type": "boolean",
                "value": false
              }
            ]
          }
        },
        "Retrieve_SAP_employee_by_contract_owner_id": {
          "runAfter": {
            "Generation_Failed": [
              "Succeeded"
            ]
          },
          "metadata": {
            "operationMetadataId": "e8f916de-c1d0-403c-8df1-61a34b30ac5e"
          },
          "type": "OpenApiConnection",
          "inputs": {
            "host": {
              "connectionName": "shared_commondataserviceforapps",
              "operationId": "ListRecords",
              "apiId": "/providers/Microsoft.PowerApps/apis/shared_commondataserviceforapps"
            },
            "parameters": {
              "entityName": "aia_sap_employees",
              "$filter": "_aia_user_value eq @{outputs('Retrieve_sourcing_request_by_id')?['body/_aia_contractowner_value']}"
            },
            "authentication": {
              "type": "Raw",
              "value": "@json(decodeBase64(triggerOutputs().headers['X-MS-APIM-Tokens']))['$ConnectionKey']"
            }
          }
        },
        "Immediate_supervisor_id": {
          "runAfter": {
            "Retrieve_SAP_employee_by_contract_owner_id": [
              "Succeeded"
            ]
          },
          "metadata": {
            "operationMetadataId": "ff4fa638-71e7-47e0-bec5-6e05f771f5cb"
          },
          "type": "InitializeVariable",
          "inputs": {
            "variables": [
              {
                "name": "ImmediateSupervisor",
                "type": "string"
              }
            ]
          }
        },
        "Generation_Failed": {
          "runAfter": {
            "Do_until_break_flag": [
              "Succeeded"
            ]
          },
          "metadata": {
            "operationMetadataId": "92a2e7dc-cb0b-4daa-aaa5-fefb4a5ad172"
          },
          "type": "InitializeVariable",
          "inputs": {
            "variables": [
              {
                "name": "GenerationFailed",
                "type": "boolean",
                "value": false
              }
            ]
          }
        },
        "If_generation_approval_matrix_is_failed_or_not": {
          "actions": {
            "Respond_to_a_PowerApp_or_flow": {
              "runAfter": {},
              "metadata": {
                "operationMetadataId": "8308c7b5-baf0-4d70-b221-30fef029e6d1"
              },
              "type": "Response",
              "kind": "PowerApp",
              "inputs": {
                "statusCode": 200,
                "body": {
                  "result": "success"
                },
                "schema": {
                  "type": "object",
                  "properties": {
                    "result": {
                      "title": "Result",
                      "x-ms-dynamically-added": true,
                      "type": "string"
                    }
                  }
                }
              }
            }
          },
          "runAfter": {
            "WBS_or_CO": [
              "Succeeded"
            ]
          },
          "else": {
            "actions": {
              "Deactive_Approval_Matrix": {
                "runAfter": {},
                "metadata": {
                  "operationMetadataId": "96002e62-a2d9-4a04-8390-0c7f6f384275"
                },
                "type": "OpenApiConnection",
                "inputs": {
                  "host": {
                    "connectionName": "shared_commondataserviceforapps_2",
                    "operationId": "PerformUnboundAction",
                    "apiId": "/providers/Microsoft.PowerApps/apis/shared_commondataserviceforapps"
                  },
                  "parameters": {
                    "actionName": "aia_ProcessaddApproverandEndorsertoTeamMember",
                    "item/RequestID": "@triggerBody()['text']",
                    "item/DeactiveApprovalMatrixID": "@triggerBody()['text_1']"
                  },
                  "authentication": {
                    "type": "Raw",
                    "value": "@json(decodeBase64(triggerOutputs().headers['X-MS-APIM-Tokens']))['$ConnectionKey']"
                  }
                }
              },
              "Terminate": {
                "runAfter": {
                  "Update_approval_matrix_to_current_approval_matrix_of_sourcing_request": [
                    "Succeeded"
                  ]
                },
                "metadata": {
                  "operationMetadataId": "700deec6-4016-4c1a-a055-bcebee34ddcc"
                },
                "type": "Terminate",
                "inputs": {
                  "runStatus": "Failed"
                }
              },
              "Create_approval_matrix_for_sourcing_request": {
                "runAfter": {
                  "Deactive_Approval_Matrix": [
                    "Succeeded"
                  ]
                },
                "metadata": {
                  "operationMetadataId": "6f3597ab-8030-4fff-81c4-c6c7e857763a"
                },
                "type": "OpenApiConnection",
                "inputs": {
                  "host": {
                    "connectionName": "shared_commondataserviceforapps_2",
                    "operationId": "CreateRecord",
                    "apiId": "/providers/Microsoft.PowerApps/apis/shared_commondataserviceforapps"
                  },
                  "parameters": {
                    "entityName": "aia_s2c_approvals",
                    "item/aia_name": "Approval Matrix - @{outputs('Retrieve_sourcing_request_by_id')?['body/aia_requesttitle']}",
                    "item/aia_approval_matrix_status": 914710001,
                    "item/aia_approval_status": 914710000,
                    "item/aia_isrebuildafterfailure": true,
                    "item/aia_sourcing_request@odata.bind": "/aia_s2c_sourcingrequests(@{outputs('Retrieve_sourcing_request_by_id')?['body/aia_s2c_sourcingrequestid']})"
                  },
                  "authentication": {
                    "type": "Raw",
                    "value": "@json(decodeBase64(triggerOutputs().headers['X-MS-APIM-Tokens']))['$ConnectionKey']"
                  }
                }
              },
              "Update_approval_matrix_to_current_approval_matrix_of_sourcing_request": {
                "runAfter": {
                  "Create_approval_matrix_for_sourcing_request": [
                    "Succeeded"
                  ]
                },
                "metadata": {
                  "operationMetadataId": "3c8c127c-94dc-4768-b8ab-c361eb146db9"
                },
                "type": "OpenApiConnection",
                "inputs": {
                  "host": {
                    "connectionName": "shared_commondataserviceforapps_2",
                    "operationId": "UpdateRecord",
                    "apiId": "/providers/Microsoft.PowerApps/apis/shared_commondataserviceforapps"
                  },
                  "parameters": {
                    "entityName": "aia_s2c_sourcingrequests",
                    "recordId": "@outputs('Retrieve_sourcing_request_by_id')?['body/aia_s2c_sourcingrequestid']",
                    "item/aia_current_approval_matrix@odata.bind": "/aia_s2c_approvals(@{outputs('Create_approval_matrix_for_sourcing_request')?['body/aia_s2c_approvalid']})"
                  },
                  "authentication": {
                    "type": "Raw",
                    "value": "@json(decodeBase64(triggerOutputs().headers['X-MS-APIM-Tokens']))['$ConnectionKey']"
                  }
                }
              }
            }
          },
          "expression": {
            "equals": [
              "@variables('GenerationFailed')",
              false
            ]
          },
          "metadata": {
            "operationMetadataId": "b2577735-06cb-4f12-b980-631edf3f9acd"
          },
          "type": "If"
        },
        "Initialize_aia_person_responsible_approval_limit": {
          "runAfter": {
            "Immediate_supervisor_id": [
              "Succeeded"
            ]
          },
          "metadata": {
            "operationMetadataId": "e1fba66a-d4d8-4d62-a4f5-249ca5d6df78"
          },
          "type": "InitializeVariable",
          "inputs": {
            "variables": [
              {
                "name": "aia_person_responsible_approval_limit",
                "type": "boolean"
              }
            ]
          }
        }
      },
      "outputs": {}
    },
    "templateName": ""
  },
  "schemaVersion": "1.0.0.0"
}