{
  "properties": {
    "connectionReferences": {
      "shared_commondataserviceforapps": {
        "runtimeSource": "embedded",
        "connection": {
          "connectionReferenceLogicalName": "aia_sharedcommondataserviceforapps_1c6db"
        },
        "api": {
          "name": "shared_commondataserviceforapps"
        }
      },
      "shared_commondataserviceforapps_1": {
        "runtimeSource": "embedded",
        "connection": {
          "connectionReferenceLogicalName": "aia_sharedcommondataserviceforapps_1c6db"
        },
        "api": {
          "name": "shared_commondataserviceforapps"
        }
      },
      "shared_office365_1": {
        "runtimeSource": "embedded",
        "connection": {
          "connectionReferenceLogicalName": "aia_sharedoffice365_b2416"
        },
        "api": {
          "name": "shared_office365"
        }
      }
    },
    "definition": {
      "$schema": "https://schema.management.azure.com/providers/Microsoft.Logic/schemas/2016-06-01/workflowdefinition.json#",
      "contentVersion": "1.0.0.0",
      "parameters": {
        "$connections": {
          "defaultValue": {},
          "type": "Object"
        },
        "$authentication": {
          "defaultValue": {},
          "type": "SecureObject"
        }
      },
      "triggers": {
        "manual": {
          "metadata": {
            "operationMetadataId": "ef370d4e-8e45-44b2-8041-cf77afcad370"
          },
          "type": "Request",
          "kind": "Button",
          "inputs": {
            "schema": {
              "type": "object",
              "properties": {
                "text": {
                  "title": "ActivityGuid",
                  "type": "string",
                  "x-ms-dynamically-added": true,
                  "description": "Please enter your input",
                  "x-ms-content-hint": "TEXT"
                }
              },
              "required": [
                "text"
              ]
            }
          }
        }
      },
      "actions": {
        "Respond_to_a_PowerApp_or_flow": {
          "runAfter": {
            "Condition": [
              "Succeeded"
            ]
          },
          "metadata": {
            "operationMetadataId": "a3fff2b1-e628-483f-8b8c-58966391a231"
          },
          "type": "Response",
          "kind": "PowerApp",
          "inputs": {
            "statusCode": 200,
            "body": {
              "result": true
            },
            "schema": {
              "type": "object",
              "properties": {
                "result": {
                  "title": "result",
                  "x-ms-dynamically-added": true,
                  "type": "boolean"
                }
              }
            }
          }
        },
        "Find_NEW_Batch_Extension_Approval": {
          "runAfter": {},
          "metadata": {
            "operationMetadataId": "f624df11-d4e4-4470-9c3f-53102b619938"
          },
          "type": "OpenApiConnection",
          "inputs": {
            "host": {
              "connectionName": "shared_commondataserviceforapps",
              "operationId": "ListRecords",
              "apiId": "/providers/Microsoft.PowerApps/apis/shared_commondataserviceforapps"
            },
            "parameters": {
              "entityName": "aia_newbatchextensionactivities",
              "fetchXml": "<fetch top=\"1\">\n  <entity name=\"aia_newbatchextensionactivity\">\n    <attribute name=\"createdon\" />\n    <attribute name=\"aia_contracting_entity\" />\n    <attribute name=\"aia_individualnames\" />\n    <attribute name=\"aia_supplier\" />\n    <attribute name=\"aia_requestid\" />\n    <attribute name=\"aia_department\" />\n    <attribute name=\"subject\" />\n    <attribute name=\"aia_role_title\" />\n    <attribute name=\"aia_hiring_manager\" />\n    <filter>\n      <condition attribute=\"activityid\" operator=\"eq\" value=\"@{triggerBody()['text']}\" />\n    </filter>\n    <link-entity name=\"systemuser\" from=\"systemuserid\" to=\"aia_hiring_manager\" link-type=\"inner\" alias=\"hiringmanager\">\n      <attribute name=\"internalemailaddress\" />\n      <attribute name=\"fullname\" />\n    </link-entity>\n    <link-entity name=\"account\" from=\"accountid\" to=\"aia_supplier\" link-type=\"inner\" alias=\"supplier\">\n      <attribute name=\"name\" />\n    </link-entity>\n  </entity>\n</fetch>"
            },
            "authentication": {
              "type": "Raw",
              "value": "@json(decodeBase64(triggerOutputs().headers['X-MS-APIM-Tokens']))['$ConnectionKey']"
            }
          }
        },
        "Find_New_Extensions": {
          "runAfter": {
            "Find_NEW_Batch_Extension_Approval": [
              "Succeeded"
            ]
          },
          "metadata": {
            "operationMetadataId": "1735a6de-3ec2-42cf-80ca-333d47afbafc"
          },
          "type": "OpenApiConnection",
          "inputs": {
            "host": {
              "connectionName": "shared_commondataserviceforapps",
              "operationId": "ListRecords",
              "apiId": "/providers/Microsoft.PowerApps/apis/shared_commondataserviceforapps"
            },
            "parameters": {
              "entityName": "aia_newextensions",
              "fetchXml": "<fetch top=\"5000\">\n  <entity name=\"aia_newextension\">\n    <attribute name=\"aia_newextensionid\" />\n    <attribute name=\"aia_new\" />\n    <attribute name=\"aia_extension_status\" />\n    <attribute name=\"aia_extension_comments\" />\n    <attribute name=\"aia_original_offboarding_date\" />\n    <attribute name=\"aia_offboarding_date\" />\n    <attribute name=\"aia_change_in_access_right\" />\n    <filter>\n      <condition attribute=\"aia_new_batch_extension_activity\" operator=\"eq\" value=\"@{triggerBody()['text']}\" />\n      <condition attribute=\"statuscode\" operator=\"eq\" value=\"1\" />\n    </filter>\n    <link-entity name=\"aia_new\" from=\"aia_newid\" to=\"aia_new\" link-type=\"inner\" alias=\"new\">\n      <attribute name=\"aia_individual_id\" />\n    </link-entity>\n  </entity>\n</fetch>"
            },
            "authentication": {
              "type": "Raw",
              "value": "@json(decodeBase64(triggerOutputs().headers['X-MS-APIM-Tokens']))['$ConnectionKey']"
            }
          }
        },
        "Initialize_variable": {
          "runAfter": {
            "Find_New_Extensions": [
              "Succeeded"
            ]
          },
          "metadata": {
            "operationMetadataId": "211cd03a-1c89-4baa-a98d-823ce776bb0e"
          },
          "type": "InitializeVariable",
          "inputs": {
            "variables": [
              {
                "name": "NewList",
                "type": "array"
              }
            ]
          }
        },
        "Initialize_variable_2": {
          "runAfter": {
            "Initialize_variable": [
              "Succeeded"
            ]
          },
          "metadata": {
            "operationMetadataId": "78f92d49-b7f0-49df-ad50-99a32b794dea"
          },
          "type": "InitializeVariable",
          "inputs": {
            "variables": [
              {
                "name": "newCount",
                "type": "integer",
                "value": 0
              }
            ]
          }
        },
        "actionable_json": {
          "runAfter": {
            "Initialize_variable_2": [
              "Succeeded"
            ]
          },
          "metadata": {
            "operationMetadataId": "5351c148-b7b0-4d32-b8cb-628cbf48358e"
          },
          "type": "InitializeVariable",
          "inputs": {
            "variables": [
              {
                "name": "actionAbleJson",
                "type": "string"
              }
            ]
          }
        },
        "Condition": {
          "actions": {
            "Apply_to_each": {
              "foreach": "@outputs('Find_New_Extensions')?['body/value']",
              "actions": {
                "Increment_variable": {
                  "runAfter": {},
                  "metadata": {
                    "operationMetadataId": "a4bdbcc4-e383-4a13-8cc9-7f05407a043f"
                  },
                  "type": "IncrementVariable",
                  "inputs": {
                    "name": "newCount",
                    "value": 1
                  }
                },
                "Find_New": {
                  "runAfter": {
                    "Increment_variable": [
                      "Succeeded"
                    ]
                  },
                  "metadata": {
                    "operationMetadataId": "e0b26603-e9b8-430f-a7b3-5d3444e64faa"
                  },
                  "type": "OpenApiConnection",
                  "inputs": {
                    "host": {
                      "connectionName": "shared_commondataserviceforapps_1",
                      "operationId": "ListRecords",
                      "apiId": "/providers/Microsoft.PowerApps/apis/shared_commondataserviceforapps"
                    },
                    "parameters": {
                      "entityName": "aia_news",
                      "fetchXml": "<fetch top=\"1\">\n  <entity name=\"aia_new\">\n    <attribute name=\"aia_require_a_workstation\" />\n    <attribute name=\"aia_require_access_card\" />\n    <attribute name=\"aia_fully_vaccinated\" />\n    <attribute name=\"aia_work_station_number_assigned\" />\n    <attribute name=\"aia_require_lan_id\" />\n    <attribute name=\"aia_offboarding_date\" />\n    <attribute name=\"aia_time_option\" />\n    <attribute name=\"aia_new_based\" />\n    <attribute name=\"aia_work_location_and_floor\" />\n    <filter>\n      <condition attribute=\"aia_newid\" operator=\"eq\" value=\"@{items('Apply_to_each')?['_aia_new_value']}\" />\n    </filter>\n  </entity>\n</fetch>"
                    },
                    "authentication": {
                      "type": "Raw",
                      "value": "@json(decodeBase64(triggerOutputs().headers['X-MS-APIM-Tokens']))['$ConnectionKey']"
                    }
                  }
                },
                "Condition_2": {
                  "actions": {
                    "Update_[New_Extensions].[Original_Access]_By_[New]": {
                      "runAfter": {},
                      "metadata": {
                        "operationMetadataId": "e5e2627d-e04d-4368-a2d3-7b2f05b57680"
                      },
                      "type": "OpenApiConnection",
                      "inputs": {
                        "host": {
                          "connectionName": "shared_commondataserviceforapps_1",
                          "operationId": "UpdateRecord",
                          "apiId": "/providers/Microsoft.PowerApps/apis/shared_commondataserviceforapps"
                        },
                        "parameters": {
                          "entityName": "aia_newextensions",
                          "recordId": "@items('Apply_to_each')?['aia_newextensionid']",
                          "item/aia_original_fully_vaccinated": "@if(not(equals(first(body('Find_New')?['value'])?['aia_fully_vaccinated'],null)),first(body('Find_New')?['value'])?['aia_fully_vaccinated'],items('Apply_to_each')?['aia_original_fully_vaccinated'])",
                          "item/aia_original_offboarding_date": "@if(not(equals(first(body('Find_New')?['value'])?['aia_offboarding_date'],null)),first(body('Find_New')?['value'])?['aia_offboarding_date'],items('Apply_to_each')?['aia_original_offboarding_date'])",
                          "item/aia_original_new_based": "@if(not(equals(first(body('Find_New')?['value'])?['aia_new_based'],null)),first(body('Find_New')?['value'])?['aia_new_based'],items('Apply_to_each')?['aia_original_new_based'])",
                          "item/aia_original_require_access_card": "@if(not(equals(first(body('Find_New')?['value'])?['aia_require_access_card'],null)),first(body('Find_New')?['value'])?['aia_require_access_card'],items('Apply_to_each')?['aia_original_require_access_card'])",
                          "item/aia_original_require_a_workstation": "@if(not(equals(first(body('Find_New')?['value'])?['aia_require_a_workstation'],null)),first(body('Find_New')?['value'])?['aia_require_a_workstation'],items('Apply_to_each')?['aia_original_require_a_workstation'])",
                          "item/aia_original_require_lan_id": "@if(not(equals(first(body('Find_New')?['value'])?['aia_require_lan_id'],null)),first(body('Find_New')?['value'])?['aia_require_lan_id'],items('Apply_to_each')?['aia_original_require_lan_id'])",
                          "item/aia_original_time_option": "@if(not(equals(first(body('Find_New')?['value'])?['aia_time_option'],null)),first(body('Find_New')?['value'])?['aia_time_option'],items('Apply_to_each')?['aia_original_time_option'])",
                          "item/aia_original_work_location_and_floor": "@if(not(equals(first(body('Find_New')?['value'])?['aia_work_location_and_floor'],null)),first(body('Find_New')?['value'])?['aia_work_location_and_floor'],items('Apply_to_each')?['aia_original_work_location_and_floor'])",
                          "item/aia_original_work_station_number_assigned": "@if(not(equals(first(body('Find_New')?['value'])?['aia_work_station_number_assigned'],null)),first(body('Find_New')?['value'])?['aia_work_station_number_assigned'],items('Apply_to_each')?['aia_original_work_station_number_assigned'])"
                        },
                        "authentication": {
                          "type": "Raw",
                          "value": "@json(decodeBase64(triggerOutputs().headers['X-MS-APIM-Tokens']))['$ConnectionKey']"
                        }
                      }
                    }
                  },
                  "runAfter": {
                    "Append_to_array_variable": [
                      "Succeeded"
                    ]
                  },
                  "expression": {
                    "greaterOrEquals": [
                      "@length(outputs('Find_New')?['body/value'])",
                      1
                    ]
                  },
                  "metadata": {
                    "operationMetadataId": "a130c4c1-fea3-4358-b74a-a1047e25a8ed"
                  },
                  "type": "If"
                },
                "Append_to_array_variable": {
                  "runAfter": {
                    "Find_New": [
                      "Succeeded"
                    ]
                  },
                  "metadata": {
                    "operationMetadataId": "f2c9ecc2-3d94-4d53-9ec0-f9ef006e0111"
                  },
                  "type": "AppendToArrayVariable",
                  "inputs": {
                    "name": "NewList",
                    "value": {
                      "type": "Container",
                      "padding": {
                        "top": "None",
                        "bottom": "Default",
                        "left": "Default",
                        "right": "Default"
                      },
                      "items": [
                        {
                          "type": "TextBlock",
                          "text": "Individual #@{variables('newCount')}",
                          "wrap": true,
                          "size": "Large",
                          "color": "Attention",
                          "weight": "Bolder"
                        },
                        {
                          "type": "FactSet",
                          "facts": [
                            {
                              "title": "New ID",
                              "value": "@{items('Apply_to_each')?['new.aia_individual_id']}"
                            },
                            {
                              "title": "Original Last Date of Service",
                              "value": "@{if(not(equals(first(body('Find_New')?['value'])?['aia_offboarding_date@OData.Community.Display.V1.FormattedValue'],null)),formatDateTime(first(body('Find_New')?['value'])?['aia_offboarding_date@OData.Community.Display.V1.FormattedValue'],'dd-MMM-yyyy'),if(not(equals(items('Apply_to_each')?['aia_original_offboarding_date@OData.Community.Display.V1.FormattedValue'],null)),formatDateTime(items('Apply_to_each')?['aia_original_offboarding_date@OData.Community.Display.V1.FormattedValue'],'dd-MMM-yyyy'),' '))}"
                            },
                            {
                              "title": "Proposed New Last Date",
                              "value": "@{if(equals(items('Apply_to_each')?['aia_offboarding_date@OData.Community.Display.V1.FormattedValue'],null),' ',formatDateTime(items('Apply_to_each')?['aia_offboarding_date@OData.Community.Display.V1.FormattedValue'], 'dd-MMM-yyyy'))}"
                            },
                            {
                              "title": "Is there a change in access right?",
                              "value": "@{items('Apply_to_each')?['aia_change_in_access_right@OData.Community.Display.V1.FormattedValue']}"
                            },
                            {
                              "title": "Justification for extension",
                              "value": "@{items('Apply_to_each')?['aia_extension_comments']}"
                            }
                          ]
                        }
                      ],
                      "spacing": "None"
                    }
                  }
                }
              },
              "runAfter": {},
              "metadata": {
                "operationMetadataId": "c5b78570-5e26-418f-a86b-1c4706d96f13"
              },
              "type": "Foreach"
            },
            "Find_SAP_Employees": {
              "runAfter": {
                "Apply_to_each": [
                  "Succeeded"
                ]
              },
              "metadata": {
                "operationMetadataId": "a1725112-98bc-44c6-8e99-ebd213c52ab9"
              },
              "type": "OpenApiConnection",
              "inputs": {
                "host": {
                  "connectionName": "shared_commondataserviceforapps",
                  "operationId": "ListRecords",
                  "apiId": "/providers/Microsoft.PowerApps/apis/shared_commondataserviceforapps"
                },
                "parameters": {
                  "entityName": "aia_sap_employees",
                  "fetchXml": "<fetch top=\"1\">\n  <entity name=\"aia_sap_employee\">\n    <attribute name=\"aia_immediate_supervisor\" />\n    <filter>\n      <condition attribute=\"aia_user\" operator=\"eq\" value=\"@{first(body('Find_NEW_Batch_Extension_Approval')?['value'])?['_aia_hiring_manager_value']}\" />\n      <condition attribute=\"statuscode\" operator=\"eq\" value=\"1\" />\n    </filter>\n    <link-entity name=\"systemuser\" from=\"systemuserid\" to=\"aia_immediate_supervisor\" link-type=\"inner\" alias=\"supervisor\">\n      <attribute name=\"internalemailaddress\" />\n      <attribute name=\"fullname\" />\n    </link-entity>\n  </entity>\n</fetch>"
                },
                "authentication": {
                  "type": "Raw",
                  "value": "@json(decodeBase64(triggerOutputs().headers['X-MS-APIM-Tokens']))['$ConnectionKey']"
                }
              }
            },
            "Condition_3": {
              "actions": {
                "Get_Office_365_Users_Given_Name": {
                  "runAfter": {},
                  "metadata": {
                    "operationMetadataId": "00f05c0c-e333-4a06-a327-bee3c3a18688"
                  },
                  "type": "Workflow",
                  "inputs": {
                    "host": {
                      "workflowReferenceName": "fc7467b5-a290-ec11-b401-000d3aa14cd5"
                    },
                    "body": {
                      "text": "@first(body('Find_SAP_Employees')?['value'])?['supervisor.internalemailaddress']"
                    }
                  }
                },
                "Find_Config": {
                  "runAfter": {
                    "Get_Office_365_Users_Given_Name": [
                      "Succeeded"
                    ]
                  },
                  "metadata": {
                    "operationMetadataId": "e173303e-d66a-42fb-ba19-7d77c183b556"
                  },
                  "type": "Workflow",
                  "inputs": {
                    "host": {
                      "workflowReferenceName": "cb8c7cef-6161-ec11-8f8f-000d3a80eca3"
                    },
                    "body": {
                      "text": "Actionable_Email_Provider_Id"
                    }
                  }
                },
                "Find_Target_URL": {
                  "runAfter": {
                    "Find_Config": [
                      "Succeeded"
                    ]
                  },
                  "metadata": {
                    "operationMetadataId": "7d387579-f37d-4450-8525-ed695fec213d"
                  },
                  "type": "Workflow",
                  "inputs": {
                    "host": {
                      "workflowReferenceName": "cb8c7cef-6161-ec11-8f8f-000d3a80eca3"
                    },
                    "body": {
                      "text": "Actionable_Email_Target_URL"
                    }
                  }
                },
                "Run_Canvas_DeepLink_URL": {
                  "runAfter": {
                    "Find_Target_URL": [
                      "Succeeded"
                    ]
                  },
                  "metadata": {
                    "operationMetadataId": "be24df26-f811-4154-b4e0-02dfb61b7ad8"
                  },
                  "type": "Workflow",
                  "inputs": {
                    "host": {
                      "workflowReferenceName": "cb8c7cef-6161-ec11-8f8f-000d3a80eca3"
                    },
                    "body": {
                      "text": "Canvas_DeepLink_URL"
                    }
                  }
                },
                "Find_Not_Reply_Email_Address": {
                  "runAfter": {
                    "Run_Canvas_DeepLink_URL": [
                      "Succeeded"
                    ]
                  },
                  "metadata": {
                    "operationMetadataId": "1ede7fc6-a81e-495e-a51f-a4dbd56db6e0"
                  },
                  "type": "Workflow",
                  "inputs": {
                    "host": {
                      "workflowReferenceName": "cb8c7cef-6161-ec11-8f8f-000d3a80eca3"
                    },
                    "body": {
                      "text": "Not_Reply_Email_Address"
                    }
                  }
                },
                "Set_variable": {
                  "runAfter": {
                    "Find_Not_Reply_Email_Address": [
                      "Succeeded"
                    ]
                  },
                  "metadata": {
                    "operationMetadataId": "2160e6a7-fbb1-49a4-89ee-1baefd7e58ee"
                  },
                  "type": "SetVariable",
                  "inputs": {
                    "name": "actionAbleJson",
                    "value": "\t{\n\t\t\"type\": \"AdaptiveCard\",\n\t\t\"body\": [\n\t\t\t{\n\t\t\t\t\"type\": \"ColumnSet\",\n\t\t\t\t\"style\": \"emphasis\",\n\t\t\t\t\"columns\": [\n\t\t\t\t\t{\n\t\t\t\t\t\t\"type\": \"Column\",\n\t\t\t\t\t\t\"items\": [\n\t\t\t\t\t\t\t{\n\t\t\t\t\t\t\t\t\"type\": \"TextBlock\",\n\t\t\t\t\t\t\t\t\"text\": \"Hi @{body('Get_Office_365_Users_Given_Name')?['result']},\",\n\t\t\t\t\t\t\t\t\"wrap\": true\n\t\t\t\t\t\t\t}\n\t\t\t\t\t\t],\n\t\t\t\t\t\t\"width\": \"stretch\",\n\t\t\t\t\t\t\"padding\": \"None\"\n\t\t\t\t\t}\n\t\t\t\t],\n\t\t\t\t\"padding\": \"Default\",\n\t\t\t\t\"spacing\": \"None\"\n\t\t\t},\n\t\t\t{\n\t\t\t\t\"type\": \"Container\",\n\t\t\t\t\"items\": [\n\t\t\t\t\t{\n\t\t\t\t\t\t\"type\": \"TextBlock\",\n\t\t\t\t\t\t\"id\": \"32e15b6b-67e8-2cdf-4e30-4f2072b4f4be\",\n\t\t\t\t\t\t\"text\": \"The request(s) below is submitted to extend the physical access card and/or LAN ID for the following individual(s).  \",\n\t\t\t\t\t\t\"wrap\": true\n\t\t\t\t\t},\n\t\t\t\t\t{\n\t\t\t\t\t\t\"type\": \"TextBlock\",\n\t\t\t\t\t\t\"id\": \"491ccacb-b2b6-49ae-684b-7a5771a2d4dd\",\n\t\t\t\t\t\t\"text\": \"If you would like to approve for select individuals only, you may click this link to be directed to the Status Overview Page.\",\n\t\t\t\t\t\t\"wrap\": true\n\t\t\t\t\t},\n\t\t\t\t\t{\n\t\t\t\t\t\t\"type\": \"ActionSet\",\n\t\t\t\t\t\t\"id\": \"ea857713-f4a2-3513-cdbb-ea050d1db306\",\n\t\t\t\t\t\t\"actions\": [\n\t\t\t\t\t\t\t{\n\t\t\t\t\t\t\t\t\"type\": \"Action.OpenUrl\",\n\t\t\t\t\t\t\t\t\"id\": \"f6092c9b-57ad-2fb6-8bda-cef59e18d72f\",\n\t\t\t\t\t\t\t\t\"title\": \"ROA Approval Page\",\n\t\t\t\t\t\t\t\t\"url\": \"@{body('Run_Canvas_DeepLink_URL')?['result']}\"\n\t\t\t\t\t\t\t}\n\t\t\t\t\t\t]\n\t\t\t\t\t}\n\t\t\t\t],\n\t\t\t\t\"padding\": \"Default\",\n\t\t\t\t\"spacing\": \"None\",\n\t\t\t\t\"separator\": true\n\t\t\t},\n\t\t\t{\n\t\t\t\t\"type\": \"Container\",\n\t\t\t\t\"padding\": \"Default\",\n\t\t\t\t\"items\": [\n\t\t\t\t\t{\n\t\t\t\t\t\t\"type\": \"TextBlock\",\n\t\t\t\t\t\t\"text\": \"Overview\",\n\t\t\t\t\t\t\"wrap\": true,\n\t\t\t\t\t\t\"size\": \"Large\",\n\t\t\t\t\t\t\"color\": \"Attention\",\n\t\t\t\t\t\t\"weight\": \"Bolder\"\n\t\t\t\t\t},\n\t\t\t\t\t{\n\t\t\t\t\t\t\"type\": \"Container\",\n\t\t\t\t\t\t\"padding\": \"None\",\n\t\t\t\t\t\t\"items\": [\n\t\t\t\t\t\t\t{\n\t\t\t\t\t\t\t\t\"type\": \"FactSet\",\n\t\t\t\t\t\t\t\t\"facts\": [\n\t\t\t\t\t\t\t\t\t{\n\t\t\t\t\t\t\t\t\t\t\"title\": \"Request ID\",\n\t\t\t\t\t\t\t\t\t\t\"value\": \"@{first(body('Find_NEW_Batch_Extension_Approval')?['value'])?['aia_requestid']}\"\n\t\t\t\t\t\t\t\t\t},\n\t\t\t\t\t\t\t\t\t{\n\t\t\t\t\t\t\t\t\t\t\"title\": \"Hiring Manager\",\n\t\t\t\t\t\t\t\t\t\t\"value\": \"@{first(body('Find_NEW_Batch_Extension_Approval')?['value'])?['hiringmanager.fullname']}\"\n\t\t\t\t\t\t\t\t\t},\n\t\t\t\t\t\t\t\t\t{\n\t\t\t\t\t\t\t\t\t\t\"title\": \"Role Title\",\n\t\t\t\t\t\t\t\t\t\t\"value\": \"@{first(body('Find_NEW_Batch_Extension_Approval')?['value'])?['aia_role_title']}\"\n\t\t\t\t\t\t\t\t\t},\n\t\t\t\t\t\t\t\t\t{\n\t\t\t\t\t\t\t\t\t\t\"title\": \"Department\",\n\t\t\t\t\t\t\t\t\t\t\"value\": \"@{first(body('Find_NEW_Batch_Extension_Approval')?['value'])?['aia_department']}\"\n\t\t\t\t\t\t\t\t\t},\n\t\t\t\t\t\t\t\t\t{\n\t\t\t\t\t\t\t\t\t\t\"title\": \"AIA Contracting Entity\",\n\t\t\t\t\t\t\t\t\t\t\"value\": \"@{first(body('Find_NEW_Batch_Extension_Approval')?['value'])?['aia_contracting_entity@OData.Community.Display.V1.FormattedValue']}\"\n\t\t\t\t\t\t\t\t\t},\n\t\t\t\t\t\t\t\t\t{\n\t\t\t\t\t\t\t\t\t\t\"title\": \"Supplier Name\",\n\t\t\t\t\t\t\t\t\t\t\"value\": \"@{first(body('Find_NEW_Batch_Extension_Approval')?['value'])?['supplier.name']}\"\n\t\t\t\t\t\t\t\t\t}\n\t\t\t\t\t\t\t\t]\n\t\t\t\t\t\t\t}\n\t\t\t\t\t\t]\n\t\t\t\t\t}\n\t\t\t\t],\n\t\t\t\t\"spacing\": \"None\",\n\t\t\t\t\"separator\": true\n\t\t\t},\n\t\t\t{\n\t\t\t\t\"type\": \"Container\",\n\t\t\t\t\"padding\": \"Default\",\n\t\t\t\t\"items\": [@{join(variables('NewList'), ',')}]\n\t\t\t},\t\t\t\n\t\t\t{\n\t\t\t\t\"type\": \"Container\",\n\t\t\t\t\"padding\": \"Default\",\n\t\t\t\t\"items\": [\n\t\t\t\t\t{\n\t\t\t\t\t\t\"type\": \"ActionSet\",\n\t\t\t\t\t\t\"actions\": [\n\t\t\t\t\t\t\t{\n\t\t\t\t\t\t\t\"type\": \"Action.Http\",\n\t\t\t\t\t\t\t\"id\": \"approve\",\n\t\t\t\t\t\t\t\"title\": \"Approve\",\n\t\t\t\t\t\t\t\"method\": \"POST\",\n\t\t\t\t\t\t\t\"url\": \"@{body('Find_Target_URL')?['result']}\",\n\t\t\t\t\t\t\t\"body\": \"{\\\"eMailType\\\":\\\"NEW_EXTENSION_APPROVAL\\\",\\\"actionType\\\":\\\"approver\\\",\\\"feedBack\\\": \\\"\\\",\\\"newBatchExtensionApprovalId\\\":\\\"@{triggerBody()['text']}\\\"}\",\n\t\t\t\t\t\t\t\"isPrimary\": true,\n\t\t\t\t\t\t\t\"style\": \"positive\",\n\t\t\t\t\t\t\t\"headers\": [\n\t\t\t\t\t\t\t\t{\n\t\t\t\t\t\t\t\t\t\"name\": \"Authorization\",\n\t\t\t\t\t\t\t\t\t\"value\": \"\"\n\t\t\t\t\t\t\t\t},\n\t\t\t\t\t\t\t\t{\n\t\t\t\t\t\t\t\t\t\"name\": \"Content-Type\",\n\t\t\t\t\t\t\t\t\t\"value\": \"application/json\"\n\t\t\t\t\t\t\t\t}\n\t\t\t\t\t\t\t]\n\t\t\t\t\t\t},{\n\t\t\t\t\t\t\t\t\"type\": \"Action.ShowCard\",\n\t\t\t\t\t\t\t\t\"id\": \"2ca1f3b0-1bec-6b70-0daf-4f06813330eb\",\n\t\t\t\t\t\t\t\t\"title\": \"Reject\",\n\t\t\t\t\t\t\t\t\"card\": {\n\t\t\t\t\t\t\t\t\t\"type\": \"AdaptiveCard\",\n\t\t\t\t\t\t\t\t\t\"padding\": \"None\",\n\t\t\t\t\t\t\t\t\t\"$schema\": \"http://adaptivecards.io/schemas/adaptive-card.json\",\n\t\t\t\t\t\t\t\t\t\"id\": \"showcard1\",\n\t\t\t\t\t\t\t\t\t\"body\": [\n\t\t\t\t\t\t\t\t\t\t{\n\t\t\t\t\t\t\t\t\t\t\t\"type\": \"Container\",\n\t\t\t\t\t\t\t\t\t\t\t\"items\": [\n\t\t\t\t\t\t\t\t\t\t\t\t{\n\t\t\t\t\t\t\t\t\t\t\t\t\t\"type\": \"TextBlock\",\n\t\t\t\t\t\t\t\t\t\t\t\t\t\"id\": \"CommentRejectText\",\n\t\t\t\t\t\t\t\t\t\t\t\t\t\"text\": \"Reason of rejection\",\n\t\t\t\t\t\t\t\t\t\t\t\t\t\"wrap\": true,\n\t\t\t\t\t\t\t\t\t\t\t\t\t\"weight\": \"Bolder\",\n\t\t\t\t\t\t\t\t\t\t\t\t\t\"size\": \"Large\"\n\t\t\t\t\t\t\t\t\t\t\t\t},\n\t\t\t\t\t\t\t\t\t\t\t\t{\n\t\t\t\t\t\t\t\t\t\t\t\t\t\"type\": \"Input.Text\",\n\t\t\t\t\t\t\t\t\t\t\t\t\t\"id\": \"CommentReject\",\n\t\t\t\t\t\t\t\t\t\t\t\t\t\"placeholder\": \"Please input the reason of rejection here to notify Hiring Manager.\",\n\t\t\t\t\t\t\t\t\t\t\t\t\t\"isMultiline\": true,\n\t\t\t\t\t\t\t\t\t\t\t\t\t\"spacing\": \"None\",\n                                                \"isRequired\": true\n\t\t\t\t\t\t\t\t\t\t\t\t}\n\t\t\t\t\t\t\t\t\t\t\t],\n\t\t\t\t\t\t\t\t\t\t\t\"padding\": \"Default\",\n\t\t\t\t\t\t\t\t\t\t\t\"spacing\": \"None\",\n\t\t\t\t\t\t\t\t\t\t\t\"separator\": true\n\t\t\t\t\t\t\t\t\t\t}\n\t\t\t\t\t\t\t\t\t],\n\t\t\t\t\t\t\t\t\t\"actions\": [\n\t\t\t\t\t\t\t\t\t\t{\n\t\t\t\t\t\t\t\t\t\t\t\"type\": \"Action.Http\",\n\t\t\t\t\t\t\t\t\t\t\t\"title\": \"Submit\",\n\t\t\t\t\t\t\t\t\t\t\t\"method\": \"POST\",\n\t\t\t\t\t\t\t\t\t\t\t\"url\": \"@{body('Find_Target_URL')?['result']}\",\n\t\t\t\t\t\t\t\t\t\t\t\"body\": \"{\\\"eMailType\\\":\\\"NEW_EXTENSION_APPROVAL\\\",\\\"actionType\\\":\\\"reject\\\",\\\"feedBack\\\": \\\"{{CommentReject.value}}\\\",\\\"newBatchExtensionApprovalId\\\":\\\"@{triggerBody()['text']}\\\"}\",\n\t\t\t\t\t\t\t\t\t\t\t\"isPrimary\": true,\n\t\t\t\t\t\t\t\t\t\t\t\"style\": \"positive\",\n\t\t\t\t\t\t\t\t\t\t\t\"headers\": [\n\t\t\t\t\t\t\t\t\t\t\t\t{\n\t\t\t\t\t\t\t\t\t\t\t\t\t\"name\": \"Authorization\",\n\t\t\t\t\t\t\t\t\t\t\t\t\t\"value\": \"\"\n\t\t\t\t\t\t\t\t\t\t\t\t},\n\t\t\t\t\t\t\t\t\t\t\t\t{\n\t\t\t\t\t\t\t\t\t\t\t\t\t\"name\": \"Content-Type\",\n\t\t\t\t\t\t\t\t\t\t\t\t\t\"value\": \"application/json\"\n\t\t\t\t\t\t\t\t\t\t\t\t}\n\t\t\t\t\t\t\t\t\t\t\t]\n\t\t\t\t\t\t\t\t\t\t}\n\t\t\t\t\t\t\t\t\t]\n\t\t\t\t\t\t\t\t},\n\t\t\t\t\t\t\t\t\"style\": \"positive\",\n\t\t\t\t\t\t\t\t\"isPrimary\": true\n\t\t\t\t\t\t\t}\n\t\t\t\t\t\t],\n\t\t\t\t\t\t\"spacing\": \"None\"\n\t\t\t\t\t}\n\t\t\t\t],\n\t\t\t\t\"spacing\": \"None\",\n\t\t\t\t\"separator\": true\n\t\t\t}\n\t\t],\n\t\t\"$schema\": \"http://adaptivecards.io/schemas/adaptive-card.json\",\n\t\t\"version\": \"1.0\",\n\t\t\"padding\": \"None\",\n\t\t\"hideOriginalBody\": true,\n\t\t\"originator\": \"@{body('Find_Config')?['result']}\"\n\t}"
                  }
                },
                "Send_an_email_(V2)": {
                  "runAfter": {
                    "Set_variable": [
                      "Succeeded"
                    ]
                  },
                  "metadata": {
                    "operationMetadataId": "5f812b12-5ab2-4fe0-b2dd-8b00235dcb6f"
                  },
                  "type": "OpenApiConnection",
                  "inputs": {
                    "host": {
                      "connectionName": "shared_office365_1",
                      "operationId": "SendEmailV2",
                      "apiId": "/providers/Microsoft.PowerApps/apis/shared_office365"
                    },
                    "parameters": {
                      "emailMessage/To": "@first(body('Find_SAP_Employees')?['value'])?['supervisor.internalemailaddress']",
                      "emailMessage/Subject": "[Action required] Request for Extension approval _@{first(body('Find_NEW_Batch_Extension_Approval')?['value'])?['aia_requestid']} @{first(body('Find_NEW_Batch_Extension_Approval')?['value'])?['aia_individualnames']} ",
                      "emailMessage/Body": "<html>\n<head> <meta http-equiv=\"Content-Type\" content=\"text/html; charset=us-ascii\">\n<script type=\"application/adaptivecard+json\">\n@{variables('actionAbleJson')}\n</script>\n</head>\n<body>\n<div style=\"display:none\">\nHi @{body('Get_Office_365_Users_Given_Name')?['result']},\nThe request(s) below is submitted to extend the physical access card and/or LAN ID for the following individual(s).  \n\n</div>\n</body>\n</html>",
                      "emailMessage/From": "@body('Find_Not_Reply_Email_Address')?['result']",
                      "emailMessage/Importance": "Normal"
                    },
                    "authentication": {
                      "type": "Raw",
                      "value": "@json(decodeBase64(triggerOutputs().headers['X-MS-APIM-Tokens']))['$ConnectionKey']"
                    }
                  }
                }
              },
              "runAfter": {
                "Find_SAP_Employees": [
                  "Succeeded"
                ]
              },
              "expression": {
                "greaterOrEquals": [
                  "@length(outputs('Find_SAP_Employees')?['body/value'])",
                  1
                ]
              },
              "metadata": {
                "operationMetadataId": "81705c66-f15a-428b-97f1-e7ffdf8ce0ec"
              },
              "type": "If"
            }
          },
          "runAfter": {
            "actionable_json": [
              "Succeeded"
            ]
          },
          "expression": {
            "and": [
              {
                "greaterOrEquals": [
                  "@length(outputs('Find_New_Extensions')?['body/value'])",
                  1
                ]
              },
              {
                "greaterOrEquals": [
                  "@length(outputs('Find_NEW_Batch_Extension_Approval')?['body/value'])",
                  1
                ]
              }
            ]
          },
          "metadata": {
            "operationMetadataId": "8063d9dc-3661-401a-8c2e-667e57e3d475"
          },
          "type": "If"
        }
      }
    },
    "templateName": ""
  },
  "schemaVersion": "1.0.0.0"
}