{
  "properties": {
    "connectionReferences": {
      "shared_commondataserviceforapps": {
        "runtimeSource": "embedded",
        "connection": {
          "connectionReferenceLogicalName": "aia_sharedcommondataserviceforapps_1c6db"
        },
        "api": {
          "name": "shared_commondataserviceforapps"
        }
      }
    },
    "definition": {
      "$schema": "https://schema.management.azure.com/providers/Microsoft.Logic/schemas/2016-06-01/workflowdefinition.json#",
      "contentVersion": "1.0.0.0",
      "parameters": {
        "$connections": {
          "defaultValue": {},
          "type": "Object"
        },
        "$authentication": {
          "defaultValue": {},
          "type": "SecureObject"
        }
      },
      "triggers": {
        "Recurrence": {
          "recurrence": {
            "frequency": "Day",
            "interval": 1,
            "startTime": "2022-07-24T20:00:00Z",
            "schedule": {
              "hours": [
                "4"
              ]
            }
          },
          "metadata": {
            "operationMetadataId": "37f47581-a227-4e7d-a85e-e449d58e82d6"
          },
          "type": "Recurrence"
        }
      },
      "actions": {
        "SourcingRequestGuid": {
          "runAfter": {},
          "metadata": {
            "operationMetadataId": "5e135c18-d7ef-4ea3-b56e-b43960017d34"
          },
          "type": "InitializeVariable",
          "inputs": {
            "variables": [
              {
                "name": "SourcingRequestGuid",
                "type": "string"
              }
            ]
          }
        },
        "NewGuids": {
          "runAfter": {
            "SourcingRequestGuid": [
              "Succeeded"
            ]
          },
          "metadata": {
            "operationMetadataId": "8f6a7be3-ac0e-424e-8ca2-ecbbd2992258"
          },
          "type": "InitializeVariable",
          "inputs": {
            "variables": [
              {
                "name": "NewGuids",
                "type": "array"
              }
            ]
          }
        },
        "ActivityGuid": {
          "runAfter": {
            "NewGuids": [
              "Succeeded"
            ]
          },
          "metadata": {
            "operationMetadataId": "17eeabea-fb5b-43e2-9baf-79377d970dad"
          },
          "type": "InitializeVariable",
          "inputs": {
            "variables": [
              {
                "name": "ActivityGuid",
                "type": "string",
                "value": "@{null}"
              }
            ]
          }
        },
        "for_each_count": {
          "runAfter": {
            "ActivityGuid": [
              "Succeeded"
            ]
          },
          "metadata": {
            "operationMetadataId": "c8cf7a5a-769f-4ea1-be9b-6124b76c5b01"
          },
          "type": "InitializeVariable",
          "inputs": {
            "variables": [
              {
                "name": "foreachCount",
                "type": "integer",
                "value": 0
              }
            ]
          }
        },
        "RequestIds": {
          "runAfter": {
            "for_each_count": [
              "Succeeded"
            ]
          },
          "metadata": {
            "operationMetadataId": "e6f4c8a1-7253-4548-a540-aef789acfe78"
          },
          "type": "InitializeVariable",
          "inputs": {
            "variables": [
              {
                "name": "RequestIds",
                "type": "array"
              }
            ]
          }
        },
        "NewIds": {
          "runAfter": {
            "RequestIds": [
              "Succeeded"
            ]
          },
          "metadata": {
            "operationMetadataId": "96f8d1ad-2136-4c2e-84d6-6dd9ad2fc640"
          },
          "type": "InitializeVariable",
          "inputs": {
            "variables": [
              {
                "name": "NewIds",
                "type": "array"
              }
            ]
          }
        },
        "Find_New_Extension_Group_By_Hiring_Manager_and_Supplier": {
          "runAfter": {
            "Hiring_Manager_Guid": [
              "Succeeded"
            ]
          },
          "metadata": {
            "operationMetadataId": "76e178ee-a9f4-4871-b660-79d6ca3e5c03"
          },
          "type": "OpenApiConnection",
          "inputs": {
            "host": {
              "connectionName": "shared_commondataserviceforapps",
              "operationId": "ListRecords",
              "apiId": "/providers/Microsoft.PowerApps/apis/shared_commondataserviceforapps"
            },
            "parameters": {
              "entityName": "aia_newextensions",
              "fetchXml": "<fetch top=\"5000\">\n  <entity name=\"aia_newextension\">\n    <attribute name=\"ownerid\" />\n    <attribute name=\"aia_newextensionid\" />\n    <filter>\n      <condition attribute=\"aia_extension_status\" operator=\"eq\" value=\"914710000\" />\n      <condition attribute=\"statuscode\" operator=\"eq\" value=\"1\" />\n    </filter>\n    <link-entity name=\"aia_new\" from=\"aia_newid\" to=\"aia_new\" link-type=\"inner\" alias=\"new\">\n      <attribute name=\"aia_proposed_lastdayofservice\" />\n      <attribute name=\"aia_offboarding_date\" />\n      <attribute name=\"aia_name\" />\n      <attribute name=\"aia_individual_id\" />\n      <link-entity name=\"aia_roa\" from=\"aia_roaid\" to=\"aia_roa\" link-type=\"inner\" alias=\"roa\">\n        <attribute name=\"aia_hiring_manager\" />\n        <attribute name=\"aia_roaid\" />\n        <attribute name=\"aia_supplier\" />\n        <attribute name=\"aia_name\" />\n        <attribute name=\"aia_aia_contracting_entity\" />\n        <attribute name=\"aia_department\" />\n        <attribute name=\"aia_role_title_of_hiring_manager\" />\n        <attribute name=\"aia_justification_for_selecting_new\" />\n        <attribute name=\"aia_supplier_name_for_search\" />\n        <filter>\n          <condition attribute=\"aia_sourcing_request\" operator=\"null\" />\n        </filter>\n        <link-entity name=\"aia_sap_employee\" from=\"aia_user\" to=\"aia_hiring_manager\" link-type=\"outer\" alias=\"supervisor\">\n          <attribute name=\"aia_immediate_supervisor\" />\n        </link-entity>\n        <order attribute=\"aia_hiring_manager\" descending=\"true\" />\n        <order attribute=\"aia_supplier\" descending=\"true\" />\n      </link-entity>\n    </link-entity>\n  </entity>\n</fetch>"
            },
            "authentication": "@parameters('$authentication')"
          }
        },
        "length_New_Extension_2": {
          "actions": {
            "Apply_to_each_3": {
              "foreach": "@outputs('Find_New_Extension_Group_By_Hiring_Manager_and_Supplier')?['body/value']",
              "actions": {
                "Increment_variable_2": {
                  "runAfter": {},
                  "metadata": {
                    "operationMetadataId": "a727fc90-aa2f-4370-8712-73019d647550"
                  },
                  "type": "IncrementVariable",
                  "inputs": {
                    "name": "foreachCount",
                    "value": 1
                  }
                },
                "Condition_2": {
                  "actions": {
                    "Add_NEW_Batch_Extension_Approval_2": {
                      "runAfter": {
                        "Set_variable_supplier_guid2": [
                          "Succeeded"
                        ]
                      },
                      "metadata": {
                        "operationMetadataId": "f4551d92-235f-4bd0-b7c8-9be846e10f08"
                      },
                      "type": "OpenApiConnection",
                      "inputs": {
                        "host": {
                          "connectionName": "shared_commondataserviceforapps",
                          "operationId": "CreateRecord",
                          "apiId": "/providers/Microsoft.PowerApps/apis/shared_commondataserviceforapps"
                        },
                        "parameters": {
                          "entityName": "aia_newbatchextensionactivities",
                          "item/subject": "NEW Batch Extension Request - @{items('Apply_to_each_3')?['roa.aia_hiring_manager@OData.Community.Display.V1.FormattedValue']} @{items('Apply_to_each_3')?['roa.aia_supplier_name_for_search']} @{formatDateTime(utcNow(), 'dd-MMM-yyyy')}",
                          "item/activityadditionalparams": "@join(variables('RequestIds'),';')",
                          "item/aia_contracting_entity": "@items('Apply_to_each_3')?['roa.aia_aia_contracting_entity']",
                          "item/aia_department": "@items('Apply_to_each_3')?['roa.aia_department']",
                          "item/aia_extension_status": 914710000,
                          "item/aia_hiring_manager_aia_newbatchextensionactivity@odata.bind": "/systemusers/@{items('Apply_to_each_3')?['roa.aia_hiring_manager']}",
                          "item/aia_individualnames": "@join(union(variables('IndividualNames'),variables('IndividualNames')), ';')",
                          "item/ownerid_aia_newbatchextensionactivity@odata.bind": "@if(equals(items('Apply_to_each_3')?['supervisor.aia_immediate_supervisor'],null),concat('/teams/',body('Find_Group_Sourcing_Team_ID')?['result']),concat('/systemusers/',items('Apply_to_each_3')?['supervisor.aia_immediate_supervisor']))",
                          "item/aia_requestid": "@join(variables('RequestIds'), ';')",
                          "item/aia_role_title": "@items('Apply_to_each_3')?['roa.aia_role_title_of_hiring_manager']",
                          "item/aia_supplier_aia_newbatchextensionactivity@odata.bind": "/accounts/@{items('Apply_to_each_3')?['roa.aia_supplier']}"
                        },
                        "authentication": "@parameters('$authentication')"
                      }
                    },
                    "Set_variable_ActivityGuid_2": {
                      "runAfter": {
                        "Add_NEW_Batch_Extension_Approval_2": [
                          "Succeeded"
                        ]
                      },
                      "metadata": {
                        "operationMetadataId": "eda964a0-1105-4acb-bf2b-71bef5fc7230"
                      },
                      "type": "SetVariable",
                      "inputs": {
                        "name": "ActivityGuid",
                        "value": "@outputs('Add_NEW_Batch_Extension_Approval_2')?['body/activityid']"
                      }
                    },
                    "sourcing_request_not_empty_2": {
                      "actions": {
                        "Update_[NEW_Batch_Extension_Approval].[Extension_Status]_=_Pending": {
                          "runAfter": {},
                          "metadata": {
                            "operationMetadataId": "483483ee-3079-4ee9-8a7a-f5291e24ced0"
                          },
                          "type": "OpenApiConnection",
                          "inputs": {
                            "host": {
                              "connectionName": "shared_commondataserviceforapps",
                              "operationId": "UpdateRecord",
                              "apiId": "/providers/Microsoft.PowerApps/apis/shared_commondataserviceforapps"
                            },
                            "parameters": {
                              "entityName": "aia_newbatchextensionactivities",
                              "recordId": "@variables('ActivityGuid')",
                              "item/activityadditionalparams": "@join(union(variables('RequestIds'),variables('RequestIds')),';')",
                              "item/aia_extension_status": 914710001,
                              "item/aia_individualnames": "@join(union(variables('IndividualNames'),variables('IndividualNames')), ';')",
                              "item/aia_requestid": "@join(union(variables('RequestIds'),variables('RequestIds')),';')"
                            },
                            "authentication": "@parameters('$authentication')"
                          }
                        },
                        "Apply_to_each_4": {
                          "foreach": "@variables('NewGuids')",
                          "actions": {
                            "Update_[New_Extension].[ActivityId]_2": {
                              "runAfter": {},
                              "metadata": {
                                "operationMetadataId": "95a4a10f-2ea5-4f54-be7e-24cf56dbb2a7"
                              },
                              "type": "OpenApiConnection",
                              "inputs": {
                                "host": {
                                  "connectionName": "shared_commondataserviceforapps",
                                  "operationId": "UpdateRecord",
                                  "apiId": "/providers/Microsoft.PowerApps/apis/shared_commondataserviceforapps"
                                },
                                "parameters": {
                                  "entityName": "aia_newextensions",
                                  "recordId": "@items('Apply_to_each_4')",
                                  "item/aia_extension_status": 914710001,
                                  "item/aia_new_batch_extension_activity@odata.bind": "/activitypointers/@{variables('ActivityGuid')}"
                                },
                                "authentication": "@parameters('$authentication')"
                              }
                            }
                          },
                          "runAfter": {
                            "Update_[NEW_Batch_Extension_Approval].[Extension_Status]_=_Pending": [
                              "Succeeded"
                            ]
                          },
                          "metadata": {
                            "operationMetadataId": "70c9afab-2d1f-47cc-9178-1949ca686860"
                          },
                          "type": "Foreach"
                        },
                        "CLear_NewGuids_4": {
                          "runAfter": {
                            "Apply_to_each_4": [
                              "Succeeded"
                            ]
                          },
                          "metadata": {
                            "operationMetadataId": "8b703913-b32b-45ad-989b-d50a5f1baa0e"
                          },
                          "type": "SetVariable",
                          "inputs": {
                            "name": "NewGuids",
                            "value": []
                          }
                        },
                        "Clear_NewIds1_2": {
                          "runAfter": {
                            "Clear_Individual_Names_4": [
                              "Succeeded"
                            ]
                          },
                          "metadata": {
                            "operationMetadataId": "0fb03ff1-e60a-4b88-9c0a-689ec4d43c26"
                          },
                          "type": "SetVariable",
                          "inputs": {
                            "name": "NewIds",
                            "value": []
                          }
                        },
                        "Clear_RequestIds1_2": {
                          "runAfter": {
                            "Clear_NewIds1_2": [
                              "Succeeded"
                            ]
                          },
                          "metadata": {
                            "operationMetadataId": "cd7cea38-7e3c-4b2b-8232-3885ee68a624"
                          },
                          "type": "SetVariable",
                          "inputs": {
                            "name": "RequestIds",
                            "value": []
                          }
                        },
                        "Clear_Individual_Names_4": {
                          "runAfter": {
                            "CLear_NewGuids_4": [
                              "Succeeded"
                            ]
                          },
                          "metadata": {
                            "operationMetadataId": "8b703913-b32b-45ad-989b-d50a5f1baa0e"
                          },
                          "type": "SetVariable",
                          "inputs": {
                            "name": "IndividualNames",
                            "value": []
                          }
                        }
                      },
                      "runAfter": {},
                      "expression": {
                        "and": [
                          {
                            "or": [
                              {
                                "and": [
                                  {
                                    "not": {
                                      "equals": [
                                        "@variables('SupplierGuid')",
                                        "@items('Apply_to_each_3')?['roa.aia_supplier']"
                                      ]
                                    }
                                  },
                                  {
                                    "equals": [
                                      "@not(empty(variables('SupplierGuid')))",
                                      true
                                    ]
                                  }
                                ]
                              },
                              {
                                "and": [
                                  {
                                    "not": {
                                      "equals": [
                                        "@variables('HiringManagerGuid')",
                                        "@items('Apply_to_each_3')?['roa.aia_hiring_manager']"
                                      ]
                                    }
                                  },
                                  {
                                    "equals": [
                                      "@not(empty(variables('HiringManagerGuid')))",
                                      true
                                    ]
                                  }
                                ]
                              }
                            ]
                          },
                          {
                            "equals": [
                              "@not(empty(variables('ActivityGuid')))",
                              true
                            ]
                          }
                        ]
                      },
                      "metadata": {
                        "operationMetadataId": "4ebcc40f-d0bd-48a4-b86c-12d315020136"
                      },
                      "type": "If"
                    },
                    "Append_to_array_variable_requestids_2": {
                      "runAfter": {
                        "Append_to_array_variable_individual_Names": [
                          "Succeeded"
                        ]
                      },
                      "metadata": {
                        "operationMetadataId": "0af7978d-52f0-4494-b372-c2551c83646c"
                      },
                      "type": "AppendToArrayVariable",
                      "inputs": {
                        "name": "RequestIds",
                        "value": "@items('Apply_to_each_3')?['roa.aia_name']"
                      }
                    },
                    "Append_to_array_variable_newIds_3": {
                      "runAfter": {
                        "Append_to_array_variable_3": [
                          "Succeeded"
                        ]
                      },
                      "metadata": {
                        "operationMetadataId": "6bceeaf2-2dde-4d86-ade1-8f1824dd55a6"
                      },
                      "type": "AppendToArrayVariable",
                      "inputs": {
                        "name": "NewIds",
                        "value": "@items('Apply_to_each_3')?['new.aia_individual_id']"
                      }
                    },
                    "Append_to_array_variable_3": {
                      "runAfter": {
                        "sourcing_request_not_empty_2": [
                          "Succeeded"
                        ]
                      },
                      "metadata": {
                        "operationMetadataId": "cc60f20d-3ffd-4918-9bbc-6c03913ee735"
                      },
                      "type": "AppendToArrayVariable",
                      "inputs": {
                        "name": "NewGuids",
                        "value": "@items('Apply_to_each_3')?['aia_newextensionid']"
                      }
                    },
                    "Set_variable_hiring_manager_3": {
                      "runAfter": {
                        "Append_to_array_variable_requestids_2": [
                          "Succeeded"
                        ]
                      },
                      "metadata": {
                        "operationMetadataId": "bb6e3411-fbb0-4b81-8b5d-04a941aa81d4"
                      },
                      "type": "SetVariable",
                      "inputs": {
                        "name": "HiringManagerGuid",
                        "value": "@{items('Apply_to_each_3')?['roa.aia_hiring_manager']}"
                      }
                    },
                    "Set_variable_supplier_guid2": {
                      "runAfter": {
                        "Set_variable_hiring_manager_3": [
                          "Succeeded"
                        ]
                      },
                      "metadata": {
                        "operationMetadataId": "0389838b-d518-4a28-b762-5b02560d4d46"
                      },
                      "type": "SetVariable",
                      "inputs": {
                        "name": "SupplierGuid",
                        "value": "@{items('Apply_to_each_3')?['roa.aia_supplier']}"
                      }
                    },
                    "Append_to_array_variable_individual_Names": {
                      "runAfter": {
                        "Append_to_array_variable_newIds_3": [
                          "Succeeded"
                        ]
                      },
                      "metadata": {
                        "operationMetadataId": "6bceeaf2-2dde-4d86-ade1-8f1824dd55a6"
                      },
                      "type": "AppendToArrayVariable",
                      "inputs": {
                        "name": "IndividualNames",
                        "value": "@items('Apply_to_each_3')?['new.aia_name']"
                      }
                    }
                  },
                  "runAfter": {
                    "Increment_variable_2": [
                      "Succeeded"
                    ]
                  },
                  "else": {
                    "actions": {
                      "Append_to_array_variable_4": {
                        "runAfter": {},
                        "metadata": {
                          "operationMetadataId": "3a41fa5d-896c-44fd-9ccd-88561a90232c"
                        },
                        "type": "AppendToArrayVariable",
                        "inputs": {
                          "name": "NewGuids",
                          "value": "@items('Apply_to_each_3')?['aia_newextensionid']"
                        }
                      },
                      "Append_to_array_variable_newIds_4": {
                        "runAfter": {
                          "Append_to_array_variable_4": [
                            "Succeeded"
                          ]
                        },
                        "metadata": {
                          "operationMetadataId": "29ef3712-87f0-421c-b2a7-e3383cd78230"
                        },
                        "type": "AppendToArrayVariable",
                        "inputs": {
                          "name": "NewIds",
                          "value": "@items('Apply_to_each_3')?['new.aia_individual_id']"
                        }
                      },
                      "Set_variable_hiring_manager": {
                        "runAfter": {
                          "Append_to_array_variable_requestids_3": [
                            "Succeeded"
                          ]
                        },
                        "metadata": {
                          "operationMetadataId": "dc0d15f9-ae3d-4ac9-a28a-78033602d44a"
                        },
                        "type": "SetVariable",
                        "inputs": {
                          "name": "HiringManagerGuid",
                          "value": "@{items('Apply_to_each_3')?['roa.aia_hiring_manager']}"
                        }
                      },
                      "Set_variable_supplier_guid1": {
                        "runAfter": {
                          "Set_variable_hiring_manager": [
                            "Succeeded"
                          ]
                        },
                        "metadata": {
                          "operationMetadataId": "9f358b8c-6f76-4083-9092-b8fe08b810d0"
                        },
                        "type": "SetVariable",
                        "inputs": {
                          "name": "SupplierGuid",
                          "value": "@{items('Apply_to_each_3')?['roa.aia_supplier']}"
                        }
                      },
                      "Append_to_array_variable_requestids_3": {
                        "runAfter": {
                          "Append_to_array_variable_individual_Names_2": [
                            "Succeeded"
                          ]
                        },
                        "metadata": {
                          "operationMetadataId": "0af7978d-52f0-4494-b372-c2551c83646c"
                        },
                        "type": "AppendToArrayVariable",
                        "inputs": {
                          "name": "RequestIds",
                          "value": "@items('Apply_to_each_3')?['roa.aia_name']"
                        }
                      },
                      "Append_to_array_variable_individual_Names_2": {
                        "runAfter": {
                          "Append_to_array_variable_newIds_4": [
                            "Succeeded"
                          ]
                        },
                        "metadata": {
                          "operationMetadataId": "6bceeaf2-2dde-4d86-ade1-8f1824dd55a6"
                        },
                        "type": "AppendToArrayVariable",
                        "inputs": {
                          "name": "IndividualNames",
                          "value": "@items('Apply_to_each_3')?['new.aia_name']"
                        }
                      }
                    }
                  },
                  "expression": {
                    "or": [
                      {
                        "not": {
                          "equals": [
                            "@variables('HiringManagerGuid')",
                            "@items('Apply_to_each_3')?['roa.aia_hiring_manager']"
                          ]
                        }
                      },
                      {
                        "not": {
                          "equals": [
                            "@variables('SupplierGuid')",
                            "@items('Apply_to_each_3')?['roa.aia_supplier']"
                          ]
                        }
                      }
                    ]
                  },
                  "metadata": {
                    "operationMetadataId": "61ffd40f-47c6-44f6-bd7f-03d8d9065634"
                  },
                  "type": "If"
                }
              },
              "runAfter": {},
              "metadata": {
                "operationMetadataId": "b1d6c9a6-d9cc-4336-8204-658ad8345942"
              },
              "type": "Foreach"
            },
            "Init_Foreach_Count_2": {
              "runAfter": {
                "sourcing_request_not_empty_4": [
                  "Succeeded"
                ]
              },
              "metadata": {
                "operationMetadataId": "c540b22e-1edf-4b84-ad93-30dbce868b5c"
              },
              "type": "SetVariable",
              "inputs": {
                "name": "foreachCount",
                "value": 0
              }
            },
            "Clear_SourcingRequest_Guid_2": {
              "runAfter": {
                "Init_Foreach_Count_2": [
                  "Succeeded"
                ]
              },
              "metadata": {
                "operationMetadataId": "1d8100b1-71a0-41e5-a0b3-f67219e256b2"
              },
              "type": "SetVariable",
              "inputs": {
                "name": "SourcingRequestGuid",
                "value": "@{null}"
              }
            },
            "Clear_NewGuids_3": {
              "runAfter": {
                "Clear_SourcingRequest_Guid_2": [
                  "Succeeded"
                ]
              },
              "metadata": {
                "operationMetadataId": "8b703913-b32b-45ad-989b-d50a5f1baa0e"
              },
              "type": "SetVariable",
              "inputs": {
                "name": "NewGuids",
                "value": []
              }
            },
            "Clear_NewIds_2": {
              "runAfter": {
                "Clear_Individual_Names": [
                  "Succeeded"
                ]
              },
              "metadata": {
                "operationMetadataId": "717cc3ad-0259-4be9-96fd-318d9f27c478"
              },
              "type": "SetVariable",
              "inputs": {
                "name": "NewIds",
                "value": []
              }
            },
            "Clear_RequestIds_2": {
              "runAfter": {
                "Clear_NewIds_2": [
                  "Succeeded"
                ]
              },
              "metadata": {
                "operationMetadataId": "056a2376-4803-4458-a525-6d72b9697b4a"
              },
              "type": "SetVariable",
              "inputs": {
                "name": "RequestIds",
                "value": []
              }
            },
            "sourcing_request_not_empty_4": {
              "actions": {
                "Update_[NEW_Batch_Extension_Approval].[Extension_Status]_=_Pending_3": {
                  "runAfter": {},
                  "metadata": {
                    "operationMetadataId": "483483ee-3079-4ee9-8a7a-f5291e24ced0"
                  },
                  "type": "OpenApiConnection",
                  "inputs": {
                    "host": {
                      "connectionName": "shared_commondataserviceforapps",
                      "operationId": "UpdateRecord",
                      "apiId": "/providers/Microsoft.PowerApps/apis/shared_commondataserviceforapps"
                    },
                    "parameters": {
                      "entityName": "aia_newbatchextensionactivities",
                      "recordId": "@variables('ActivityGuid')",
                      "item/activityadditionalparams": "@join(union(variables('RequestIds'),variables('RequestIds')),';')",
                      "item/aia_extension_status": 914710001,
                      "item/aia_individualnames": "@join(union(variables('IndividualNames'),variables('IndividualNames')), ';')",
                      "item/aia_requestid": "@join(union(variables('RequestIds'),variables('RequestIds')),';')"
                    },
                    "authentication": "@parameters('$authentication')"
                  }
                },
                "Apply_to_each_6": {
                  "foreach": "@variables('NewGuids')",
                  "actions": {
                    "Update_[New_Extension].[ActivityId]_4": {
                      "runAfter": {},
                      "metadata": {
                        "operationMetadataId": "95a4a10f-2ea5-4f54-be7e-24cf56dbb2a7"
                      },
                      "type": "OpenApiConnection",
                      "inputs": {
                        "host": {
                          "connectionName": "shared_commondataserviceforapps",
                          "operationId": "UpdateRecord",
                          "apiId": "/providers/Microsoft.PowerApps/apis/shared_commondataserviceforapps"
                        },
                        "parameters": {
                          "entityName": "aia_newextensions",
                          "recordId": "@items('Apply_to_each_6')",
                          "item/aia_extension_status": 914710001,
                          "item/aia_new_batch_extension_activity@odata.bind": "/activitypointers(@{variables('ActivityGuid')})"
                        },
                        "authentication": "@parameters('$authentication')"
                      }
                    }
                  },
                  "runAfter": {
                    "Update_[NEW_Batch_Extension_Approval].[Extension_Status]_=_Pending_3": [
                      "Succeeded"
                    ]
                  },
                  "metadata": {
                    "operationMetadataId": "70c9afab-2d1f-47cc-9178-1949ca686860"
                  },
                  "type": "Foreach"
                }
              },
              "runAfter": {
                "Apply_to_each_3": [
                  "Succeeded"
                ]
              },
              "expression": {
                "and": [
                  {
                    "equals": [
                      "@length(outputs('Find_New_Extension_Group_By_Hiring_Manager_and_Supplier')?['body/value'])",
                      "@variables('foreachCount')"
                    ]
                  },
                  {
                    "equals": [
                      "@not(empty(variables('ActivityGuid')))",
                      true
                    ]
                  }
                ]
              },
              "metadata": {
                "operationMetadataId": "4ebcc40f-d0bd-48a4-b86c-12d315020136"
              },
              "type": "If"
            },
            "Clear_Individual_Names": {
              "runAfter": {
                "Clear_NewGuids_3": [
                  "Succeeded"
                ]
              },
              "metadata": {
                "operationMetadataId": "8b703913-b32b-45ad-989b-d50a5f1baa0e"
              },
              "type": "SetVariable",
              "inputs": {
                "name": "IndividualNames",
                "value": []
              }
            }
          },
          "runAfter": {
            "Find_New_Extension_Group_By_Hiring_Manager_and_Supplier": [
              "Succeeded"
            ]
          },
          "expression": {
            "greaterOrEquals": [
              "@length(outputs('Find_New_Extension_Group_By_Hiring_Manager_and_Supplier')?['body/value'])",
              1
            ]
          },
          "metadata": {
            "operationMetadataId": "6eb7a079-4400-4c01-add2-ca16ab30a596"
          },
          "type": "If"
        },
        "Find_Group_Sourcing_Team_ID": {
          "runAfter": {
            "Individual_Names": [
              "Succeeded"
            ]
          },
          "metadata": {
            "operationMetadataId": "7d387579-f37d-4450-8525-ed695fec213d"
          },
          "type": "Workflow",
          "inputs": {
            "host": {
              "workflowReferenceName": "cb8c7cef-6161-ec11-8f8f-000d3a80eca3"
            },
            "body": {
              "text": "Group_Sourcing_Team_ID"
            }
          }
        },
        "Individual_Names": {
          "runAfter": {
            "NewIds": [
              "Succeeded"
            ]
          },
          "metadata": {
            "operationMetadataId": "c7f0b6f0-97a2-43d6-83ce-7e5249b6adbf"
          },
          "type": "InitializeVariable",
          "inputs": {
            "variables": [
              {
                "name": "IndividualNames",
                "type": "array"
              }
            ]
          }
        },
        "Find_New_Extension_Group_By_Sourcing_Request": {
          "runAfter": {
            "Find_Group_Sourcing_Team_ID": [
              "Succeeded"
            ]
          },
          "metadata": {
            "operationMetadataId": "76e178ee-a9f4-4871-b660-79d6ca3e5c03"
          },
          "type": "OpenApiConnection",
          "inputs": {
            "host": {
              "connectionName": "shared_commondataserviceforapps",
              "operationId": "ListRecords",
              "apiId": "/providers/Microsoft.PowerApps/apis/shared_commondataserviceforapps"
            },
            "parameters": {
              "entityName": "aia_newextensions",
              "fetchXml": "<fetch top=\"5000\">\n  <entity name=\"aia_newextension\">\n    <attribute name=\"ownerid\" />\n    <attribute name=\"aia_newextensionid\" />\n    <filter>\n      <condition attribute=\"aia_extension_status\" operator=\"eq\" value=\"914710000\" />\n      <condition attribute=\"statuscode\" operator=\"eq\" value=\"1\" />\n    </filter>\n    <link-entity name=\"aia_new\" from=\"aia_newid\" to=\"aia_new\" link-type=\"inner\" alias=\"new\">\n      <attribute name=\"aia_proposed_lastdayofservice\" />\n      <attribute name=\"aia_offboarding_date\" />\n      <attribute name=\"aia_name\" />\n      <attribute name=\"aia_individual_id\" />\n      <link-entity name=\"aia_roa\" from=\"aia_roaid\" to=\"aia_roa\" link-type=\"inner\" alias=\"roa\">\n        <attribute name=\"aia_hiring_manager\" />\n        <attribute name=\"aia_roaid\" />\n        <attribute name=\"aia_supplier\" />\n        <attribute name=\"aia_name\" />\n        <attribute name=\"aia_aia_contracting_entity\" />\n        <attribute name=\"aia_department\" />\n        <attribute name=\"aia_role_title_of_hiring_manager\" />\n        <attribute name=\"aia_justification_for_selecting_new\" />\n        <attribute name=\"aia_sourcing_request\" />\n        <filter>\n          <condition attribute=\"aia_sourcing_request\" operator=\"not-null\" />\n        </filter>\n        <order attribute=\"aia_roaid\" descending=\"true\" />\n        <link-entity name=\"aia_s2c_sourcingrequest\" from=\"aia_s2c_sourcingrequestid\" to=\"aia_sourcing_request\" link-type=\"inner\" alias=\"sourcingrequest\">\n          <attribute name=\"aia_name\" />\n        </link-entity>\n        <link-entity name=\"aia_sap_employee\" from=\"aia_user\" to=\"aia_hiring_manager\" link-type=\"outer\" alias=\"supervisor\">\n          <attribute name=\"aia_immediate_supervisor\" />\n        </link-entity>\n      </link-entity>\n    </link-entity>\n  </entity>\n</fetch>"
            },
            "authentication": "@parameters('$authentication')"
          }
        },
        "length_New_Extension": {
          "actions": {
            "Apply_to_each": {
              "foreach": "@outputs('Find_New_Extension_Group_By_Sourcing_Request')?['body/value']",
              "actions": {
                "Increment_variable": {
                  "runAfter": {},
                  "metadata": {
                    "operationMetadataId": "a727fc90-aa2f-4370-8712-73019d647550"
                  },
                  "type": "IncrementVariable",
                  "inputs": {
                    "name": "foreachCount",
                    "value": 1
                  }
                },
                "Condition": {
                  "actions": {
                    "sourcing_request_not_empty": {
                      "actions": {
                        "Update_[NEW_Batch_Extension_Approval].[Extension_Status]_=_Pending_for_approval": {
                          "runAfter": {},
                          "metadata": {
                            "operationMetadataId": "483483ee-3079-4ee9-8a7a-f5291e24ced0"
                          },
                          "type": "OpenApiConnection",
                          "inputs": {
                            "host": {
                              "connectionName": "shared_commondataserviceforapps",
                              "operationId": "UpdateRecord",
                              "apiId": "/providers/Microsoft.PowerApps/apis/shared_commondataserviceforapps"
                            },
                            "parameters": {
                              "entityName": "aia_newbatchextensionactivities",
                              "recordId": "@variables('ActivityGuid')",
                              "item/activityadditionalparams": "@join(union(variables('RequestIds'),variables('RequestIds')),';')",
                              "item/aia_extension_status": 914710001,
                              "item/aia_individualnames": "@join(union(variables('IndividualNames'),variables('IndividualNames')), ';')",
                              "item/aia_requestid": "@join(union(variables('RequestIds'),variables('RequestIds')),';')"
                            },
                            "authentication": "@parameters('$authentication')"
                          }
                        },
                        "Apply_to_each_2": {
                          "foreach": "@variables('NewGuids')",
                          "actions": {
                            "Update_[New_Extension].[ActivityId]": {
                              "runAfter": {},
                              "metadata": {
                                "operationMetadataId": "95a4a10f-2ea5-4f54-be7e-24cf56dbb2a7"
                              },
                              "type": "OpenApiConnection",
                              "inputs": {
                                "host": {
                                  "connectionName": "shared_commondataserviceforapps",
                                  "operationId": "UpdateRecord",
                                  "apiId": "/providers/Microsoft.PowerApps/apis/shared_commondataserviceforapps"
                                },
                                "parameters": {
                                  "entityName": "aia_newextensions",
                                  "recordId": "@items('Apply_to_each_2')",
                                  "item/aia_extension_status": 914710001,
                                  "item/aia_new_batch_extension_activity@odata.bind": "/activitypointers/@{variables('ActivityGuid')}"
                                },
                                "authentication": "@parameters('$authentication')"
                              }
                            }
                          },
                          "runAfter": {
                            "Update_[NEW_Batch_Extension_Approval].[Extension_Status]_=_Pending_for_approval": [
                              "Succeeded"
                            ]
                          },
                          "metadata": {
                            "operationMetadataId": "70c9afab-2d1f-47cc-9178-1949ca686860"
                          },
                          "type": "Foreach"
                        },
                        "CLear_NewGuids": {
                          "runAfter": {
                            "Apply_to_each_2": [
                              "Succeeded"
                            ]
                          },
                          "metadata": {
                            "operationMetadataId": "8b703913-b32b-45ad-989b-d50a5f1baa0e"
                          },
                          "type": "SetVariable",
                          "inputs": {
                            "name": "NewGuids",
                            "value": []
                          }
                        },
                        "Clear_NewIds1": {
                          "runAfter": {
                            "Clear_Individual_Names_3": [
                              "Succeeded"
                            ]
                          },
                          "metadata": {
                            "operationMetadataId": "09a04571-1e4b-417f-a6ca-d3723cbe424c"
                          },
                          "type": "SetVariable",
                          "inputs": {
                            "name": "NewIds",
                            "value": []
                          }
                        },
                        "Clear_RequestIds1": {
                          "runAfter": {
                            "Clear_NewIds1": [
                              "Succeeded"
                            ]
                          },
                          "metadata": {
                            "operationMetadataId": "a9dd04d3-3388-44a2-9734-da2bd3b37979"
                          },
                          "type": "SetVariable",
                          "inputs": {
                            "name": "RequestIds",
                            "value": []
                          }
                        },
                        "Clear_Individual_Names_3": {
                          "runAfter": {
                            "CLear_NewGuids": [
                              "Succeeded"
                            ]
                          },
                          "metadata": {
                            "operationMetadataId": "8b703913-b32b-45ad-989b-d50a5f1baa0e"
                          },
                          "type": "SetVariable",
                          "inputs": {
                            "name": "IndividualNames",
                            "value": []
                          }
                        }
                      },
                      "runAfter": {},
                      "expression": {
                        "and": [
                          {
                            "not": {
                              "equals": [
                                "@variables('SourcingRequestGuid')",
                                "@items('Apply_to_each')?['roa.aia_sourcing_request']"
                              ]
                            }
                          },
                          {
                            "equals": [
                              "@not(empty(variables('SourcingRequestGuid')))",
                              true
                            ]
                          },
                          {
                            "equals": [
                              "@not(empty(variables('ActivityGuid')))",
                              true
                            ]
                          }
                        ]
                      },
                      "metadata": {
                        "operationMetadataId": "4ebcc40f-d0bd-48a4-b86c-12d315020136"
                      },
                      "type": "If"
                    },
                    "Add_NEW_Batch_Extension_Approval": {
                      "runAfter": {
                        "Set_variable_requestGuid_2": [
                          "Succeeded"
                        ]
                      },
                      "metadata": {
                        "operationMetadataId": "f4551d92-235f-4bd0-b7c8-9be846e10f08"
                      },
                      "type": "OpenApiConnection",
                      "inputs": {
                        "host": {
                          "connectionName": "shared_commondataserviceforapps",
                          "operationId": "CreateRecord",
                          "apiId": "/providers/Microsoft.PowerApps/apis/shared_commondataserviceforapps"
                        },
                        "parameters": {
                          "entityName": "aia_newbatchextensionactivities",
                          "item/subject": "NEW Batch Extension Request - @{items('Apply_to_each')?['sourcingrequest.aia_name']} @{formatDateTime(utcNow(),'dd-MMM-yyyy')}",
                          "item/activityadditionalparams": "@join(variables('RequestIds'),';')",
                          "item/aia_contracting_entity": "@items('Apply_to_each')?['roa.aia_aia_contracting_entity']",
                          "item/aia_department": "@items('Apply_to_each')?['roa.aia_department']",
                          "item/aia_extension_status": 914710000,
                          "item/aia_hiring_manager_aia_newbatchextensionactivity@odata.bind": "/systemusers/@{items('Apply_to_each')?['roa.aia_hiring_manager']}",
                          "item/aia_individualnames": "@join(union(variables('IndividualNames'),variables('IndividualNames')),';')",
                          "item/ownerid_aia_newbatchextensionactivity@odata.bind": "@if(equals(items('Apply_to_each')?['supervisor.aia_immediate_supervisor'],null),concat('/teams/',body('Find_Group_Sourcing_Team_ID')?['result']),concat('/systemusers/',items('Apply_to_each')?['supervisor.aia_immediate_supervisor']))",
                          "item/aia_requestid": "@join(variables('RequestIds'),';')",
                          "item/aia_role_title": "@items('Apply_to_each')?['roa.aia_role_title_of_hiring_manager']",
                          "item/aia_supplier_aia_newbatchextensionactivity@odata.bind": "/accounts/@{items('Apply_to_each')?['roa.aia_supplier']}"
                        },
                        "authentication": "@parameters('$authentication')"
                      }
                    },
                    "Set_variable_ActivityGuid": {
                      "runAfter": {
                        "Add_NEW_Batch_Extension_Approval": [
                          "Succeeded"
                        ]
                      },
                      "metadata": {
                        "operationMetadataId": "eda964a0-1105-4acb-bf2b-71bef5fc7230"
                      },
                      "type": "SetVariable",
                      "inputs": {
                        "name": "ActivityGuid",
                        "value": "@outputs('Add_NEW_Batch_Extension_Approval')?['body/activityid']"
                      }
                    },
                    "Append_to_array_variable": {
                      "runAfter": {
                        "sourcing_request_not_empty": [
                          "Succeeded"
                        ]
                      },
                      "metadata": {
                        "operationMetadataId": "cc60f20d-3ffd-4918-9bbc-6c03913ee735"
                      },
                      "type": "AppendToArrayVariable",
                      "inputs": {
                        "name": "NewGuids",
                        "value": "@items('Apply_to_each')?['aia_newextensionid']"
                      }
                    },
                    "Append_to_array_variable_newIds_2": {
                      "runAfter": {
                        "Append_to_array_variable": [
                          "Succeeded"
                        ]
                      },
                      "metadata": {
                        "operationMetadataId": "b2e70e0f-5c19-4f96-9366-a7ef6586c5e9"
                      },
                      "type": "AppendToArrayVariable",
                      "inputs": {
                        "name": "NewIds",
                        "value": "@items('Apply_to_each')?['new.aia_individual_id']"
                      }
                    },
                    "Append_to_array_variable_requestids": {
                      "runAfter": {
                        "Append_to_array_variable_individual_Names_4": [
                          "Succeeded"
                        ]
                      },
                      "metadata": {
                        "operationMetadataId": "454e6604-fee4-4152-9ee3-8c3718a5d46c"
                      },
                      "type": "AppendToArrayVariable",
                      "inputs": {
                        "name": "RequestIds",
                        "value": "@items('Apply_to_each')?['roa.aia_name']"
                      }
                    },
                    "Set_variable_requestGuid_2": {
                      "runAfter": {
                        "Append_to_array_variable_requestids": [
                          "Succeeded"
                        ]
                      },
                      "metadata": {
                        "operationMetadataId": "de2ec2d0-5327-4985-a696-067444c599e4"
                      },
                      "type": "SetVariable",
                      "inputs": {
                        "name": "SourcingRequestGuid",
                        "value": "@{items('Apply_to_each')?['roa.aia_sourcing_request']}"
                      }
                    },
                    "Append_to_array_variable_individual_Names_4": {
                      "runAfter": {
                        "Append_to_array_variable_newIds_2": [
                          "Succeeded"
                        ]
                      },
                      "metadata": {
                        "operationMetadataId": "6bceeaf2-2dde-4d86-ade1-8f1824dd55a6"
                      },
                      "type": "AppendToArrayVariable",
                      "inputs": {
                        "name": "IndividualNames",
                        "value": "@items('Apply_to_each')?['new.aia_name']"
                      }
                    }
                  },
                  "runAfter": {
                    "Increment_variable": [
                      "Succeeded"
                    ]
                  },
                  "else": {
                    "actions": {
                      "Append_to_array_variable_2": {
                        "runAfter": {},
                        "metadata": {
                          "operationMetadataId": "3a41fa5d-896c-44fd-9ccd-88561a90232c"
                        },
                        "type": "AppendToArrayVariable",
                        "inputs": {
                          "name": "NewGuids",
                          "value": "@items('Apply_to_each')?['aia_newextensionid']"
                        }
                      },
                      "Append_to_array_variable_newIds": {
                        "runAfter": {
                          "Append_to_array_variable_2": [
                            "Succeeded"
                          ]
                        },
                        "metadata": {
                          "operationMetadataId": "1ab7c025-964e-4f68-b649-f17171373f54"
                        },
                        "type": "AppendToArrayVariable",
                        "inputs": {
                          "name": "NewIds",
                          "value": "@items('Apply_to_each')?['new.aia_individual_id']"
                        }
                      },
                      "Set_variable_requestGuid": {
                        "runAfter": {
                          "Append_to_array_variable_individual_Names_3": [
                            "Succeeded"
                          ]
                        },
                        "metadata": {
                          "operationMetadataId": "37774624-9fbb-41d9-ba84-cd0884642254"
                        },
                        "type": "SetVariable",
                        "inputs": {
                          "name": "SourcingRequestGuid",
                          "value": "@{items('Apply_to_each')?['roa.aia_sourcing_request']}"
                        }
                      },
                      "Append_to_array_variable_individual_Names_3": {
                        "runAfter": {
                          "Append_to_array_variable_newIds": [
                            "Succeeded"
                          ]
                        },
                        "metadata": {
                          "operationMetadataId": "6bceeaf2-2dde-4d86-ade1-8f1824dd55a6"
                        },
                        "type": "AppendToArrayVariable",
                        "inputs": {
                          "name": "IndividualNames",
                          "value": "@items('Apply_to_each')?['new.aia_name']"
                        }
                      }
                    }
                  },
                  "expression": {
                    "or": [
                      {
                        "equals": [
                          "@empty(variables('SourcingRequestGuid'))",
                          true
                        ]
                      },
                      {
                        "not": {
                          "equals": [
                            "@variables('SourcingRequestGuid')",
                            "@items('Apply_to_each')?['roa.aia_sourcing_request']"
                          ]
                        }
                      }
                    ]
                  },
                  "metadata": {
                    "operationMetadataId": "61ffd40f-47c6-44f6-bd7f-03d8d9065634"
                  },
                  "type": "If"
                }
              },
              "runAfter": {},
              "metadata": {
                "operationMetadataId": "b1d6c9a6-d9cc-4336-8204-658ad8345942"
              },
              "type": "Foreach"
            },
            "Init_Foreach_Count": {
              "runAfter": {
                "sourcing_request_not_empty_3": [
                  "Succeeded"
                ]
              },
              "metadata": {
                "operationMetadataId": "c540b22e-1edf-4b84-ad93-30dbce868b5c"
              },
              "type": "SetVariable",
              "inputs": {
                "name": "foreachCount",
                "value": 0
              }
            },
            "Clear_SourcingRequest_Guid": {
              "runAfter": {
                "Init_Foreach_Count": [
                  "Succeeded"
                ]
              },
              "metadata": {
                "operationMetadataId": "1d8100b1-71a0-41e5-a0b3-f67219e256b2"
              },
              "type": "SetVariable",
              "inputs": {
                "name": "SourcingRequestGuid",
                "value": "@{null}"
              }
            },
            "Clear_NewGuids_2": {
              "runAfter": {
                "Clear_SourcingRequest_Guid": [
                  "Succeeded"
                ]
              },
              "metadata": {
                "operationMetadataId": "8b703913-b32b-45ad-989b-d50a5f1baa0e"
              },
              "type": "SetVariable",
              "inputs": {
                "name": "NewGuids",
                "value": []
              }
            },
            "Clear_NewIds": {
              "runAfter": {
                "Clear_Individual_Names_2": [
                  "Succeeded"
                ]
              },
              "metadata": {
                "operationMetadataId": "15eb5782-de15-407e-8349-1bcdf9a60fd4"
              },
              "type": "SetVariable",
              "inputs": {
                "name": "NewIds",
                "value": []
              }
            },
            "Clear_RequestIds": {
              "runAfter": {
                "Clear_NewIds": [
                  "Succeeded"
                ]
              },
              "metadata": {
                "operationMetadataId": "0a3e0ba7-f973-4836-b081-dc3ba5ccaf3b"
              },
              "type": "SetVariable",
              "inputs": {
                "name": "RequestIds",
                "value": []
              }
            },
            "Set_variable": {
              "runAfter": {
                "Clear_RequestIds": [
                  "Succeeded"
                ]
              },
              "metadata": {
                "operationMetadataId": "a4f0853e-6091-4c91-8a93-72b62df58fb0"
              },
              "type": "SetVariable",
              "inputs": {
                "name": "ActivityGuid",
                "value": "@{null}"
              }
            },
            "sourcing_request_not_empty_3": {
              "actions": {
                "Update_[NEW_Batch_Extension_Approval].[Extension_Status]_=_Pending_2": {
                  "runAfter": {},
                  "metadata": {
                    "operationMetadataId": "483483ee-3079-4ee9-8a7a-f5291e24ced0"
                  },
                  "type": "OpenApiConnection",
                  "inputs": {
                    "host": {
                      "connectionName": "shared_commondataserviceforapps",
                      "operationId": "UpdateRecord",
                      "apiId": "/providers/Microsoft.PowerApps/apis/shared_commondataserviceforapps"
                    },
                    "parameters": {
                      "entityName": "aia_newbatchextensionactivities",
                      "recordId": "@variables('ActivityGuid')",
                      "item/activityadditionalparams": "@join(union(variables('RequestIds'),variables('RequestIds')),';')",
                      "item/aia_extension_status": 914710001,
                      "item/aia_individualnames": "@join(union(variables('IndividualNames'),variables('IndividualNames')), ';')",
                      "item/aia_requestid": "@join(union(variables('RequestIds'),variables('RequestIds')),';')"
                    },
                    "authentication": "@parameters('$authentication')"
                  }
                },
                "Apply_to_each_5": {
                  "foreach": "@variables('NewGuids')",
                  "actions": {
                    "Update_[New_Extension].[ActivityId]_3": {
                      "runAfter": {},
                      "metadata": {
                        "operationMetadataId": "95a4a10f-2ea5-4f54-be7e-24cf56dbb2a7"
                      },
                      "type": "OpenApiConnection",
                      "inputs": {
                        "host": {
                          "connectionName": "shared_commondataserviceforapps",
                          "operationId": "UpdateRecord",
                          "apiId": "/providers/Microsoft.PowerApps/apis/shared_commondataserviceforapps"
                        },
                        "parameters": {
                          "entityName": "aia_newextensions",
                          "recordId": "@items('Apply_to_each_5')",
                          "item/aia_extension_status": 914710001,
                          "item/aia_new_batch_extension_activity@odata.bind": "/activitypointers/@{variables('ActivityGuid')}"
                        },
                        "authentication": "@parameters('$authentication')"
                      }
                    }
                  },
                  "runAfter": {
                    "Update_[NEW_Batch_Extension_Approval].[Extension_Status]_=_Pending_2": [
                      "Succeeded"
                    ]
                  },
                  "metadata": {
                    "operationMetadataId": "70c9afab-2d1f-47cc-9178-1949ca686860"
                  },
                  "type": "Foreach"
                }
              },
              "runAfter": {
                "Apply_to_each": [
                  "Succeeded"
                ]
              },
              "expression": {
                "and": [
                  {
                    "equals": [
                      "@length(outputs('Find_New_Extension_Group_By_Sourcing_Request')?['body/value'])",
                      "@variables('foreachCount')"
                    ]
                  },
                  {
                    "equals": [
                      "@not(empty(variables('ActivityGuid')))",
                      true
                    ]
                  }
                ]
              },
              "metadata": {
                "operationMetadataId": "4ebcc40f-d0bd-48a4-b86c-12d315020136"
              },
              "type": "If"
            },
            "Clear_Individual_Names_2": {
              "runAfter": {
                "Clear_NewGuids_2": [
                  "Succeeded"
                ]
              },
              "metadata": {
                "operationMetadataId": "8b703913-b32b-45ad-989b-d50a5f1baa0e"
              },
              "type": "SetVariable",
              "inputs": {
                "name": "IndividualNames",
                "value": []
              }
            }
          },
          "runAfter": {
            "Find_New_Extension_Group_By_Sourcing_Request": [
              "Succeeded"
            ]
          },
          "expression": {
            "greaterOrEquals": [
              "@length(outputs('Find_New_Extension_Group_By_Sourcing_Request')?['body/value'])",
              1
            ]
          },
          "metadata": {
            "operationMetadataId": "6eb7a079-4400-4c01-add2-ca16ab30a596"
          },
          "type": "If"
        },
        "Hiring_Manager_Guid": {
          "runAfter": {
            "Supplier_Guid": [
              "Succeeded"
            ]
          },
          "metadata": {
            "operationMetadataId": "ba16f387-d85a-4634-a2ef-d77f23531618"
          },
          "type": "InitializeVariable",
          "inputs": {
            "variables": [
              {
                "name": "HiringManagerGuid",
                "type": "string"
              }
            ]
          }
        },
        "Supplier_Guid": {
          "runAfter": {
            "length_New_Extension": [
              "Succeeded"
            ]
          },
          "metadata": {
            "operationMetadataId": "c172946b-df83-40ef-adb5-42a1a7f2baed"
          },
          "type": "InitializeVariable",
          "inputs": {
            "variables": [
              {
                "name": "SupplierGuid",
                "type": "string"
              }
            ]
          }
        }
      }
    },
    "templateName": ""
  },
  "schemaVersion": "1.0.0.0"
}