{
  "properties": {
    "connectionReferences": {
      "shared_commondataserviceforapps": {
        "runtimeSource": "embedded",
        "connection": {
          "connectionReferenceLogicalName": "aia_sharedcommondataserviceforapps_dba9d"
        },
        "api": {
          "name": "shared_commondataserviceforapps"
        }
      },
      "shared_office365": {
        "runtimeSource": "embedded",
        "connection": {
          "connectionReferenceLogicalName": "aia_sharedoffice365_705f6"
        },
        "api": {
          "name": "shared_office365"
        }
      },
      "shared_commondataserviceforapps_1": {
        "runtimeSource": "embedded",
        "connection": {
          "connectionReferenceLogicalName": "aia_sharedcommondataserviceforapps_f1fd0"
        },
        "api": {
          "name": "shared_commondataserviceforapps"
        }
      }
    },
    "definition": {
      "$schema": "https://schema.management.azure.com/providers/Microsoft.Logic/schemas/2016-06-01/workflowdefinition.json#",
      "contentVersion": "1.0.0.0",
      "parameters": {
        "$connections": {
          "defaultValue": {},
          "type": "Object"
        },
        "$authentication": {
          "defaultValue": {},
          "type": "SecureObject"
        }
      },
      "triggers": {
        "When_a_row_is_added,_modified_or_deleted": {
          "metadata": {
            "operationMetadataId": "a7954cc8-44e6-4091-b6d0-2e4309b2231b"
          },
          "type": "OpenApiConnectionWebhook",
          "inputs": {
            "host": {
              "connectionName": "shared_commondataserviceforapps",
              "operationId": "SubscribeWebhookTrigger",
              "apiId": "/providers/Microsoft.PowerApps/apis/shared_commondataserviceforapps"
            },
            "parameters": {
              "subscriptionRequest/message": 3,
              "subscriptionRequest/entityname": "aia_s2c_sourcingrequest",
              "subscriptionRequest/scope": 4,
              "subscriptionRequest/filteringattributes": "aia_send_to_gs_btn",
              "subscriptionRequest/filterexpression": "aia_send_to_gs_btn eq true"
            },
            "authentication": "@parameters('$authentication')"
          }
        }
      },
      "actions": {
        "Retrieve_sourcing_request_by_request_id": {
          "runAfter": {},
          "metadata": {
            "operationMetadataId": "d6408c25-58f6-4f6a-9af4-43406c8b22a9"
          },
          "type": "OpenApiConnection",
          "inputs": {
            "host": {
              "connectionName": "shared_commondataserviceforapps",
              "operationId": "GetItem",
              "apiId": "/providers/Microsoft.PowerApps/apis/shared_commondataserviceforapps"
            },
            "parameters": {
              "entityName": "aia_s2c_sourcingrequests",
              "recordId": "@triggerOutputs()?['body/aia_s2c_sourcingrequestid']",
              "$select": "aia_s2c_sourcingrequestid,_aia_contractowner_value,_aia_requestor_value,_aia_sourcingrepresentative_value",
              "$expand": "aia_sourcingrepresentative($select=internalemailaddress)"
            },
            "authentication": "@parameters('$authentication')"
          }
        },
        "Condition": {
          "actions": {
            "Retrieve_review_and_edit_ROA_activity_by_sourcing_request": {
              "runAfter": {},
              "metadata": {
                "operationMetadataId": "4086d286-cd0d-4912-881e-fe8e2506a083"
              },
              "type": "OpenApiConnection",
              "inputs": {
                "host": {
                  "connectionName": "shared_commondataserviceforapps",
                  "operationId": "ListRecords",
                  "apiId": "/providers/Microsoft.PowerApps/apis/shared_commondataserviceforapps"
                },
                "parameters": {
                  "entityName": "aia_s2c_review_n_edit_roa_activities",
                  "$select": "activityid",
                  "$filter": "_regardingobjectid_value eq @{triggerOutputs()?['body/aia_s2c_sourcingrequestid']} and statecode eq 0",
                  "$orderby": "createdon desc",
                  "$top": 50
                },
                "authentication": "@parameters('$authentication')"
              }
            },
            "Send_an_email_(V2)_9.2": {
              "runAfter": {
                "Retrieve_given_name_by_user_email_address": [
                  "Succeeded"
                ]
              },
              "metadata": {
                "operationMetadataId": "460e7c27-77dd-4e35-b408-630147bf4977"
              },
              "type": "OpenApiConnection",
              "inputs": {
                "host": {
                  "connectionName": "shared_office365",
                  "operationId": "SendEmailV2",
                  "apiId": "/providers/Microsoft.PowerApps/apis/shared_office365"
                },
                "parameters": {
                  "emailMessage/To": "@outputs('Retrieve_sourcing_request_by_request_id')?['body/aia_sourcingrepresentative/internalemailaddress']",
                  "emailMessage/Subject": "Review and Submit ROA - @{triggerOutputs()?['body/aia_name']} @{triggerOutputs()?['body/aia_requesttitle']}",
                  "emailMessage/Body": "<html xmlns:o=\"urn:schemas-microsoft-com:office:office\" xmlns:w=\"urn:schemas-microsoft-com:office:word\"\n    xmlns:dt=\"uuid:C2F41010-65B3-11d1-A29F-00AA00C14882\" xmlns=\"http://www.w3.org/TR/REC-html40\">\n\n<head>\n    <meta http-equiv=Content-Type content=\"text/html; charset=gb2312\">\n    <meta name=ProgId content=Word.Document>\n    <meta name=Generator content=\"Microsoft Word 14\">\n    <meta name=Originator content=\"Microsoft Word 14\">\n    <title></title>\n    <style>\n        @font-face {\n            font-family: \"Times New Roman\";\n        }\n\n        @font-face {\n            font-family: \"宋体\";\n        }\n\n        @font-face {\n            font-family: \"Calibri\";\n        }\n\n        @font-face {\n            font-family: \"Wingdings\";\n        }\n\n        @font-face {\n            font-family: \"Arial\";\n        }\n\n        p.MsoNormal {\n            mso-style-name: 正文;\n            mso-style-parent: \"\";\n            margin-bottom: 8.0000pt;\n            line-height: 107%;\n            font-family: Calibri;\n            mso-bidi-font-family: 'Times New Roman';\n            font-size: 11.0000pt;\n        }\n\n        span.10 {\n            font-family: Calibri;\n        }\n\n        span.15 {\n            font-family: Calibri;\n            font-size: 8.0000pt;\n        }\n\n        span.16 {\n            font-family: Calibri;\n            color: rgb(43, 87, 154);\n            background: rgb(230, 230, 230);\n            mso-shading: rgb(230, 230, 230);\n        }\n\n        p.MsoCommentText {\n            mso-style-name: 批注文字;\n            mso-style-noshow: yes;\n            margin-bottom: 8.0000pt;\n            font-family: Calibri;\n            mso-bidi-font-family: 'Times New Roman';\n            font-size: 10.0000pt;\n        }\n\n        span.msoIns {\n            mso-style-type: export-only;\n            mso-style-name: \"\";\n            text-decoration: underline;\n            text-underline: single;\n            color: blue;\n        }\n\n        span.msoDel {\n            mso-style-type: export-only;\n            mso-style-name: \"\";\n            text-decoration: line-through;\n            color: red;\n        }\n\n        table.MsoNormalTable {\n            mso-style-name: 普通表格;\n            mso-style-parent: \"\";\n            mso-style-noshow: yes;\n            mso-tstyle-rowband-size: 0;\n            mso-tstyle-colband-size: 0;\n            mso-padding-alt: 0.0000pt 5.4000pt 0.0000pt 5.4000pt;\n            mso-para-margin: 0pt;\n            mso-para-margin-bottom: .0001pt;\n            mso-pagination: widow-orphan;\n            font-family: 'Times New Roman';\n            font-size: 10.0000pt;\n            mso-ansi-language: #0400;\n            mso-fareast-language: #0400;\n            mso-bidi-language: #0400;\n        }\n\n        table.MsoTableGrid {\n            mso-style-name: 网格型;\n            mso-tstyle-rowband-size: 0;\n            mso-tstyle-colband-size: 0;\n            mso-padding-alt: 0.0000pt 5.4000pt 0.0000pt 5.4000pt;\n            mso-border-top-alt: 0.5000pt solid windowtext;\n            mso-border-left-alt: 0.5000pt solid windowtext;\n            mso-border-bottom-alt: 0.5000pt solid windowtext;\n            mso-border-right-alt: 0.5000pt solid windowtext;\n            mso-border-insideh: 0.5000pt solid windowtext;\n            mso-border-insidev: 0.5000pt solid windowtext;\n            mso-para-margin: 0pt;\n            mso-para-margin-bottom: .0001pt;\n            mso-pagination: widow-orphan;\n            font-family: 'Times New Roman';\n            font-size: 10.0000pt;\n            mso-ansi-language: #0400;\n            mso-fareast-language: #0400;\n            mso-bidi-language: #0400;\n        }\n\n        @page {\n            mso-page-border-surround-header: no;\n            mso-page-border-surround-footer: no;\n        }\n\n        @page Section0 {\n            margin-top: 72.0000pt;\n            margin-bottom: 72.0000pt;\n            margin-left: 90.0000pt;\n            margin-right: 90.0000pt;\n            size: 595.3000pt 841.9000pt;\n            layout-grid: 15.6000pt;\n            mso-header-margin: 42.5500pt;\n            mso-footer-margin: 49.6000pt;\n        }\n\n        div.Section0 {\n            page: Section0;\n        }\n    </style>\n</head>\n\n<body style=\"tab-interval:21pt;text-justify-trim:punctuation;\"><!--StartFragment-->\n    <div class=\"Section0\" style=\"layout-grid:15.6000pt;\">\n        <table style=\"width:700\">\n            <tr><td><p class=MsoNormal style=\"margin-bottom:0.0000pt;\"><span style=\"mso-spacerun:'yes';font-family:Arial;mso-fareast-font-family:Calibri;\n                font-size:11.0000pt;\">Hi @{body('Retrieve_given_name_by_user_email_address')?['givennames']},</span><span style=\"mso-spacerun:'yes';font-family:Arial;mso-fareast-font-family:Calibri;\n                font-size:11.0000pt;\">\n                            <o:p></o:p>\n                        </span></p></td></tr>\n            <tr><td><p class=MsoNormal style=\"margin-bottom:0.0000pt;\"><span style=\"mso-spacerun:'yes';font-family:Arial;mso-fareast-font-family:Calibri;\n                font-size:11.0000pt;\">\n                            <o:p>&nbsp;</o:p>\n                        </span></p></td></tr>\n            <tr><td><p class=MsoNormal style=\"margin-bottom:0.0000pt;\"><span\n                style=\"mso-spacerun:'yes';font-family:Arial;mso-fareast-font-family:Calibri;\n    font-size:11.0000pt;\">@{if(equals(outputs('Retrieve_sourcing_request_by_request_id')?['body/_aia_contractowner_value@OData.Community.Display.V1.FormattedValue'],outputs('Retrieve_sourcing_request_by_request_id')?['body/_aia_requestor_value@OData.Community.Display.V1.FormattedValue']),outputs('Retrieve_sourcing_request_by_request_id')?['body/_aia_requestor_value@OData.Community.Display.V1.FormattedValue'],concat(outputs('Retrieve_sourcing_request_by_request_id')?['body/_aia_contractowner_value@OData.Community.Display.V1.FormattedValue'],' / ',outputs('Retrieve_sourcing_request_by_request_id')?['body/_aia_requestor_value@OData.Community.Display.V1.FormattedValue']))}\n                has provided their input in following ROA draft. Please review the ROA and complete the Sourcing\n                Comments and Recommendations before submitting the ROA for approval.</span><span style=\"mso-spacerun:'yes';font-family:Arial;mso-fareast-font-family:Calibri;\n    font-size:11.0000pt;\">\n                <o:p></o:p>\n            </span></p></td></tr>\n            <tr><td><p class=MsoNormal style=\"margin-bottom:0.0000pt;\"><span style=\"mso-spacerun:'yes';font-family:Arial;mso-fareast-font-family:Calibri;\n                font-size:11.0000pt;\">\n                            <o:p>&nbsp;</o:p>\n                        </span></p></td></tr>\n            <tr><td><table class=MsoTableGrid border=1 cellspacing=0\n                style=\"border-collapse:collapse;border:none;mso-border-left-alt:0.5000pt solid rgb(231,230,230);\n        mso-border-top-alt:0.5000pt solid rgb(231,230,230);mso-border-right-alt:0.5000pt solid rgb(231,230,230);mso-border-bottom-alt:0.5000pt solid rgb(231,230,230);\n        mso-border-insideh:0.5000pt solid rgb(231,230,230);mso-border-insidev:0.5000pt solid rgb(231,230,230);mso-padding-alt:0.0000pt 5.4000pt 0.0000pt 5.4000pt ; width: 100%;\">\n                <tr>\n                    <td width=560 valign=top colspan=2 style=\"width:420.4500pt;padding:0.0000pt 5.4000pt 0.0000pt 5.4000pt ;border-left:1.0000pt solid rgb(231,230,230);\n        mso-border-left-alt:0.5000pt solid rgb(231,230,230);border-right:1.0000pt solid rgb(231,230,230);mso-border-right-alt:0.5000pt solid rgb(231,230,230);\n        border-top:1.0000pt solid rgb(231,230,230);mso-border-top-alt:0.5000pt solid rgb(231,230,230);border-bottom:1.0000pt solid rgb(231,230,230);\n        mso-border-bottom-alt:0.5000pt solid rgb(231,230,230);background:rgb(216,216,216);\">\n                        <p class=MsoNormal style=\"margin-bottom:3.0000pt;\"><b style=\"mso-bidi-font-weight:normal\"><span\n                                    style=\"font-family:Arial;mso-fareast-font-family:Calibri;mso-ansi-font-weight:bold;\n        font-size:11.0000pt;\">Request Overview</span></b><b style=\"mso-bidi-font-weight:normal\"><span style=\"font-family:Arial;mso-fareast-font-family:Calibri;mso-ansi-font-weight:bold;\n        font-size:11.0000pt;\">\n                                    <o:p></o:p>\n                                </span></b></p>\n                    </td>\n                </tr>\n                <tr>\n                    <td width=166 valign=top style=\"width:124.9500pt;padding:0.0000pt 5.4000pt 0.0000pt 5.4000pt ;border-left:1.0000pt solid rgb(231,230,230);\n        mso-border-left-alt:0.5000pt solid rgb(231,230,230);border-right:1.0000pt solid rgb(231,230,230);mso-border-right-alt:0.5000pt solid rgb(231,230,230);\n        border-top:none;mso-border-top-alt:0.5000pt solid rgb(231,230,230);border-bottom:1.0000pt solid rgb(231,230,230);\n        mso-border-bottom-alt:0.5000pt solid rgb(231,230,230);background:rgb(241,241,241);\">\n                        <p class=MsoNormal style=\"margin-bottom:0.0000pt;line-height:150%;\"><span\n                                style=\"font-family:Arial;mso-fareast-font-family:Calibri;font-size:11.0000pt;\">Request\n                                ID</span><span style=\"font-family:Arial;mso-fareast-font-family:Calibri;color:rgb(211,17,69);\n        font-size:11.0000pt;\">\n                                <o:p></o:p>\n                            </span></p>\n                    </td>\n                    <td width=394 valign=top style=\"width:295.5000pt;padding:0.0000pt 5.4000pt 0.0000pt 5.4000pt ;border-left:1.0000pt solid rgb(231,230,230);\n        mso-border-left-alt:0.5000pt solid rgb(231,230,230);border-right:1.0000pt solid rgb(231,230,230);mso-border-right-alt:0.5000pt solid rgb(231,230,230);\n        border-top:1.0000pt solid rgb(231,230,230);mso-border-top-alt:0.5000pt solid rgb(231,230,230);border-bottom:1.0000pt solid rgb(231,230,230);\n        mso-border-bottom-alt:0.5000pt solid rgb(231,230,230);\">\n                        <p class=MsoNormal style=\"margin-bottom:0.0000pt;line-height:150%;\"><span\n                                style=\"font-family:Arial;mso-fareast-font-family:Calibri;font-size:11.0000pt;\">@{triggerOutputs()?['body/aia_name']}</span><span\n                                style=\"font-family:Arial;mso-fareast-font-family:Calibri;font-size:11.0000pt;\"><span\n                                    style=\"mso-spacerun:'yes';\">&nbsp;</span></span><span\n                                style=\"font-family:Arial;mso-fareast-font-family:Calibri;font-size:11.0000pt;\">\n                                <o:p></o:p>\n                            </span></p>\n                    </td>\n                </tr>\n                <tr>\n                    <td width=166 valign=top style=\"width:124.9500pt;padding:0.0000pt 5.4000pt 0.0000pt 5.4000pt ;border-left:1.0000pt solid rgb(231,230,230);\n        mso-border-left-alt:0.5000pt solid rgb(231,230,230);border-right:1.0000pt solid rgb(231,230,230);mso-border-right-alt:0.5000pt solid rgb(231,230,230);\n        border-top:none;mso-border-top-alt:0.5000pt solid rgb(231,230,230);border-bottom:1.0000pt solid rgb(231,230,230);\n        mso-border-bottom-alt:0.5000pt solid rgb(231,230,230);background:rgb(241,241,241);\">\n                        <p class=MsoNormal style=\"margin-bottom:0.0000pt;line-height:150%;\"><span\n                                style=\"font-family:Arial;mso-fareast-font-family:Calibri;font-size:11.0000pt;\">Requestor\n                            </span><span style=\"font-family:Arial;mso-fareast-font-family:Calibri;color:rgb(211,17,69);\n        font-size:11.0000pt;\">\n                                <o:p></o:p>\n                            </span></p>\n                    </td>\n                    <td width=394 valign=top style=\"width:295.5000pt;padding:0.0000pt 5.4000pt 0.0000pt 5.4000pt ;border-left:1.0000pt solid rgb(231,230,230);\n        mso-border-left-alt:0.5000pt solid rgb(231,230,230);border-right:1.0000pt solid rgb(231,230,230);mso-border-right-alt:0.5000pt solid rgb(231,230,230);\n        border-top:none;mso-border-top-alt:0.5000pt solid rgb(231,230,230);border-bottom:1.0000pt solid rgb(231,230,230);\n        mso-border-bottom-alt:0.5000pt solid rgb(231,230,230);\">\n                        <p class=MsoNormal style=\"margin-bottom:0.0000pt;line-height:150%;\"><span\n                                style=\"font-family:Arial;mso-fareast-font-family:Calibri;font-size:11.0000pt;\">@{outputs('Retrieve_sourcing_request_by_request_id')?['body/_aia_requestor_value@OData.Community.Display.V1.FormattedValue']}</span><span\n                                style=\"font-family:Arial;mso-fareast-font-family:Calibri;font-size:11.0000pt;\">\n                                <o:p></o:p>\n                            </span></p>\n                    </td>\n                </tr>\n                <tr>\n                    <td width=166 valign=top style=\"width:124.9500pt;padding:0.0000pt 5.4000pt 0.0000pt 5.4000pt ;border-left:1.0000pt solid rgb(231,230,230);\n        mso-border-left-alt:0.5000pt solid rgb(231,230,230);border-right:1.0000pt solid rgb(231,230,230);mso-border-right-alt:0.5000pt solid rgb(231,230,230);\n        border-top:none;mso-border-top-alt:0.5000pt solid rgb(231,230,230);border-bottom:1.0000pt solid rgb(231,230,230);\n        mso-border-bottom-alt:0.5000pt solid rgb(231,230,230);background:rgb(241,241,241);\">\n                        <p class=MsoNormal style=\"margin-bottom:0.0000pt;line-height:150%;\"><span\n                                style=\"font-family:Arial;mso-fareast-font-family:Calibri;font-size:11.0000pt;\">Contract\n                                Owner</span><span\n                                style=\"font-family:Arial;mso-fareast-font-family:Calibri;font-size:11.0000pt;\">\n                                <o:p></o:p>\n                            </span></p>\n                    </td>\n                    <td width=394 valign=top style=\"width:295.5000pt;padding:0.0000pt 5.4000pt 0.0000pt 5.4000pt ;border-left:1.0000pt solid rgb(231,230,230);\n        mso-border-left-alt:0.5000pt solid rgb(231,230,230);border-right:1.0000pt solid rgb(231,230,230);mso-border-right-alt:0.5000pt solid rgb(231,230,230);\n        border-top:none;mso-border-top-alt:0.5000pt solid rgb(231,230,230);border-bottom:1.0000pt solid rgb(231,230,230);\n        mso-border-bottom-alt:0.5000pt solid rgb(231,230,230);\">\n                        <p class=MsoNormal style=\"margin-bottom:0.0000pt;line-height:150%;\"><span\n                                style=\"font-family:Arial;mso-fareast-font-family:Calibri;font-size:11.0000pt;\">@{outputs('Retrieve_sourcing_request_by_request_id')?['body/_aia_contractowner_value@OData.Community.Display.V1.FormattedValue']}</span><span\n                                style=\"font-family:Arial;mso-fareast-font-family:Calibri;font-size:11.0000pt;\">\n                                <o:p></o:p>\n                            </span></p>\n                    </td>\n                </tr>\n                <tr>\n                    <td width=166 valign=top style=\"width:124.9500pt;padding:0.0000pt 5.4000pt 0.0000pt 5.4000pt ;border-left:1.0000pt solid rgb(231,230,230);\n        mso-border-left-alt:0.5000pt solid rgb(231,230,230);border-right:1.0000pt solid rgb(231,230,230);mso-border-right-alt:0.5000pt solid rgb(231,230,230);\n        border-top:none;mso-border-top-alt:0.5000pt solid rgb(231,230,230);border-bottom:1.0000pt solid rgb(231,230,230);\n        mso-border-bottom-alt:0.5000pt solid rgb(231,230,230);background:rgb(241,241,241);\">\n                        <p class=MsoNormal style=\"margin-bottom:0.0000pt;line-height:150%;\"><span\n                                style=\"font-family:Arial;mso-fareast-font-family:Calibri;font-size:11.0000pt;\">Sourcing\n                                Representative</span><span\n                                style=\"font-family:Arial;mso-fareast-font-family:Calibri;font-size:11.0000pt;\">\n                                <o:p></o:p>\n                            </span></p>\n                    </td>\n                    <td width=394 valign=top style=\"width:295.5000pt;padding:0.0000pt 5.4000pt 0.0000pt 5.4000pt ;border-left:1.0000pt solid rgb(231,230,230);\n        mso-border-left-alt:0.5000pt solid rgb(231,230,230);border-right:1.0000pt solid rgb(231,230,230);mso-border-right-alt:0.5000pt solid rgb(231,230,230);\n        border-top:none;mso-border-top-alt:0.5000pt solid rgb(231,230,230);border-bottom:1.0000pt solid rgb(231,230,230);\n        mso-border-bottom-alt:0.5000pt solid rgb(231,230,230);\">\n                        <p class=MsoNormal style=\"margin-bottom:0.0000pt;line-height:150%;\"><span\n                                style=\"font-family:Arial;mso-fareast-font-family:Calibri;font-size:11.0000pt;\">@{outputs('Retrieve_sourcing_request_by_request_id')?['body/_aia_sourcingrepresentative_value@OData.Community.Display.V1.FormattedValue']}</span><span\n                                style=\"font-family:Arial;mso-fareast-font-family:Calibri;font-size:11.0000pt;\">\n                                <o:p></o:p>\n                            </span></p>\n                    </td>\n                </tr>\n                <tr>\n                    <td width=166 valign=top style=\"width:124.9500pt;padding:0.0000pt 5.4000pt 0.0000pt 5.4000pt ;border-left:1.0000pt solid rgb(231,230,230);\n        mso-border-left-alt:0.5000pt solid rgb(231,230,230);border-right:1.0000pt solid rgb(231,230,230);mso-border-right-alt:0.5000pt solid rgb(231,230,230);\n        border-top:none;mso-border-top-alt:0.5000pt solid rgb(231,230,230);border-bottom:1.0000pt solid rgb(231,230,230);\n        mso-border-bottom-alt:0.5000pt solid rgb(231,230,230);background:rgb(241,241,241);\">\n                        <p class=MsoNormal style=\"margin-bottom:0.0000pt;line-height:150%;\"><span\n                                style=\"font-family:Arial;mso-fareast-font-family:Calibri;font-size:11.0000pt;\">Request\n                                Title</span><span\n                                style=\"font-family:Arial;mso-fareast-font-family:Calibri;font-size:11.0000pt;\">\n                                <o:p></o:p>\n                            </span></p>\n                    </td>\n                    <td width=394 valign=top style=\"width:295.5000pt;padding:0.0000pt 5.4000pt 0.0000pt 5.4000pt ;border-left:1.0000pt solid rgb(231,230,230);\n        mso-border-left-alt:0.5000pt solid rgb(231,230,230);border-right:1.0000pt solid rgb(231,230,230);mso-border-right-alt:0.5000pt solid rgb(231,230,230);\n        border-top:none;mso-border-top-alt:0.5000pt solid rgb(231,230,230);border-bottom:1.0000pt solid rgb(231,230,230);\n        mso-border-bottom-alt:0.5000pt solid rgb(231,230,230);\">\n                        <p class=MsoNormal style=\"margin-bottom:0.0000pt;line-height:150%;\"><span\n                                style=\"font-family:Arial;mso-fareast-font-family:Calibri;font-size:11.0000pt;\">@{triggerOutputs()?['body/aia_requesttitle']}</span><span\n                                style=\"font-family:Arial;mso-fareast-font-family:Calibri;font-size:11.0000pt;\">\n                                <o:p></o:p>\n                            </span></p>\n                    </td>\n                </tr>\n                <tr>\n                    <td width=166 valign=top style=\"width:124.9500pt;padding:0.0000pt 5.4000pt 0.0000pt 5.4000pt ;border-left:1.0000pt solid rgb(231,230,230);\n        mso-border-left-alt:0.5000pt solid rgb(231,230,230);border-right:1.0000pt solid rgb(231,230,230);mso-border-right-alt:0.5000pt solid rgb(231,230,230);\n        border-top:none;mso-border-top-alt:0.5000pt solid rgb(231,230,230);border-bottom:1.0000pt solid rgb(231,230,230);\n        mso-border-bottom-alt:0.5000pt solid rgb(231,230,230);background:rgb(241,241,241);\">\n                        <p class=MsoNormal style=\"margin-bottom:0.0000pt;line-height:150%;\"><span\n                                style=\"font-family:Arial;mso-fareast-font-family:Calibri;font-size:11.0000pt;\">Request\n                                Status</span><span\n                                style=\"font-family:Arial;mso-fareast-font-family:Calibri;font-size:11.0000pt;\">\n                                <o:p></o:p>\n                            </span></p>\n                    </td>\n                    <td width=394 valign=top style=\"width:295.5000pt;padding:0.0000pt 5.4000pt 0.0000pt 5.4000pt ;border-left:1.0000pt solid rgb(231,230,230);\n        mso-border-left-alt:0.5000pt solid rgb(231,230,230);border-right:1.0000pt solid rgb(231,230,230);mso-border-right-alt:0.5000pt solid rgb(231,230,230);\n        border-top:none;mso-border-top-alt:0.5000pt solid rgb(231,230,230);border-bottom:1.0000pt solid rgb(231,230,230);\n        mso-border-bottom-alt:0.5000pt solid rgb(231,230,230);\">\n                        <p class=MsoNormal style=\"margin-bottom:0.0000pt;line-height:150%;\"><span\n                                style=\"font-family:Arial;mso-fareast-font-family:Calibri;font-size:11.0000pt;\">@{triggerOutputs()?['body/_aia_requeststatus_label']}</span><span\n                                style=\"font-family:Arial;mso-fareast-font-family:Calibri;font-size:11.0000pt;\">\n                                <o:p></o:p>\n                            </span></p>\n                    </td>\n                </tr>\n            </table></td></tr>\n            <tr><td><p class=MsoNormal style=\"margin-bottom:0.0000pt;\"><span style=\"mso-spacerun:'yes';font-family:Arial;mso-fareast-font-family:Calibri;\n                font-size:11.0000pt;\">\n                            <o:p>&nbsp;</o:p>\n                        </span></p></td></tr>\n            <tr><td><p class=MsoNormal style=\"margin-top:10.0000pt;margin-bottom:12.0000pt;\"><span style=\"mso-spacerun:'yes';font-family:Arial;mso-fareast-font-family:Calibri;\n                font-size:11.0000pt;\">If you would like to view the full request details, please go to&nbsp;</span><span><a\n                                href=\"@{body('Retrieve_S2C_Sub_Deep_link_Request_from_configuration_table')?['result']}@{outputs('Retrieve_sourcing_request_by_request_id')?['body/aia_s2c_sourcingrequestid']}\"><u><span\n                                        style=\"mso-spacerun:'yes';font-family:Arial;mso-fareast-font-family:Calibri;\n                color:rgb(91,155,213);text-decoration:underline;text-underline:single;\n                font-size:11.0000pt;\">SODA</span></u></a></span><span style=\"mso-spacerun:'yes';font-family:Arial;mso-fareast-font-family:Calibri;\n                font-size:11.0000pt;\">. Thank you for your attention. </span><i style=\"mso-bidi-font-style:normal\"><span style=\"mso-spacerun:'yes';font-family:Arial;mso-fareast-font-family:Calibri;\n                color:rgb(127,127,127);mso-ansi-font-style:italic;font-size:8.0000pt;\">\n                                <o:p></o:p>\n                            </span></i></p></td></tr>\n            <tr><td><p class=MsoNormal align=center><i style=\"mso-bidi-font-style:normal\"><span style=\"mso-spacerun:'yes';font-family:Arial;mso-fareast-font-family:Calibri;\n                color:rgb(127,127,127);mso-ansi-font-style:italic;font-size:8.0000pt;\">This is a system-generated email.</span><span style=\"mso-spacerun:'yes';font-family:Calibri;mso-bidi-font-family:'Times New Roman';\n                font-size:11.0000pt;\">\n                                <o:p></o:p>\n            </span></i></p></td></tr>\n        </table>\n    </div><!--EndFragment-->\n</body>\n\n</html>",
                  "emailMessage/From": "@body('Find_Not_Reply_Email_Address')?['result']",
                  "emailMessage/Importance": "Normal"
                },
                "authentication": "@parameters('$authentication')"
              }
            },
            "Retrieve_S2C_Sub_Deep_link_Request_from_configuration_table": {
              "runAfter": {
                "If_existing_submit_ROA_activity_or_not": [
                  "Succeeded"
                ]
              },
              "metadata": {
                "operationMetadataId": "3721cfbe-dbbd-4dbc-af5b-575747ae5024"
              },
              "type": "Workflow",
              "inputs": {
                "host": {
                  "workflowReferenceName": "cb8c7cef-6161-ec11-8f8f-000d3a80eca3"
                },
                "body": {
                  "text": "S2C_Sub_Deeplink_Request"
                }
              }
            },
            "Find_Not_Reply_Email_Address": {
              "runAfter": {
                "S2C_Group_Sourcing_Email_Address": [
                  "Succeeded"
                ]
              },
              "metadata": {
                "operationMetadataId": "3f85489f-56fc-4e7d-a479-982e7017ee1e"
              },
              "type": "Workflow",
              "inputs": {
                "host": {
                  "workflowReferenceName": "cb8c7cef-6161-ec11-8f8f-000d3a80eca3"
                },
                "body": {
                  "text": "Not_Reply_Email_Address"
                }
              }
            },
            "Retrieve_given_name_by_user_email_address": {
              "runAfter": {
                "Find_Not_Reply_Email_Address": [
                  "Succeeded"
                ]
              },
              "metadata": {
                "operationMetadataId": "9334a386-a680-40b3-aec8-95f3de6483a4"
              },
              "type": "Workflow",
              "inputs": {
                "host": {
                  "workflowReferenceName": "161d9f88-f8f1-ec11-bb3d-6045bd1bf92d"
                },
                "body": {
                  "text": "@outputs('Retrieve_sourcing_request_by_request_id')?['body/aia_sourcingrepresentative/internalemailaddress']",
                  "text_1": ";",
                  "text_2": ","
                }
              }
            },
            "If_existing_review_and_edit_ROA_activity_or_not": {
              "actions": {
                "Apply_for_all_review_and_edit_ROA_activities": {
                  "foreach": "@outputs('Retrieve_review_and_edit_ROA_activity_by_sourcing_request')?['body/value']",
                  "actions": {
                    "Update_review_and_edit_ROA_activity_status_to_completed": {
                      "runAfter": {},
                      "metadata": {
                        "operationMetadataId": "cca6b040-9500-4f8b-b296-e3f532ff8532"
                      },
                      "type": "OpenApiConnection",
                      "inputs": {
                        "host": {
                          "connectionName": "shared_commondataserviceforapps",
                          "operationId": "UpdateRecord",
                          "apiId": "/providers/Microsoft.PowerApps/apis/shared_commondataserviceforapps"
                        },
                        "parameters": {
                          "entityName": "aia_s2c_review_n_edit_roa_activities",
                          "recordId": "@items('Apply_for_all_review_and_edit_ROA_activities')?['activityid']",
                          "item/statecode": 1,
                          "item/statuscode": 2
                        },
                        "authentication": "@parameters('$authentication')"
                      }
                    }
                  },
                  "runAfter": {},
                  "metadata": {
                    "operationMetadataId": "f506f0ba-a519-4928-b40b-bc24863b9716"
                  },
                  "type": "Foreach"
                }
              },
              "runAfter": {
                "Retrieve_review_and_edit_ROA_activity_by_sourcing_request": [
                  "Succeeded"
                ]
              },
              "expression": {
                "greater": [
                  "@length(outputs('Retrieve_review_and_edit_ROA_activity_by_sourcing_request')?['body/value'])",
                  0
                ]
              },
              "metadata": {
                "operationMetadataId": "21157dd0-490a-47a4-b15f-9cf7a14b7568"
              },
              "type": "If"
            },
            "S2C_Group_Sourcing_Email_Address": {
              "runAfter": {
                "Retrieve_S2C_Sub_Deep_link_Request_from_configuration_table": [
                  "Succeeded"
                ]
              },
              "metadata": {
                "operationMetadataId": "3f85489f-56fc-4e7d-a479-982e7017ee1e"
              },
              "type": "Workflow",
              "inputs": {
                "host": {
                  "workflowReferenceName": "cb8c7cef-6161-ec11-8f8f-000d3a80eca3"
                },
                "body": {
                  "text": "S2C_Group_Sourcing_Email_Address"
                }
              }
            },
            "Retrieve_submit_ROA_activity_by_sourcing_request": {
              "runAfter": {
                "If_existing_review_and_edit_ROA_activity_or_not": [
                  "Succeeded"
                ]
              },
              "metadata": {
                "operationMetadataId": "4086d286-cd0d-4912-881e-fe8e2506a083"
              },
              "type": "OpenApiConnection",
              "inputs": {
                "host": {
                  "connectionName": "shared_commondataserviceforapps",
                  "operationId": "ListRecords",
                  "apiId": "/providers/Microsoft.PowerApps/apis/shared_commondataserviceforapps"
                },
                "parameters": {
                  "entityName": "aia_s2c_submit_roa_activities",
                  "$select": "activityid",
                  "$filter": "_regardingobjectid_value eq @{triggerOutputs()?['body/aia_s2c_sourcingrequestid']} _ownerid_value eq @{outputs('Retrieve_sourcing_request_by_request_id')?['body/_aia_sourcingrepresentative_value']} and statecode eq 0",
                  "$orderby": "createdon desc",
                  "$top": 50
                },
                "authentication": "@parameters('$authentication')"
              }
            },
            "If_existing_submit_ROA_activity_or_not": {
              "actions": {
                "If_submit_ROA_activity_more_then_1": {
                  "actions": {
                    "Apply_to_each_all_Submit_ROA": {
                      "foreach": "@outputs('Retrieve_submit_ROA_activity_by_sourcing_request')?['body/value']",
                      "actions": {
                        "Cancel_all_submit_ROA": {
                          "runAfter": {},
                          "metadata": {
                            "operationMetadataId": "e1b051b3-7f6b-46ed-9d68-6c3791851563"
                          },
                          "type": "OpenApiConnection",
                          "inputs": {
                            "host": {
                              "connectionName": "shared_commondataserviceforapps_1",
                              "operationId": "UpdateRecord",
                              "apiId": "/providers/Microsoft.PowerApps/apis/shared_commondataserviceforapps"
                            },
                            "parameters": {
                              "entityName": "aia_s2c_submit_roa_activities",
                              "recordId": "@items('Apply_to_each_all_Submit_ROA')?['activityid']",
                              "item/statecode": 2,
                              "item/statuscode": 3
                            },
                            "authentication": "@parameters('$authentication')"
                          }
                        }
                      },
                      "runAfter": {},
                      "metadata": {
                        "operationMetadataId": "7bd91c04-b795-4f97-acd2-194e47c8ca39"
                      },
                      "type": "Foreach"
                    },
                    "Create_submit_ROA_to_do_for_sourcing_representative_2": {
                      "runAfter": {
                        "Apply_to_each_all_Submit_ROA": [
                          "Succeeded"
                        ]
                      },
                      "metadata": {
                        "operationMetadataId": "5daa5a18-e9d3-4467-9a4d-3c14afc5dbfa"
                      },
                      "type": "OpenApiConnection",
                      "inputs": {
                        "host": {
                          "connectionName": "shared_commondataserviceforapps",
                          "operationId": "CreateRecord",
                          "apiId": "/providers/Microsoft.PowerApps/apis/shared_commondataserviceforapps"
                        },
                        "parameters": {
                          "entityName": "aia_s2c_submit_roa_activities",
                          "item/subject": "Submit ROA @{triggerOutputs()?['body/aia_requesttitle']}",
                          "item/activityadditionalparams": "@{outputs('Retrieve_sourcing_request_by_request_id')?['body/_aia_contractowner_value@OData.Community.Display.V1.FormattedValue']}, @{outputs('Retrieve_sourcing_request_by_request_id')?['body/_aia_sourcingrepresentative_value@OData.Community.Display.V1.FormattedValue']}",
                          "item/isworkflowcreated": true,
                          "item/ownerid_aia_s2c_submit_roa_activity@odata.bind": "/systemusers(@{outputs('Retrieve_sourcing_request_by_request_id')?['body/_aia_sourcingrepresentative_value']})",
                          "item/regardingobjectid_aia_s2c_sourcingrequest_aia_s2c_submit_roa_activity@odata.bind": "/aia_s2c_sourcingrequests(@{triggerOutputs()?['body/aia_s2c_sourcingrequestid']})"
                        },
                        "authentication": "@parameters('$authentication')"
                      }
                    }
                  },
                  "runAfter": {},
                  "expression": {
                    "greater": [
                      "@length(outputs('Retrieve_submit_ROA_activity_by_sourcing_request')?['body/value'])",
                      1
                    ]
                  },
                  "metadata": {
                    "operationMetadataId": "6ecfc8dc-a532-435d-89be-809a6d57ae69"
                  },
                  "type": "If"
                }
              },
              "runAfter": {
                "Retrieve_submit_ROA_activity_by_sourcing_request": [
                  "Succeeded"
                ]
              },
              "else": {
                "actions": {
                  "Create_submit_ROA_to_do_for_sourcing_representative": {
                    "runAfter": {},
                    "metadata": {
                      "operationMetadataId": "5daa5a18-e9d3-4467-9a4d-3c14afc5dbfa"
                    },
                    "type": "OpenApiConnection",
                    "inputs": {
                      "host": {
                        "connectionName": "shared_commondataserviceforapps",
                        "operationId": "CreateRecord",
                        "apiId": "/providers/Microsoft.PowerApps/apis/shared_commondataserviceforapps"
                      },
                      "parameters": {
                        "entityName": "aia_s2c_submit_roa_activities",
                        "item/subject": "Submit ROA @{triggerOutputs()?['body/aia_requesttitle']}",
                        "item/activityadditionalparams": "@{outputs('Retrieve_sourcing_request_by_request_id')?['body/_aia_contractowner_value@OData.Community.Display.V1.FormattedValue']}, @{outputs('Retrieve_sourcing_request_by_request_id')?['body/_aia_sourcingrepresentative_value@OData.Community.Display.V1.FormattedValue']}",
                        "item/isworkflowcreated": true,
                        "item/ownerid_aia_s2c_submit_roa_activity@odata.bind": "/systemusers(@{outputs('Retrieve_sourcing_request_by_request_id')?['body/_aia_sourcingrepresentative_value']})",
                        "item/regardingobjectid_aia_s2c_sourcingrequest_aia_s2c_submit_roa_activity@odata.bind": "/aia_s2c_sourcingrequests(@{triggerOutputs()?['body/aia_s2c_sourcingrequestid']})"
                      },
                      "authentication": "@parameters('$authentication')"
                    }
                  }
                }
              },
              "expression": {
                "greater": [
                  "@length(outputs('Retrieve_submit_ROA_activity_by_sourcing_request')?['body/value'])",
                  0
                ]
              },
              "metadata": {
                "operationMetadataId": "d792c311-64db-4ef9-ab75-8096d3f0750e"
              },
              "type": "If"
            }
          },
          "runAfter": {
            "Retrieve_sourcing_request_by_request_id": [
              "Succeeded"
            ]
          },
          "expression": {
            "equals": [
              "@triggerOutputs()?['body/aia_send_to_gs_btn']",
              true
            ]
          },
          "metadata": {
            "operationMetadataId": "1bb6cd40-997a-4171-9a7e-031fbb745603"
          },
          "type": "If"
        }
      },
      "outputs": {}
    },
    "templateName": ""
  },
  "schemaVersion": "1.0.0.0"
}