{
  "properties": {
    "connectionReferences": {
      "shared_commondataserviceforapps": {
        "runtimeSource": "embedded",
        "connection": {
          "connectionReferenceLogicalName": "aia_sharedcommondataserviceforapps_dba9d"
        },
        "api": {
          "name": "shared_commondataserviceforapps"
        }
      },
      "shared_office365": {
        "runtimeSource": "embedded",
        "connection": {
          "connectionReferenceLogicalName": "aia_sharedoffice365_705f6"
        },
        "api": {
          "name": "shared_office365"
        }
      }
    },
    "definition": {
      "$schema": "https://schema.management.azure.com/providers/Microsoft.Logic/schemas/2016-06-01/workflowdefinition.json#",
      "contentVersion": "1.0.0.0",
      "parameters": {
        "$connections": {
          "defaultValue": {},
          "type": "Object"
        },
        "$authentication": {
          "defaultValue": {},
          "type": "SecureObject"
        }
      },
      "triggers": {
        "When_a_row_is_added,_modified_or_deleted": {
          "metadata": {
            "operationMetadataId": "44a6aa2a-339e-46ed-b833-273a0f4ffca0"
          },
          "type": "OpenApiConnectionWebhook",
          "inputs": {
            "host": {
              "connectionName": "shared_commondataserviceforapps",
              "operationId": "SubscribeWebhookTrigger",
              "apiId": "/providers/Microsoft.PowerApps/apis/shared_commondataserviceforapps"
            },
            "parameters": {
              "subscriptionRequest/message": 3,
              "subscriptionRequest/entityname": "aia_s2c_sourcingrequest",
              "subscriptionRequest/scope": 4,
              "subscriptionRequest/filteringattributes": "aia_send_to_requestor_btn",
              "subscriptionRequest/filterexpression": "aia_send_to_requestor_btn eq true"
            },
            "authentication": "@parameters('$authentication')"
          }
        }
      },
      "actions": {
        "If_send_to_requestor_is_equal_to_yes_or_not": {
          "actions": {
            "Create_confirm_ROA_to_do_for_contract_owner": {
              "runAfter": {},
              "metadata": {
                "operationMetadataId": "2569c4d9-7686-4bac-9480-00a097716b11"
              },
              "type": "OpenApiConnection",
              "inputs": {
                "host": {
                  "connectionName": "shared_commondataserviceforapps",
                  "operationId": "CreateRecord",
                  "apiId": "/providers/Microsoft.PowerApps/apis/shared_commondataserviceforapps"
                },
                "parameters": {
                  "entityName": "aia_s2c_review_n_edit_roa_activities",
                  "item/subject": "Review & Edit ROA @{triggerOutputs()?['body/aia_requesttitle']}",
                  "item/activityadditionalparams": "@{outputs('Retrieve_sourcing_request_by_request_id')?['body/_aia_contractowner_value@OData.Community.Display.V1.FormattedValue']}, @{outputs('Retrieve_sourcing_request_by_request_id')?['body/_aia_sourcingrepresentative_value@OData.Community.Display.V1.FormattedValue']}",
                  "item/isworkflowcreated": true,
                  "item/ownerid_aia_s2c_review_n_edit_roa_activity@odata.bind": "/systemusers(@{triggerOutputs()?['body/_aia_contractowner_value']})",
                  "item/regardingobjectid_aia_s2c_sourcingrequest_aia_s2c_review_n_edit_roa_activity@odata.bind": "/aia_s2c_sourcingrequests(@{triggerOutputs()?['body/aia_s2c_sourcingrequestid']})"
                },
                "authentication": "@parameters('$authentication')"
              }
            },
            "Send_an_email_(V2)_9.1": {
              "runAfter": {
                "Retrieve_given_name_by_user_email_address": [
                  "Succeeded"
                ]
              },
              "metadata": {
                "operationMetadataId": "4699ab67-a6da-4c9a-a2bd-fca73b3a0542"
              },
              "type": "OpenApiConnection",
              "inputs": {
                "host": {
                  "connectionName": "shared_office365",
                  "operationId": "SendEmailV2",
                  "apiId": "/providers/Microsoft.PowerApps/apis/shared_office365"
                },
                "parameters": {
                  "emailMessage/To": "@join(union(variables('SendEmailAddress'), variables('SendEmailAddress')), ';')",
                  "emailMessage/Subject": "Review & Edit ROA - @{triggerOutputs()?['body/aia_name']} @{triggerOutputs()?['body/aia_requesttitle']} ",
                  "emailMessage/Body": "<html xmlns:o=\"urn:schemas-microsoft-com:office:office\" xmlns:w=\"urn:schemas-microsoft-com:office:word\"\n    xmlns:dt=\"uuid:C2F41010-65B3-11d1-A29F-00AA00C14882\" xmlns=\"http://www.w3.org/TR/REC-html40\">\n\n<head>\n    <meta http-equiv=Content-Type content=\"text/html; charset=gb2312\">\n    <meta name=ProgId content=Word.Document>\n    <meta name=Generator content=\"Microsoft Word 14\">\n    <meta name=Originator content=\"Microsoft Word 14\">\n    <title></title>\n    <style>\n        @font-face {\n            font-family: \"Times New Roman\";\n        }\n\n        @font-face {\n            font-family: \"宋体\";\n        }\n\n        @font-face {\n            font-family: \"Calibri\";\n        }\n\n        @font-face {\n            font-family: \"Wingdings\";\n        }\n\n        @font-face {\n            font-family: \"Arial\";\n        }\n\n        p.MsoNormal {\n            mso-style-name: 正文;\n            mso-style-parent: \"\";\n            margin-bottom: 8.0000pt;\n            line-height: 107%;\n            font-family: Calibri;\n            mso-bidi-font-family: 'Times New Roman';\n            font-size: 11.0000pt;\n        }\n\n        span.10 {\n            font-family: Calibri;\n        }\n\n        span.15 {\n            font-family: Calibri;\n            font-size: 8.0000pt;\n        }\n\n        span.16 {\n            font-family: Calibri;\n            color: rgb(43, 87, 154);\n            background: rgb(230, 230, 230);\n            mso-shading: rgb(230, 230, 230);\n        }\n\n        p.MsoCommentText {\n            mso-style-name: 批注文字;\n            mso-style-noshow: yes;\n            margin-bottom: 8.0000pt;\n            font-family: Calibri;\n            mso-bidi-font-family: 'Times New Roman';\n            font-size: 10.0000pt;\n        }\n\n        span.msoIns {\n            mso-style-type: export-only;\n            mso-style-name: \"\";\n            text-decoration: underline;\n            text-underline: single;\n            color: blue;\n        }\n\n        span.msoDel {\n            mso-style-type: export-only;\n            mso-style-name: \"\";\n            text-decoration: line-through;\n            color: red;\n        }\n\n        table.MsoNormalTable {\n            mso-style-name: 普通表格;\n            mso-style-parent: \"\";\n            mso-style-noshow: yes;\n            mso-tstyle-rowband-size: 0;\n            mso-tstyle-colband-size: 0;\n            mso-padding-alt: 0.0000pt 5.4000pt 0.0000pt 5.4000pt;\n            mso-para-margin: 0pt;\n            mso-para-margin-bottom: .0001pt;\n            mso-pagination: widow-orphan;\n            font-family: 'Times New Roman';\n            font-size: 10.0000pt;\n            mso-ansi-language: #0400;\n            mso-fareast-language: #0400;\n            mso-bidi-language: #0400;\n        }\n\n        table.MsoTableGrid {\n            mso-style-name: 网格型;\n            mso-tstyle-rowband-size: 0;\n            mso-tstyle-colband-size: 0;\n            mso-padding-alt: 0.0000pt 5.4000pt 0.0000pt 5.4000pt;\n            mso-border-top-alt: 0.5000pt solid windowtext;\n            mso-border-left-alt: 0.5000pt solid windowtext;\n            mso-border-bottom-alt: 0.5000pt solid windowtext;\n            mso-border-right-alt: 0.5000pt solid windowtext;\n            mso-border-insideh: 0.5000pt solid windowtext;\n            mso-border-insidev: 0.5000pt solid windowtext;\n            mso-para-margin: 0pt;\n            mso-para-margin-bottom: .0001pt;\n            mso-pagination: widow-orphan;\n            font-family: 'Times New Roman';\n            font-size: 10.0000pt;\n            mso-ansi-language: #0400;\n            mso-fareast-language: #0400;\n            mso-bidi-language: #0400;\n        }\n\n        @page {\n            mso-page-border-surround-header: no;\n            mso-page-border-surround-footer: no;\n        }\n\n        @page Section0 {\n            margin-top: 72.0000pt;\n            margin-bottom: 72.0000pt;\n            margin-left: 90.0000pt;\n            margin-right: 90.0000pt;\n            size: 595.3000pt 841.9000pt;\n            layout-grid: 15.6000pt;\n            mso-header-margin: 42.5500pt;\n            mso-footer-margin: 49.6000pt;\n        }\n\n        div.Section0 {\n            page: Section0;\n        }\n    </style>\n</head>\n\n<body style=\"tab-interval:21pt;text-justify-trim:punctuation;\"><!--StartFragment-->\n    <div class=\"Section0\" style=\"layout-grid:15.6000pt;\">\n        <table style=\"width:700\">\n            <tr><td><p class=MsoNormal style=\"margin-bottom:0.0000pt;\"><span style=\"mso-spacerun:'yes';font-family:Arial;mso-fareast-font-family:Calibri;\n                font-size:11.0000pt;\">Hi @{body('Retrieve_given_name_by_user_email_address')?['givennames']},</span><span style=\"mso-spacerun:'yes';font-family:Arial;mso-fareast-font-family:Calibri;\n                font-size:11.0000pt;\">\n                            <o:p></o:p>\n                        </span></p></td></tr>\n            <tr><td><p class=MsoNormal style=\"margin-bottom:0.0000pt;\"><span style=\"mso-spacerun:'yes';font-family:Arial;mso-fareast-font-family:Calibri;\n                font-size:11.0000pt;\">\n                            <o:p>&nbsp;</o:p>\n                        </span></p></td></tr>\n            <tr><td><p class=MsoNormal style=\"margin-bottom:0.0000pt;\"><span\n                style=\"mso-spacerun:'yes';font-family:Arial;mso-fareast-font-family:Calibri;\n                    font-size:11.0000pt;\">@{outputs('Retrieve_sourcing_request_by_request_id')?['body/_aia_sourcingrepresentative_value@OData.Community.Display.V1.FormattedValue']} has\n                                provided their input in the following ROA draft. Please review the ROA and upon completion, click \"Send\n                                to Group Sourcing\" button on the Approval page.</span><span style=\"mso-spacerun:'yes';font-family:Arial;mso-fareast-font-family:Calibri;\n                    font-size:11.0000pt;\">\n                    <o:p></o:p>\n                </span></p></td></tr>\n            <tr><td><p class=MsoNormal style=\"margin-bottom:0.0000pt;\"><span style=\"mso-spacerun:'yes';font-family:Arial;mso-fareast-font-family:Calibri;\n                font-size:11.0000pt;\">\n                            <o:p>&nbsp;</o:p>\n                        </span></p></td></tr>\n            <tr><td><table class=MsoTableGrid border=1 cellspacing=0\n                style=\"border-collapse:collapse;border:none;mso-border-left-alt:0.5000pt solid rgb(231,230,230);\n        mso-border-top-alt:0.5000pt solid rgb(231,230,230);mso-border-right-alt:0.5000pt solid rgb(231,230,230);mso-border-bottom-alt:0.5000pt solid rgb(231,230,230);\n        mso-border-insideh:0.5000pt solid rgb(231,230,230);mso-border-insidev:0.5000pt solid rgb(231,230,230);mso-padding-alt:0.0000pt 5.4000pt 0.0000pt 5.4000pt ; width: 100%;\">\n                <tr>\n                    <td width=560 valign=top colspan=2 style=\"width:420.4500pt;padding:0.0000pt 5.4000pt 0.0000pt 5.4000pt ;border-left:1.0000pt solid rgb(231,230,230);\n        mso-border-left-alt:0.5000pt solid rgb(231,230,230);border-right:1.0000pt solid rgb(231,230,230);mso-border-right-alt:0.5000pt solid rgb(231,230,230);\n        border-top:1.0000pt solid rgb(231,230,230);mso-border-top-alt:0.5000pt solid rgb(231,230,230);border-bottom:1.0000pt solid rgb(231,230,230);\n        mso-border-bottom-alt:0.5000pt solid rgb(231,230,230);background:rgb(216,216,216);\">\n                        <p class=MsoNormal style=\"margin-bottom:3.0000pt;\"><b style=\"mso-bidi-font-weight:normal\"><span\n                                    style=\"font-family:Arial;mso-fareast-font-family:Calibri;mso-ansi-font-weight:bold;\n        font-size:11.0000pt;\">Request Overview</span></b><b style=\"mso-bidi-font-weight:normal\"><span style=\"font-family:Arial;mso-fareast-font-family:Calibri;mso-ansi-font-weight:bold;\n        font-size:11.0000pt;\">\n                                    <o:p></o:p>\n                                </span></b></p>\n                    </td>\n                </tr>\n                <tr>\n                    <td width=166 valign=top style=\"width:124.9500pt;padding:0.0000pt 5.4000pt 0.0000pt 5.4000pt ;border-left:1.0000pt solid rgb(231,230,230);\n        mso-border-left-alt:0.5000pt solid rgb(231,230,230);border-right:1.0000pt solid rgb(231,230,230);mso-border-right-alt:0.5000pt solid rgb(231,230,230);\n        border-top:none;mso-border-top-alt:0.5000pt solid rgb(231,230,230);border-bottom:1.0000pt solid rgb(231,230,230);\n        mso-border-bottom-alt:0.5000pt solid rgb(231,230,230);background:rgb(241,241,241);\">\n                        <p class=MsoNormal style=\"margin-bottom:0.0000pt;line-height:150%;\"><span\n                                style=\"font-family:Arial;mso-fareast-font-family:Calibri;font-size:11.0000pt;\">Request\n                                ID</span><span style=\"font-family:Arial;mso-fareast-font-family:Calibri;color:rgb(211,17,69);\n        font-size:11.0000pt;\">\n                                <o:p></o:p>\n                            </span></p>\n                    </td>\n                    <td width=394 valign=top style=\"width:295.5000pt;padding:0.0000pt 5.4000pt 0.0000pt 5.4000pt ;border-left:1.0000pt solid rgb(231,230,230);\n        mso-border-left-alt:0.5000pt solid rgb(231,230,230);border-right:1.0000pt solid rgb(231,230,230);mso-border-right-alt:0.5000pt solid rgb(231,230,230);\n        border-top:1.0000pt solid rgb(231,230,230);mso-border-top-alt:0.5000pt solid rgb(231,230,230);border-bottom:1.0000pt solid rgb(231,230,230);\n        mso-border-bottom-alt:0.5000pt solid rgb(231,230,230);\">\n                        <p class=MsoNormal style=\"margin-bottom:0.0000pt;line-height:150%;\"><span\n                                style=\"font-family:Arial;mso-fareast-font-family:Calibri;font-size:11.0000pt;\">@{triggerOutputs()?['body/aia_name']}</span><span\n                                style=\"font-family:Arial;mso-fareast-font-family:Calibri;font-size:11.0000pt;\"><span\n                                    style=\"mso-spacerun:'yes';\">&nbsp;</span></span><span\n                                style=\"font-family:Arial;mso-fareast-font-family:Calibri;font-size:11.0000pt;\">\n                                <o:p></o:p>\n                            </span></p>\n                    </td>\n                </tr>\n                <tr>\n                    <td width=166 valign=top style=\"width:124.9500pt;padding:0.0000pt 5.4000pt 0.0000pt 5.4000pt ;border-left:1.0000pt solid rgb(231,230,230);\n        mso-border-left-alt:0.5000pt solid rgb(231,230,230);border-right:1.0000pt solid rgb(231,230,230);mso-border-right-alt:0.5000pt solid rgb(231,230,230);\n        border-top:none;mso-border-top-alt:0.5000pt solid rgb(231,230,230);border-bottom:1.0000pt solid rgb(231,230,230);\n        mso-border-bottom-alt:0.5000pt solid rgb(231,230,230);background:rgb(241,241,241);\">\n                        <p class=MsoNormal style=\"margin-bottom:0.0000pt;line-height:150%;\"><span\n                                style=\"font-family:Arial;mso-fareast-font-family:Calibri;font-size:11.0000pt;\">Requestor\n                            </span><span style=\"font-family:Arial;mso-fareast-font-family:Calibri;color:rgb(211,17,69);\n        font-size:11.0000pt;\">\n                                <o:p></o:p>\n                            </span></p>\n                    </td>\n                    <td width=394 valign=top style=\"width:295.5000pt;padding:0.0000pt 5.4000pt 0.0000pt 5.4000pt ;border-left:1.0000pt solid rgb(231,230,230);\n        mso-border-left-alt:0.5000pt solid rgb(231,230,230);border-right:1.0000pt solid rgb(231,230,230);mso-border-right-alt:0.5000pt solid rgb(231,230,230);\n        border-top:none;mso-border-top-alt:0.5000pt solid rgb(231,230,230);border-bottom:1.0000pt solid rgb(231,230,230);\n        mso-border-bottom-alt:0.5000pt solid rgb(231,230,230);\">\n                        <p class=MsoNormal style=\"margin-bottom:0.0000pt;line-height:150%;\"><span\n                                style=\"font-family:Arial;mso-fareast-font-family:Calibri;font-size:11.0000pt;\">@{outputs('Retrieve_sourcing_request_by_request_id')?['body/_aia_requestor_value@OData.Community.Display.V1.FormattedValue']}</span><span\n                                style=\"font-family:Arial;mso-fareast-font-family:Calibri;font-size:11.0000pt;\">\n                                <o:p></o:p>\n                            </span></p>\n                    </td>\n                </tr>\n                <tr>\n                    <td width=166 valign=top style=\"width:124.9500pt;padding:0.0000pt 5.4000pt 0.0000pt 5.4000pt ;border-left:1.0000pt solid rgb(231,230,230);\n        mso-border-left-alt:0.5000pt solid rgb(231,230,230);border-right:1.0000pt solid rgb(231,230,230);mso-border-right-alt:0.5000pt solid rgb(231,230,230);\n        border-top:none;mso-border-top-alt:0.5000pt solid rgb(231,230,230);border-bottom:1.0000pt solid rgb(231,230,230);\n        mso-border-bottom-alt:0.5000pt solid rgb(231,230,230);background:rgb(241,241,241);\">\n                        <p class=MsoNormal style=\"margin-bottom:0.0000pt;line-height:150%;\"><span\n                                style=\"font-family:Arial;mso-fareast-font-family:Calibri;font-size:11.0000pt;\">Contract\n                                Owner</span><span\n                                style=\"font-family:Arial;mso-fareast-font-family:Calibri;font-size:11.0000pt;\">\n                                <o:p></o:p>\n                            </span></p>\n                    </td>\n                    <td width=394 valign=top style=\"width:295.5000pt;padding:0.0000pt 5.4000pt 0.0000pt 5.4000pt ;border-left:1.0000pt solid rgb(231,230,230);\n        mso-border-left-alt:0.5000pt solid rgb(231,230,230);border-right:1.0000pt solid rgb(231,230,230);mso-border-right-alt:0.5000pt solid rgb(231,230,230);\n        border-top:none;mso-border-top-alt:0.5000pt solid rgb(231,230,230);border-bottom:1.0000pt solid rgb(231,230,230);\n        mso-border-bottom-alt:0.5000pt solid rgb(231,230,230);\">\n                        <p class=MsoNormal style=\"margin-bottom:0.0000pt;line-height:150%;\"><span\n                                style=\"font-family:Arial;mso-fareast-font-family:Calibri;font-size:11.0000pt;\">@{outputs('Retrieve_sourcing_request_by_request_id')?['body/_aia_contractowner_value@OData.Community.Display.V1.FormattedValue']}</span><span\n                                style=\"font-family:Arial;mso-fareast-font-family:Calibri;font-size:11.0000pt;\">\n                                <o:p></o:p>\n                            </span></p>\n                    </td>\n                </tr>\n                <tr>\n                    <td width=166 valign=top style=\"width:124.9500pt;padding:0.0000pt 5.4000pt 0.0000pt 5.4000pt ;border-left:1.0000pt solid rgb(231,230,230);\n        mso-border-left-alt:0.5000pt solid rgb(231,230,230);border-right:1.0000pt solid rgb(231,230,230);mso-border-right-alt:0.5000pt solid rgb(231,230,230);\n        border-top:none;mso-border-top-alt:0.5000pt solid rgb(231,230,230);border-bottom:1.0000pt solid rgb(231,230,230);\n        mso-border-bottom-alt:0.5000pt solid rgb(231,230,230);background:rgb(241,241,241);\">\n                        <p class=MsoNormal style=\"margin-bottom:0.0000pt;line-height:150%;\"><span\n                                style=\"font-family:Arial;mso-fareast-font-family:Calibri;font-size:11.0000pt;\">Sourcing\n                                Representative</span><span\n                                style=\"font-family:Arial;mso-fareast-font-family:Calibri;font-size:11.0000pt;\">\n                                <o:p></o:p>\n                            </span></p>\n                    </td>\n                    <td width=394 valign=top style=\"width:295.5000pt;padding:0.0000pt 5.4000pt 0.0000pt 5.4000pt ;border-left:1.0000pt solid rgb(231,230,230);\n        mso-border-left-alt:0.5000pt solid rgb(231,230,230);border-right:1.0000pt solid rgb(231,230,230);mso-border-right-alt:0.5000pt solid rgb(231,230,230);\n        border-top:none;mso-border-top-alt:0.5000pt solid rgb(231,230,230);border-bottom:1.0000pt solid rgb(231,230,230);\n        mso-border-bottom-alt:0.5000pt solid rgb(231,230,230);\">\n                        <p class=MsoNormal style=\"margin-bottom:0.0000pt;line-height:150%;\"><span\n                                style=\"font-family:Arial;mso-fareast-font-family:Calibri;font-size:11.0000pt;\">@{outputs('Retrieve_sourcing_request_by_request_id')?['body/_aia_sourcingrepresentative_value@OData.Community.Display.V1.FormattedValue']}</span><span\n                                style=\"font-family:Arial;mso-fareast-font-family:Calibri;font-size:11.0000pt;\">\n                                <o:p></o:p>\n                            </span></p>\n                    </td>\n                </tr>\n                <tr>\n                    <td width=166 valign=top style=\"width:124.9500pt;padding:0.0000pt 5.4000pt 0.0000pt 5.4000pt ;border-left:1.0000pt solid rgb(231,230,230);\n        mso-border-left-alt:0.5000pt solid rgb(231,230,230);border-right:1.0000pt solid rgb(231,230,230);mso-border-right-alt:0.5000pt solid rgb(231,230,230);\n        border-top:none;mso-border-top-alt:0.5000pt solid rgb(231,230,230);border-bottom:1.0000pt solid rgb(231,230,230);\n        mso-border-bottom-alt:0.5000pt solid rgb(231,230,230);background:rgb(241,241,241);\">\n                        <p class=MsoNormal style=\"margin-bottom:0.0000pt;line-height:150%;\"><span\n                                style=\"font-family:Arial;mso-fareast-font-family:Calibri;font-size:11.0000pt;\">Request\n                                Title</span><span\n                                style=\"font-family:Arial;mso-fareast-font-family:Calibri;font-size:11.0000pt;\">\n                                <o:p></o:p>\n                            </span></p>\n                    </td>\n                    <td width=394 valign=top style=\"width:295.5000pt;padding:0.0000pt 5.4000pt 0.0000pt 5.4000pt ;border-left:1.0000pt solid rgb(231,230,230);\n        mso-border-left-alt:0.5000pt solid rgb(231,230,230);border-right:1.0000pt solid rgb(231,230,230);mso-border-right-alt:0.5000pt solid rgb(231,230,230);\n        border-top:none;mso-border-top-alt:0.5000pt solid rgb(231,230,230);border-bottom:1.0000pt solid rgb(231,230,230);\n        mso-border-bottom-alt:0.5000pt solid rgb(231,230,230);\">\n                        <p class=MsoNormal style=\"margin-bottom:0.0000pt;line-height:150%;\"><span\n                                style=\"font-family:Arial;mso-fareast-font-family:Calibri;font-size:11.0000pt;\">@{triggerOutputs()?['body/aia_requesttitle']}</span><span\n                                style=\"font-family:Arial;mso-fareast-font-family:Calibri;font-size:11.0000pt;\">\n                                <o:p></o:p>\n                            </span></p>\n                    </td>\n                </tr>\n                <tr>\n                    <td width=166 valign=top style=\"width:124.9500pt;padding:0.0000pt 5.4000pt 0.0000pt 5.4000pt ;border-left:1.0000pt solid rgb(231,230,230);\n        mso-border-left-alt:0.5000pt solid rgb(231,230,230);border-right:1.0000pt solid rgb(231,230,230);mso-border-right-alt:0.5000pt solid rgb(231,230,230);\n        border-top:none;mso-border-top-alt:0.5000pt solid rgb(231,230,230);border-bottom:1.0000pt solid rgb(231,230,230);\n        mso-border-bottom-alt:0.5000pt solid rgb(231,230,230);background:rgb(241,241,241);\">\n                        <p class=MsoNormal style=\"margin-bottom:0.0000pt;line-height:150%;\"><span\n                                style=\"font-family:Arial;mso-fareast-font-family:Calibri;font-size:11.0000pt;\">Request\n                                Status</span><span\n                                style=\"font-family:Arial;mso-fareast-font-family:Calibri;font-size:11.0000pt;\">\n                                <o:p></o:p>\n                            </span></p>\n                    </td>\n                    <td width=394 valign=top style=\"width:295.5000pt;padding:0.0000pt 5.4000pt 0.0000pt 5.4000pt ;border-left:1.0000pt solid rgb(231,230,230);\n        mso-border-left-alt:0.5000pt solid rgb(231,230,230);border-right:1.0000pt solid rgb(231,230,230);mso-border-right-alt:0.5000pt solid rgb(231,230,230);\n        border-top:none;mso-border-top-alt:0.5000pt solid rgb(231,230,230);border-bottom:1.0000pt solid rgb(231,230,230);\n        mso-border-bottom-alt:0.5000pt solid rgb(231,230,230);\">\n                        <p class=MsoNormal style=\"margin-bottom:0.0000pt;line-height:150%;\"><span\n                                style=\"font-family:Arial;mso-fareast-font-family:Calibri;font-size:11.0000pt;\">@{triggerOutputs()?['body/_aia_requeststatus_label']}</span><span\n                                style=\"font-family:Arial;mso-fareast-font-family:Calibri;font-size:11.0000pt;\">\n                                <o:p></o:p>\n                            </span></p>\n                    </td>\n                </tr>\n                </table></td></tr>\n            <tr><td><p class=MsoNormal style=\"margin-bottom:0.0000pt;\"><span style=\"mso-spacerun:'yes';font-family:Arial;mso-fareast-font-family:Calibri;\n                font-size:11.0000pt;\">\n                            <o:p>&nbsp;</o:p>\n                        </span></p></td></tr>\n            <tr><td><p class=MsoNormal><span style=\"mso-spacerun:'yes';font-family:Arial;mso-fareast-font-family:Calibri;\n                    font-size:11.0000pt;\">If you would like to view the full request details, please go to&nbsp;</span><span><a\n                                    href=\"@{body('Retrieve_S2C_Sub_Deep_link_Request_from_configuration_table')?['result']}@{outputs('Retrieve_sourcing_request_by_request_id')?['body/aia_s2c_sourcingrequestid']}\"><u><span\n                                            style=\"mso-spacerun:'yes';font-family:Arial;mso-fareast-font-family:Calibri;\n                    color:rgb(91,155,213);text-decoration:underline;text-underline:single;\n                    font-size:11.0000pt;\">SODA</span></u></a></span><span style=\"mso-spacerun:'yes';font-family:Arial;mso-fareast-font-family:Calibri;\n                    font-size:11.0000pt;\">. Thank you for your attention. </span><span style=\"mso-spacerun:'yes';font-family:Calibri;mso-bidi-font-family:'Times New Roman';\n                    font-size:11.0000pt;\">\n                                <o:p></o:p>\n                </span></p></td></tr>\n            <tr><td><p class=MsoNormal align=center><i style=\"mso-bidi-font-style:normal\"><span style=\"mso-spacerun:'yes';font-family:Arial;mso-fareast-font-family:Calibri;\n                    color:rgb(127,127,127);mso-ansi-font-style:italic;font-size:8.0000pt;\">This is a system-generated email.</span><span style=\"mso-spacerun:'yes';font-family:Calibri;mso-bidi-font-family:'Times New Roman';\n                    font-size:11.0000pt;\">\n                                    <o:p></o:p>\n                </span></i></p></td></tr>\n        </table>\n    </div><!--EndFragment-->\n</body>\n\n</html>",
                  "emailMessage/From": "@body('Find_Not_Reply_Email_Address')?['result']",
                  "emailMessage/Importance": "Normal"
                },
                "authentication": "@parameters('$authentication')"
              }
            },
            "Retrieve_S2C_Sub_Deep_link_Request_from_configuration_table": {
              "runAfter": {
                "Append_Requestor_to_array_variable": [
                  "Succeeded"
                ]
              },
              "metadata": {
                "operationMetadataId": "3721cfbe-dbbd-4dbc-af5b-575747ae5024"
              },
              "type": "Workflow",
              "inputs": {
                "host": {
                  "workflowReferenceName": "cb8c7cef-6161-ec11-8f8f-000d3a80eca3"
                },
                "body": {
                  "text": "S2C_Sub_Deeplink_Request"
                }
              }
            },
            "Find_Not_Reply_Email_Address": {
              "runAfter": {
                "S2C_Group_Sourcing_Email_Address": [
                  "Succeeded"
                ]
              },
              "metadata": {
                "operationMetadataId": "3f85489f-56fc-4e7d-a479-982e7017ee1e"
              },
              "type": "Workflow",
              "inputs": {
                "host": {
                  "workflowReferenceName": "cb8c7cef-6161-ec11-8f8f-000d3a80eca3"
                },
                "body": {
                  "text": "S2C_Not_Reply_Email_Address"
                }
              }
            },
            "If_Requestor_is_equal_to_Contract_Owner_or_not": {
              "actions": {
                "Create_confirm_ROA_to_do_for_requestor": {
                  "runAfter": {},
                  "metadata": {
                    "operationMetadataId": "2569c4d9-7686-4bac-9480-00a097716b11"
                  },
                  "type": "OpenApiConnection",
                  "inputs": {
                    "host": {
                      "connectionName": "shared_commondataserviceforapps",
                      "operationId": "CreateRecord",
                      "apiId": "/providers/Microsoft.PowerApps/apis/shared_commondataserviceforapps"
                    },
                    "parameters": {
                      "entityName": "aia_s2c_review_n_edit_roa_activities",
                      "item/subject": "Review & Edit ROA @{triggerOutputs()?['body/aia_requesttitle']}",
                      "item/activityadditionalparams": "@{outputs('Retrieve_sourcing_request_by_request_id')?['body/_aia_contractowner_value@OData.Community.Display.V1.FormattedValue']}, @{outputs('Retrieve_sourcing_request_by_request_id')?['body/_aia_sourcingrepresentative_value@OData.Community.Display.V1.FormattedValue']}",
                      "item/isworkflowcreated": true,
                      "item/ownerid_aia_s2c_review_n_edit_roa_activity@odata.bind": "/systemusers(@{triggerOutputs()?['body/_aia_requestor_value']})",
                      "item/regardingobjectid_aia_s2c_sourcingrequest_aia_s2c_review_n_edit_roa_activity@odata.bind": "/aia_s2c_sourcingrequests(@{triggerOutputs()?['body/aia_s2c_sourcingrequestid']})"
                    },
                    "authentication": "@parameters('$authentication')"
                  }
                }
              },
              "runAfter": {
                "Create_confirm_ROA_to_do_for_contract_owner": [
                  "Succeeded"
                ]
              },
              "expression": {
                "not": {
                  "equals": [
                    "@triggerOutputs()?['body/_aia_requestor_value']",
                    "@triggerOutputs()?['body/_aia_contractowner_value']"
                  ]
                }
              },
              "metadata": {
                "operationMetadataId": "36f63417-472a-44ce-b225-f602f3a37c12"
              },
              "type": "If"
            },
            "Retrieve_given_name_by_user_email_address": {
              "runAfter": {
                "Find_Not_Reply_Email_Address": [
                  "Succeeded"
                ]
              },
              "metadata": {
                "operationMetadataId": "9334a386-a680-40b3-aec8-95f3de6483a4"
              },
              "type": "Workflow",
              "inputs": {
                "host": {
                  "workflowReferenceName": "161d9f88-f8f1-ec11-bb3d-6045bd1bf92d"
                },
                "body": {
                  "text": "@join(union(variables('SendEmailAddress'), variables('SendEmailAddress')), ';')",
                  "text_1": ";",
                  "text_2": ","
                }
              }
            },
            "Append_CO_to_array_variable": {
              "runAfter": {
                "If_Requestor_is_equal_to_Contract_Owner_or_not": [
                  "Succeeded"
                ]
              },
              "metadata": {
                "operationMetadataId": "4fd26b74-bdee-4953-af7d-b88bcb55069e"
              },
              "type": "AppendToArrayVariable",
              "inputs": {
                "name": "SendEmailAddress",
                "value": "@outputs('Retrieve_sourcing_request_by_request_id')?['body/aia_contractowner/internalemailaddress']"
              }
            },
            "Append_Requestor_to_array_variable": {
              "runAfter": {
                "Append_CO_to_array_variable": [
                  "Succeeded"
                ]
              },
              "metadata": {
                "operationMetadataId": "794a7723-92fe-4a5f-a991-6f38af56b659"
              },
              "type": "AppendToArrayVariable",
              "inputs": {
                "name": "SendEmailAddress",
                "value": "@outputs('Retrieve_sourcing_request_by_request_id')?['body/aia_requestor/internalemailaddress']"
              }
            },
            "S2C_Group_Sourcing_Email_Address": {
              "runAfter": {
                "Retrieve_S2C_Sub_Deep_link_Request_from_configuration_table": [
                  "Succeeded"
                ]
              },
              "metadata": {
                "operationMetadataId": "3f85489f-56fc-4e7d-a479-982e7017ee1e"
              },
              "type": "Workflow",
              "inputs": {
                "host": {
                  "workflowReferenceName": "cb8c7cef-6161-ec11-8f8f-000d3a80eca3"
                },
                "body": {
                  "text": "S2C_Group_Sourcing_Email_Address"
                }
              }
            }
          },
          "runAfter": {
            "Initialize_variable": [
              "Succeeded"
            ]
          },
          "expression": {
            "and": [
              {
                "equals": [
                  "@triggerOutputs()?['body/aia_send_to_requestor_btn']",
                  true
                ]
              },
              {
                "equals": [
                  "@if(equals(triggerOutputs()?['body/aia_resubmit_datetime'],null),true,or(greater(sub(ticks(utcNow()),ticks(triggerOutputs()?['body/aia_resubmit_datetime'])),1200000000),greater(sub(ticks(triggerOutputs()?['body/aia_resubmit_datetime']),ticks(utcNow())),1200000000)))",
                  true
                ]
              }
            ]
          },
          "metadata": {
            "operationMetadataId": "0b068fc5-dc77-43c5-ba46-f0b65e81f733"
          },
          "type": "If",
          "description": "if UtcNow has 2 seconds more than  Resubmit datetime "
        },
        "Retrieve_sourcing_request_by_request_id": {
          "runAfter": {},
          "metadata": {
            "operationMetadataId": "0272812c-dde6-42d2-937c-8934ac4e8ac4"
          },
          "type": "OpenApiConnection",
          "inputs": {
            "host": {
              "connectionName": "shared_commondataserviceforapps",
              "operationId": "GetItem",
              "apiId": "/providers/Microsoft.PowerApps/apis/shared_commondataserviceforapps"
            },
            "parameters": {
              "entityName": "aia_s2c_sourcingrequests",
              "recordId": "@triggerOutputs()?['body/aia_s2c_sourcingrequestid']",
              "$select": "aia_s2c_sourcingrequestid,_aia_contractowner_value,_aia_requestor_value,_aia_sourcingrepresentative_value",
              "$expand": "aia_Requestor($select=internalemailaddress),aia_ContractOwner($select=internalemailaddress)"
            },
            "authentication": "@parameters('$authentication')"
          }
        },
        "Initialize_variable": {
          "runAfter": {
            "Retrieve_sourcing_request_by_request_id": [
              "Succeeded"
            ]
          },
          "metadata": {
            "operationMetadataId": "87f128b5-67a5-4b77-8940-e7b856325388"
          },
          "type": "InitializeVariable",
          "inputs": {
            "variables": [
              {
                "name": "SendEmailAddress",
                "type": "array"
              }
            ]
          }
        }
      },
      "outputs": {}
    },
    "templateName": ""
  },
  "schemaVersion": "1.0.0.0"
}