{
  "properties": {
    "connectionReferences": {
      "shared_commondataserviceforapps": {
        "runtimeSource": "embedded",
        "connection": {
          "connectionReferenceLogicalName": "aia_sharedcommondataserviceforapps_1c6db"
        },
        "api": {
          "name": "shared_commondataserviceforapps"
        }
      }
    },
    "definition": {
      "$schema": "https://schema.management.azure.com/providers/Microsoft.Logic/schemas/2016-06-01/workflowdefinition.json#",
      "contentVersion": "1.0.0.0",
      "parameters": {
        "$connections": {
          "defaultValue": {},
          "type": "Object"
        },
        "$authentication": {
          "defaultValue": {},
          "type": "SecureObject"
        }
      },
      "triggers": {
        "manual": {
          "metadata": {
            "operationMetadataId": "281b10a3-8240-4013-860f-83c74a44f2c1"
          },
          "type": "Request",
          "kind": "Button",
          "inputs": {
            "schema": {
              "type": "object",
              "properties": {
                "text": {
                  "title": "ActivityGuid",
                  "type": "string",
                  "x-ms-dynamically-added": true,
                  "description": "Please enter your input",
                  "x-ms-content-hint": "TEXT"
                },
                "text_1": {
                  "title": "FeedBack",
                  "type": "string",
                  "x-ms-dynamically-added": true,
                  "description": "Please enter your input",
                  "x-ms-content-hint": "TEXT"
                },
                "text_2": {
                  "title": "ActionType",
                  "type": "string",
                  "x-ms-dynamically-added": true,
                  "description": "Please enter your input",
                  "x-ms-content-hint": "TEXT"
                }
              },
              "required": [
                "text",
                "text_2"
              ]
            }
          }
        }
      },
      "actions": {
        "Respond_to_a_PowerApp_or_flow": {
          "runAfter": {
            "check_new_batch_extension_approval_length": [
              "Succeeded"
            ]
          },
          "metadata": {
            "operationMetadataId": "16b4a3fc-8cd8-45a7-a2eb-49dfdd8a68df"
          },
          "type": "Response",
          "kind": "PowerApp",
          "inputs": {
            "statusCode": 200,
            "body": {
              "result": "@variables('Result')",
              "resulttitle": "@variables('ResultTitle')",
              "resultmessage": "@variables('resultMessage')"
            },
            "schema": {
              "type": "object",
              "properties": {
                "result": {
                  "title": "result",
                  "x-ms-dynamically-added": true,
                  "type": "boolean"
                },
                "resulttitle": {
                  "title": "resulttitle",
                  "x-ms-dynamically-added": true,
                  "type": "string"
                },
                "resultmessage": {
                  "title": "resultmessage",
                  "x-ms-dynamically-added": true,
                  "type": "string"
                }
              }
            }
          }
        },
        "Find_New_Batch_Extension_Approval": {
          "runAfter": {
            "Result_Title": [
              "Succeeded"
            ]
          },
          "metadata": {
            "operationMetadataId": "044c14e7-7789-473a-9f8f-e6d7d252e326"
          },
          "type": "OpenApiConnection",
          "inputs": {
            "host": {
              "connectionName": "shared_commondataserviceforapps",
              "operationId": "ListRecords",
              "apiId": "/providers/Microsoft.PowerApps/apis/shared_commondataserviceforapps"
            },
            "parameters": {
              "entityName": "aia_newbatchextensionactivities",
              "fetchXml": "<fetch top=\"1\">\n  <entity name=\"aia_newbatchextensionactivity\">\n    <attribute name=\"activityid\" />\n    <attribute name=\"aia_contracting_entity\" />\n    <attribute name=\"aia_individualnames\" />\n    <attribute name=\"aia_supplier\" />\n    <attribute name=\"aia_requestid\" />\n    <attribute name=\"aia_department\" />\n    <attribute name=\"subject\" />\n    <filter>\n      <condition attribute=\"activityid\" operator=\"eq\" value=\"@{triggerBody()['text']}\" />\n      <condition attribute=\"statuscode\" operator=\"eq\" value=\"1\" />\n    </filter>\n  </entity>\n</fetch>",
              "$top": 1
            },
            "authentication": {
              "type": "Raw",
              "value": "@json(decodeBase64(triggerOutputs().headers['X-MS-APIM-Tokens']))['$ConnectionKey']"
            }
          }
        },
        "check_new_batch_extension_approval_length": {
          "actions": {
            "Apply_to_each_2": {
              "foreach": "@outputs('Find_New_Batch_Extension_Approval')?['body/value']",
              "actions": {
                "Switch": {
                  "runAfter": {},
                  "cases": {
                    "approver": {
                      "case": "approver",
                      "actions": {
                        "Update_new_batch_extension_approval": {
                          "runAfter": {},
                          "metadata": {
                            "operationMetadataId": "51bd9cbc-26ee-46e1-bf9a-053cac667f2e"
                          },
                          "type": "OpenApiConnection",
                          "inputs": {
                            "host": {
                              "connectionName": "shared_commondataserviceforapps",
                              "operationId": "UpdateRecord",
                              "apiId": "/providers/Microsoft.PowerApps/apis/shared_commondataserviceforapps"
                            },
                            "parameters": {
                              "entityName": "aia_newbatchextensionactivities",
                              "recordId": "@items('Apply_to_each_2')?['activityid']",
                              "item/statecode": 1,
                              "item/aia_extension_status": 914710002,
                              "item/statuscode": 2
                            },
                            "authentication": {
                              "type": "Raw",
                              "value": "@json(decodeBase64(triggerOutputs().headers['X-MS-APIM-Tokens']))['$ConnectionKey']"
                            }
                          }
                        },
                        "Set_variable_5": {
                          "runAfter": {
                            "Update_new_batch_extension_approval": [
                              "Succeeded"
                            ]
                          },
                          "type": "SetVariable",
                          "inputs": {
                            "name": "ResultTitle",
                            "value": "Request Approved"
                          }
                        },
                        "Set_variable_6": {
                          "runAfter": {
                            "Set_variable_5": [
                              "Succeeded"
                            ]
                          },
                          "type": "SetVariable",
                          "inputs": {
                            "name": "resultMessage",
                            "value": "You have successfully approved the Request."
                          }
                        }
                      }
                    },
                    "reject": {
                      "case": "reject",
                      "actions": {
                        "Update_new_batch_extension_approval_reject": {
                          "runAfter": {},
                          "type": "OpenApiConnection",
                          "inputs": {
                            "host": {
                              "connectionName": "shared_commondataserviceforapps",
                              "operationId": "UpdateRecord",
                              "apiId": "/providers/Microsoft.PowerApps/apis/shared_commondataserviceforapps"
                            },
                            "parameters": {
                              "entityName": "aia_newbatchextensionactivities",
                              "recordId": "@triggerBody()['text']",
                              "item/statecode": 1,
                              "item/aia_extension_status": 914710003,
                              "item/aia_rejection_reason": "@triggerBody()['text_1']",
                              "item/statuscode": 2
                            },
                            "authentication": {
                              "type": "Raw",
                              "value": "@json(decodeBase64(triggerOutputs().headers['X-MS-APIM-Tokens']))['$ConnectionKey']"
                            }
                          }
                        },
                        "Set_variable_3": {
                          "runAfter": {
                            "Update_new_batch_extension_approval_reject": [
                              "Succeeded"
                            ]
                          },
                          "type": "SetVariable",
                          "inputs": {
                            "name": "ResultTitle",
                            "value": "Request Rejected"
                          }
                        },
                        "Set_variable_4": {
                          "runAfter": {
                            "Set_variable_3": [
                              "Succeeded"
                            ]
                          },
                          "type": "SetVariable",
                          "inputs": {
                            "name": "resultMessage",
                            "value": "You have successfully rejected the Request."
                          }
                        }
                      }
                    }
                  },
                  "default": {
                    "actions": {}
                  },
                  "expression": "@triggerBody()['text_2']",
                  "metadata": {
                    "operationMetadataId": "a2a50f05-1ecd-4f46-8013-a31e19abf71b"
                  },
                  "type": "Switch"
                }
              },
              "runAfter": {},
              "metadata": {
                "operationMetadataId": "1d333f8c-6009-49f0-aa84-ab37342cc2b1"
              },
              "type": "Foreach"
            }
          },
          "runAfter": {
            "Find_New_Batch_Extension_Approval": [
              "Succeeded"
            ]
          },
          "else": {
            "actions": {
              "Set_variable": {
                "runAfter": {},
                "metadata": {
                  "operationMetadataId": "ef804615-0bfa-4921-be32-284973d09d4d"
                },
                "type": "SetVariable",
                "inputs": {
                  "name": "ResultTitle",
                  "value": "Request Approved/Rejected"
                }
              },
              "Set_variable_2": {
                "runAfter": {
                  "Set_variable": [
                    "Succeeded"
                  ]
                },
                "metadata": {
                  "operationMetadataId": "630f4ad2-9b92-476e-b197-2857516f243e"
                },
                "type": "SetVariable",
                "inputs": {
                  "name": "resultMessage",
                  "value": "This request has been approved/rejected on SODA App."
                }
              }
            }
          },
          "expression": {
            "greaterOrEquals": [
              "@length(outputs('Find_New_Batch_Extension_Approval')?['body/value'])",
              1
            ]
          },
          "metadata": {
            "operationMetadataId": "fb479f80-5cca-49a9-ae92-b377380d7176"
          },
          "type": "If"
        },
        "Initialize_variable": {
          "runAfter": {},
          "metadata": {
            "operationMetadataId": "22d339d1-21d2-4704-9f47-201bb6c6a853"
          },
          "type": "InitializeVariable",
          "inputs": {
            "variables": [
              {
                "name": "Result",
                "type": "boolean",
                "value": true
              }
            ]
          }
        },
        "Result_Message": {
          "runAfter": {
            "Initialize_variable": [
              "Succeeded"
            ]
          },
          "metadata": {
            "operationMetadataId": "25186b33-66f0-4bd7-be01-e0972abeb358"
          },
          "type": "InitializeVariable",
          "inputs": {
            "variables": [
              {
                "name": "resultMessage",
                "type": "string",
                "value": "Your Comment has been sent successfully"
              }
            ]
          }
        },
        "Result_Title": {
          "runAfter": {
            "Result_Message": [
              "Succeeded"
            ]
          },
          "metadata": {
            "operationMetadataId": "537faede-2f89-4853-8c6e-e30e6f1d7dfa"
          },
          "type": "InitializeVariable",
          "inputs": {
            "variables": [
              {
                "name": "ResultTitle",
                "type": "string",
                "value": " Comment Sent"
              }
            ]
          }
        }
      }
    },
    "templateName": ""
  },
  "schemaVersion": "1.0.0.0"
}