{
  "properties": {
    "connectionReferences": {
      "shared_commondataserviceforapps": {
        "runtimeSource": "embedded",
        "connection": {
          "connectionReferenceLogicalName": "aia_sharedcommondataserviceforapps_f1f89"
        },
        "api": {
          "name": "shared_commondataserviceforapps"
        }
      },
      "shared_office365": {
        "runtimeSource": "embedded",
        "connection": {
          "connectionReferenceLogicalName": "aia_sharedoffice365_50a72"
        },
        "api": {
          "name": "shared_office365"
        }
      }
    },
    "definition": {
      "$schema": "https://schema.management.azure.com/providers/Microsoft.Logic/schemas/2016-06-01/workflowdefinition.json#",
      "contentVersion": "1.0.0.0",
      "parameters": {
        "$connections": {
          "defaultValue": {},
          "type": "Object"
        },
        "$authentication": {
          "defaultValue": {},
          "type": "SecureObject"
        }
      },
      "triggers": {
        "Request_is_cancelled": {
          "metadata": {
            "operationMetadataId": "b5ce6ab6-b017-495e-b3f2-1b6b1e5ffb23"
          },
          "type": "OpenApiConnectionWebhook",
          "inputs": {
            "host": {
              "connectionName": "shared_commondataserviceforapps",
              "operationId": "SubscribeWebhookTrigger",
              "apiId": "/providers/Microsoft.PowerApps/apis/shared_commondataserviceforapps"
            },
            "parameters": {
              "subscriptionRequest/message": 3,
              "subscriptionRequest/entityname": "aia_s2c_sourcingrequest",
              "subscriptionRequest/scope": 4,
              "subscriptionRequest/filteringattributes": "aia_requeststatus",
              "subscriptionRequest/filterexpression": "aia_requeststatus eq 914710004"
            },
            "authentication": "@parameters('$authentication')"
          }
        }
      },
      "actions": {
        "Contract_Owner": {
          "runAfter": {},
          "metadata": {
            "operationMetadataId": "5f80bf67-a1b5-4322-9fce-5d9b46369a02"
          },
          "type": "OpenApiConnection",
          "inputs": {
            "host": {
              "connectionName": "shared_commondataserviceforapps",
              "operationId": "GetItem",
              "apiId": "/providers/Microsoft.PowerApps/apis/shared_commondataserviceforapps"
            },
            "parameters": {
              "entityName": "systemusers",
              "recordId": "@triggerOutputs()?['body/_aia_contractowner_value']"
            },
            "authentication": "@parameters('$authentication')"
          }
        },
        "Get_Give_Name_for_CO": {
          "runAfter": {
            "Initialize_variable_11": [
              "Succeeded"
            ]
          },
          "metadata": {
            "operationMetadataId": "4e514088-a02d-4300-8137-3a5559c16847"
          },
          "type": "Workflow",
          "inputs": {
            "host": {
              "workflowReferenceName": "161d9f88-f8f1-ec11-bb3d-6045bd1bf92d"
            },
            "body": {
              "text": "@outputs('Contract_Owner')?['body/internalemailaddress']"
            }
          }
        },
        "Initialize_variable": {
          "runAfter": {
            "Requestor": [
              "Succeeded"
            ]
          },
          "metadata": {
            "operationMetadataId": "43c74a55-e819-4593-8f8e-0f1f36194179"
          },
          "type": "InitializeVariable",
          "inputs": {
            "variables": [
              {
                "name": "Contract Owner",
                "type": "string"
              }
            ]
          }
        },
        "Set_variable": {
          "runAfter": {
            "Get_Give_Name_for_CO": [
              "Succeeded"
            ]
          },
          "metadata": {
            "operationMetadataId": "81dd79a1-9a7c-43c6-ad05-501c34284857"
          },
          "type": "SetVariable",
          "inputs": {
            "name": "Contract Owner",
            "value": "@{body('Get_Give_Name_for_CO')?['givennames']}"
          }
        },
        "Initialize_variable_2": {
          "runAfter": {
            "Initialize_variable": [
              "Succeeded"
            ]
          },
          "metadata": {
            "operationMetadataId": "b5e22a9d-b17d-4988-b655-9b6c56697f0b"
          },
          "type": "InitializeVariable",
          "inputs": {
            "variables": [
              {
                "name": "Requestor",
                "type": "string"
              }
            ]
          }
        },
        "Condition": {
          "actions": {
            "Get_Give_Name_for_Requestor": {
              "runAfter": {},
              "metadata": {
                "operationMetadataId": "c5f1e1e6-a9ae-474d-a70f-086e6c0ceef6"
              },
              "type": "Workflow",
              "inputs": {
                "host": {
                  "workflowReferenceName": "161d9f88-f8f1-ec11-bb3d-6045bd1bf92d"
                },
                "body": {
                  "text": "@outputs('Requestor')?['body/internalemailaddress']"
                }
              }
            },
            "Set_variable_2": {
              "runAfter": {
                "Get_Give_Name_for_Requestor": [
                  "Succeeded"
                ]
              },
              "metadata": {
                "operationMetadataId": "36c6546a-de02-4f60-944c-86f7937c31e3"
              },
              "type": "SetVariable",
              "inputs": {
                "name": "Requestor",
                "value": "@body('Get_Give_Name_for_Requestor')?['givennames']"
              }
            }
          },
          "runAfter": {
            "Condition_7": [
              "Succeeded"
            ]
          },
          "expression": {
            "not": {
              "equals": [
                "@triggerOutputs()?['body/_aia_contractowner_value']",
                "@triggerOutputs()?['body/_aia_requestor_value']"
              ]
            }
          },
          "metadata": {
            "operationMetadataId": "f4d9f01a-8d4e-4041-83d9-b097921d0cd1"
          },
          "type": "If"
        },
        "Initialize_variable_3": {
          "runAfter": {
            "Initialize_variable_2": [
              "Succeeded"
            ]
          },
          "metadata": {
            "operationMetadataId": "31b9679c-d894-4305-a477-7732f6208549"
          },
          "type": "InitializeVariable",
          "inputs": {
            "variables": [
              {
                "name": "Hi Names",
                "type": "string"
              }
            ]
          }
        },
        "Condition_2": {
          "actions": {
            "Set_variable_3": {
              "runAfter": {},
              "metadata": {
                "operationMetadataId": "88aed3bc-7865-4ec2-a350-e9621549fa37"
              },
              "type": "SetVariable",
              "inputs": {
                "name": "Hi Names",
                "value": "@{variables('Contract Owner')}/@{variables('Requestor')}"
              }
            }
          },
          "runAfter": {
            "Condition": [
              "Succeeded"
            ]
          },
          "else": {
            "actions": {
              "Set_variable_4": {
                "runAfter": {},
                "metadata": {
                  "operationMetadataId": "82cbfd7d-4784-41dd-a1fc-b6facbe7aeaa"
                },
                "type": "SetVariable",
                "inputs": {
                  "name": "Hi Names",
                  "value": "@variables('Contract Owner')"
                }
              }
            }
          },
          "expression": {
            "and": [
              {
                "not": {
                  "equals": [
                    "@variables('Requestor')",
                    "@variables('Contract Owner')"
                  ]
                }
              },
              {
                "equals": [
                  "@not(empty(variables('Requestor')))",
                  true
                ]
              }
            ]
          },
          "metadata": {
            "operationMetadataId": "51ef06f4-70a0-4b27-bbc4-c65152089153"
          },
          "type": "If"
        },
        "Condition_3": {
          "actions": {
            "withdrawn_by": {
              "runAfter": {},
              "metadata": {
                "operationMetadataId": "c520730b-2dcb-40c4-81e5-811db20beeef"
              },
              "type": "OpenApiConnection",
              "inputs": {
                "host": {
                  "connectionName": "shared_commondataserviceforapps",
                  "operationId": "GetItem",
                  "apiId": "/providers/Microsoft.PowerApps/apis/shared_commondataserviceforapps"
                },
                "parameters": {
                  "entityName": "systemusers",
                  "recordId": "@triggerOutputs()?['body/_aia_withdrawn_by_value']"
                },
                "authentication": "@parameters('$authentication')"
              }
            },
            "Set_variable_6": {
              "runAfter": {
                "withdrawn_by": [
                  "Succeeded"
                ]
              },
              "metadata": {
                "operationMetadataId": "c1b76d35-b621-4980-9fab-3ef2d9e39048"
              },
              "type": "SetVariable",
              "inputs": {
                "name": "withdrawn by",
                "value": "@outputs('withdrawn_by')?['body/fullname']"
              }
            }
          },
          "runAfter": {
            "Condition_2": [
              "Succeeded"
            ]
          },
          "else": {
            "actions": {
              "Set_variable_5": {
                "runAfter": {},
                "metadata": {
                  "operationMetadataId": "4b392082-b8e7-4878-a90b-77a17c25c271"
                },
                "type": "SetVariable",
                "inputs": {
                  "name": "withdrawn by",
                  "value": "THE SYSTEM"
                }
              }
            }
          },
          "expression": {
            "not": {
              "equals": [
                "@triggerOutputs()?['body/_aia_withdrawn_by_value']",
                "@null"
              ]
            }
          },
          "metadata": {
            "operationMetadataId": "40c33cf6-04e2-49f5-94f6-276da01ebbb2"
          },
          "type": "If"
        },
        "Initialize_variable_4": {
          "runAfter": {
            "Initialize_variable_3": [
              "Succeeded"
            ]
          },
          "metadata": {
            "operationMetadataId": "bcb8e648-d94d-48c7-b126-d75ddc340db3"
          },
          "type": "InitializeVariable",
          "inputs": {
            "variables": [
              {
                "name": "withdrawn by",
                "type": "string"
              }
            ]
          }
        },
        "Initialize_variable_5": {
          "runAfter": {
            "Initialize_variable_4": [
              "Succeeded"
            ]
          },
          "metadata": {
            "operationMetadataId": "65544941-75c9-4ad0-981d-27cb68707008"
          },
          "type": "InitializeVariable",
          "inputs": {
            "variables": [
              {
                "name": "Request ID",
                "type": "string"
              }
            ]
          }
        },
        "Set_variable_7": {
          "runAfter": {
            "Condition_3": [
              "Succeeded"
            ]
          },
          "metadata": {
            "operationMetadataId": "864f8c3c-18b9-446a-8208-0c5c131d6006"
          },
          "type": "SetVariable",
          "inputs": {
            "name": "Request ID",
            "value": "@triggerOutputs()?['body/aia_name']"
          }
        },
        "Initialize_variable_6": {
          "runAfter": {
            "Initialize_variable_5": [
              "Succeeded"
            ]
          },
          "metadata": {
            "operationMetadataId": "d4e3ee63-e4a0-4609-aae4-ec0fdf44dd72"
          },
          "type": "InitializeVariable",
          "inputs": {
            "variables": [
              {
                "name": "Submission Datetime",
                "type": "string",
                "value": "@{if(not(empty(triggerOutputs()?['body/createdon'])),formatDateTime(triggerOutputs()?['body/createdon'],'dd-MMM-yyyy'),'')}"
              }
            ]
          }
        },
        "Requestor": {
          "runAfter": {
            "Contract_Owner": [
              "Succeeded"
            ]
          },
          "metadata": {
            "operationMetadataId": "41c729bf-c086-4e39-859f-8c8acec7d6b3"
          },
          "type": "OpenApiConnection",
          "inputs": {
            "host": {
              "connectionName": "shared_commondataserviceforapps",
              "operationId": "GetItem",
              "apiId": "/providers/Microsoft.PowerApps/apis/shared_commondataserviceforapps"
            },
            "parameters": {
              "entityName": "systemusers",
              "recordId": "@triggerOutputs()?['body/_aia_requestor_value']"
            },
            "authentication": "@parameters('$authentication')"
          }
        },
        "Initialize_variable_7": {
          "runAfter": {
            "Initialize_variable_6": [
              "Succeeded"
            ]
          },
          "metadata": {
            "operationMetadataId": "e9a57258-2f46-4438-b54a-cd93a7d67e5f"
          },
          "type": "InitializeVariable",
          "inputs": {
            "variables": [
              {
                "name": "Title",
                "type": "string",
                "value": "Request Withdrawn - @{triggerOutputs()?['body/aia_name']} @{triggerOutputs()?['body/aia_requesttitle']}"
              }
            ]
          }
        },
        "Initialize_variable_8": {
          "runAfter": {
            "Initialize_variable_7": [
              "Succeeded"
            ]
          },
          "metadata": {
            "operationMetadataId": "39e794e0-d07c-468f-bb1a-c0374ea1b4e3"
          },
          "type": "InitializeVariable",
          "inputs": {
            "variables": [
              {
                "name": "URL",
                "type": "string"
              }
            ]
          }
        },
        "Configuration_Table": {
          "runAfter": {
            "Initialize_variable_10": [
              "Succeeded"
            ]
          },
          "metadata": {
            "operationMetadataId": "758e1dc7-ae1e-442d-a952-65bf2b0679d7"
          },
          "type": "OpenApiConnection",
          "inputs": {
            "host": {
              "connectionName": "shared_commondataserviceforapps",
              "operationId": "ListRecords",
              "apiId": "/providers/Microsoft.PowerApps/apis/shared_commondataserviceforapps"
            },
            "parameters": {
              "entityName": "aia_configuration_tables",
              "fetchXml": "<fetch version=\"1.0\" output-format=\"xml-platform\" mapping=\"logical\" distinct=\"false\">\n<entity name=\"aia_configuration_table\">\n<attribute name=\"aia_configuration_tableid\"/>\n<attribute name=\"aia_name\"/>\n<attribute name=\"createdon\"/>\n<attribute name=\"aia_value\"/>\n<order attribute=\"aia_name\" descending=\"false\"/>\n<filter type=\"and\">\n<condition attribute=\"aia_name\" operator=\"eq\" value=\"S2C_Sub_Deeplink_Request\"/>\n</filter>\n</entity>\n</fetch>"
            },
            "authentication": "@parameters('$authentication')"
          }
        },
        "Apply_to_each": {
          "foreach": "@outputs('Configuration_Table')?['body/value']",
          "actions": {
            "Set_variable_8": {
              "runAfter": {},
              "metadata": {
                "operationMetadataId": "660b0620-0dfe-4095-a2cb-2fbca03b5208"
              },
              "type": "SetVariable",
              "inputs": {
                "name": "URL",
                "value": "@{items('Apply_to_each')?['aia_value']}@{triggerOutputs()?['body/aia_s2c_sourcingrequestid']}"
              }
            }
          },
          "runAfter": {
            "Configuration_Table": [
              "Succeeded"
            ]
          },
          "metadata": {
            "operationMetadataId": "7f8d78e2-6687-4fc0-9b8c-4bdc6818ef11"
          },
          "type": "Foreach"
        },
        "Initialize_variable_9": {
          "runAfter": {
            "Initialize_variable_8": [
              "Succeeded"
            ]
          },
          "metadata": {
            "operationMetadataId": "7c63f9a8-9b75-4766-b3ae-ed02b9a1cf05"
          },
          "type": "InitializeVariable",
          "inputs": {
            "variables": [
              {
                "name": "To",
                "type": "string",
                "value": "@outputs('Contract_Owner')?['body/internalemailaddress']"
              }
            ]
          }
        },
        "Team_Members": {
          "runAfter": {
            "Apply_to_each": [
              "Succeeded"
            ]
          },
          "metadata": {
            "operationMetadataId": "a2b974d0-9728-4039-8f2d-dcd8f5ed6b3d"
          },
          "type": "OpenApiConnection",
          "inputs": {
            "host": {
              "connectionName": "shared_commondataserviceforapps",
              "operationId": "ListRecords",
              "apiId": "/providers/Microsoft.PowerApps/apis/shared_commondataserviceforapps"
            },
            "parameters": {
              "entityName": "aia_s2c_teammembers",
              "fetchXml": "<fetch version=\"1.0\" output-format=\"xml-platform\" mapping=\"logical\" distinct=\"false\">\n  <entity name=\"aia_s2c_teammember\">\n    <attribute name=\"aia_s2c_teammemberid\" />\n    <attribute name=\"aia_name\" />\n    <attribute name=\"createdon\" />\n    <attribute name=\"aia_teammember\" />\n    <order attribute=\"aia_name\" descending=\"false\" />\n    <filter type=\"and\">\n      <condition attribute=\"aia_sourcingrequest\" operator=\"eq\" value=\"{@{triggerOutputs()?['body/aia_s2c_sourcingrequestid']}}\" />\n      <condition attribute=\"statecode\" operator=\"eq\" value=\"0\" />\n      <condition attribute=\"aia_teammember\" operator=\"not-null\" />\n      <filter type=\"or\">\n        <condition attribute=\"aia_role\" operator=\"eq\" value=\"914710000\" />\n        <condition attribute=\"aia_role\" operator=\"eq\" value=\"914710001\" />\n      </filter>\n    </filter>\n    <link-entity name=\"systemuser\" from=\"systemuserid\" to=\"aia_teammember\" link-type=\"inner\" alias=\"user\">\n      <attribute name=\"internalemailaddress\" />\n      <attribute name=\"fullname\" />\n    </link-entity>\n  </entity>\n</fetch>"
            },
            "authentication": "@parameters('$authentication')"
          }
        },
        "Apply_to_each_2": {
          "foreach": "@outputs('Team_Members')?['body/value']",
          "actions": {
            "Condition_6": {
              "actions": {
                "Compose": {
                  "runAfter": {},
                  "metadata": {
                    "operationMetadataId": "54398832-8ff7-45dc-a9cb-a8136abaecc0"
                  },
                  "type": "Compose",
                  "inputs": "@items('Apply_to_each_2')?['user.internalemailaddress']"
                }
              },
              "runAfter": {},
              "expression": {
                "not": {
                  "contains": [
                    "@variables('To')",
                    "@items('Apply_to_each_2')?['user.internalemailaddress']"
                  ]
                }
              },
              "metadata": {
                "operationMetadataId": "c876f114-785b-47b7-8112-7ab9de93c5d4"
              },
              "type": "If"
            }
          },
          "runAfter": {
            "Team_Members": [
              "Succeeded"
            ]
          },
          "metadata": {
            "operationMetadataId": "6591ac8b-6a39-4aa3-83df-f8adfeda5356"
          },
          "type": "Foreach"
        },
        "Initialize_variable_10": {
          "runAfter": {
            "Set_variable_7": [
              "Succeeded"
            ]
          },
          "metadata": {
            "operationMetadataId": "f6cc941f-e0f5-4724-9013-cccdbd871df2"
          },
          "type": "InitializeVariable",
          "inputs": {
            "variables": [
              {
                "name": "CC",
                "type": "string"
              }
            ]
          }
        },
        "Initialize_variable_11": {
          "runAfter": {
            "Initialize_variable_9": [
              "Succeeded"
            ]
          },
          "metadata": {
            "operationMetadataId": "2865c0e7-4f57-4208-9fbf-c15ed6c75dc8"
          },
          "type": "InitializeVariable",
          "inputs": {
            "variables": [
              {
                "name": "CCs",
                "type": "string"
              }
            ]
          }
        },
        "Condition_7": {
          "actions": {
            "SR": {
              "runAfter": {},
              "metadata": {
                "operationMetadataId": "ec465dd0-ff93-4e38-8426-4fa1caacb5a8"
              },
              "type": "OpenApiConnection",
              "inputs": {
                "host": {
                  "connectionName": "shared_commondataserviceforapps",
                  "operationId": "GetItem",
                  "apiId": "/providers/Microsoft.PowerApps/apis/shared_commondataserviceforapps"
                },
                "parameters": {
                  "entityName": "systemusers",
                  "recordId": "@triggerOutputs()?['body/_aia_sourcingrepresentative_value']"
                },
                "authentication": "@parameters('$authentication')"
              }
            },
            "Set_variable_10": {
              "runAfter": {
                "SR": [
                  "Succeeded"
                ]
              },
              "metadata": {
                "operationMetadataId": "9fb46427-b925-4492-bbbe-b57c71520809"
              },
              "type": "SetVariable",
              "inputs": {
                "name": "To",
                "value": "@{outputs('Contract_Owner')?['body/internalemailaddress']};@{outputs('Requestor')?['body/internalemailaddress']};@{outputs('SR')?['body/internalemailaddress']}"
              }
            }
          },
          "runAfter": {
            "Set_variable": [
              "Succeeded"
            ]
          },
          "else": {
            "actions": {
              "Condition_4": {
                "actions": {
                  "Set_variable_9": {
                    "runAfter": {},
                    "metadata": {
                      "operationMetadataId": "12c44e27-cbff-4632-a18e-085f537c3749"
                    },
                    "type": "SetVariable",
                    "inputs": {
                      "name": "To",
                      "value": "@{outputs('Contract_Owner')?['body/internalemailaddress']};@{outputs('Requestor')?['body/internalemailaddress']}"
                    }
                  }
                },
                "runAfter": {},
                "expression": {
                  "not": {
                    "equals": [
                      "@outputs('Contract_Owner')?['body/systemuserid']",
                      "@outputs('Requestor')?['body/systemuserid']"
                    ]
                  }
                },
                "metadata": {
                  "operationMetadataId": "6b3e3baa-4e76-494d-86a7-28cb54173ea2"
                },
                "type": "If"
              }
            }
          },
          "expression": {
            "equals": [
              "@not(empty(triggerOutputs()?['body/_aia_sourcingrepresentative_value']))",
              true
            ]
          },
          "metadata": {
            "operationMetadataId": "562b2a34-fbf4-44fe-8acc-89cd63b5bfd8"
          },
          "type": "If"
        },
        "Find_Not_Reply_Email_Address": {
          "runAfter": {
            "Apply_to_each_2": [
              "Succeeded"
            ]
          },
          "metadata": {
            "operationMetadataId": "3f85489f-56fc-4e7d-a479-982e7017ee1e"
          },
          "type": "Workflow",
          "inputs": {
            "host": {
              "workflowReferenceName": "cb8c7cef-6161-ec11-8f8f-000d3a80eca3"
            },
            "body": {
              "text": "Not_Reply_Email_Address"
            }
          }
        },
        "Send_an_email_(V2)": {
          "runAfter": {
            "Find_Not_Reply_Email_Address": [
              "Succeeded"
            ]
          },
          "metadata": {
            "operationMetadataId": "5b135e98-2cc3-4586-819b-43cadd23b58d"
          },
          "type": "OpenApiConnection",
          "inputs": {
            "host": {
              "connectionName": "shared_office365",
              "operationId": "SendEmailV2",
              "apiId": "/providers/Microsoft.PowerApps/apis/shared_office365"
            },
            "parameters": {
              "emailMessage/To": "@join(union(split(variables('To'),';'),split(variables('To'),';')),';')",
              "emailMessage/Subject": "@variables('Title')",
              "emailMessage/Body": "<html xmlns:o=\"urn:schemas-microsoft-com:office:office\" xmlns:w=\"urn:schemas-microsoft-com:office:word\" xmlns:dt=\"uuid:C2F41010-65B3-11d1-A29F-00AA00C14882\" xmlns=\"http://www.w3.org/TR/REC-html40\"><head><meta http-equiv=Content-Type  content=\"text/html; charset=gb2312\" ><meta name=ProgId  content=Word.Document ><meta name=Generator  content=\"Microsoft Word 14\" ><meta name=Originator  content=\"Microsoft Word 14\" ><title></title><style>\n@font-face{\nfont-family:\"Times New Roman\";\n}\n\n@font-face{\nfont-family:\"宋体\";\n}\n\n@font-face{\nfont-family:\"Calibri\";\n}\n\n@font-face{\nfont-family:\"Wingdings\";\n}\n\n@font-face{\nfont-family:\"Arial\";\n}\n\np.MsoNormal{\nmso-style-name:正文;\nmso-style-parent:\"\";\nmargin-bottom:8.0000pt;\nline-height:107%;\nfont-family:Calibri;\nmso-bidi-font-family:'Times New Roman';\nfont-size:11.0000pt;\n}\n\nspan.10{\nfont-family:Calibri;\n}\n\nspan.15{\nfont-family:Calibri;\nfont-size:8.0000pt;\n}\n\nspan.16{\nfont-family:Calibri;\ncolor:rgb(0,0,255);\ntext-decoration:underline;\ntext-underline:single;\n}\n\nspan.17{\nfont-family:Calibri;\ncolor:rgb(43,87,154);\nbackground:rgb(230,230,230);\nmso-shading:rgb(230,230,230);\n}\n\np.MsoCommentText{\nmso-style-name:批注文字;\nmso-style-noshow:yes;\nmargin-bottom:8.0000pt;\nfont-family:Calibri;\nmso-bidi-font-family:'Times New Roman';\nfont-size:10.0000pt;\n}\n\nspan.msoIns{\nmso-style-type:export-only;\nmso-style-name:\"\";\ntext-decoration:underline;\ntext-underline:single;\ncolor:blue;\n}\n\nspan.msoDel{\nmso-style-type:export-only;\nmso-style-name:\"\";\ntext-decoration:line-through;\ncolor:red;\n}\n\ntable.MsoNormalTable{\nmso-style-name:普通表格;\nmso-style-parent:\"\";\nmso-style-noshow:yes;\nmso-tstyle-rowband-size:0;\nmso-tstyle-colband-size:0;\nmso-padding-alt:0.0000pt 5.4000pt 0.0000pt 5.4000pt;\nmso-para-margin:0pt;\nmso-para-margin-bottom:.0001pt;\nmso-pagination:widow-orphan;\nfont-family:'Times New Roman';\nfont-size:10.0000pt;\nmso-ansi-language:#0400;\nmso-fareast-language:#0400;\nmso-bidi-language:#0400;\n}\n\ntable.MsoTableGrid{\nmso-style-name:网格型;\nmso-tstyle-rowband-size:0;\nmso-tstyle-colband-size:0;\nmso-padding-alt:0.0000pt 5.4000pt 0.0000pt 5.4000pt;\nmso-border-top-alt:0.5000pt solid windowtext;\nmso-border-left-alt:0.5000pt solid windowtext;\nmso-border-bottom-alt:0.5000pt solid windowtext;\nmso-border-right-alt:0.5000pt solid windowtext;\nmso-border-insideh:0.5000pt solid windowtext;\nmso-border-insidev:0.5000pt solid windowtext;\nmso-para-margin:0pt;\nmso-para-margin-bottom:.0001pt;\nmso-pagination:widow-orphan;\nfont-family:'Times New Roman';\nfont-size:10.0000pt;\nmso-ansi-language:#0400;\nmso-fareast-language:#0400;\nmso-bidi-language:#0400;\n}\n@page{mso-page-border-surround-header:no;\n\tmso-page-border-surround-footer:no;}@page Section0{\nmargin-top:72.0000pt;\nmargin-bottom:72.0000pt;\nmargin-left:90.0000pt;\nmargin-right:90.0000pt;\nsize:595.3000pt 841.9000pt;\nlayout-grid:15.6000pt;\nmso-header-margin:42.5500pt;\nmso-footer-margin:49.6000pt;\n}\ndiv.Section0{page:Section0;}</style></head><body style=\"tab-interval:21pt;text-justify-trim:punctuation;\" ><!--StartFragment--><div class=\"Section0\"  style=\"layout-grid:15.6000pt;\" ><p class=MsoNormal  style=\"margin-bottom:0.0000pt;\" ><span style=\"mso-spacerun:'yes';font-family:Arial;mso-fareast-font-family:Calibri;\nfont-size:11.0000pt;\" >Hi @{variables('Hi Names')},</span><span style=\"mso-spacerun:'yes';font-family:Arial;mso-fareast-font-family:Calibri;\nfont-size:11.0000pt;\" ><o:p></o:p></span></p><p class=MsoNormal  style=\"margin-bottom:0.0000pt;\" ><span style=\"mso-spacerun:'yes';font-family:Arial;mso-fareast-font-family:Calibri;\nfont-size:11.0000pt;\" ><o:p>&nbsp;</o:p></span></p><p class=MsoNormal  style=\"margin-bottom:0.0000pt;\" ><span style=\"mso-spacerun:'yes';font-family:Arial;mso-fareast-font-family:Calibri;\nfont-size:11.0000pt;\" >This is a notification that </span><span style=\"mso-spacerun:'yes';font-family:Arial;mso-fareast-font-family:Calibri;\nfont-size:11.0000pt;\" >@{variables('Request ID')}</span><span style=\"mso-spacerun:'yes';font-family:Arial;mso-fareast-font-family:Calibri;\nfont-size:11.0000pt;\" >&nbsp;has been withdrawn by </span><u><span style=\"mso-spacerun:'yes';font-family:Arial;mso-fareast-font-family:Calibri;\ntext-decoration:underline;text-underline:single;font-size:11.0000pt;\" >@{variables('withdrawn by')}</span></u><span style=\"mso-spacerun:'yes';font-family:Arial;mso-fareast-font-family:Calibri;\nfont-size:11.0000pt;\" ><o:p></o:p></span></p><p class=MsoNormal  style=\"margin-bottom:0.0000pt;\" ><span style=\"mso-spacerun:'yes';font-family:Arial;mso-fareast-font-family:Calibri;\nfont-size:11.0000pt;\" ><o:p>&nbsp;</o:p></span></p><p class=MsoNormal  style=\"margin-bottom:0.0000pt;\" ><span style=\"mso-spacerun:'yes';font-family:Arial;mso-fareast-font-family:Calibri;\nfont-size:11.0000pt;\" >Reason of withdrawal: </span><u><span style=\"mso-spacerun:'yes';font-family:Arial;mso-fareast-font-family:Calibri;\ntext-decoration:underline;text-underline:single;font-size:11.0000pt;\" >@{triggerOutputs()?['body/aia_withdrawn_reason']}</span></u><span style=\"mso-spacerun:'yes';font-family:Arial;mso-fareast-font-family:Calibri;\nfont-size:11.0000pt;\" ><o:p></o:p></span></p><p class=MsoNormal  style=\"margin-bottom:0.0000pt;\" ><span style=\"mso-spacerun:'yes';font-family:Arial;mso-fareast-font-family:Calibri;\nfont-size:11.0000pt;\" ><o:p>&nbsp;</o:p></span></p><table class=MsoTableGrid  border=1  cellspacing=0  style=\"border-collapse:collapse;border:none;mso-border-left-alt:0.5000pt solid rgb(231,230,230);\nmso-border-top-alt:0.5000pt solid rgb(231,230,230);mso-border-right-alt:0.5000pt solid rgb(231,230,230);mso-border-bottom-alt:0.5000pt solid rgb(231,230,230);\nmso-border-insideh:0.5000pt solid rgb(231,230,230);mso-border-insidev:0.5000pt solid rgb(231,230,230);mso-padding-alt:0.0000pt 5.4000pt 0.0000pt 5.4000pt ;\" ><tr><td width=560  valign=top  colspan=2  style=\"width:420.4500pt;padding:0.0000pt 5.4000pt 0.0000pt 5.4000pt ;border-left:1.0000pt solid rgb(231,230,230);\nmso-border-left-alt:0.5000pt solid rgb(231,230,230);border-right:1.0000pt solid rgb(231,230,230);mso-border-right-alt:0.5000pt solid rgb(231,230,230);\nborder-top:1.0000pt solid rgb(231,230,230);mso-border-top-alt:0.5000pt solid rgb(231,230,230);border-bottom:1.0000pt solid rgb(231,230,230);\nmso-border-bottom-alt:0.5000pt solid rgb(231,230,230);background:rgb(216,216,216);\" ><p class=MsoNormal  style=\"margin-bottom:3.0000pt;\" ><b style=\"mso-bidi-font-weight:normal\" ><span style=\"font-family:Arial;mso-fareast-font-family:Calibri;mso-ansi-font-weight:bold;\nfont-size:11.0000pt;\" >Request Overview</span></b><b style=\"mso-bidi-font-weight:normal\" ><span style=\"font-family:Arial;mso-fareast-font-family:Calibri;mso-ansi-font-weight:bold;\nfont-size:11.0000pt;\" ><o:p></o:p></span></b></p></td></tr><tr><td width=166  valign=top  style=\"width:124.9500pt;padding:0.0000pt 5.4000pt 0.0000pt 5.4000pt ;border-left:1.0000pt solid rgb(231,230,230);\nmso-border-left-alt:0.5000pt solid rgb(231,230,230);border-right:1.0000pt solid rgb(231,230,230);mso-border-right-alt:0.5000pt solid rgb(231,230,230);\nborder-top:none;mso-border-top-alt:0.5000pt solid rgb(231,230,230);border-bottom:1.0000pt solid rgb(231,230,230);\nmso-border-bottom-alt:0.5000pt solid rgb(231,230,230);background:rgb(241,241,241);\" ><p class=MsoNormal  style=\"margin-bottom:0.0000pt;line-height:150%;\" ><span style=\"font-family:Arial;mso-fareast-font-family:Calibri;font-size:11.0000pt;\" >Request Date</span><span style=\"font-family:Arial;mso-fareast-font-family:Calibri;color:rgb(211,17,69);\nfont-size:11.0000pt;\" ><o:p></o:p></span></p></td><td width=394  valign=top  style=\"width:295.5000pt;padding:0.0000pt 5.4000pt 0.0000pt 5.4000pt ;border-left:1.0000pt solid rgb(231,230,230);\nmso-border-left-alt:0.5000pt solid rgb(231,230,230);border-right:1.0000pt solid rgb(231,230,230);mso-border-right-alt:0.5000pt solid rgb(231,230,230);\nborder-top:1.0000pt solid rgb(231,230,230);mso-border-top-alt:0.5000pt solid rgb(231,230,230);border-bottom:1.0000pt solid rgb(231,230,230);\nmso-border-bottom-alt:0.5000pt solid rgb(231,230,230);\" ><p class=MsoNormal  style=\"margin-bottom:0.0000pt;line-height:150%;\" ><span style=\"font-family:Arial;mso-fareast-font-family:Calibri;font-size:11.0000pt;\" >@{variables('Submission Datetime')}</span><span style=\"font-family:Arial;mso-fareast-font-family:Calibri;font-size:11.0000pt;\" ><span style=\"mso-spacerun:'yes';\" >&nbsp;</span></span><span style=\"font-family:Arial;mso-fareast-font-family:Calibri;font-size:11.0000pt;\" ><o:p></o:p></span></p></td></tr><tr><td width=166  valign=top  style=\"width:124.9500pt;padding:0.0000pt 5.4000pt 0.0000pt 5.4000pt ;border-left:1.0000pt solid rgb(231,230,230);\nmso-border-left-alt:0.5000pt solid rgb(231,230,230);border-right:1.0000pt solid rgb(231,230,230);mso-border-right-alt:0.5000pt solid rgb(231,230,230);\nborder-top:none;mso-border-top-alt:0.5000pt solid rgb(231,230,230);border-bottom:1.0000pt solid rgb(231,230,230);\nmso-border-bottom-alt:0.5000pt solid rgb(231,230,230);background:rgb(241,241,241);\" ><p class=MsoNormal  style=\"margin-bottom:0.0000pt;line-height:150%;\" ><span style=\"font-family:Arial;mso-fareast-font-family:Calibri;font-size:11.0000pt;\" >Request ID</span><span style=\"font-family:Arial;mso-fareast-font-family:Calibri;color:rgb(211,17,69);\nfont-size:11.0000pt;\" ><o:p></o:p></span></p></td><td width=394  valign=top  style=\"width:295.5000pt;padding:0.0000pt 5.4000pt 0.0000pt 5.4000pt ;border-left:1.0000pt solid rgb(231,230,230);\nmso-border-left-alt:0.5000pt solid rgb(231,230,230);border-right:1.0000pt solid rgb(231,230,230);mso-border-right-alt:0.5000pt solid rgb(231,230,230);\nborder-top:none;mso-border-top-alt:0.5000pt solid rgb(231,230,230);border-bottom:1.0000pt solid rgb(231,230,230);\nmso-border-bottom-alt:0.5000pt solid rgb(231,230,230);\" ><p class=MsoNormal  style=\"margin-bottom:0.0000pt;line-height:150%;\" ><span style=\"font-family:Arial;mso-fareast-font-family:Calibri;font-size:11.0000pt;\" >@{variables('Request ID')}</span><span style=\"font-family:Arial;mso-fareast-font-family:Calibri;font-size:11.0000pt;\" ><span style=\"mso-spacerun:'yes';\" >&nbsp;</span></span><span style=\"font-family:Arial;mso-fareast-font-family:Calibri;font-size:11.0000pt;\" ><o:p></o:p></span></p></td></tr><tr><td width=166  valign=top  style=\"width:124.9500pt;padding:0.0000pt 5.4000pt 0.0000pt 5.4000pt ;border-left:1.0000pt solid rgb(231,230,230);\nmso-border-left-alt:0.5000pt solid rgb(231,230,230);border-right:1.0000pt solid rgb(231,230,230);mso-border-right-alt:0.5000pt solid rgb(231,230,230);\nborder-top:none;mso-border-top-alt:0.5000pt solid rgb(231,230,230);border-bottom:1.0000pt solid rgb(231,230,230);\nmso-border-bottom-alt:0.5000pt solid rgb(231,230,230);background:rgb(241,241,241);\" ><p class=MsoNormal  style=\"margin-bottom:0.0000pt;line-height:150%;\" ><span style=\"font-family:Arial;mso-fareast-font-family:Calibri;font-size:11.0000pt;\" >Requestor </span><span style=\"font-family:Arial;mso-fareast-font-family:Calibri;color:rgb(211,17,69);\nfont-size:11.0000pt;\" ><o:p></o:p></span></p></td><td width=394  valign=top  style=\"width:295.5000pt;padding:0.0000pt 5.4000pt 0.0000pt 5.4000pt ;border-left:1.0000pt solid rgb(231,230,230);\nmso-border-left-alt:0.5000pt solid rgb(231,230,230);border-right:1.0000pt solid rgb(231,230,230);mso-border-right-alt:0.5000pt solid rgb(231,230,230);\nborder-top:none;mso-border-top-alt:0.5000pt solid rgb(231,230,230);border-bottom:1.0000pt solid rgb(231,230,230);\nmso-border-bottom-alt:0.5000pt solid rgb(231,230,230);\" ><p class=MsoNormal  style=\"margin-bottom:0.0000pt;line-height:150%;\" ><span style=\"font-family:Arial;mso-fareast-font-family:Calibri;font-size:11.0000pt;\" >@{outputs('Requestor')?['body/fullname']}</span><span style=\"font-family:Arial;mso-fareast-font-family:Calibri;font-size:11.0000pt;\" ><o:p></o:p></span></p></td></tr><tr><td width=166  valign=top  style=\"width:124.9500pt;padding:0.0000pt 5.4000pt 0.0000pt 5.4000pt ;border-left:1.0000pt solid rgb(231,230,230);\nmso-border-left-alt:0.5000pt solid rgb(231,230,230);border-right:1.0000pt solid rgb(231,230,230);mso-border-right-alt:0.5000pt solid rgb(231,230,230);\nborder-top:none;mso-border-top-alt:0.5000pt solid rgb(231,230,230);border-bottom:1.0000pt solid rgb(231,230,230);\nmso-border-bottom-alt:0.5000pt solid rgb(231,230,230);background:rgb(241,241,241);\" ><p class=MsoNormal  style=\"margin-bottom:0.0000pt;line-height:150%;\" ><span style=\"font-family:Arial;mso-fareast-font-family:Calibri;font-size:11.0000pt;\" >Contract Owner</span><span style=\"font-family:Arial;mso-fareast-font-family:Calibri;font-size:11.0000pt;\" ><o:p></o:p></span></p></td><td width=394  valign=top  style=\"width:295.5000pt;padding:0.0000pt 5.4000pt 0.0000pt 5.4000pt ;border-left:1.0000pt solid rgb(231,230,230);\nmso-border-left-alt:0.5000pt solid rgb(231,230,230);border-right:1.0000pt solid rgb(231,230,230);mso-border-right-alt:0.5000pt solid rgb(231,230,230);\nborder-top:none;mso-border-top-alt:0.5000pt solid rgb(231,230,230);border-bottom:1.0000pt solid rgb(231,230,230);\nmso-border-bottom-alt:0.5000pt solid rgb(231,230,230);\" ><p class=MsoNormal  style=\"margin-bottom:0.0000pt;line-height:150%;\" ><span style=\"font-family:Arial;mso-fareast-font-family:Calibri;font-size:11.0000pt;\" >@{outputs('Contract_Owner')?['body/fullname']}</span><span style=\"font-family:Arial;mso-fareast-font-family:Calibri;font-size:11.0000pt;\" ><o:p></o:p></span></p></td></tr><tr><td width=166  valign=top  style=\"width:124.9500pt;padding:0.0000pt 5.4000pt 0.0000pt 5.4000pt ;border-left:1.0000pt solid rgb(231,230,230);\nmso-border-left-alt:0.5000pt solid rgb(231,230,230);border-right:1.0000pt solid rgb(231,230,230);mso-border-right-alt:0.5000pt solid rgb(231,230,230);\nborder-top:none;mso-border-top-alt:0.5000pt solid rgb(231,230,230);border-bottom:1.0000pt solid rgb(231,230,230);\nmso-border-bottom-alt:0.5000pt solid rgb(231,230,230);background:rgb(241,241,241);\" ><p class=MsoNormal  style=\"margin-bottom:0.0000pt;line-height:150%;\" ><span style=\"font-family:Arial;mso-fareast-font-family:Calibri;font-size:11.0000pt;\" >Request Title</span><span style=\"font-family:Arial;mso-fareast-font-family:Calibri;font-size:11.0000pt;\" ><o:p></o:p></span></p></td><td width=394  valign=top  style=\"width:295.5000pt;padding:0.0000pt 5.4000pt 0.0000pt 5.4000pt ;border-left:1.0000pt solid rgb(231,230,230);\nmso-border-left-alt:0.5000pt solid rgb(231,230,230);border-right:1.0000pt solid rgb(231,230,230);mso-border-right-alt:0.5000pt solid rgb(231,230,230);\nborder-top:none;mso-border-top-alt:0.5000pt solid rgb(231,230,230);border-bottom:1.0000pt solid rgb(231,230,230);\nmso-border-bottom-alt:0.5000pt solid rgb(231,230,230);\" ><p class=MsoNormal  style=\"margin-bottom:0.0000pt;line-height:150%;\" ><span style=\"font-family:Arial;mso-fareast-font-family:Calibri;font-size:11.0000pt;\" >@{triggerOutputs()?['body/aia_requesttitle']}</span><span style=\"font-family:Arial;mso-fareast-font-family:Calibri;font-size:11.0000pt;\" ><o:p></o:p></span></p></td></tr><tr><td width=166  valign=top  style=\"width:124.9500pt;padding:0.0000pt 5.4000pt 0.0000pt 5.4000pt ;border-left:1.0000pt solid rgb(231,230,230);\nmso-border-left-alt:0.5000pt solid rgb(231,230,230);border-right:1.0000pt solid rgb(231,230,230);mso-border-right-alt:0.5000pt solid rgb(231,230,230);\nborder-top:none;mso-border-top-alt:0.5000pt solid rgb(231,230,230);border-bottom:1.0000pt solid rgb(231,230,230);\nmso-border-bottom-alt:0.5000pt solid rgb(231,230,230);background:rgb(241,241,241);\" ><p class=MsoNormal  style=\"margin-bottom:0.0000pt;line-height:150%;\" ><span style=\"font-family:Arial;mso-fareast-font-family:Calibri;font-size:11.0000pt;\" >Request Status</span><span style=\"font-family:Arial;mso-fareast-font-family:Calibri;font-size:11.0000pt;\" ><o:p></o:p></span></p></td><td width=394  valign=top  style=\"width:295.5000pt;padding:0.0000pt 5.4000pt 0.0000pt 5.4000pt ;border-left:1.0000pt solid rgb(231,230,230);\nmso-border-left-alt:0.5000pt solid rgb(231,230,230);border-right:1.0000pt solid rgb(231,230,230);mso-border-right-alt:0.5000pt solid rgb(231,230,230);\nborder-top:none;mso-border-top-alt:0.5000pt solid rgb(231,230,230);border-bottom:1.0000pt solid rgb(231,230,230);\nmso-border-bottom-alt:0.5000pt solid rgb(231,230,230);\" ><p class=MsoNormal  style=\"margin-bottom:0.0000pt;line-height:150%;\" ><span style=\"font-family:Arial;mso-fareast-font-family:Calibri;font-size:11.0000pt;\" >@{triggerOutputs()?['body/_aia_requeststatus_label']}</span><span style=\"font-family:Arial;mso-fareast-font-family:Calibri;font-size:11.0000pt;\" ><o:p></o:p></span></p></td></tr></table><p class=MsoNormal  style=\"margin-bottom:0.0000pt;\" ><span style=\"mso-spacerun:'yes';font-family:Arial;mso-fareast-font-family:Calibri;\nfont-size:11.0000pt;\" ><o:p>&nbsp;</o:p></span></p><p class=MsoNormal ><span style=\"mso-spacerun:'yes';font-family:Arial;mso-fareast-font-family:Calibri;\nfont-size:11.0000pt;\" >If you would like to view the full request details, please go to&nbsp;</span><span><a href=\"@{variables('URL')}\" ><span class=\"10\"  style=\"mso-spacerun:'yes';font-family:Arial;mso-fareast-font-family:Calibri;\ncolor:rgb(91,155,213);font-size:10.5000pt;background:rgb(255,255,255);\nmso-shading:rgb(255,255,255);\" >SODA</span></a></span><span style=\"mso-spacerun:'yes';font-family:Arial;mso-fareast-font-family:Calibri;\nfont-size:11.0000pt;\" >.</span><span style=\"mso-spacerun:'yes';font-family:Arial;mso-fareast-font-family:Calibri;\nfont-size:11.0000pt;\" >&nbsp;Thank you for your attention. </span><span style=\"mso-spacerun:'yes';font-family:Arial;mso-fareast-font-family:Calibri;\nfont-size:11.0000pt;\" ><o:p></o:p></span></p><p class=MsoNormal  style=\"margin-left:84.0000pt;mso-para-margin-left:0.0000gd;text-indent:21.0000pt;\nmso-char-indent-count:0.0000;\" ><i style=\"mso-bidi-font-style:normal\" ><span style=\"mso-spacerun:'yes';font-family:Arial;mso-fareast-font-family:Calibri;\ncolor:rgb(127,127,127);mso-ansi-font-style:italic;font-size:8.0000pt;\" >This is a system-generated email. </span></i><span style=\"mso-spacerun:'yes';font-family:Calibri;mso-bidi-font-family:'Times New Roman';\nfont-size:11.0000pt;\" ><o:p></o:p></span></p></div><!--EndFragment--></body></html>",
              "emailMessage/From": "@body('Find_Not_Reply_Email_Address')?['result']",
              "emailMessage/Cc": "@if(and(not(empty(outputs('Compose'))),greater(length(outputs('Compose')),0)),join(union(outputs('Compose'),outputs('Compose')),';'),'')",
              "emailMessage/Importance": "Normal"
            },
            "authentication": "@parameters('$authentication')"
          }
        }
      }
    },
    "templateName": ""
  },
  "schemaVersion": "1.0.0.0"
}