{
  "properties": {
    "connectionReferences": {
      "shared_commondataserviceforapps": {
        "runtimeSource": "embedded",
        "connection": {
          "connectionReferenceLogicalName": "aia_sharedcommondataserviceforapps_dba9d"
        },
        "api": {
          "name": "shared_commondataserviceforapps"
        }
      }
    },
    "definition": {
      "$schema": "https://schema.management.azure.com/providers/Microsoft.Logic/schemas/2016-06-01/workflowdefinition.json#",
      "contentVersion": "1.0.0.0",
      "parameters": {
        "$connections": {
          "defaultValue": {},
          "type": "Object"
        },
        "$authentication": {
          "defaultValue": {},
          "type": "SecureObject"
        }
      },
      "triggers": {
        "manual": {
          "metadata": {
            "operationMetadataId": "f17ffa24-7a9f-4703-9e74-3f85a154604a"
          },
          "type": "Request",
          "kind": "Button",
          "inputs": {
            "schema": {
              "type": "object",
              "properties": {
                "text": {
                  "title": "SourcingRequestId",
                  "type": "string",
                  "x-ms-dynamically-added": true,
                  "description": "Please enter your input",
                  "x-ms-content-hint": "TEXT"
                },
                "text_1": {
                  "title": "ApprovalMatrixId",
                  "type": "string",
                  "x-ms-dynamically-added": true,
                  "description": "Please enter your input",
                  "x-ms-content-hint": "TEXT"
                },
                "text_2": {
                  "title": "ApprovalLayerId",
                  "type": "string",
                  "x-ms-dynamically-added": true,
                  "description": "Please enter your input",
                  "x-ms-content-hint": "TEXT"
                },
                "text_3": {
                  "title": "WBSorCOExpense",
                  "type": "string",
                  "x-ms-dynamically-added": true,
                  "description": "Please enter your input",
                  "x-ms-content-hint": "TEXT"
                },
                "text_4": {
                  "title": "ApprovalLayer2Id",
                  "type": "string",
                  "x-ms-dynamically-added": true,
                  "description": "Please enter your input",
                  "x-ms-content-hint": "TEXT"
                }
              },
              "required": [
                "text",
                "text_1",
                "text_2",
                "text_3"
              ]
            }
          }
        }
      },
      "actions": {
        "WBS_or_CO": {
          "actions": {
            "Retrieve_SAP_WBS_project_manager_by_WBS_code": {
              "runAfter": {},
              "metadata": {
                "operationMetadataId": "04e49fca-f510-4753-a565-5f0a2d85695b"
              },
              "type": "OpenApiConnection",
              "inputs": {
                "host": {
                  "connectionName": "shared_commondataserviceforapps",
                  "operationId": "ListRecords",
                  "apiId": "/providers/Microsoft.PowerApps/apis/shared_commondataserviceforapps"
                },
                "parameters": {
                  "entityName": "aia_sap_wbses",
                  "$filter": "aia_wbs_code eq '@{outputs('Retrieve_sourcing_request_by_id')?['body/aia_wbs_code']}'",
                  "$top": 1
                },
                "authentication": {
                  "type": "Raw",
                  "value": "@json(decodeBase64(triggerOutputs().headers['X-MS-APIM-Tokens']))['$ConnectionKey']"
                }
              }
            },
            "Condition": {
              "actions": {
                "If_project_manager_approval_limit_is_greater_than_or_equal_to_expense_amount": {
                  "actions": {
                    "Create_approver_base_on_project_manager": {
                      "runAfter": {},
                      "metadata": {
                        "operationMetadataId": "20065179-93a5-47fd-8b85-c1c52c3a8686"
                      },
                      "type": "OpenApiConnection",
                      "inputs": {
                        "host": {
                          "connectionName": "shared_commondataserviceforapps",
                          "operationId": "CreateRecord",
                          "apiId": "/providers/Microsoft.PowerApps/apis/shared_commondataserviceforapps"
                        },
                        "parameters": {
                          "entityName": "aia_s2c_approval_members",
                          "item/aia_approval@odata.bind": "/aia_s2c_approvals(@{outputs('Retrieve_approval_matrix_by_id')?['body/aia_s2c_approvalid']})",
                          "item/aia_approval_status": 914710000,
                          "item/aia_generation_type": 914710000,
                          "item/aia_name": "@first(outputs('Retrieve_SAP_WBS_project_manager_by_WBS_code')?['body/value'])['_aia_person_responsible_user_value@OData.Community.Display.V1.FormattedValue']",
                          "item/aia_user@odata.bind": "/systemusers(@{first(outputs('Retrieve_SAP_WBS_project_manager_by_WBS_code')?['body/value'])['_aia_person_responsible_user_value']})",
                          "item/aia_user_role": 914710000,
                          "item/aia_approval_layer@odata.bind": "/aia_s2c_approval_layers(@{variables('ApprovalLayer2')})",
                          "item/aia_approvertype": "914710001"
                        },
                        "authentication": {
                          "type": "Raw",
                          "value": "@json(decodeBase64(triggerOutputs().headers['X-MS-APIM-Tokens']))['$ConnectionKey']"
                        }
                      }
                    }
                  },
                  "runAfter": {},
                  "else": {
                    "actions": {
                      "Create_endorser_base_on_project_manager": {
                        "runAfter": {},
                        "metadata": {
                          "operationMetadataId": "20065179-93a5-47fd-8b85-c1c52c3a8686"
                        },
                        "type": "OpenApiConnection",
                        "inputs": {
                          "host": {
                            "connectionName": "shared_commondataserviceforapps",
                            "operationId": "CreateRecord",
                            "apiId": "/providers/Microsoft.PowerApps/apis/shared_commondataserviceforapps"
                          },
                          "parameters": {
                            "entityName": "aia_s2c_approval_members",
                            "item/aia_approval@odata.bind": "/aia_s2c_approvals(@{outputs('Retrieve_approval_matrix_by_id')?['body/aia_s2c_approvalid']})",
                            "item/aia_approval_status": 914710000,
                            "item/aia_generation_type": 914710000,
                            "item/aia_name": "@first(outputs('Retrieve_SAP_WBS_project_manager_by_WBS_code')?['body/value'])['_aia_person_responsible_user_value@OData.Community.Display.V1.FormattedValue']",
                            "item/aia_user@odata.bind": "/systemusers(@{first(outputs('Retrieve_SAP_WBS_project_manager_by_WBS_code')?['body/value'])['_aia_person_responsible_user_value']})",
                            "item/aia_user_role": 914710001,
                            "item/aia_approvertype": "914710001"
                          },
                          "authentication": {
                            "type": "Raw",
                            "value": "@json(decodeBase64(triggerOutputs().headers['X-MS-APIM-Tokens']))['$ConnectionKey']"
                          }
                        }
                      },
                      "Retrieve_SAP_WBS_project_sponsor_by_WBS_code": {
                        "runAfter": {
                          "Create_endorser_base_on_project_manager": [
                            "Succeeded"
                          ]
                        },
                        "metadata": {
                          "operationMetadataId": "97b7c0e7-9cee-4a27-9413-a18ea79172c4"
                        },
                        "type": "OpenApiConnection",
                        "inputs": {
                          "host": {
                            "connectionName": "shared_commondataserviceforapps",
                            "operationId": "ListRecords",
                            "apiId": "/providers/Microsoft.PowerApps/apis/shared_commondataserviceforapps"
                          },
                          "parameters": {
                            "entityName": "aia_sap_wbses",
                            "$filter": "aia_wbs_code eq '@{outputs('Retrieve_sourcing_request_by_id')?['body/aia_wbs_code']}'",
                            "$top": 1
                          },
                          "authentication": {
                            "type": "Raw",
                            "value": "@json(decodeBase64(triggerOutputs().headers['X-MS-APIM-Tokens']))['$ConnectionKey']"
                          }
                        }
                      },
                      "Condition_2": {
                        "actions": {
                          "If_project_sponsor_approval_limit_is_greater_than_or_equal_to_expense_amount": {
                            "actions": {
                              "Create_approver_base_on_project_sponsor": {
                                "runAfter": {},
                                "metadata": {
                                  "operationMetadataId": "20065179-93a5-47fd-8b85-c1c52c3a8686"
                                },
                                "type": "OpenApiConnection",
                                "inputs": {
                                  "host": {
                                    "connectionName": "shared_commondataserviceforapps",
                                    "operationId": "CreateRecord",
                                    "apiId": "/providers/Microsoft.PowerApps/apis/shared_commondataserviceforapps"
                                  },
                                  "parameters": {
                                    "entityName": "aia_s2c_approval_members",
                                    "item/aia_approval@odata.bind": "/aia_s2c_approvals(@{outputs('Retrieve_approval_matrix_by_id')?['body/aia_s2c_approvalid']})",
                                    "item/aia_approval_status": 914710000,
                                    "item/aia_generation_type": 914710000,
                                    "item/aia_name": "@first(outputs('Retrieve_SAP_WBS_project_sponsor_by_WBS_code')?['body/value'])['_aia_applicant_user_value@OData.Community.Display.V1.FormattedValue']",
                                    "item/aia_user@odata.bind": "/systemusers(@{first(outputs('Retrieve_SAP_WBS_project_sponsor_by_WBS_code')?['body/value'])['_aia_applicant_user_value']})",
                                    "item/aia_user_role": 914710000,
                                    "item/aia_approval_layer@odata.bind": "/aia_s2c_approval_layers(@{variables('ApprovalLayer2')})",
                                    "item/aia_approvertype": "914710001"
                                  },
                                  "authentication": {
                                    "type": "Raw",
                                    "value": "@json(decodeBase64(triggerOutputs().headers['X-MS-APIM-Tokens']))['$ConnectionKey']"
                                  }
                                }
                              }
                            },
                            "runAfter": {},
                            "else": {
                              "actions": {
                                "Create_endorser_base_on_project_sponsor": {
                                  "runAfter": {},
                                  "metadata": {
                                    "operationMetadataId": "20065179-93a5-47fd-8b85-c1c52c3a8686"
                                  },
                                  "type": "OpenApiConnection",
                                  "inputs": {
                                    "host": {
                                      "connectionName": "shared_commondataserviceforapps",
                                      "operationId": "CreateRecord",
                                      "apiId": "/providers/Microsoft.PowerApps/apis/shared_commondataserviceforapps"
                                    },
                                    "parameters": {
                                      "entityName": "aia_s2c_approval_members",
                                      "item/aia_approval@odata.bind": "/aia_s2c_approvals(@{outputs('Retrieve_approval_matrix_by_id')?['body/aia_s2c_approvalid']})",
                                      "item/aia_approval_status": 914710000,
                                      "item/aia_generation_type": 914710000,
                                      "item/aia_name": "@first(outputs('Retrieve_SAP_WBS_project_sponsor_by_WBS_code')?['body/value'])['_aia_applicant_user_value@OData.Community.Display.V1.FormattedValue']",
                                      "item/aia_user@odata.bind": "/systemusers(@{first(outputs('Retrieve_SAP_WBS_project_sponsor_by_WBS_code')?['body/value'])['_aia_applicant_user_value']})",
                                      "item/aia_user_role": 914710001,
                                      "item/aia_approvertype": "914710001"
                                    },
                                    "authentication": {
                                      "type": "Raw",
                                      "value": "@json(decodeBase64(triggerOutputs().headers['X-MS-APIM-Tokens']))['$ConnectionKey']"
                                    }
                                  }
                                },
                                "Retrieve_SAP_WBS_project_controller_by_WBS_code": {
                                  "runAfter": {
                                    "Create_endorser_base_on_project_sponsor": [
                                      "Succeeded"
                                    ]
                                  },
                                  "metadata": {
                                    "operationMetadataId": "2cec0660-9b00-4d4c-8acf-f9610b2453f3"
                                  },
                                  "type": "OpenApiConnection",
                                  "inputs": {
                                    "host": {
                                      "connectionName": "shared_commondataserviceforapps",
                                      "operationId": "ListRecords",
                                      "apiId": "/providers/Microsoft.PowerApps/apis/shared_commondataserviceforapps"
                                    },
                                    "parameters": {
                                      "entityName": "aia_sap_wbses",
                                      "$filter": "aia_wbs_code eq '@{outputs('Retrieve_sourcing_request_by_id')?['body/aia_wbs_code']}'",
                                      "$top": 1
                                    },
                                    "authentication": {
                                      "type": "Raw",
                                      "value": "@json(decodeBase64(triggerOutputs().headers['X-MS-APIM-Tokens']))['$ConnectionKey']"
                                    }
                                  }
                                },
                                "Condition_3": {
                                  "actions": {
                                    "Create_approver_base_on_project_controller": {
                                      "runAfter": {},
                                      "metadata": {
                                        "operationMetadataId": "20065179-93a5-47fd-8b85-c1c52c3a8686"
                                      },
                                      "type": "OpenApiConnection",
                                      "inputs": {
                                        "host": {
                                          "connectionName": "shared_commondataserviceforapps",
                                          "operationId": "CreateRecord",
                                          "apiId": "/providers/Microsoft.PowerApps/apis/shared_commondataserviceforapps"
                                        },
                                        "parameters": {
                                          "entityName": "aia_s2c_approval_members",
                                          "item/aia_approval@odata.bind": "/aia_s2c_approvals(@{outputs('Retrieve_approval_matrix_by_id')?['body/aia_s2c_approvalid']})",
                                          "item/aia_approval_status": 914710000,
                                          "item/aia_generation_type": 914710000,
                                          "item/aia_name": "@first(outputs('Retrieve_SAP_WBS_project_controller_by_WBS_code')?['body/value'])['_aia_project_controller_user_value@OData.Community.Display.V1.FormattedValue']",
                                          "item/aia_user@odata.bind": "/systemusers(@{first(outputs('Retrieve_SAP_WBS_project_controller_by_WBS_code')?['body/value'])['_aia_project_controller_user_value']})",
                                          "item/aia_user_role": 914710000,
                                          "item/aia_approval_layer@odata.bind": "/aia_s2c_approval_layers(@{variables('ApprovalLayer2')})",
                                          "item/aia_approvertype": "914710001"
                                        },
                                        "authentication": {
                                          "type": "Raw",
                                          "value": "@json(decodeBase64(triggerOutputs().headers['X-MS-APIM-Tokens']))['$ConnectionKey']"
                                        }
                                      }
                                    }
                                  },
                                  "runAfter": {
                                    "Retrieve_SAP_WBS_project_controller_by_WBS_code": [
                                      "Succeeded"
                                    ]
                                  },
                                  "else": {
                                    "actions": {
                                      "Update_approval_matrix_generation_status_to_generation_failed_2": {
                                        "runAfter": {},
                                        "metadata": {
                                          "operationMetadataId": "e4fbcf4f-30f4-4104-a2a4-1ce8abcff560"
                                        },
                                        "type": "OpenApiConnection",
                                        "inputs": {
                                          "host": {
                                            "connectionName": "shared_commondataserviceforapps",
                                            "operationId": "UpdateRecord",
                                            "apiId": "/providers/Microsoft.PowerApps/apis/shared_commondataserviceforapps"
                                          },
                                          "parameters": {
                                            "entityName": "aia_s2c_approvals",
                                            "recordId": "@outputs('Retrieve_approval_matrix_by_id')?['body/aia_s2c_approvalid']",
                                            "item/aia_approval_matrix_status": 914710003
                                          },
                                          "authentication": {
                                            "type": "Raw",
                                            "value": "@json(decodeBase64(triggerOutputs().headers['X-MS-APIM-Tokens']))['$ConnectionKey']"
                                          }
                                        }
                                      }
                                    }
                                  },
                                  "expression": {
                                    "greater": [
                                      "@length(outputs('Retrieve_SAP_WBS_project_controller_by_WBS_code')?['body/value'])",
                                      0
                                    ]
                                  },
                                  "metadata": {
                                    "operationMetadataId": "ad0dd6df-efaf-4788-bc7a-f3dbc13aec87"
                                  },
                                  "type": "If"
                                }
                              }
                            },
                            "expression": {
                              "greaterOrEquals": [
                                "@first(outputs('Retrieve_SAP_WBS_project_sponsor_by_WBS_code')?['body/value'])['aia_applicant_apporval_limit']",
                                "@outputs('Retrieve_sourcing_request_by_id')?['body/aia_expense_amount_in_usd']"
                              ]
                            },
                            "metadata": {
                              "operationMetadataId": "e3a4e83c-08fc-47d7-92e2-d7aaa284f8f3"
                            },
                            "type": "If"
                          }
                        },
                        "runAfter": {
                          "Retrieve_SAP_WBS_project_sponsor_by_WBS_code": [
                            "Succeeded"
                          ]
                        },
                        "else": {
                          "actions": {
                            "Update_approval_matrix_generation_status_to_generation_failed_1": {
                              "runAfter": {},
                              "metadata": {
                                "operationMetadataId": "9b8ea5ef-259d-496b-a8b0-89711fdb5313"
                              },
                              "type": "OpenApiConnection",
                              "inputs": {
                                "host": {
                                  "connectionName": "shared_commondataserviceforapps",
                                  "operationId": "UpdateRecord",
                                  "apiId": "/providers/Microsoft.PowerApps/apis/shared_commondataserviceforapps"
                                },
                                "parameters": {
                                  "entityName": "aia_s2c_approvals",
                                  "recordId": "@outputs('Retrieve_approval_matrix_by_id')?['body/aia_s2c_approvalid']",
                                  "item/aia_approval_matrix_status": 914710003
                                },
                                "authentication": {
                                  "type": "Raw",
                                  "value": "@json(decodeBase64(triggerOutputs().headers['X-MS-APIM-Tokens']))['$ConnectionKey']"
                                }
                              }
                            }
                          }
                        },
                        "expression": {
                          "and": [
                            {
                              "greater": [
                                "@length(outputs('Retrieve_SAP_WBS_project_sponsor_by_WBS_code')?['body/value'])",
                                0
                              ]
                            },
                            {
                              "greater": [
                                "@float(first(outputs('Retrieve_SAP_WBS_project_sponsor_by_WBS_code')?['body/value'])['aia_applicant_apporval_limit'])",
                                0
                              ]
                            }
                          ]
                        },
                        "metadata": {
                          "operationMetadataId": "665377c3-bbf3-4408-8bc4-c9ee8015097e"
                        },
                        "type": "If"
                      }
                    }
                  },
                  "expression": {
                    "greaterOrEquals": [
                      "@first(outputs('Retrieve_SAP_WBS_project_manager_by_WBS_code')?['body/value'])['aia_person_responsible_approval_limit']",
                      "@outputs('Retrieve_sourcing_request_by_id')?['body/aia_expense_amount_in_usd']"
                    ]
                  },
                  "metadata": {
                    "operationMetadataId": "94e42f2f-9cfa-4f2d-972f-41338f9ea5b7"
                  },
                  "type": "If"
                }
              },
              "runAfter": {
                "Retrieve_SAP_WBS_project_manager_by_WBS_code": [
                  "Succeeded"
                ]
              },
              "else": {
                "actions": {
                  "Update_approval_matrix_generation_status_to_generation_failed": {
                    "runAfter": {},
                    "metadata": {
                      "operationMetadataId": "4c002976-f5e7-460f-922c-abd78bfa6be2"
                    },
                    "type": "OpenApiConnection",
                    "inputs": {
                      "host": {
                        "connectionName": "shared_commondataserviceforapps",
                        "operationId": "UpdateRecord",
                        "apiId": "/providers/Microsoft.PowerApps/apis/shared_commondataserviceforapps"
                      },
                      "parameters": {
                        "entityName": "aia_s2c_approvals",
                        "recordId": "@outputs('Retrieve_approval_matrix_by_id')?['body/aia_s2c_approvalid']",
                        "item/aia_approval_matrix_status": 914710003
                      },
                      "authentication": {
                        "type": "Raw",
                        "value": "@json(decodeBase64(triggerOutputs().headers['X-MS-APIM-Tokens']))['$ConnectionKey']"
                      }
                    }
                  }
                }
              },
              "expression": {
                "and": [
                  {
                    "greater": [
                      "@length(outputs('Retrieve_SAP_WBS_project_manager_by_WBS_code')?['body/value'])",
                      0
                    ]
                  },
                  {
                    "greater": [
                      "@float(first(outputs('Retrieve_SAP_WBS_project_manager_by_WBS_code')?['body/value'])['aia_person_responsible_approval_limit'])",
                      0
                    ]
                  }
                ]
              },
              "metadata": {
                "operationMetadataId": "ec93e0dc-1025-44bd-b551-1a95b7e45c37"
              },
              "type": "If"
            }
          },
          "runAfter": {
            "Immediate_supervisor_id": [
              "Succeeded"
            ]
          },
          "else": {
            "actions": {
              "Do_until": {
                "actions": {
                  "If_approval_limit_is_greater_than_or_equal_to_expense_amount": {
                    "actions": {
                      "Set_do_until_break_to_true": {
                        "runAfter": {},
                        "metadata": {
                          "operationMetadataId": "307df4f9-5662-4e25-889c-8271178f792e"
                        },
                        "type": "SetVariable",
                        "inputs": {
                          "name": "DoUntilBreak",
                          "value": true
                        }
                      },
                      "If_employee_grade_is_equal_to_GCF": {
                        "actions": {
                          "If_exist_approval_layer_2": {
                            "actions": {
                              "Create_approval_layer_2": {
                                "runAfter": {},
                                "metadata": {
                                  "operationMetadataId": "bef77444-c8b0-47de-a6a8-50f8f05d9e92"
                                },
                                "type": "OpenApiConnection",
                                "inputs": {
                                  "host": {
                                    "connectionName": "shared_commondataserviceforapps",
                                    "operationId": "CreateRecord",
                                    "apiId": "/providers/Microsoft.PowerApps/apis/shared_commondataserviceforapps"
                                  },
                                  "parameters": {
                                    "entityName": "aia_s2c_approval_layers",
                                    "item/aia_name": "Approval layer 2 - @{outputs('Retrieve_sourcing_request_by_id')?['body/aia_requesttitle']}",
                                    "item/aia_approval@odata.bind": "/aia_s2c_approvals(@{outputs('Retrieve_approval_matrix_by_id')?['body/aia_s2c_approvalid']})",
                                    "item/aia_approval_status": 914710000,
                                    "item/aia_generation_type": 914710000,
                                    "item/aia_sequence": 2
                                  },
                                  "authentication": {
                                    "type": "Raw",
                                    "value": "@json(decodeBase64(triggerOutputs().headers['X-MS-APIM-Tokens']))['$ConnectionKey']"
                                  }
                                }
                              },
                              "Set_approval_layer_2_id": {
                                "runAfter": {
                                  "Create_approval_layer_2": [
                                    "Succeeded"
                                  ]
                                },
                                "metadata": {
                                  "operationMetadataId": "1020fea3-11c3-4be1-b5a6-a11ff07536b2"
                                },
                                "type": "SetVariable",
                                "inputs": {
                                  "name": "ApprovalLayer2",
                                  "value": "@outputs('Create_approval_layer_2')?['body/aia_s2c_approval_layerid']"
                                }
                              },
                              "Set_next_approval_layer": {
                                "runAfter": {
                                  "Set_approval_layer_2_id": [
                                    "Succeeded"
                                  ]
                                },
                                "metadata": {
                                  "operationMetadataId": "a6a7a1dd-e931-4556-b9bc-eedb95eb834b"
                                },
                                "type": "OpenApiConnection",
                                "inputs": {
                                  "host": {
                                    "connectionName": "shared_commondataserviceforapps",
                                    "operationId": "UpdateRecord",
                                    "apiId": "/providers/Microsoft.PowerApps/apis/shared_commondataserviceforapps"
                                  },
                                  "parameters": {
                                    "entityName": "aia_s2c_approval_layers",
                                    "recordId": "@outputs('Retrieve_approval_layer_by_id')?['body/aia_s2c_approval_layerid']",
                                    "item/aia_next_approval_layer@odata.bind": "/aia_s2c_approval_layers(@{variables('ApprovalLayer2')})"
                                  },
                                  "authentication": {
                                    "type": "Raw",
                                    "value": "@json(decodeBase64(triggerOutputs().headers['X-MS-APIM-Tokens']))['$ConnectionKey']"
                                  }
                                }
                              }
                            },
                            "runAfter": {},
                            "expression": {
                              "equals": [
                                "@empty(variables('ApprovalLayer2'))",
                                true
                              ]
                            },
                            "metadata": {
                              "operationMetadataId": "6fe77c77-8e3f-40da-97e5-e7ed70265a3e"
                            },
                            "type": "If"
                          },
                          "Create_approver_to_approval_layer_2_base_on_immediate_supervisor": {
                            "runAfter": {
                              "If_exist_approval_layer_2": [
                                "Succeeded"
                              ]
                            },
                            "metadata": {
                              "operationMetadataId": "32a29bf1-78ce-4415-9abb-57139cf36d92"
                            },
                            "type": "OpenApiConnection",
                            "inputs": {
                              "host": {
                                "connectionName": "shared_commondataserviceforapps",
                                "operationId": "CreateRecord",
                                "apiId": "/providers/Microsoft.PowerApps/apis/shared_commondataserviceforapps"
                              },
                              "parameters": {
                                "entityName": "aia_s2c_approval_members",
                                "item/aia_approval@odata.bind": "/aia_s2c_approvals(@{outputs('Retrieve_approval_matrix_by_id')?['body/aia_s2c_approvalid']})",
                                "item/aia_approval_status": 914710000,
                                "item/aia_generation_type": 914710000,
                                "item/aia_name": "@first(outputs('Retrieve_SAP_employee_by_user_id')?['body/value'])['_aia_user_value@OData.Community.Display.V1.FormattedValue']",
                                "item/aia_user@odata.bind": "/systemusers(@{first(outputs('Retrieve_SAP_employee_by_user_id')?['body/value'])['_aia_user_value']})",
                                "item/aia_user_role": 914710000,
                                "item/aia_approval_layer@odata.bind": "/aia_s2c_approval_layers(@{variables('ApprovalLayer2')})",
                                "item/aia_approvertype": "914710001"
                              },
                              "authentication": {
                                "type": "Raw",
                                "value": "@json(decodeBase64(triggerOutputs().headers['X-MS-APIM-Tokens']))['$ConnectionKey']"
                              }
                            }
                          }
                        },
                        "runAfter": {
                          "Set_do_until_break_to_true": [
                            "Succeeded"
                          ]
                        },
                        "else": {
                          "actions": {
                            "If_employee_grade_is_equal_to_GCE": {
                              "actions": {
                                "If_exist_approval_layer_#2": {
                                  "actions": {
                                    "Create_approval_layer_#2": {
                                      "runAfter": {},
                                      "metadata": {
                                        "operationMetadataId": "bef77444-c8b0-47de-a6a8-50f8f05d9e92"
                                      },
                                      "type": "OpenApiConnection",
                                      "inputs": {
                                        "host": {
                                          "connectionName": "shared_commondataserviceforapps",
                                          "operationId": "CreateRecord",
                                          "apiId": "/providers/Microsoft.PowerApps/apis/shared_commondataserviceforapps"
                                        },
                                        "parameters": {
                                          "entityName": "aia_s2c_approval_layers",
                                          "item/aia_name": "Approval layer 2 - @{outputs('Retrieve_sourcing_request_by_id')?['body/aia_requesttitle']}",
                                          "item/aia_approval@odata.bind": "/aia_s2c_approvals(@{outputs('Retrieve_approval_matrix_by_id')?['body/aia_s2c_approvalid']})",
                                          "item/aia_approval_status": 914710000,
                                          "item/aia_generation_type": 914710000,
                                          "item/aia_sequence": 2
                                        },
                                        "authentication": {
                                          "type": "Raw",
                                          "value": "@json(decodeBase64(triggerOutputs().headers['X-MS-APIM-Tokens']))['$ConnectionKey']"
                                        }
                                      }
                                    },
                                    "Set_approval_layer_2_id_2": {
                                      "runAfter": {
                                        "Create_approval_layer_#2": [
                                          "Succeeded"
                                        ]
                                      },
                                      "metadata": {
                                        "operationMetadataId": "1020fea3-11c3-4be1-b5a6-a11ff07536b2"
                                      },
                                      "type": "SetVariable",
                                      "inputs": {
                                        "name": "ApprovalLayer2",
                                        "value": "@outputs('Create_approval_layer_#2')?['body/aia_s2c_approval_layerid']"
                                      }
                                    },
                                    "Set_next_approval_layer_2": {
                                      "runAfter": {
                                        "Set_approval_layer_2_id_2": [
                                          "Succeeded"
                                        ]
                                      },
                                      "metadata": {
                                        "operationMetadataId": "a6a7a1dd-e931-4556-b9bc-eedb95eb834b"
                                      },
                                      "type": "OpenApiConnection",
                                      "inputs": {
                                        "host": {
                                          "connectionName": "shared_commondataserviceforapps",
                                          "operationId": "UpdateRecord",
                                          "apiId": "/providers/Microsoft.PowerApps/apis/shared_commondataserviceforapps"
                                        },
                                        "parameters": {
                                          "entityName": "aia_s2c_approval_layers",
                                          "recordId": "@outputs('Retrieve_approval_layer_by_id')?['body/aia_s2c_approval_layerid']",
                                          "item/aia_next_approval_layer@odata.bind": "/aia_s2c_approval_layers(@{variables('ApprovalLayer2')})"
                                        },
                                        "authentication": {
                                          "type": "Raw",
                                          "value": "@json(decodeBase64(triggerOutputs().headers['X-MS-APIM-Tokens']))['$ConnectionKey']"
                                        }
                                      }
                                    },
                                    "Create_approver_to_approval_layer_3_base_on_immediate_supervisor": {
                                      "runAfter": {
                                        "Set_next_approval_layer_2": [
                                          "Succeeded"
                                        ]
                                      },
                                      "metadata": {
                                        "operationMetadataId": "76497171-ed05-493e-9767-d1854c64a6d7"
                                      },
                                      "type": "OpenApiConnection",
                                      "inputs": {
                                        "host": {
                                          "connectionName": "shared_commondataserviceforapps",
                                          "operationId": "CreateRecord",
                                          "apiId": "/providers/Microsoft.PowerApps/apis/shared_commondataserviceforapps"
                                        },
                                        "parameters": {
                                          "entityName": "aia_s2c_approval_members",
                                          "item/aia_approval@odata.bind": "/aia_s2c_approvals(@{outputs('Retrieve_approval_matrix_by_id')?['body/aia_s2c_approvalid']})",
                                          "item/aia_approval_status": 914710000,
                                          "item/aia_generation_type": 914710000,
                                          "item/aia_name": "@first(outputs('Retrieve_SAP_employee_by_user_id')?['body/value'])['_aia_user_value@OData.Community.Display.V1.FormattedValue']",
                                          "item/aia_user@odata.bind": "/systemusers(@{first(outputs('Retrieve_SAP_employee_by_user_id')?['body/value'])['_aia_user_value']})",
                                          "item/aia_user_role": 914710000,
                                          "item/aia_approval_layer@odata.bind": "/aia_s2c_approval_layers(@{variables('ApprovalLayer2')})",
                                          "item/aia_approvertype": "914710001"
                                        },
                                        "authentication": {
                                          "type": "Raw",
                                          "value": "@json(decodeBase64(triggerOutputs().headers['X-MS-APIM-Tokens']))['$ConnectionKey']"
                                        }
                                      }
                                    }
                                  },
                                  "runAfter": {},
                                  "else": {
                                    "actions": {
                                      "If_exist_approval_layer_3": {
                                        "actions": {
                                          "Create_approval_layer_3": {
                                            "runAfter": {},
                                            "metadata": {
                                              "operationMetadataId": "4392a07e-0065-4d08-9ec9-3b896b0cc751"
                                            },
                                            "type": "OpenApiConnection",
                                            "inputs": {
                                              "host": {
                                                "connectionName": "shared_commondataserviceforapps",
                                                "operationId": "CreateRecord",
                                                "apiId": "/providers/Microsoft.PowerApps/apis/shared_commondataserviceforapps"
                                              },
                                              "parameters": {
                                                "entityName": "aia_s2c_approval_layers",
                                                "item/aia_name": "Approval layer 3 - @{outputs('Retrieve_sourcing_request_by_id')?['body/aia_requesttitle']}",
                                                "item/aia_approval@odata.bind": "/aia_s2c_approvals(@{outputs('Retrieve_approval_matrix_by_id')?['body/aia_s2c_approvalid']})",
                                                "item/aia_approval_status": 914710000,
                                                "item/aia_generation_type": 914710000,
                                                "item/aia_sequence": 3
                                              },
                                              "authentication": {
                                                "type": "Raw",
                                                "value": "@json(decodeBase64(triggerOutputs().headers['X-MS-APIM-Tokens']))['$ConnectionKey']"
                                              }
                                            }
                                          },
                                          "Set_approval_layer_3_id": {
                                            "runAfter": {
                                              "Create_approval_layer_3": [
                                                "Succeeded"
                                              ]
                                            },
                                            "metadata": {
                                              "operationMetadataId": "17fde292-cd99-43c6-a9ee-2e14015fba08"
                                            },
                                            "type": "SetVariable",
                                            "inputs": {
                                              "name": "ApprovalLayer3",
                                              "value": "@outputs('Create_approval_layer_3')?['body/aia_s2c_approval_layerid']"
                                            }
                                          },
                                          "Set_next_approval_layer_3": {
                                            "runAfter": {
                                              "Set_approval_layer_3_id": [
                                                "Succeeded"
                                              ]
                                            },
                                            "metadata": {
                                              "operationMetadataId": "09f2f7f9-1a0d-4afd-9d56-94023fab0072"
                                            },
                                            "type": "OpenApiConnection",
                                            "inputs": {
                                              "host": {
                                                "connectionName": "shared_commondataserviceforapps",
                                                "operationId": "UpdateRecord",
                                                "apiId": "/providers/Microsoft.PowerApps/apis/shared_commondataserviceforapps"
                                              },
                                              "parameters": {
                                                "entityName": "aia_s2c_approval_layers",
                                                "recordId": "@variables('ApprovalLayer2')",
                                                "item/aia_next_approval_layer@odata.bind": "/aia_s2c_approval_layers(@{variables('ApprovalLayer3')})"
                                              },
                                              "authentication": {
                                                "type": "Raw",
                                                "value": "@json(decodeBase64(triggerOutputs().headers['X-MS-APIM-Tokens']))['$ConnectionKey']"
                                              }
                                            }
                                          }
                                        },
                                        "runAfter": {},
                                        "expression": {
                                          "equals": [
                                            "@empty(variables('ApprovalLayer3'))",
                                            true
                                          ]
                                        },
                                        "metadata": {
                                          "operationMetadataId": "85315f62-4eb6-410f-a82b-ea6964768a16"
                                        },
                                        "type": "If"
                                      },
                                      "Create_approver_to_approval_layer_3_base_on_immediate_supervisor_2": {
                                        "runAfter": {
                                          "If_exist_approval_layer_3": [
                                            "Succeeded"
                                          ]
                                        },
                                        "metadata": {
                                          "operationMetadataId": "76497171-ed05-493e-9767-d1854c64a6d7"
                                        },
                                        "type": "OpenApiConnection",
                                        "inputs": {
                                          "host": {
                                            "connectionName": "shared_commondataserviceforapps",
                                            "operationId": "CreateRecord",
                                            "apiId": "/providers/Microsoft.PowerApps/apis/shared_commondataserviceforapps"
                                          },
                                          "parameters": {
                                            "entityName": "aia_s2c_approval_members",
                                            "item/aia_approval@odata.bind": "/aia_s2c_approvals(@{outputs('Retrieve_approval_matrix_by_id')?['body/aia_s2c_approvalid']})",
                                            "item/aia_approval_status": 914710000,
                                            "item/aia_generation_type": 914710000,
                                            "item/aia_name": "@first(outputs('Retrieve_SAP_employee_by_user_id')?['body/value'])['_aia_user_value@OData.Community.Display.V1.FormattedValue']",
                                            "item/aia_user@odata.bind": "/systemusers(@{first(outputs('Retrieve_SAP_employee_by_user_id')?['body/value'])['_aia_user_value']})",
                                            "item/aia_user_role": 914710000,
                                            "item/aia_approval_layer@odata.bind": "/aia_s2c_approval_layers(@{variables('ApprovalLayer3')})"
                                          },
                                          "authentication": {
                                            "type": "Raw",
                                            "value": "@json(decodeBase64(triggerOutputs().headers['X-MS-APIM-Tokens']))['$ConnectionKey']"
                                          }
                                        }
                                      }
                                    }
                                  },
                                  "expression": {
                                    "equals": [
                                      "@empty(variables('ApprovalLayer2'))",
                                      true
                                    ]
                                  },
                                  "metadata": {
                                    "operationMetadataId": "6fe77c77-8e3f-40da-97e5-e7ed70265a3e"
                                  },
                                  "type": "If"
                                }
                              },
                              "runAfter": {},
                              "else": {
                                "actions": {
                                  "Create_approver_to_approval_layer_1_base_on_immediate_supervisor": {
                                    "runAfter": {},
                                    "metadata": {
                                      "operationMetadataId": "ec6983eb-444c-4fad-9c2d-161aa8cbb818"
                                    },
                                    "type": "OpenApiConnection",
                                    "inputs": {
                                      "host": {
                                        "connectionName": "shared_commondataserviceforapps",
                                        "operationId": "CreateRecord",
                                        "apiId": "/providers/Microsoft.PowerApps/apis/shared_commondataserviceforapps"
                                      },
                                      "parameters": {
                                        "entityName": "aia_s2c_approval_members",
                                        "item/aia_approval@odata.bind": "/aia_s2c_approvals(@{outputs('Retrieve_approval_matrix_by_id')?['body/aia_s2c_approvalid']})",
                                        "item/aia_approval_status": 914710000,
                                        "item/aia_generation_type": 914710000,
                                        "item/aia_name": "@first(outputs('Retrieve_SAP_employee_by_user_id')?['body/value'])['_aia_user_value@OData.Community.Display.V1.FormattedValue']",
                                        "item/aia_user@odata.bind": "/systemusers(@{first(outputs('Retrieve_SAP_employee_by_user_id')?['body/value'])['_aia_user_value']})",
                                        "item/aia_user_role": 914710000,
                                        "item/aia_approval_layer@odata.bind": "/aia_s2c_approval_layers(@{outputs('Retrieve_approval_layer_by_id')?['body/aia_s2c_approval_layerid']})",
                                        "item/aia_approvertype": "914710001"
                                      },
                                      "authentication": {
                                        "type": "Raw",
                                        "value": "@json(decodeBase64(triggerOutputs().headers['X-MS-APIM-Tokens']))['$ConnectionKey']"
                                      }
                                    }
                                  }
                                }
                              },
                              "expression": {
                                "and": [
                                  {
                                    "contains": [
                                      "@first(outputs('Retrieve_SAP_employee_by_user_id')?['body/value'])",
                                      "aia_approval_grade"
                                    ]
                                  },
                                  {
                                    "equals": [
                                      "@toUpper(first(outputs('Retrieve_SAP_employee_by_user_id')?['body/value'])['aia_approval_grade'])",
                                      "GCE"
                                    ]
                                  }
                                ]
                              },
                              "metadata": {
                                "operationMetadataId": "ae33ad99-75c2-4857-bf37-d899e74dbdf4"
                              },
                              "type": "If"
                            }
                          }
                        },
                        "expression": {
                          "and": [
                            {
                              "contains": [
                                "@first(outputs('Retrieve_SAP_employee_by_user_id')?['body/value'])",
                                "aia_approval_grade"
                              ]
                            },
                            {
                              "equals": [
                                "@toUpper(first(outputs('Retrieve_SAP_employee_by_user_id')?['body/value'])['aia_approval_grade'])",
                                "GCF"
                              ]
                            }
                          ]
                        },
                        "metadata": {
                          "operationMetadataId": "c2ff0eb4-7934-4b5f-b30f-d4e9508c0c21"
                        },
                        "type": "If"
                      }
                    },
                    "runAfter": {
                      "Retrieve_SAP_employee_by_user_id": [
                        "Succeeded"
                      ]
                    },
                    "else": {
                      "actions": {
                        "Create_endorser_base_on_immediate_supervisor": {
                          "runAfter": {},
                          "metadata": {
                            "operationMetadataId": "68eccf73-c09c-46c9-bd6f-8c7e7e0eb4f3"
                          },
                          "type": "OpenApiConnection",
                          "inputs": {
                            "host": {
                              "connectionName": "shared_commondataserviceforapps",
                              "operationId": "CreateRecord",
                              "apiId": "/providers/Microsoft.PowerApps/apis/shared_commondataserviceforapps"
                            },
                            "parameters": {
                              "entityName": "aia_s2c_approval_members",
                              "item/aia_approval@odata.bind": "/aia_s2c_approvals(@{outputs('Retrieve_approval_matrix_by_id')?['body/aia_s2c_approvalid']})",
                              "item/aia_approval_status": 914710000,
                              "item/aia_generation_type": 914710000,
                              "item/aia_name": "@first(outputs('Retrieve_SAP_employee_by_user_id')?['body/value'])['_aia_user_value@OData.Community.Display.V1.FormattedValue']",
                              "item/aia_user@odata.bind": "/systemusers(@{first(outputs('Retrieve_SAP_employee_by_user_id')?['body/value'])['_aia_user_value']})",
                              "item/aia_user_role": 914710001,
                              "item/aia_approvertype": "914710001"
                            },
                            "authentication": {
                              "type": "Raw",
                              "value": "@json(decodeBase64(triggerOutputs().headers['X-MS-APIM-Tokens']))['$ConnectionKey']"
                            }
                          }
                        }
                      }
                    },
                    "expression": {
                      "greaterOrEquals": [
                        "@first(outputs('Retrieve_SAP_employee_by_user_id')?['body/value'])['aia_approval_limit']",
                        "@outputs('Retrieve_sourcing_request_by_id')?['body/aia_expense_amount_in_usd']"
                      ]
                    },
                    "metadata": {
                      "operationMetadataId": "126abd63-0c67-42d3-bae6-91f2ef891c11"
                    },
                    "type": "If"
                  },
                  "Retrieve_SAP_employee_by_user_id": {
                    "runAfter": {},
                    "metadata": {
                      "operationMetadataId": "8ddcccaa-57d0-436b-8a28-d22d020988b6"
                    },
                    "type": "OpenApiConnection",
                    "inputs": {
                      "host": {
                        "connectionName": "shared_commondataserviceforapps",
                        "operationId": "ListRecords",
                        "apiId": "/providers/Microsoft.PowerApps/apis/shared_commondataserviceforapps"
                      },
                      "parameters": {
                        "entityName": "aia_sap_employees",
                        "$filter": "_aia_user_value eq @{variables('ImmediateSupervisor')}"
                      },
                      "authentication": {
                        "type": "Raw",
                        "value": "@json(decodeBase64(triggerOutputs().headers['X-MS-APIM-Tokens']))['$ConnectionKey']"
                      }
                    }
                  },
                  "If_immediate_supervisor_is_null_or_not": {
                    "actions": {
                      "Set_immediate_supervisor_as_contract_owner": {
                        "runAfter": {},
                        "metadata": {
                          "operationMetadataId": "c69d4e17-a4c1-46ef-94ba-a02302ebdb7b"
                        },
                        "type": "SetVariable",
                        "inputs": {
                          "name": "ImmediateSupervisor",
                          "value": "@{first(outputs('Retrieve_SAP_employee_by_user_id')?['body/value'])['_aia_immediate_supervisor_value']}"
                        }
                      }
                    },
                    "runAfter": {
                      "If_approval_limit_is_greater_than_or_equal_to_expense_amount": [
                        "Succeeded"
                      ]
                    },
                    "expression": {
                      "and": [
                        {
                          "not": {
                            "equals": [
                              "@variables('DoUntilBreak')",
                              true
                            ]
                          }
                        },
                        {
                          "contains": [
                            "@first(outputs('Retrieve_SAP_employee_by_user_id')?['body/value'])",
                            "_aia_immediate_supervisor_value"
                          ]
                        }
                      ]
                    },
                    "metadata": {
                      "operationMetadataId": "bc016a3a-5ef1-4277-8d50-81386d1247fd"
                    },
                    "type": "If"
                  }
                },
                "runAfter": {},
                "expression": "@equals(variables('DoUntilBreak'), true)",
                "limit": {
                  "count": 60,
                  "timeout": "PT1H"
                },
                "metadata": {
                  "operationMetadataId": "3c09cc7c-0a9f-49f2-9cf9-0bc6d782c2e3"
                },
                "type": "Until"
              }
            }
          },
          "expression": {
            "equals": [
              "@toUpper(triggerBody()['text_3'])",
              "WBS"
            ]
          },
          "metadata": {
            "operationMetadataId": "8a4230b6-1701-4bbc-b905-d2895eb26628"
          },
          "type": "If"
        },
        "Respond_to_a_PowerApp_or_flow": {
          "runAfter": {
            "WBS_or_CO": [
              "Succeeded"
            ]
          },
          "metadata": {
            "operationMetadataId": "b9644f2d-c00a-40cb-8bba-373c8e500f8f"
          },
          "type": "Response",
          "kind": "PowerApp",
          "inputs": {
            "statusCode": 200,
            "body": {
              "result": "success"
            },
            "schema": {
              "type": "object",
              "properties": {
                "result": {
                  "title": "Result",
                  "x-ms-dynamically-added": true,
                  "type": "string"
                }
              }
            }
          }
        },
        "Retrieve_sourcing_request_by_id": {
          "runAfter": {},
          "metadata": {
            "operationMetadataId": "197b1a00-1baf-49ab-95cb-4c1afada772e"
          },
          "type": "OpenApiConnection",
          "inputs": {
            "host": {
              "connectionName": "shared_commondataserviceforapps",
              "operationId": "GetItem",
              "apiId": "/providers/Microsoft.PowerApps/apis/shared_commondataserviceforapps"
            },
            "parameters": {
              "entityName": "aia_s2c_sourcingrequests",
              "recordId": "@triggerBody()['text']"
            },
            "authentication": {
              "type": "Raw",
              "value": "@json(decodeBase64(triggerOutputs().headers['X-MS-APIM-Tokens']))['$ConnectionKey']"
            }
          }
        },
        "Retrieve_approval_matrix_by_id": {
          "runAfter": {
            "Retrieve_sourcing_request_by_id": [
              "Succeeded"
            ]
          },
          "metadata": {
            "operationMetadataId": "2801f98d-6ef5-4517-b8eb-77d4cd1f6905"
          },
          "type": "OpenApiConnection",
          "inputs": {
            "host": {
              "connectionName": "shared_commondataserviceforapps",
              "operationId": "GetItem",
              "apiId": "/providers/Microsoft.PowerApps/apis/shared_commondataserviceforapps"
            },
            "parameters": {
              "entityName": "aia_s2c_approvals",
              "recordId": "@triggerBody()['text_1']"
            },
            "authentication": {
              "type": "Raw",
              "value": "@json(decodeBase64(triggerOutputs().headers['X-MS-APIM-Tokens']))['$ConnectionKey']"
            }
          }
        },
        "Retrieve_approval_layer_by_id": {
          "runAfter": {
            "Retrieve_approval_matrix_by_id": [
              "Succeeded"
            ]
          },
          "metadata": {
            "operationMetadataId": "2691b236-dad6-46c0-8906-c3d1cea6307f"
          },
          "type": "OpenApiConnection",
          "inputs": {
            "host": {
              "connectionName": "shared_commondataserviceforapps",
              "operationId": "GetItem",
              "apiId": "/providers/Microsoft.PowerApps/apis/shared_commondataserviceforapps"
            },
            "parameters": {
              "entityName": "aia_s2c_approval_layers",
              "recordId": "@triggerBody()['text_2']"
            },
            "authentication": {
              "type": "Raw",
              "value": "@json(decodeBase64(triggerOutputs().headers['X-MS-APIM-Tokens']))['$ConnectionKey']"
            }
          }
        },
        "Do_until_break_flag": {
          "runAfter": {
            "Approval_layer_3_id": [
              "Succeeded"
            ]
          },
          "metadata": {
            "operationMetadataId": "de247f33-ee5f-410b-ab45-0c9fddb0b10f"
          },
          "type": "InitializeVariable",
          "inputs": {
            "variables": [
              {
                "name": "DoUntilBreak",
                "type": "boolean",
                "value": false
              }
            ]
          }
        },
        "Approval_layer_2_id": {
          "runAfter": {
            "Retrieve_approval_layer_by_id": [
              "Succeeded"
            ]
          },
          "metadata": {
            "operationMetadataId": "ba609b38-8bca-4fbb-a60a-9482fdc48031"
          },
          "type": "InitializeVariable",
          "inputs": {
            "variables": [
              {
                "name": "ApprovalLayer2",
                "type": "string",
                "value": "@{if(not(empty(triggerBody()?['text_4'])),triggerBody()?['text_4'],null)}"
              }
            ]
          }
        },
        "Approval_layer_3_id": {
          "runAfter": {
            "Approval_layer_2_id": [
              "Succeeded"
            ]
          },
          "metadata": {
            "operationMetadataId": "11f6bfc6-b026-411a-9303-a41f539e2899"
          },
          "type": "InitializeVariable",
          "inputs": {
            "variables": [
              {
                "name": "ApprovalLayer3",
                "type": "string"
              }
            ]
          }
        },
        "Retrieve_SAP_employee_by_contract_owner_id": {
          "runAfter": {
            "Do_until_break_flag": [
              "Succeeded"
            ]
          },
          "metadata": {
            "operationMetadataId": "e8f916de-c1d0-403c-8df1-61a34b30ac5e"
          },
          "type": "OpenApiConnection",
          "inputs": {
            "host": {
              "connectionName": "shared_commondataserviceforapps",
              "operationId": "ListRecords",
              "apiId": "/providers/Microsoft.PowerApps/apis/shared_commondataserviceforapps"
            },
            "parameters": {
              "entityName": "aia_sap_employees",
              "$filter": "_aia_user_value eq @{outputs('Retrieve_sourcing_request_by_id')?['body/_aia_contractowner_value']}"
            },
            "authentication": {
              "type": "Raw",
              "value": "@json(decodeBase64(triggerOutputs().headers['X-MS-APIM-Tokens']))['$ConnectionKey']"
            }
          }
        },
        "Immediate_supervisor_id": {
          "runAfter": {
            "Retrieve_SAP_employee_by_contract_owner_id": [
              "Succeeded"
            ]
          },
          "metadata": {
            "operationMetadataId": "c4a59b89-4e71-4671-b922-d003598235e9"
          },
          "type": "InitializeVariable",
          "inputs": {
            "variables": [
              {
                "name": "ImmediateSupervisor",
                "type": "string",
                "value": "@{first(outputs('Retrieve_SAP_employee_by_contract_owner_id')?['body/value'])['_aia_immediate_supervisor_value']}"
              }
            ]
          }
        }
      },
      "outputs": {}
    },
    "templateName": ""
  },
  "schemaVersion": "1.0.0.0"
}