{
  "properties": {
    "connectionReferences": {
      "shared_commondataserviceforapps": {
        "runtimeSource": "embedded",
        "connection": {
          "connectionReferenceLogicalName": "aia_sharedcommondataserviceforapps_f04d4"
        },
        "api": {
          "name": "shared_commondataserviceforapps"
        }
      }
    },
    "definition": {
      "$schema": "https://schema.management.azure.com/providers/Microsoft.Logic/schemas/2016-06-01/workflowdefinition.json#",
      "contentVersion": "1.0.0.0",
      "parameters": {
        "$connections": {
          "defaultValue": {},
          "type": "Object"
        },
        "$authentication": {
          "defaultValue": {},
          "type": "SecureObject"
        }
      },
      "triggers": {
        "manual": {
          "metadata": {
            "operationMetadataId": "0e9f04a0-cb9c-425f-b1c2-be80f7367114"
          },
          "type": "Request",
          "kind": "Button",
          "inputs": {
            "schema": {
              "type": "object",
              "properties": {
                "text": {
                  "title": "RequestGUID",
                  "type": "string",
                  "x-ms-dynamically-added": true,
                  "description": "Please enter your input",
                  "x-ms-content-hint": "TEXT"
                }
              },
              "required": [
                "text"
              ]
            }
          }
        }
      },
      "actions": {
        "Find_RoA": {
          "runAfter": {
            "Initialize_variable": [
              "Succeeded"
            ]
          },
          "metadata": {
            "operationMetadataId": "f3aa3bbf-3657-4096-8ddf-563981da53b8"
          },
          "type": "OpenApiConnection",
          "inputs": {
            "host": {
              "connectionName": "shared_commondataserviceforapps",
              "operationId": "ListRecords",
              "apiId": "/providers/Microsoft.PowerApps/apis/shared_commondataserviceforapps"
            },
            "parameters": {
              "entityName": "aia_roas",
              "$select": "aia_roaid,aia_form_type",
              "$filter": "aia_roaid eq @{triggerBody()['text']}",
              "$top": 1
            },
            "authentication": {
              "type": "Raw",
              "value": "@json(decodeBase64(triggerOutputs().headers['X-MS-APIM-Tokens']))['$ConnectionKey']"
            }
          }
        },
        "Respond_to_a_PowerApp_or_flow": {
          "runAfter": {
            "Check_if_exists_RoA": [
              "Succeeded"
            ]
          },
          "metadata": {
            "operationMetadataId": "467a2c2a-2520-4f29-9955-dfbfbe7c44b7"
          },
          "type": "Response",
          "kind": "PowerApp",
          "inputs": {
            "statusCode": 200,
            "body": {
              "result": "@variables('Result')"
            },
            "schema": {
              "type": "object",
              "properties": {
                "result": {
                  "title": "Result",
                  "x-ms-dynamically-added": true,
                  "type": "boolean"
                }
              }
            }
          }
        },
        "Check_if_exists_RoA": {
          "actions": {
            "Find_Related_[Define_Approval_Chain].[StatusCode]_!=_Completed": {
              "runAfter": {},
              "metadata": {
                "operationMetadataId": "047dae42-dd57-4fe7-8622-29f3e76c2838"
              },
              "type": "OpenApiConnection",
              "inputs": {
                "host": {
                  "connectionName": "shared_commondataserviceforapps",
                  "operationId": "ListRecords",
                  "apiId": "/providers/Microsoft.PowerApps/apis/shared_commondataserviceforapps"
                },
                "parameters": {
                  "entityName": "aia_activityapprovalchains",
                  "fetchXml": "<fetch top=\"1\" >\n  <entity name=\"aia_activityapprovalchain\" >\n    <attribute name=\"activityid\" />\n    <filter>\n      <condition attribute=\"aia_roa\" operator=\"eq\" value=\"@{triggerBody()['text']}\" />\n      <condition attribute=\"statuscode\" operator=\"neq\" value=\"2\" />\n    </filter>\n  </entity>\n</fetch>",
                  "$top": 1
                },
                "authentication": {
                  "type": "Raw",
                  "value": "@json(decodeBase64(triggerOutputs().headers['X-MS-APIM-Tokens']))['$ConnectionKey']"
                }
              }
            },
            "Find_Related_[New_Supplier_Request].[StatusCode]_!=_Completed": {
              "runAfter": {
                "Find_Related_[Define_Approval_Chain].[StatusCode]_!=_Completed": [
                  "Succeeded"
                ]
              },
              "metadata": {
                "operationMetadataId": "047dae42-dd57-4fe7-8622-29f3e76c2838"
              },
              "type": "OpenApiConnection",
              "inputs": {
                "host": {
                  "connectionName": "shared_commondataserviceforapps",
                  "operationId": "ListRecords",
                  "apiId": "/providers/Microsoft.PowerApps/apis/shared_commondataserviceforapps"
                },
                "parameters": {
                  "entityName": "aia_new_supplier_requests",
                  "fetchXml": "<fetch top=\"1\" >\n  <entity name=\"aia_new_supplier_request\" >\n    <attribute name=\"activityid\" />\n    <filter type=\"or\" >\n      <condition attribute=\"statuscode\" operator=\"neq\" value=\"2\" />\n      <condition attribute=\"aia_new_supplier_status\" operator=\"neq\" value=\"2\" />\n    </filter>\n    <filter>\n      <condition attribute=\"aia_roa\" operator=\"eq\" value=\"@{triggerBody()['text']}\" />\n    </filter>\n  </entity>\n</fetch>",
                  "$top": 1
                },
                "authentication": {
                  "type": "Raw",
                  "value": "@json(decodeBase64(triggerOutputs().headers['X-MS-APIM-Tokens']))['$ConnectionKey']"
                }
              }
            },
            "Find_Related_[Update_Sanction_Check_Result].[StatusCode]_!=_Completed": {
              "runAfter": {
                "Find_Related_[New_Supplier_Request].[StatusCode]_!=_Completed": [
                  "Succeeded"
                ]
              },
              "metadata": {
                "operationMetadataId": "047dae42-dd57-4fe7-8622-29f3e76c2838"
              },
              "type": "OpenApiConnection",
              "inputs": {
                "host": {
                  "connectionName": "shared_commondataserviceforapps",
                  "operationId": "ListRecords",
                  "apiId": "/providers/Microsoft.PowerApps/apis/shared_commondataserviceforapps"
                },
                "parameters": {
                  "entityName": "aia_sanctionchecks",
                  "fetchXml": "<fetch top=\"1\" >\n  <entity name=\"aia_sanctioncheck\" >\n    <attribute name=\"activityid\" />\n    <filter>\n      <condition attribute=\"aia_roa\" operator=\"eq\" value=\"@{triggerBody()['text']}\" />\n      <condition attribute=\"statuscode\" operator=\"neq\" value=\"2\" />\n    </filter>\n  </entity>\n</fetch>",
                  "$top": 1
                },
                "authentication": {
                  "type": "Raw",
                  "value": "@json(decodeBase64(triggerOutputs().headers['X-MS-APIM-Tokens']))['$ConnectionKey']"
                }
              }
            },
            "Check_if_all_activity_type_is_completed": {
              "actions": {
                "Find_Approval_Chains": {
                  "runAfter": {},
                  "metadata": {
                    "operationMetadataId": "dd4d0279-4157-403e-8972-2e5fd379f793"
                  },
                  "type": "OpenApiConnection",
                  "inputs": {
                    "host": {
                      "connectionName": "shared_commondataserviceforapps",
                      "operationId": "ListRecords",
                      "apiId": "/providers/Microsoft.PowerApps/apis/shared_commondataserviceforapps"
                    },
                    "parameters": {
                      "entityName": "aia_approval_chains",
                      "$select": "aia_approval_chainid",
                      "$filter": "_aia_roa_value eq @{triggerBody()['text']} and statecode eq 0"
                    },
                    "authentication": {
                      "type": "Raw",
                      "value": "@json(decodeBase64(triggerOutputs().headers['X-MS-APIM-Tokens']))['$ConnectionKey']"
                    }
                  }
                },
                "Condition": {
                  "actions": {
                    "Send_Approve_Email": {
                      "foreach": "@outputs('Find_Approval_Chains')?['body/value']",
                      "actions": {
                        "Run_a_Child_Flow": {
                          "runAfter": {},
                          "metadata": {
                            "operationMetadataId": "052df55d-4d6b-4d5f-b958-2592066210f6"
                          },
                          "type": "Workflow",
                          "inputs": {
                            "host": {
                              "workflowReferenceName": "749ec940-6361-ec11-8f8f-000d3a80eca3"
                            },
                            "body": {
                              "text": "@items('Send_Approve_Email')?['aia_approval_chainid']"
                            }
                          }
                        }
                      },
                      "runAfter": {},
                      "metadata": {
                        "operationMetadataId": "da232b40-9e84-4414-bcc9-dbf345bce83b"
                      },
                      "type": "Foreach"
                    }
                  },
                  "runAfter": {
                    "Find_Approval_Chains": [
                      "Succeeded"
                    ]
                  },
                  "expression": {
                    "not": {
                      "equals": [
                        "@length(outputs('Find_Approval_Chains')?['body/value'])",
                        0
                      ]
                    }
                  },
                  "metadata": {
                    "operationMetadataId": "0c5a9662-bab0-4557-a7a3-c762b9e8dd0c"
                  },
                  "type": "If"
                },
                "Update_Request.[Request_Stage_for_Progress_Bar]=RoA_Approval": {
                  "runAfter": {
                    "Condition": [
                      "Succeeded"
                    ]
                  },
                  "metadata": {
                    "operationMetadataId": "61509c5a-5cea-4094-9071-64953faa8dd4"
                  },
                  "type": "OpenApiConnection",
                  "inputs": {
                    "host": {
                      "connectionName": "shared_commondataserviceforapps",
                      "operationId": "UpdateRecord",
                      "apiId": "/providers/Microsoft.PowerApps/apis/shared_commondataserviceforapps"
                    },
                    "parameters": {
                      "entityName": "aia_roas",
                      "recordId": "@triggerBody()['text']",
                      "item/aia_roa_process_bar_stage": 3
                    },
                    "authentication": {
                      "type": "Raw",
                      "value": "@json(decodeBase64(triggerOutputs().headers['X-MS-APIM-Tokens']))['$ConnectionKey']"
                    }
                  }
                }
              },
              "runAfter": {
                "Check_Sanction_Check_Result_is_completed": [
                  "Succeeded"
                ]
              },
              "expression": {
                "and": [
                  {
                    "equals": [
                      "@length(outputs('Find_Related_[Update_Sanction_Check_Result].[StatusCode]_!=_Completed')?['body/value'])",
                      0
                    ]
                  },
                  {
                    "equals": [
                      "@length(outputs('Find_Related_[Define_Approval_Chain].[StatusCode]_!=_Completed')?['body/value'])",
                      0
                    ]
                  },
                  {
                    "or": [
                      {
                        "equals": [
                          "@length(outputs('Find_Related_[New_Supplier_Request].[StatusCode]_!=_Completed')?['body/value'])",
                          0
                        ]
                      },
                      {
                        "equals": [
                          "@first(body('Find_RoA')?['value'])?['aia_form_type']",
                          2
                        ]
                      }
                    ]
                  }
                ]
              },
              "metadata": {
                "operationMetadataId": "f41a0813-015d-4ac3-a805-a9342baa0587"
              },
              "type": "If"
            },
            "Set_variable": {
              "runAfter": {
                "Check_if_all_activity_type_is_completed": [
                  "Succeeded"
                ]
              },
              "metadata": {
                "operationMetadataId": "19b7fb06-4cbf-4c1e-82b0-a0464d1ffc4b"
              },
              "type": "SetVariable",
              "inputs": {
                "name": "Result",
                "value": true
              }
            },
            "Check_Sanction_Check_Result_is_completed": {
              "actions": {
                "Update_Request.[Sanction_Check_Status]_=_Completed": {
                  "runAfter": {},
                  "metadata": {
                    "operationMetadataId": "8a5d27bf-1fef-48b1-82c4-b1f44411a0ef"
                  },
                  "type": "OpenApiConnection",
                  "inputs": {
                    "host": {
                      "connectionName": "shared_commondataserviceforapps",
                      "operationId": "UpdateRecord",
                      "apiId": "/providers/Microsoft.PowerApps/apis/shared_commondataserviceforapps"
                    },
                    "parameters": {
                      "entityName": "aia_roas",
                      "recordId": "@triggerBody()['text']",
                      "item/aia_sanction_check_status": 3
                    },
                    "authentication": {
                      "type": "Raw",
                      "value": "@json(decodeBase64(triggerOutputs().headers['X-MS-APIM-Tokens']))['$ConnectionKey']"
                    }
                  }
                }
              },
              "runAfter": {
                "Find_Related_[Update_Sanction_Check_Result].[StatusCode]_!=_Completed": [
                  "Succeeded"
                ]
              },
              "expression": {
                "equals": [
                  "@length(outputs('Find_Related_[Update_Sanction_Check_Result].[StatusCode]_!=_Completed')?['body/value'])",
                  0
                ]
              },
              "metadata": {
                "operationMetadataId": "89d70293-72cb-447d-981e-d976290ef8b4"
              },
              "type": "If"
            }
          },
          "runAfter": {
            "Find_RoA": [
              "Succeeded"
            ]
          },
          "else": {
            "actions": {
              "Create_Flow_Log": {
                "runAfter": {},
                "metadata": {
                  "operationMetadataId": "e6595344-28c3-4fa6-8754-f965c0c03d08"
                },
                "type": "OpenApiConnection",
                "inputs": {
                  "host": {
                    "connectionName": "shared_commondataserviceforapps",
                    "operationId": "CreateRecord",
                    "apiId": "/providers/Microsoft.PowerApps/apis/shared_commondataserviceforapps"
                  },
                  "parameters": {
                    "entityName": "aia_power_automate_flow_logs",
                    "item/aia_name": "B1. Trigger - RoA Approval (Process Check)",
                    "item/aia_message": "Missing or not found roaid"
                  },
                  "authentication": {
                    "type": "Raw",
                    "value": "@json(decodeBase64(triggerOutputs().headers['X-MS-APIM-Tokens']))['$ConnectionKey']"
                  }
                }
              },
              "Set_variable_2": {
                "runAfter": {
                  "Create_Flow_Log": [
                    "Succeeded"
                  ]
                },
                "metadata": {
                  "operationMetadataId": "e4bba97a-478b-4e2f-abb3-73e12df4949e"
                },
                "type": "SetVariable",
                "inputs": {
                  "name": "Result",
                  "value": false
                }
              }
            }
          },
          "expression": {
            "greaterOrEquals": [
              "@length(outputs('Find_RoA')?['body/value'])",
              1
            ]
          },
          "metadata": {
            "operationMetadataId": "d5a0d1a4-1d58-46be-92fd-70d416e69a8e"
          },
          "type": "If"
        },
        "Initialize_variable": {
          "runAfter": {},
          "metadata": {
            "operationMetadataId": "01861c25-f14d-4c50-89e5-379b9f007894"
          },
          "type": "InitializeVariable",
          "inputs": {
            "variables": [
              {
                "name": "Result",
                "type": "boolean"
              }
            ]
          }
        }
      }
    },
    "templateName": ""
  },
  "schemaVersion": "1.0.0.0"
}