{
  "properties": {
    "connectionReferences": {
      "shared_commondataserviceforapps": {
        "runtimeSource": "embedded",
        "connection": {
          "connectionReferenceLogicalName": "aia_sharedcommondataserviceforapps_f04d4"
        },
        "api": {
          "name": "shared_commondataserviceforapps"
        }
      }
    },
    "definition": {
      "$schema": "https://schema.management.azure.com/providers/Microsoft.Logic/schemas/2016-06-01/workflowdefinition.json#",
      "contentVersion": "1.0.0.0",
      "parameters": {
        "$connections": {
          "defaultValue": {},
          "type": "Object"
        },
        "$authentication": {
          "defaultValue": {},
          "type": "SecureObject"
        }
      },
      "triggers": {
        "manual": {
          "metadata": {
            "operationMetadataId": "707e1188-eb22-4d2f-b65a-7c383b7ecf2e"
          },
          "type": "Request",
          "kind": "Button",
          "inputs": {
            "schema": {
              "type": "object",
              "properties": {
                "text": {
                  "title": "DefineApprovalChainID",
                  "type": "string",
                  "x-ms-dynamically-added": true,
                  "description": "Please enter your input",
                  "x-ms-content-hint": "TEXT"
                }
              },
              "required": [
                "text"
              ]
            }
          }
        }
      },
      "actions": {
        "Find_Define_Approval_Chain_for_Extension": {
          "runAfter": {},
          "metadata": {
            "operationMetadataId": "04c01c6b-14dd-4704-89f1-8ab8bda43215"
          },
          "type": "OpenApiConnection",
          "inputs": {
            "host": {
              "connectionName": "shared_commondataserviceforapps",
              "operationId": "ListRecords",
              "apiId": "/providers/Microsoft.PowerApps/apis/shared_commondataserviceforapps"
            },
            "parameters": {
              "entityName": "aia_activityapprovalchains",
              "fetchXml": "<fetch>\n  <entity name=\"aia_activityapprovalchain\" >\n    <attribute name=\"activityid\" />\n    <attribute name=\"modifiedby\" />\n    <attribute name=\"aia_roa\" />\n    <filter>\n      <condition attribute=\"activityid\" operator=\"eq\" value=\"@{triggerBody()['text']}\" />\n    </filter>\n    <link-entity name=\"aia_approval_chain\" from=\"aia_approval_chainid\" to=\"aia_approval_chain_for_cat2_extension\" link-type=\"inner\" >\n      <link-entity name=\"aia_new\" from=\"aia_newid\" to=\"aia_new_for_extension\" link-type=\"inner\" alias=\"new\" >\n        <attribute name=\"aia_newid\" />\n      </link-entity>\n    </link-entity>\n  </entity>\n</fetch>"
            },
            "authentication": {
              "type": "Raw",
              "value": "@json(decodeBase64(triggerOutputs().headers['X-MS-APIM-Tokens']))['$ConnectionKey']"
            }
          }
        },
        "Respond_to_a_PowerApp_or_flow": {
          "runAfter": {
            "Apply_to_each_Find_Approval_Chain": [
              "Succeeded"
            ]
          },
          "metadata": {
            "operationMetadataId": "8d662a5c-1eb2-4c50-9f31-8c4a51bb63a3"
          },
          "type": "Response",
          "kind": "PowerApp",
          "inputs": {
            "statusCode": 200,
            "body": {
              "result": true
            },
            "schema": {
              "type": "object",
              "properties": {
                "result": {
                  "title": "Result",
                  "x-ms-dynamically-added": true,
                  "type": "boolean"
                }
              }
            }
          }
        },
        "Check_if_exists_Define_Approval_Chain": {
          "actions": {},
          "runAfter": {
            "Find_Define_Approval_Chain_for_Extension": [
              "Succeeded"
            ]
          },
          "else": {
            "actions": {
              "Create_Flow_log_Define_Approval_Chain_not_found": {
                "runAfter": {},
                "metadata": {
                  "operationMetadataId": "3ae82435-d9b9-421c-b9b8-545ea6e56565"
                },
                "type": "OpenApiConnection",
                "inputs": {
                  "host": {
                    "connectionName": "shared_commondataserviceforapps",
                    "operationId": "CreateRecord",
                    "apiId": "/providers/Microsoft.PowerApps/apis/shared_commondataserviceforapps"
                  },
                  "parameters": {
                    "entityName": "aia_power_automate_flow_logs",
                    "item/aia_name": "E7. Mark Complete - Define Approval Chain for Extension",
                    "item/aia_message": "Missing or not found Define Approval Chain:@{triggerBody()['text']}"
                  },
                  "authentication": {
                    "type": "Raw",
                    "value": "@json(decodeBase64(triggerOutputs().headers['X-MS-APIM-Tokens']))['$ConnectionKey']"
                  }
                }
              }
            }
          },
          "expression": {
            "greaterOrEquals": [
              "@length(outputs('Find_Define_Approval_Chain_for_Extension')?['body/value'])",
              1
            ]
          },
          "metadata": {
            "operationMetadataId": "871f8f70-98dd-4b35-a777-dfe86ea3d49e"
          },
          "type": "If"
        },
        "Create_Activity_Log": {
          "runAfter": {
            "Check_if_exists_Define_Approval_Chain": [
              "Succeeded"
            ]
          },
          "metadata": {
            "operationMetadataId": "3f5d0278-1d64-4f5b-8b66-0d28e10a9d57"
          },
          "type": "Workflow",
          "inputs": {
            "host": {
              "workflowReferenceName": "f235b1c9-b95c-ec11-8f8f-002248177afe"
            },
            "body": {
              "text": "@first(body('Find_Define_Approval_Chain_for_Extension')?['value'])?['_aia_roa_value']",
              "text_1": "@first(body('Find_Define_Approval_Chain_for_Extension')?['value'])?['new.aia_newid']",
              "text_2": "Define Approval Chain for Extension",
              "number": 7,
              "boolean": true,
              "boolean_1": true,
              "text_3": "E7. Mark Complete - Define Approval Chain for Extension",
              "text_4": "@utcNow()",
              "text_5": "@first(body('Find_Define_Approval_Chain_for_Extension')?['value'])?['_modifiedby_value']"
            }
          }
        },
        "Find_Approval_Chain": {
          "runAfter": {
            "Create_Activity_Log": [
              "Succeeded"
            ]
          },
          "metadata": {
            "operationMetadataId": "3fdc639d-f487-4598-ba20-c0c25dd2d533"
          },
          "type": "OpenApiConnection",
          "inputs": {
            "host": {
              "connectionName": "shared_commondataserviceforapps",
              "operationId": "ListRecords",
              "apiId": "/providers/Microsoft.PowerApps/apis/shared_commondataserviceforapps"
            },
            "parameters": {
              "entityName": "aia_approval_chains",
              "fetchXml": "<fetch>\n  <entity name=\"aia_approval_chain\">\n    <attribute name=\"aia_approval_chainid\" />\n    <filter>\n      <condition attribute=\"aia_new_for_extension\" operator=\"eq\" value=\"@{first(body('Find_Define_Approval_Chain_for_Extension')?['value'])?['new.aia_newid']}\" />\n      <condition attribute=\"statecode\" operator=\"eq\" value=\"0\" />\n    </filter>\n    <link-entity name=\"aia_roa\" from=\"aia_roaid\" to=\"aia_roa\" link-type=\"inner\" alias=\"roa\">\n      <attribute name=\"aia_roaid\" />\n      <attribute name=\"aia_name\" />\n    </link-entity>\n  </entity>\n</fetch>"
            },
            "authentication": {
              "type": "Raw",
              "value": "@json(decodeBase64(triggerOutputs().headers['X-MS-APIM-Tokens']))['$ConnectionKey']"
            }
          }
        },
        "Apply_to_each_Find_Approval_Chain": {
          "foreach": "@outputs('Find_Approval_Chain')?['body/value']",
          "actions": {
            "Call_ActMail_5.5_to_send_mail": {
              "runAfter": {},
              "metadata": {
                "operationMetadataId": "3a1e9e13-f26a-4917-988a-dc3df0df10a9"
              },
              "type": "Workflow",
              "inputs": {
                "host": {
                  "workflowReferenceName": "f4bcd2cc-1f71-ec11-8943-000d3ac7467e"
                },
                "body": {
                  "text": "@items('Apply_to_each_Find_Approval_Chain')?['aia_approval_chainid']"
                }
              }
            },
            "Public._Grant_access_to_a_folder_for_approval_chain": {
              "runAfter": {
                "Call_ActMail_5.5_to_send_mail": [
                  "Succeeded"
                ]
              },
              "metadata": {
                "operationMetadataId": "6dfdcfcb-52ce-4466-8301-adbc849be74d"
              },
              "type": "Workflow",
              "inputs": {
                "host": {
                  "workflowReferenceName": "56f9a687-7da3-ec11-983f-0022485ad6af"
                },
                "body": {
                  "text": "@items('Apply_to_each_Find_Approval_Chain')?['roa.aia_roaid']",
                  "text_1": "@items('Apply_to_each_Find_Approval_Chain')?['roa.aia_name']",
                  "text_2": "@items('Apply_to_each_Find_Approval_Chain')?['aia_approval_chainid']"
                }
              }
            }
          },
          "runAfter": {
            "Find_Approval_Chain": [
              "Succeeded"
            ]
          },
          "metadata": {
            "operationMetadataId": "a5909a80-04e7-4547-b4e7-fc927864a488"
          },
          "type": "Foreach"
        }
      }
    },
    "templateName": ""
  },
  "schemaVersion": "1.0.0.0"
}