{
  "properties": {
    "connectionReferences": {
      "shared_commondataserviceforapps": {
        "runtimeSource": "embedded",
        "connection": {
          "connectionReferenceLogicalName": "aia_sharedcommondataserviceforapps_dba9d"
        },
        "api": {
          "name": "shared_commondataserviceforapps"
        }
      }
    },
    "definition": {
      "$schema": "https://schema.management.azure.com/providers/Microsoft.Logic/schemas/2016-06-01/workflowdefinition.json#",
      "contentVersion": "1.0.0.0",
      "parameters": {
        "$connections": {
          "defaultValue": {},
          "type": "Object"
        },
        "$authentication": {
          "defaultValue": {},
          "type": "SecureObject"
        }
      },
      "triggers": {
        "When_a_row_is_added,_modified_or_deleted": {
          "metadata": {
            "operationMetadataId": "8e482de1-db38-420c-b391-7a1c52fe8b7a"
          },
          "type": "OpenApiConnectionWebhook",
          "inputs": {
            "host": {
              "connectionName": "shared_commondataserviceforapps",
              "operationId": "SubscribeWebhookTrigger",
              "apiId": "/providers/Microsoft.PowerApps/apis/shared_commondataserviceforapps"
            },
            "parameters": {
              "subscriptionRequest/message": 4,
              "subscriptionRequest/entityname": "aia_s2c_approval_member",
              "subscriptionRequest/scope": 4,
              "subscriptionRequest/filteringattributes": "aia_approval_status,statecode"
            },
            "authentication": "@parameters('$authentication')"
          }
        }
      },
      "actions": {
        "Get_approval_member_by_id": {
          "runAfter": {},
          "metadata": {
            "operationMetadataId": "ebc7b4a4-16d1-49ae-828f-fe76d85f455d"
          },
          "type": "OpenApiConnection",
          "inputs": {
            "host": {
              "connectionName": "shared_commondataserviceforapps",
              "operationId": "GetItem",
              "apiId": "/providers/Microsoft.PowerApps/apis/shared_commondataserviceforapps"
            },
            "parameters": {
              "entityName": "aia_s2c_approval_members",
              "recordId": "@triggerOutputs()?['body/aia_s2c_approval_memberid']"
            },
            "authentication": "@parameters('$authentication')"
          }
        },
        "Get_approval_matrix_by_id": {
          "runAfter": {
            "Get_approval_member_by_id": [
              "Succeeded"
            ]
          },
          "metadata": {
            "operationMetadataId": "96a8bc38-035b-42e3-b2de-3a334c810c81"
          },
          "type": "OpenApiConnection",
          "inputs": {
            "host": {
              "connectionName": "shared_commondataserviceforapps",
              "operationId": "GetItem",
              "apiId": "/providers/Microsoft.PowerApps/apis/shared_commondataserviceforapps"
            },
            "parameters": {
              "entityName": "aia_s2c_approvals",
              "recordId": "@outputs('Get_approval_member_by_id')?['body/_aia_approval_value']"
            },
            "authentication": "@parameters('$authentication')"
          }
        },
        "If_status_is_equal_to_active_or_not": {
          "actions": {
            "If_user_role_is_equal_to_endorser_or_not": {
              "actions": {
                "Retrieve_existing_team_member_endorser_list": {
                  "runAfter": {},
                  "metadata": {
                    "operationMetadataId": "56826a1d-b42d-403a-a424-7b701bac1760"
                  },
                  "type": "OpenApiConnection",
                  "inputs": {
                    "host": {
                      "connectionName": "shared_commondataserviceforapps",
                      "operationId": "ListRecords",
                      "apiId": "/providers/Microsoft.PowerApps/apis/shared_commondataserviceforapps"
                    },
                    "parameters": {
                      "entityName": "aia_s2c_teammembers",
                      "fetchXml": "<fetch top=\"1\">\n  <entity name=\"aia_s2c_teammember\">\n    <attribute name=\"aia_s2c_teammemberid\" />\n    <filter>\n      <condition attribute=\"aia_sourcingrequest\" operator=\"eq\" value=\"@{outputs('Get_approval_matrix_by_id')?['body/_aia_sourcing_request_value']}\" />\n      <condition attribute=\"aia_teammember\" operator=\"eq\" value=\"@{outputs('Get_approval_member_by_id')?['body/_aia_user_value']}\" />\n      <condition attribute=\"statecode\" operator=\"eq\" value=\"0\" />\n      <condition attribute=\"aia_role\" operator=\"eq\" value=\"914710001\" />\n    </filter>\n  </entity>\n</fetch>"
                    },
                    "authentication": "@parameters('$authentication')"
                  }
                },
                "If_existing_team_member_endorser_or_not": {
                  "actions": {
                    "Create_endorser_team_member_by_approval_member": {
                      "runAfter": {},
                      "metadata": {
                        "operationMetadataId": "52b68d2b-e5c0-4f20-bd39-0a04fba3b587"
                      },
                      "type": "OpenApiConnection",
                      "inputs": {
                        "host": {
                          "connectionName": "shared_commondataserviceforapps",
                          "operationId": "CreateRecord",
                          "apiId": "/providers/Microsoft.PowerApps/apis/shared_commondataserviceforapps"
                        },
                        "parameters": {
                          "entityName": "aia_s2c_teammembers",
                          "item/aia_name": "Endorser",
                          "item/aia_SourcingRequest@odata.bind": "/aia_s2c_sourcingrequests(@{outputs('Get_approval_matrix_by_id')?['body/_aia_sourcing_request_value']})",
                          "item/aia_is_user_added": false,
                          "item/aia_role": 914710001,
                          "item/aia_TeamMember@odata.bind": "/systemusers(@{outputs('Get_approval_member_by_id')?['body/_aia_user_value']})"
                        },
                        "authentication": "@parameters('$authentication')"
                      }
                    },
                    "Create_endorser_team_member_by_approval_member_-_Retry": {
                      "runAfter": {
                        "Create_endorser_team_member_by_approval_member": [
                          "Failed"
                        ]
                      },
                      "metadata": {
                        "operationMetadataId": "52b68d2b-e5c0-4f20-bd39-0a04fba3b587"
                      },
                      "type": "OpenApiConnection",
                      "inputs": {
                        "host": {
                          "connectionName": "shared_commondataserviceforapps",
                          "operationId": "CreateRecord",
                          "apiId": "/providers/Microsoft.PowerApps/apis/shared_commondataserviceforapps"
                        },
                        "parameters": {
                          "entityName": "aia_s2c_teammembers",
                          "item/aia_name": "Endorser",
                          "item/aia_SourcingRequest@odata.bind": "/aia_s2c_sourcingrequests(@{outputs('Get_approval_matrix_by_id')?['body/_aia_sourcing_request_value']})",
                          "item/aia_is_user_added": false,
                          "item/aia_role": 914710001,
                          "item/aia_TeamMember@odata.bind": "/systemusers(@{outputs('Get_approval_member_by_id')?['body/_aia_user_value']})"
                        },
                        "authentication": "@parameters('$authentication')"
                      }
                    }
                  },
                  "runAfter": {
                    "Retrieve_existing_team_member_endorser_list": [
                      "Succeeded"
                    ]
                  },
                  "expression": {
                    "lessOrEquals": [
                      "@length(outputs('Retrieve_existing_team_member_endorser_list')?['body/value'])",
                      0
                    ]
                  },
                  "metadata": {
                    "operationMetadataId": "fdf2a790-5450-4277-b1eb-d42fbdabd372"
                  },
                  "type": "If"
                }
              },
              "runAfter": {},
              "else": {
                "actions": {
                  "If_approval_status_is_equal_to_pending_or_not": {
                    "actions": {
                      "Retrieve_existing_team_member_approver_list": {
                        "runAfter": {},
                        "metadata": {
                          "operationMetadataId": "2141533f-d307-47ab-94f5-7258cb4b552a"
                        },
                        "type": "OpenApiConnection",
                        "inputs": {
                          "host": {
                            "connectionName": "shared_commondataserviceforapps",
                            "operationId": "ListRecords",
                            "apiId": "/providers/Microsoft.PowerApps/apis/shared_commondataserviceforapps"
                          },
                          "parameters": {
                            "entityName": "aia_s2c_teammembers",
                            "fetchXml": "<fetch top=\"1\">\n  <entity name=\"aia_s2c_teammember\">\n    <attribute name=\"aia_s2c_teammemberid\" />\n    <filter>\n      <condition attribute=\"aia_sourcingrequest\" operator=\"eq\" value=\"@{outputs('Get_approval_matrix_by_id')?['body/_aia_sourcing_request_value']}\" />\n      <condition attribute=\"aia_teammember\" operator=\"eq\" value=\"@{outputs('Get_approval_member_by_id')?['body/_aia_user_value']}\" />\n      <condition attribute=\"statecode\" operator=\"eq\" value=\"0\" />\n      <condition attribute=\"aia_role\" operator=\"eq\" value=\"914710005\" />\n    </filter>\n  </entity>\n</fetch>"
                          },
                          "authentication": "@parameters('$authentication')"
                        }
                      },
                      "If_existing_team_member_approver_or_not": {
                        "actions": {
                          "Create_approver_team_member_by_approval_member": {
                            "runAfter": {},
                            "metadata": {
                              "operationMetadataId": "85301237-62c8-43f0-98e2-9da9613eab38"
                            },
                            "type": "OpenApiConnection",
                            "inputs": {
                              "host": {
                                "connectionName": "shared_commondataserviceforapps",
                                "operationId": "CreateRecord",
                                "apiId": "/providers/Microsoft.PowerApps/apis/shared_commondataserviceforapps"
                              },
                              "parameters": {
                                "entityName": "aia_s2c_teammembers",
                                "item/aia_name": "Approver",
                                "item/aia_SourcingRequest@odata.bind": "/aia_s2c_sourcingrequests(@{outputs('Get_approval_matrix_by_id')?['body/_aia_sourcing_request_value']})",
                                "item/aia_is_user_added": false,
                                "item/aia_role": 914710005,
                                "item/aia_TeamMember@odata.bind": "/systemusers(@{outputs('Get_approval_member_by_id')?['body/_aia_user_value']})"
                              },
                              "authentication": "@parameters('$authentication')"
                            }
                          },
                          "Create_approver_team_member_by_approval_member_-_Retry": {
                            "runAfter": {
                              "Create_approver_team_member_by_approval_member": [
                                "Failed"
                              ]
                            },
                            "metadata": {
                              "operationMetadataId": "85301237-62c8-43f0-98e2-9da9613eab38"
                            },
                            "type": "OpenApiConnection",
                            "inputs": {
                              "host": {
                                "connectionName": "shared_commondataserviceforapps",
                                "operationId": "CreateRecord",
                                "apiId": "/providers/Microsoft.PowerApps/apis/shared_commondataserviceforapps"
                              },
                              "parameters": {
                                "entityName": "aia_s2c_teammembers",
                                "item/aia_name": "Approver",
                                "item/aia_SourcingRequest@odata.bind": "/aia_s2c_sourcingrequests(@{outputs('Get_approval_matrix_by_id')?['body/_aia_sourcing_request_value']})",
                                "item/aia_is_user_added": false,
                                "item/aia_role": 914710005,
                                "item/aia_TeamMember@odata.bind": "/systemusers(@{outputs('Get_approval_member_by_id')?['body/_aia_user_value']})"
                              },
                              "authentication": "@parameters('$authentication')"
                            }
                          }
                        },
                        "runAfter": {
                          "Retrieve_existing_team_member_approver_list": [
                            "Succeeded"
                          ]
                        },
                        "expression": {
                          "lessOrEquals": [
                            "@length(outputs('Retrieve_existing_team_member_approver_list')?['body/value'])",
                            0
                          ]
                        },
                        "metadata": {
                          "operationMetadataId": "6a458570-136d-475b-9772-5a410be7ac66"
                        },
                        "type": "If"
                      }
                    },
                    "runAfter": {},
                    "expression": {
                      "and": [
                        {
                          "equals": [
                            "@outputs('Get_approval_member_by_id')?['body/aia_approval_status']",
                            914710001
                          ]
                        },
                        {
                          "equals": [
                            "@outputs('Get_approval_member_by_id')?['body/aia_user_role']",
                            914710000
                          ]
                        }
                      ]
                    },
                    "metadata": {
                      "operationMetadataId": "4ca9ada4-a4f2-4143-b922-1468c7bb500b"
                    },
                    "type": "If"
                  }
                }
              },
              "expression": {
                "and": [
                  {
                    "equals": [
                      "@outputs('Get_approval_member_by_id')?['body/aia_user_role']",
                      914710001
                    ]
                  },
                  {
                    "equals": [
                      "@outputs('Get_approval_member_by_id')?['body/aia_approval_status']",
                      914710001
                    ]
                  }
                ]
              },
              "metadata": {
                "operationMetadataId": "2578a70a-8dc5-43a7-aa02-ad94d2541799"
              },
              "type": "If"
            }
          },
          "runAfter": {
            "Get_approval_matrix_by_id": [
              "Succeeded"
            ]
          },
          "else": {
            "actions": {
              "Retrieve_existing_team_member_endorser_list_by_user_id": {
                "runAfter": {},
                "metadata": {
                  "operationMetadataId": "56826a1d-b42d-403a-a424-7b701bac1760"
                },
                "type": "OpenApiConnection",
                "inputs": {
                  "host": {
                    "connectionName": "shared_commondataserviceforapps",
                    "operationId": "ListRecords",
                    "apiId": "/providers/Microsoft.PowerApps/apis/shared_commondataserviceforapps"
                  },
                  "parameters": {
                    "entityName": "aia_s2c_teammembers",
                    "fetchXml": "<fetch top=\"1\">\n  <entity name=\"aia_s2c_teammember\">\n    <attribute name=\"aia_s2c_teammemberid\" />\n    <filter>\n      <condition attribute=\"aia_sourcingrequest\" operator=\"eq\" value=\"@{outputs('Get_approval_matrix_by_id')?['body/_aia_sourcing_request_value']}\" />\n      <condition attribute=\"aia_teammember\" operator=\"eq\" value=\"@{outputs('Get_approval_member_by_id')?['body/_aia_user_value']}\" />\n      <condition attribute=\"statecode\" operator=\"eq\" value=\"0\" />\n    </filter>\n<filter type=\"or\">\n      <condition attribute=\"aia_role\" operator=\"eq\" value=\"914710005\" />\n      <condition attribute=\"aia_role\" operator=\"eq\" value=\"914710001\" />\n    </filter>\n  </entity>\n</fetch>"
                  },
                  "authentication": "@parameters('$authentication')"
                }
              },
              "If_exist_team_member_or_not": {
                "actions": {
                  "Update_team_member_status_to_inactive": {
                    "runAfter": {},
                    "metadata": {
                      "operationMetadataId": "5957ccbf-51ac-4fbd-9bed-ab18ab6da27f"
                    },
                    "type": "OpenApiConnection",
                    "inputs": {
                      "host": {
                        "connectionName": "shared_commondataserviceforapps",
                        "operationId": "UpdateRecord",
                        "apiId": "/providers/Microsoft.PowerApps/apis/shared_commondataserviceforapps"
                      },
                      "parameters": {
                        "entityName": "aia_s2c_teammembers",
                        "recordId": "@first(outputs('Retrieve_existing_team_member_endorser_list_by_user_id')?['body/value'])['aia_s2c_teammemberid']",
                        "item/statecode": 1
                      },
                      "authentication": "@parameters('$authentication')"
                    }
                  }
                },
                "runAfter": {
                  "Retrieve_existing_team_member_endorser_list_by_user_id": [
                    "Succeeded"
                  ]
                },
                "expression": {
                  "greater": [
                    "@length(outputs('Retrieve_existing_team_member_endorser_list_by_user_id')?['body/value'])",
                    0
                  ]
                },
                "metadata": {
                  "operationMetadataId": "5d3842af-804f-4640-9868-ad4878a7f34c"
                },
                "type": "If"
              }
            }
          },
          "expression": {
            "equals": [
              "@triggerOutputs()?['body/statecode']",
              0
            ]
          },
          "metadata": {
            "operationMetadataId": "edbb58c5-5a9a-49b5-84c3-525bc87f7959"
          },
          "type": "If"
        }
      }
    },
    "templateName": ""
  },
  "schemaVersion": "1.0.0.0"
}