{
  "properties": {
    "connectionReferences": {
      "shared_commondataserviceforapps": {
        "runtimeSource": "embedded",
        "connection": {
          "connectionReferenceLogicalName": "aia_sharedcommondataserviceforapps_f04d4"
        },
        "api": {
          "name": "shared_commondataserviceforapps"
        }
      },
      "shared_office365": {
        "runtimeSource": "embedded",
        "connection": {
          "connectionReferenceLogicalName": "aia_sharedoffice365_b2416"
        },
        "api": {
          "name": "shared_office365"
        }
      }
    },
    "definition": {
      "$schema": "https://schema.management.azure.com/providers/Microsoft.Logic/schemas/2016-06-01/workflowdefinition.json#",
      "contentVersion": "1.0.0.0",
      "parameters": {
        "$connections": {
          "defaultValue": {},
          "type": "Object"
        },
        "$authentication": {
          "defaultValue": {},
          "type": "SecureObject"
        }
      },
      "triggers": {
        "Recurrence": {
          "recurrence": {
            "frequency": "Week",
            "interval": 1,
            "startTime": "2022-07-20T02:00:00Z",
            "schedule": {
              "weekDays": [
                "Monday"
              ],
              "hours": [
                "3"
              ],
              "minutes": [
                0
              ]
            }
          },
          "metadata": {
            "operationMetadataId": "934321f6-2c89-4647-ae51-49c448604be0"
          },
          "type": "Recurrence"
        }
      },
      "actions": {
        "Find_News": {
          "runAfter": {},
          "metadata": {
            "operationMetadataId": "dbfe8efb-f0c4-44c8-8e87-e1c80fc2fa7f"
          },
          "type": "OpenApiConnection",
          "inputs": {
            "host": {
              "connectionName": "shared_commondataserviceforapps",
              "operationId": "ListRecords",
              "apiId": "/providers/Microsoft.PowerApps/apis/shared_commondataserviceforapps"
            },
            "parameters": {
              "entityName": "aia_news",
              "fetchXml": "<fetch top=\"5000\">\n  <entity name=\"aia_new\">\n    <attribute name=\"aia_newid\" />\n    <attribute name=\"aia_individual_id\" />\n    <attribute name=\"aia_name\" alias=\"IndividualName\" />\n    <attribute name=\"aia_offboarding_date\" />\n    <link-entity name=\"aia_roa\" to=\"aia_roa\" from=\"aia_roaid\" alias=\"r\" link-type=\"inner\">\n      <attribute name=\"aia_roaid\" />\n      <attribute name=\"aia_name\" alias=\"RequstID\" />\n      <attribute name=\"aia_supplier_name_for_search\" alias=\"SupplierName\" />\n      <link-entity name=\"systemuser\" to=\"aia_requestor\" from=\"systemuserid\" alias=\"s\" link-type=\"inner\">\n        <attribute name=\"internalemailaddress\" alias=\"Requestor\" />\n      </link-entity>\n      <link-entity name=\"systemuser\" to=\"aia_hiring_manager\" from=\"systemuserid\" alias=\"h\" link-type=\"inner\">\n        <attribute name=\"internalemailaddress\" alias=\"HiringManager\" />\n        <order attribute=\"internalemailaddress\" />\n      </link-entity>\n    </link-entity>\n    <filter>\n      <condition attribute=\"aia_individual_status\" operator=\"in\">\n        <value>5</value>\n        <value>6</value>\n      </condition>\n      <condition attribute=\"aia_offboarding_date\" operator=\"not-null\" />\n      <condition attribute=\"aia_offboarding_date\" operator=\"between\" value=\"\">\n        <value>@{concat(formatDateTime(addDays(utcNow(),35),'yyyy-MM-dd'),' 00:00')}</value>\n        <value>@{concat(formatDateTime(addDays(utcNow(),41),'yyyy-MM-dd'),' 23:59:59')}</value>\n      </condition>\n    </filter>\n  </entity>\n</fetch>"
            },
            "authentication": "@parameters('$authentication')"
          }
        },
        "NewItems_Condition": {
          "actions": {
            "Find_ROA_Form_Url": {
              "runAfter": {},
              "metadata": {
                "operationMetadataId": "6db61aa8-f457-48ad-afc7-17d6d47012b3"
              },
              "type": "Workflow",
              "inputs": {
                "host": {
                  "workflowReferenceName": "cb8c7cef-6161-ec11-8f8f-000d3a80eca3"
                },
                "body": {
                  "text": "NEW_Sub_Deeplink_My_Requests"
                }
              }
            },
            "Apply_to_each_News": {
              "foreach": "@outputs('Find_News')?['body/value']",
              "actions": {
                "Hiring_manager_Condition": {
                  "actions": {
                    "Send_Email_Condition": {
                      "actions": {
                        "Update_Hiring_Manager": {
                          "runAfter": {
                            "Send_Email_(V2)": [
                              "Succeeded"
                            ]
                          },
                          "metadata": {
                            "operationMetadataId": "8d17d8bf-f0b1-4e42-b9ca-3856439662f1"
                          },
                          "type": "SetVariable",
                          "inputs": {
                            "name": "CurrentHiringManager",
                            "value": "@{items('Apply_to_each_News')?['HiringManager']}"
                          }
                        },
                        "Clear_CCRequestorArray": {
                          "runAfter": {
                            "Update_Hiring_Manager": [
                              "Succeeded"
                            ]
                          },
                          "metadata": {
                            "operationMetadataId": "093d1e3b-aee7-4838-b4e8-7bdacf3ef0b0"
                          },
                          "type": "SetVariable",
                          "inputs": {
                            "name": "CCRequestorArray",
                            "value": []
                          }
                        },
                        "Clear_NewMessageArray": {
                          "runAfter": {
                            "Clear_CCRequestorArray": [
                              "Succeeded"
                            ]
                          },
                          "metadata": {
                            "operationMetadataId": "b61df3ec-cd83-42fe-a8b2-0b6bb23d5a8c"
                          },
                          "type": "SetVariable",
                          "inputs": {
                            "name": "NewMessageArray",
                            "value": []
                          }
                        },
                        "Append_NewMessageArray": {
                          "runAfter": {
                            "Append_CCRequestor_Condition": [
                              "Succeeded"
                            ]
                          },
                          "metadata": {
                            "operationMetadataId": "4c246ac7-6f7e-470a-ae73-dd46147b713e"
                          },
                          "type": "AppendToArrayVariable",
                          "inputs": {
                            "name": "NewMessageArray",
                            "value": "<tr style='mso-yfti-irow:3;height:10.3pt;mso-row-margin-right:7.65pt'>\n  <td width=200 valign=top style='width:66.3pt;border:solid windowtext 1.0pt;\n  border-top:none;mso-border-top-alt:solid windowtext .5pt;mso-border-alt:solid windowtext .5pt;\n  padding:0cm 5.4pt 0cm 5.4pt;height:10.3pt'>\n  <p class=MsoNormal style='margin-bottom:6.0pt;line-height:150%'><span\n  lang=EN-GB style='font-size:11.0pt;line-height:150%;mso-bidi-font-family:\n  Arial;background:lightgrey;mso-highlight:lightgrey;mso-ansi-language:EN-GB'>@{items('Apply_to_each_News')?['RequstID']}</span><s><span\n  lang=EN-GB style='font-size:11.0pt;line-height:150%;mso-bidi-font-family:\n  Arial;mso-ansi-language:EN-GB'><o:p></o:p></span></s></p>\n  </td>\n  <td width=102 colspan=2 valign=top style='width:76.5pt;border-top:none;\n  border-left:none;border-bottom:solid windowtext 1.0pt;border-right:solid windowtext 1.0pt;\n  mso-border-top-alt:solid windowtext .5pt;mso-border-left-alt:solid windowtext .5pt;\n  mso-border-alt:solid windowtext .5pt;padding:0cm 5.4pt 0cm 5.4pt;height:10.3pt'>\n  <p class=MsoNormal style='margin-bottom:6.0pt;line-height:150%'><span\n  lang=EN-GB style='font-size:11.0pt;line-height:150%;mso-bidi-font-family:\n  Arial;background:lightgrey;mso-highlight:lightgrey;mso-ansi-language:EN-GB'>@{items('Apply_to_each_News')?['aia_individual_id']}</span><s><span lang=EN-GB style='font-size:11.0pt;line-height:150%;\n  mso-bidi-font-family:Arial;mso-ansi-language:EN-GB'><o:p></o:p></span></s></p>\n  </td>\n  <td width=200 valign=top style='width:85.5pt;border-top:none;border-left:\n  none;border-bottom:solid windowtext 1.0pt;border-right:solid windowtext 1.0pt;\n  mso-border-top-alt:solid windowtext .5pt;mso-border-left-alt:solid windowtext .5pt;\n  mso-border-alt:solid windowtext .5pt;padding:0cm 5.4pt 0cm 5.4pt;height:10.3pt'>\n  <p class=MsoNormal style='margin-bottom:6.0pt;line-height:150%'><span\n  lang=EN-GB style='font-size:11.0pt;line-height:150%;mso-bidi-font-family:\n  Arial;background:lightgrey;mso-highlight:lightgrey;mso-ansi-language:EN-GB'>@{items('Apply_to_each_News')?['IndividualName']}</span><s><span lang=EN-GB style='font-size:11.0pt;line-height:150%;\n  mso-bidi-font-family:Arial;mso-ansi-language:EN-GB'><o:p></o:p></span></s></p>\n  </td>\n  <td width=200 valign=top style='width:85.5pt;border-top:none;border-left:\n  none;border-bottom:solid windowtext 1.0pt;border-right:solid windowtext 1.0pt;\n  mso-border-top-alt:solid windowtext .5pt;mso-border-left-alt:solid windowtext .5pt;\n  mso-border-alt:solid windowtext .5pt;padding:0cm 5.4pt 0cm 5.4pt;height:10.3pt'>\n  <p class=MsoNormal style='margin-bottom:6.0pt;line-height:150%'><span\n  lang=EN-GB style='font-size:11.0pt;line-height:150%;mso-bidi-font-family:\n  Arial;background:lightgrey;mso-highlight:lightgrey;mso-ansi-language:EN-GB'>@{items('Apply_to_each_News')?['SupplierName']}</span><s><span lang=EN-GB\n  style='font-size:11.0pt;line-height:150%;mso-bidi-font-family:Arial;\n  mso-ansi-language:EN-GB'><o:p></o:p></span></s></p>\n  </td>\n  <td width=132 valign=top style='width:99.0pt;border-top:none;border-left:\n  none;border-bottom:solid windowtext 1.0pt;border-right:solid windowtext 1.0pt;\n  mso-border-top-alt:solid windowtext .5pt;mso-border-left-alt:solid windowtext .5pt;\n  mso-border-alt:solid windowtext .5pt;padding:0cm 5.4pt 0cm 5.4pt;height:10.3pt'>\n  <p class=MsoNormal style='margin-bottom:6.0pt;line-height:150%'><span\n  lang=EN-GB style='font-size:11.0pt;line-height:150%;mso-bidi-font-family:\n  Arial;background:lightgrey;mso-highlight:lightgrey;mso-ansi-language:EN-GB'>@{if(equals(items('Apply_to_each_News')?['aia_offboarding_date'],null),'',formatDateTime(items('Apply_to_each_News')?['aia_offboarding_date@OData.Community.Display.V1.FormattedValue'],'dd-MMM-yyyy'))}</span><s><span\n  lang=EN-GB style='font-size:11.0pt;line-height:150%;mso-bidi-font-family:\n  Arial;mso-ansi-language:EN-GB'><o:p></o:p></span></s></p>\n  </td>\n  <td style='mso-cell-special:placeholder;border:none;padding:0cm 0cm 0cm 0cm'\n  width=10><p class='MsoNormal'>&nbsp;</td>\n </tr>"
                          }
                        },
                        "Get_Hiring_Manager_Given_name": {
                          "runAfter": {},
                          "metadata": {
                            "operationMetadataId": "ea416edd-5334-4a00-a702-6035aa318aea"
                          },
                          "type": "Workflow",
                          "inputs": {
                            "host": {
                              "workflowReferenceName": "161d9f88-f8f1-ec11-bb3d-6045bd1bf92d"
                            },
                            "body": {
                              "text": "@variables('CurrentHiringManager')"
                            }
                          }
                        },
                        "Send_Email_(V2)": {
                          "runAfter": {
                            "Get_Hiring_Manager_Given_name": [
                              "Succeeded"
                            ]
                          },
                          "metadata": {
                            "operationMetadataId": "8faf4903-8280-40df-8c8b-c90e0b8871c6"
                          },
                          "type": "OpenApiConnection",
                          "inputs": {
                            "host": {
                              "connectionName": "shared_office365",
                              "operationId": "SendEmailV2",
                              "apiId": "/providers/Microsoft.PowerApps/apis/shared_office365"
                            },
                            "parameters": {
                              "emailMessage/To": "@variables('CurrentHiringManager')",
                              "emailMessage/Subject": "Offboarding reminder: Your Non-employee workforce (NEW) will be offboarding in 6 weeks",
                              "emailMessage/Body": "<div class=WordSection1 style='layout-grid:15.6pt'>\n\n<p class=MsoNormal><span lang=EN-GB style='font-size:11.0pt;line-height:115%;\nmso-bidi-font-family:Arial;mso-ansi-language:EN-GB'>Hi @{body('Get_Hiring_Manager_Given_name')?['givennames']},<o:p></o:p></span></p>\n\n<p class=MsoNoSpacing><span lang=EN-US style='font-family:\"Arial\",sans-serif'>The\nfollowing Individual is due to offboard in 6 weeks.<o:p></o:p></span></p>\n\n\n<p class=MsoNoSpacing><span lang=EN-US style='font-family:\"Arial\",sans-serif'>Actions\nrequired –<o:p></o:p></span></p>\n\n<p class=MsoNoSpacing style='margin-left:36.0pt;text-indent:-18.0pt;mso-list:\nl0 level1 lfo1'><![if !supportLists]><span lang=EN-US style='font-family:\"Arial\",sans-serif;\nmso-fareast-font-family:Arial'><span style='mso-list:Ignore'>1)<span\nstyle='font:7.0pt \"Times New Roman\"'>&nbsp;&nbsp;&nbsp;&nbsp; </span></span></span><![endif]><span\nlang=EN-US style='font-family:\"Arial\",sans-serif'>For <b>renewal</b>, please\nstart the discussion with the supplier and individual on the <span class=GramE>same;</span><o:p></o:p></span></p>\n\n<p class=MsoNoSpacing style='margin-left:36.0pt;text-indent:-18.0pt;mso-list:\nl0 level1 lfo1'><![if !supportLists]><span lang=EN-US style='font-family:\"Arial\",sans-serif;\nmso-fareast-font-family:Arial'><span style='mso-list:Ignore'>2)<span\nstyle='font:7.0pt \"Times New Roman\"'>&nbsp;&nbsp;&nbsp;&nbsp; </span></span></span><![endif]><span\nlang=EN-US style='font-family:\"Arial\",sans-serif'>For <b>termination</b>,\nplease agree on the last date of service with supplier and individual.<span\nstyle='mso-spacerun:yes'>&nbsp; </span>If the date differs to the below, please\nupdate accordingly via the Portal </span><u><span lang=EN-GB style='font-family:\n\"Arial\",sans-serif;color:#44546A;mso-themecolor:text2;mso-ansi-language:EN-GB'><a style='' href='@{outputs('Find_ROA_Form_Url')?['Body']?['result']}' >My Request</a></span></u><span lang=EN-US style='font-family:\"Arial\",sans-serif'><o:p></o:p></span></p>\n\n\t\n\n<table class=MsoTableGrid border=0 cellspacing=0 cellpadding=0\n style='border-collapse:collapse;border:none;mso-yfti-tbllook:1184;mso-padding-alt:\n 0cm 5.4pt 0cm 5.4pt;mso-border-insideh:none;mso-border-insidev:none'>\n <tr style='mso-yfti-irow:0;mso-yfti-firstrow:yes'>\n  <td width=561 colspan=7 valign=top style='width:420.45pt;background:#D9D9D9;\n  mso-background-themecolor:background1;mso-background-themeshade:217;\n  padding:0cm 5.4pt 0cm 5.4pt'>\n  <p class=MsoNormal style='margin-bottom:3.0pt;line-height:normal'><b\n  style='mso-bidi-font-weight:normal'><span lang=EN-GB style='font-size:11.0pt;\n  mso-bidi-font-family:Arial;color:black;mso-color-alt:windowtext;mso-ansi-language:\n  EN-GB'>Individual Details</span></b><b style='mso-bidi-font-weight:normal'><span\n  lang=EN-GB style='font-size:11.0pt;mso-bidi-font-family:Arial;mso-ansi-language:\n  EN-GB'><o:p></o:p></span></b></p>\n  </td>\n </tr>\n <tr style='mso-yfti-irow:1;height:11.65pt;mso-row-margin-right:7.65pt'>\n  <td width=550 colspan=6 valign=top style='width:412.8pt;border:solid windowtext 1.0pt;\n  mso-border-alt:solid windowtext .5pt;background:#D9D9D9;mso-background-themecolor:\n  background1;mso-background-themeshade:217;padding:0cm 5.4pt 0cm 5.4pt;\n  height:11.65pt'>\n  <p class=MsoNormal style='margin-bottom:3.0pt;line-height:normal'><b\n  style='mso-bidi-font-weight:normal'><span lang=EN-GB style='font-size:11.0pt;\n  mso-bidi-font-family:Arial;color:black;mso-color-alt:windowtext;mso-ansi-language:\n  EN-GB'>NEW offboarding in 6 weeks</span></b><b style='mso-bidi-font-weight:\n  normal'><span lang=EN-GB style='font-size:11.0pt;mso-bidi-font-family:Arial;\n  mso-ansi-language:EN-GB'><o:p></o:p></span></b></p>\n  </td>\n  <td style='mso-cell-special:placeholder;border:none;padding:0cm 0cm 0cm 0cm'\n  width=10><p class='MsoNormal'>&nbsp;</td>\n </tr>\n <tr style='mso-yfti-irow:2;height:10.3pt;mso-row-margin-right:7.65pt'>\n  <td width=200 valign=top style='width:100pt;border:solid windowtext 1.0pt;\n  border-top:none;mso-border-top-alt:solid windowtext .5pt;mso-border-alt:solid windowtext .5pt;\n  padding:0cm 5.4pt 0cm 5.4pt;height:10.3pt'>\n  <p class=MsoNormal style='margin-bottom:6.0pt;line-height:150%'><span\n  lang=EN-GB style='font-size:11.0pt;line-height:150%;mso-bidi-font-family:\n  Arial;mso-ansi-language:EN-GB'>ROA ID/ Request ID<span style='color:#D31145'><o:p></o:p></span></span></p>\n  </td>\n  <td width=102 colspan=2 valign=top style='width:76.5pt;border-top:none;\n  border-left:none;border-bottom:solid windowtext 1.0pt;border-right:solid windowtext 1.0pt;\n  mso-border-top-alt:solid windowtext .5pt;mso-border-left-alt:solid windowtext .5pt;\n  mso-border-alt:solid windowtext .5pt;padding:0cm 5.4pt 0cm 5.4pt;height:10.3pt'>\n  <p class=MsoNormal style='margin-bottom:6.0pt;line-height:150%'><span\n  lang=EN-GB style='font-size:11.0pt;line-height:150%;mso-bidi-font-family:\n  Arial;mso-ansi-language:EN-GB'>Individual ID<o:p></o:p></span></p>\n  </td>\n  <td width=200 valign=top style='width:85.5pt;border-top:none;border-left:\n  none;border-bottom:solid windowtext 1.0pt;border-right:solid windowtext 1.0pt;\n  mso-border-top-alt:solid windowtext .5pt;mso-border-left-alt:solid windowtext .5pt;\n  mso-border-alt:solid windowtext .5pt;padding:0cm 5.4pt 0cm 5.4pt;height:10.3pt'>\n  <p class=MsoNormal style='margin-bottom:6.0pt;line-height:150%'><span\n  lang=EN-GB style='font-size:11.0pt;line-height:150%;mso-bidi-font-family:\n  Arial;mso-ansi-language:EN-GB'>Individual Name<o:p></o:p></span></p>\n  </td>\n  <td width=200 valign=top style='width:85.5pt;border-top:none;border-left:\n  none;border-bottom:solid windowtext 1.0pt;border-right:solid windowtext 1.0pt;\n  mso-border-top-alt:solid windowtext .5pt;mso-border-left-alt:solid windowtext .5pt;\n  mso-border-alt:solid windowtext .5pt;padding:0cm 5.4pt 0cm 5.4pt;height:10.3pt'>\n  <p class=MsoNormal style='margin-bottom:6.0pt;line-height:150%'><span\n  lang=EN-GB style='font-size:11.0pt;line-height:150%;mso-bidi-font-family:\n  Arial;mso-ansi-language:EN-GB'>Supplier Name<o:p></o:p></span></p>\n  </td>\n  <td width=132 valign=top style='width:99.0pt;border-top:none;border-left:\n  none;border-bottom:solid windowtext 1.0pt;border-right:solid windowtext 1.0pt;\n  mso-border-top-alt:solid windowtext .5pt;mso-border-left-alt:solid windowtext .5pt;\n  mso-border-alt:solid windowtext .5pt;padding:0cm 5.4pt 0cm 5.4pt;height:10.3pt'>\n  <p class=MsoNormal style='margin-bottom:6.0pt;line-height:150%'><span\n  lang=EN-GB style='font-size:11.0pt;line-height:150%;mso-bidi-font-family:\n  Arial;mso-ansi-language:EN-GB'>Last Day of Service<o:p></o:p></span></p>\n  </td>\n  <td style='mso-cell-special:placeholder;border:none;padding:0cm 0cm 0cm 0cm'\n  width=10><p class='MsoNormal'>&nbsp;</td>\n </tr>\n @{join(union(variables('NewMessageArray'),variables('NewMessageArray')),' ')}\n</table>\n\n<p class=MsoNormal><span lang=EN-AU style='font-size:11.0pt;line-height:115%;\nmso-bidi-font-family:Arial'>Thanks.<o:p></o:p></span></p>\n\n<p class=MsoNormal style='margin-bottom:0cm;line-height:normal'><span\nlang=EN-GB style='font-size:11.0pt;mso-bidi-font-family:Arial;mso-ansi-language:\nEN-GB'>Best Regards,<br>\nGroup Sourcing </span><span lang=EN-US style='font-size:12.0pt;font-family:\nו;mso-bidi-font-family:ו;mso-font-kerning:0pt;mso-ansi-language:EN-US;\nmso-fareast-language:ZH-CN'><o:p></o:p></span></p>\n\n</div>\n\n",
                              "emailMessage/From": "@body('Find_Not_Reply_Email_Address')?['result']",
                              "emailMessage/Cc": "@join(union(variables('CCRequestorArray'),variables('CCRequestorArray')),';')",
                              "emailMessage/Importance": "Normal"
                            },
                            "authentication": "@parameters('$authentication')"
                          }
                        },
                        "Append_CCRequestor_Condition": {
                          "actions": {
                            "Append_CCRequestor": {
                              "runAfter": {},
                              "metadata": {
                                "operationMetadataId": "7a0b3a08-7af0-46d8-8e9c-dc2b4efe313e"
                              },
                              "type": "AppendToArrayVariable",
                              "inputs": {
                                "name": "CCRequestorArray",
                                "value": "@items('Apply_to_each_News')?['Requestor']"
                              }
                            }
                          },
                          "runAfter": {
                            "Clear_NewMessageArray": [
                              "Succeeded"
                            ]
                          },
                          "expression": {
                            "and": [
                              {
                                "not": {
                                  "equals": [
                                    "@variables('CurrentHiringManager')",
                                    "@items('Apply_to_each_News')?['Requestor']"
                                  ]
                                }
                              },
                              {
                                "equals": [
                                  "@not(empty(items('Apply_to_each_News')?['Requestor']))",
                                  true
                                ]
                              }
                            ]
                          },
                          "metadata": {
                            "operationMetadataId": "541afa2d-be0b-4368-9346-b3fad0eef9a3"
                          },
                          "type": "If"
                        }
                      },
                      "runAfter": {},
                      "expression": {
                        "greater": [
                          "@length(variables('NewMessageArray'))",
                          0
                        ]
                      },
                      "metadata": {
                        "operationMetadataId": "635ea656-3518-4a7b-89bb-52c9fba920c7"
                      },
                      "type": "If"
                    }
                  },
                  "runAfter": {},
                  "else": {
                    "actions": {
                      "AppendNews": {
                        "runAfter": {},
                        "metadata": {
                          "operationMetadataId": "81a69219-69e1-4435-9e17-a1d44e6bd49c"
                        },
                        "type": "AppendToArrayVariable",
                        "inputs": {
                          "name": "NewMessageArray",
                          "value": "<tr style='mso-yfti-irow:3;height:10.3pt;mso-row-margin-right:7.65pt'>\n  <td width=200 valign=top style='width:66.3pt;border:solid windowtext 1.0pt;\n  border-top:none;mso-border-top-alt:solid windowtext .5pt;mso-border-alt:solid windowtext .5pt;\n  padding:0cm 5.4pt 0cm 5.4pt;height:10.3pt'>\n  <p class=MsoNormal style='margin-bottom:6.0pt;line-height:150%'><span\n  lang=EN-GB style='font-size:11.0pt;line-height:150%;mso-bidi-font-family:\n  Arial;background:lightgrey;mso-highlight:lightgrey;mso-ansi-language:EN-GB'>@{items('Apply_to_each_News')?['RequstID']}</span><s><span\n  lang=EN-GB style='font-size:11.0pt;line-height:150%;mso-bidi-font-family:\n  Arial;mso-ansi-language:EN-GB'><o:p></o:p></span></s></p>\n  </td>\n  <td width=102 colspan=2 valign=top style='width:76.5pt;border-top:none;\n  border-left:none;border-bottom:solid windowtext 1.0pt;border-right:solid windowtext 1.0pt;\n  mso-border-top-alt:solid windowtext .5pt;mso-border-left-alt:solid windowtext .5pt;\n  mso-border-alt:solid windowtext .5pt;padding:0cm 5.4pt 0cm 5.4pt;height:10.3pt'>\n  <p class=MsoNormal style='margin-bottom:6.0pt;line-height:150%'><span\n  lang=EN-GB style='font-size:11.0pt;line-height:150%;mso-bidi-font-family:\n  Arial;background:lightgrey;mso-highlight:lightgrey;mso-ansi-language:EN-GB'>@{items('Apply_to_each_News')?['aia_individual_id']}</span><s><span lang=EN-GB style='font-size:11.0pt;line-height:150%;\n  mso-bidi-font-family:Arial;mso-ansi-language:EN-GB'><o:p></o:p></span></s></p>\n  </td>\n  <td width=200 valign=top style='width:85.5pt;border-top:none;border-left:\n  none;border-bottom:solid windowtext 1.0pt;border-right:solid windowtext 1.0pt;\n  mso-border-top-alt:solid windowtext .5pt;mso-border-left-alt:solid windowtext .5pt;\n  mso-border-alt:solid windowtext .5pt;padding:0cm 5.4pt 0cm 5.4pt;height:10.3pt'>\n  <p class=MsoNormal style='margin-bottom:6.0pt;line-height:150%'><span\n  lang=EN-GB style='font-size:11.0pt;line-height:150%;mso-bidi-font-family:\n  Arial;background:lightgrey;mso-highlight:lightgrey;mso-ansi-language:EN-GB'>@{items('Apply_to_each_News')?['IndividualName']}</span><s><span lang=EN-GB style='font-size:11.0pt;line-height:150%;\n  mso-bidi-font-family:Arial;mso-ansi-language:EN-GB'><o:p></o:p></span></s></p>\n  </td>\n  <td width=200 valign=top style='width:85.5pt;border-top:none;border-left:\n  none;border-bottom:solid windowtext 1.0pt;border-right:solid windowtext 1.0pt;\n  mso-border-top-alt:solid windowtext .5pt;mso-border-left-alt:solid windowtext .5pt;\n  mso-border-alt:solid windowtext .5pt;padding:0cm 5.4pt 0cm 5.4pt;height:10.3pt'>\n  <p class=MsoNormal style='margin-bottom:6.0pt;line-height:150%'><span\n  lang=EN-GB style='font-size:11.0pt;line-height:150%;mso-bidi-font-family:\n  Arial;background:lightgrey;mso-highlight:lightgrey;mso-ansi-language:EN-GB'>@{items('Apply_to_each_News')?['SupplierName']}</span><s><span lang=EN-GB\n  style='font-size:11.0pt;line-height:150%;mso-bidi-font-family:Arial;\n  mso-ansi-language:EN-GB'><o:p></o:p></span></s></p>\n  </td>\n  <td width=132 valign=top style='width:99.0pt;border-top:none;border-left:\n  none;border-bottom:solid windowtext 1.0pt;border-right:solid windowtext 1.0pt;\n  mso-border-top-alt:solid windowtext .5pt;mso-border-left-alt:solid windowtext .5pt;\n  mso-border-alt:solid windowtext .5pt;padding:0cm 5.4pt 0cm 5.4pt;height:10.3pt'>\n  <p class=MsoNormal style='margin-bottom:6.0pt;line-height:150%'><span\n  lang=EN-GB style='font-size:11.0pt;line-height:150%;mso-bidi-font-family:\n  Arial;background:lightgrey;mso-highlight:lightgrey;mso-ansi-language:EN-GB'>@{if(equals(items('Apply_to_each_News')?['aia_offboarding_date'],null),'',formatDateTime(items('Apply_to_each_News')?['aia_offboarding_date@OData.Community.Display.V1.FormattedValue'],'dd-MMM-yyyy'))}</span><s><span\n  lang=EN-GB style='font-size:11.0pt;line-height:150%;mso-bidi-font-family:\n  Arial;mso-ansi-language:EN-GB'><o:p></o:p></span></s></p>\n  </td>\n  <td style='mso-cell-special:placeholder;border:none;padding:0cm 0cm 0cm 0cm'\n  width=10><p class='MsoNormal'>&nbsp;</td>\n </tr>"
                        }
                      },
                      "AppendRequestorCondition": {
                        "actions": {
                          "AppendRequestor": {
                            "runAfter": {},
                            "metadata": {
                              "operationMetadataId": "f47819dc-9fed-442c-81f2-30161bc95fe3"
                            },
                            "type": "AppendToArrayVariable",
                            "inputs": {
                              "name": "CCRequestorArray",
                              "value": "@items('Apply_to_each_News')?['Requestor']"
                            }
                          }
                        },
                        "runAfter": {
                          "Hiring_Manger_Equal_Condition": [
                            "Succeeded"
                          ]
                        },
                        "expression": {
                          "and": [
                            {
                              "not": {
                                "contains": [
                                  "@variables('CCRequestorArray')",
                                  "@items('Apply_to_each_News')?['Requestor']"
                                ]
                              }
                            },
                            {
                              "not": {
                                "equals": [
                                  "@variables('CurrentHiringManager')",
                                  "@items('Apply_to_each_News')?['Requestor']"
                                ]
                              }
                            },
                            {
                              "equals": [
                                "@not(empty(items('Apply_to_each_News')?['Requestor']))",
                                true
                              ]
                            }
                          ]
                        },
                        "metadata": {
                          "operationMetadataId": "739db989-1551-43b9-9a6c-8aa34c7bfee6"
                        },
                        "type": "If"
                      },
                      "Hiring_Manger_Equal_Condition": {
                        "actions": {
                          "Update_Current_Hiring_Manager_First_Loop": {
                            "runAfter": {},
                            "metadata": {
                              "operationMetadataId": "a252b48b-22a2-4958-9d9d-9746b75f85e3"
                            },
                            "type": "SetVariable",
                            "inputs": {
                              "name": "CurrentHiringManager",
                              "value": "@{items('Apply_to_each_News')?['HiringManager']}"
                            }
                          }
                        },
                        "runAfter": {
                          "AppendNews": [
                            "Succeeded"
                          ]
                        },
                        "expression": {
                          "and": [
                            {
                              "not": {
                                "equals": [
                                  "@items('Apply_to_each_News')?['HiringManager']",
                                  "@variables('CurrentHiringManager')"
                                ]
                              }
                            },
                            {
                              "equals": [
                                "@not(empty(items('Apply_to_each_News')?['HiringManager']))",
                                true
                              ]
                            }
                          ]
                        },
                        "metadata": {
                          "operationMetadataId": "298a0a82-27ce-4070-b500-4e04754b50c8"
                        },
                        "type": "If"
                      }
                    }
                  },
                  "expression": {
                    "and": [
                      {
                        "not": {
                          "equals": [
                            "@variables('CurrentHiringManager')",
                            ""
                          ]
                        }
                      },
                      {
                        "not": {
                          "equals": [
                            "@items('Apply_to_each_News')?['HiringManager']",
                            "@variables('CurrentHiringManager')"
                          ]
                        }
                      }
                    ]
                  },
                  "metadata": {
                    "operationMetadataId": "f1d96d4e-ee7b-4d5e-8146-20a705e88bbb"
                  },
                  "type": "If"
                }
              },
              "runAfter": {
                "Find_Not_Reply_Email_Address": [
                  "Succeeded"
                ]
              },
              "metadata": {
                "operationMetadataId": "4875a7dd-f8bb-4ba3-8468-18ac596fee72"
              },
              "type": "Foreach"
            },
            "Send_Remainder_Email_(V2)": {
              "actions": {
                "Get_Remainders_Hiring_Manager_Given_name": {
                  "runAfter": {},
                  "metadata": {
                    "operationMetadataId": "e0d9dd96-718f-4db2-ad26-1467d8b19797"
                  },
                  "type": "Workflow",
                  "inputs": {
                    "host": {
                      "workflowReferenceName": "161d9f88-f8f1-ec11-bb3d-6045bd1bf92d"
                    },
                    "body": {
                      "text": "@variables('CurrentHiringManager')"
                    }
                  }
                },
                "Send_an_email_(V2)": {
                  "runAfter": {
                    "Get_Remainders_Hiring_Manager_Given_name": [
                      "Succeeded"
                    ]
                  },
                  "metadata": {
                    "operationMetadataId": "7b37bdb5-bf33-459a-afc6-d5bef5bb06dd"
                  },
                  "type": "OpenApiConnection",
                  "inputs": {
                    "host": {
                      "connectionName": "shared_office365",
                      "operationId": "SendEmailV2",
                      "apiId": "/providers/Microsoft.PowerApps/apis/shared_office365"
                    },
                    "parameters": {
                      "emailMessage/To": "@variables('CurrentHiringManager')",
                      "emailMessage/Subject": "Offboarding reminder: Your Non-employee workforce (NEW) will be offboarding in 6 weeks",
                      "emailMessage/Body": "<div class=WordSection1 style='layout-grid:15.6pt'>\n\n<p class=MsoNormal><span lang=EN-GB style='font-size:11.0pt;line-height:115%;\nmso-bidi-font-family:Arial;mso-ansi-language:EN-GB'>Hi @{body('Get_Remainders_Hiring_Manager_Given_name')?['givennames']},<o:p></o:p></span></p>\n\n<p class=MsoNoSpacing><span lang=EN-US style='font-family:\"Arial\",sans-serif'>The\nfollowing Individual is due to offboard in 6 weeks.<o:p></o:p></span></p>\n\n\n<p class=MsoNoSpacing><span lang=EN-US style='font-family:\"Arial\",sans-serif'>Actions\nrequired –<o:p></o:p></span></p>\n\n<p class=MsoNoSpacing style='margin-left:36.0pt;text-indent:-18.0pt;mso-list:\nl0 level1 lfo1'><![if !supportLists]><span lang=EN-US style='font-family:\"Arial\",sans-serif;\nmso-fareast-font-family:Arial'><span style='mso-list:Ignore'>1)<span\nstyle='font:7.0pt \"Times New Roman\"'>&nbsp;&nbsp;&nbsp;&nbsp; </span></span></span><![endif]><span\nlang=EN-US style='font-family:\"Arial\",sans-serif'>For <b>renewal</b>, please\nstart the discussion with the supplier and individual on the <span class=GramE>same;</span><o:p></o:p></span></p>\n\n<p class=MsoNoSpacing style='margin-left:36.0pt;text-indent:-18.0pt;mso-list:\nl0 level1 lfo1'><![if !supportLists]><span lang=EN-US style='font-family:\"Arial\",sans-serif;\nmso-fareast-font-family:Arial'><span style='mso-list:Ignore'>2)<span\nstyle='font:7.0pt \"Times New Roman\"'>&nbsp;&nbsp;&nbsp;&nbsp; </span></span></span><![endif]><span\nlang=EN-US style='font-family:\"Arial\",sans-serif'>For <b>termination</b>,\nplease agree on the last date of service with supplier and individual.<span\nstyle='mso-spacerun:yes'>&nbsp; </span>If the date differs to the below, please\nupdate accordingly via the Portal </span><u><span lang=EN-GB style='font-family:\n\"Arial\",sans-serif;color:#44546A;mso-themecolor:text2;mso-ansi-language:EN-GB'><a href=\"@{outputs('Find_ROA_Form_Url')?['Body']?['result']}\" >My Request</a></span></u><span lang=EN-US style='font-family:\"Arial\",sans-serif'><o:p></o:p></span></p>\n\n\t\n\n<table class=MsoTableGrid border=0 cellspacing=0 cellpadding=0\n style='border-collapse:collapse;border:none;mso-yfti-tbllook:1184;mso-padding-alt:\n 0cm 5.4pt 0cm 5.4pt;mso-border-insideh:none;mso-border-insidev:none'>\n <tr style='mso-yfti-irow:0;mso-yfti-firstrow:yes'>\n  <td width=561 colspan=7 valign=top style='width:420.45pt;background:#D9D9D9;\n  mso-background-themecolor:background1;mso-background-themeshade:217;\n  padding:0cm 5.4pt 0cm 5.4pt'>\n  <p class=MsoNormal style='margin-bottom:3.0pt;line-height:normal'><b\n  style='mso-bidi-font-weight:normal'><span lang=EN-GB style='font-size:11.0pt;\n  mso-bidi-font-family:Arial;color:black;mso-color-alt:windowtext;mso-ansi-language:\n  EN-GB'>Individual Details</span></b><b style='mso-bidi-font-weight:normal'><span\n  lang=EN-GB style='font-size:11.0pt;mso-bidi-font-family:Arial;mso-ansi-language:\n  EN-GB'><o:p></o:p></span></b></p>\n  </td>\n </tr>\n <tr style='mso-yfti-irow:1;height:11.65pt;mso-row-margin-right:7.65pt'>\n  <td width=550 colspan=6 valign=top style='width:412.8pt;border:solid windowtext 1.0pt;\n  mso-border-alt:solid windowtext .5pt;background:#D9D9D9;mso-background-themecolor:\n  background1;mso-background-themeshade:217;padding:0cm 5.4pt 0cm 5.4pt;\n  height:11.65pt'>\n  <p class=MsoNormal style='margin-bottom:3.0pt;line-height:normal'><b\n  style='mso-bidi-font-weight:normal'><span lang=EN-GB style='font-size:11.0pt;\n  mso-bidi-font-family:Arial;color:black;mso-color-alt:windowtext;mso-ansi-language:\n  EN-GB'>NEW offboarding in 6 weeks</span></b><b style='mso-bidi-font-weight:\n  normal'><span lang=EN-GB style='font-size:11.0pt;mso-bidi-font-family:Arial;\n  mso-ansi-language:EN-GB'><o:p></o:p></span></b></p>\n  </td>\n  <td style='mso-cell-special:placeholder;border:none;padding:0cm 0cm 0cm 0cm'\n  width=10><p class='MsoNormal'>&nbsp;</td>\n </tr>\n <tr style='mso-yfti-irow:2;height:10.3pt;mso-row-margin-right:7.65pt'>\n  <td width=200 valign=top style='width:100pt;border:solid windowtext 1.0pt;\n  border-top:none;mso-border-top-alt:solid windowtext .5pt;mso-border-alt:solid windowtext .5pt;\n  padding:0cm 5.4pt 0cm 5.4pt;height:10.3pt'>\n  <p class=MsoNormal style='margin-bottom:6.0pt;line-height:150%'><span\n  lang=EN-GB style='font-size:11.0pt;line-height:150%;mso-bidi-font-family:\n  Arial;mso-ansi-language:EN-GB'>ROA ID/ Request ID<span style='color:#D31145'><o:p></o:p></span></span></p>\n  </td>\n  <td width=102 colspan=2 valign=top style='width:76.5pt;border-top:none;\n  border-left:none;border-bottom:solid windowtext 1.0pt;border-right:solid windowtext 1.0pt;\n  mso-border-top-alt:solid windowtext .5pt;mso-border-left-alt:solid windowtext .5pt;\n  mso-border-alt:solid windowtext .5pt;padding:0cm 5.4pt 0cm 5.4pt;height:10.3pt'>\n  <p class=MsoNormal style='margin-bottom:6.0pt;line-height:150%'><span\n  lang=EN-GB style='font-size:11.0pt;line-height:150%;mso-bidi-font-family:\n  Arial;mso-ansi-language:EN-GB'>Individual ID<o:p></o:p></span></p>\n  </td>\n  <td width=200 valign=top style='width:85.5pt;border-top:none;border-left:\n  none;border-bottom:solid windowtext 1.0pt;border-right:solid windowtext 1.0pt;\n  mso-border-top-alt:solid windowtext .5pt;mso-border-left-alt:solid windowtext .5pt;\n  mso-border-alt:solid windowtext .5pt;padding:0cm 5.4pt 0cm 5.4pt;height:10.3pt'>\n  <p class=MsoNormal style='margin-bottom:6.0pt;line-height:150%'><span\n  lang=EN-GB style='font-size:11.0pt;line-height:150%;mso-bidi-font-family:\n  Arial;mso-ansi-language:EN-GB'>Individual Name<o:p></o:p></span></p>\n  </td>\n  <td width=200 valign=top style='width:85.5pt;border-top:none;border-left:\n  none;border-bottom:solid windowtext 1.0pt;border-right:solid windowtext 1.0pt;\n  mso-border-top-alt:solid windowtext .5pt;mso-border-left-alt:solid windowtext .5pt;\n  mso-border-alt:solid windowtext .5pt;padding:0cm 5.4pt 0cm 5.4pt;height:10.3pt'>\n  <p class=MsoNormal style='margin-bottom:6.0pt;line-height:150%'><span\n  lang=EN-GB style='font-size:11.0pt;line-height:150%;mso-bidi-font-family:\n  Arial;mso-ansi-language:EN-GB'>Supplier Name<o:p></o:p></span></p>\n  </td>\n  <td width=132 valign=top style='width:99.0pt;border-top:none;border-left:\n  none;border-bottom:solid windowtext 1.0pt;border-right:solid windowtext 1.0pt;\n  mso-border-top-alt:solid windowtext .5pt;mso-border-left-alt:solid windowtext .5pt;\n  mso-border-alt:solid windowtext .5pt;padding:0cm 5.4pt 0cm 5.4pt;height:10.3pt'>\n  <p class=MsoNormal style='margin-bottom:6.0pt;line-height:150%'><span\n  lang=EN-GB style='font-size:11.0pt;line-height:150%;mso-bidi-font-family:\n  Arial;mso-ansi-language:EN-GB'>Last Day of Service<o:p></o:p></span></p>\n  </td>\n  <td style='mso-cell-special:placeholder;border:none;padding:0cm 0cm 0cm 0cm'\n  width=10><p class='MsoNormal'>&nbsp;</td>\n </tr>\n @{join(union(variables('NewMessageArray'),variables('NewMessageArray')),' ')}\n</table>\n\n<p class=MsoNormal><span lang=EN-AU style='font-size:11.0pt;line-height:115%;\nmso-bidi-font-family:Arial'>Thanks.<o:p></o:p></span></p>\n\n<p class=MsoNormal style='margin-bottom:0cm;line-height:normal'><span\nlang=EN-GB style='font-size:11.0pt;mso-bidi-font-family:Arial;mso-ansi-language:\nEN-GB'>Best Regards,<br>\nGroup Sourcing </span><span lang=EN-US style='font-size:12.0pt;font-family:\nו;mso-bidi-font-family:ו;mso-font-kerning:0pt;mso-ansi-language:EN-US;\nmso-fareast-language:ZH-CN'><o:p></o:p></span></p>\n\n</div>\n\n",
                      "emailMessage/From": "@body('Find_Not_Reply_Email_Address')?['result']",
                      "emailMessage/Cc": "@join(union(variables('CCRequestorArray'),variables('CCRequestorArray')),';')",
                      "emailMessage/Importance": "Normal"
                    },
                    "authentication": "@parameters('$authentication')"
                  }
                }
              },
              "runAfter": {
                "Apply_to_each_News": [
                  "Succeeded"
                ]
              },
              "expression": {
                "greater": [
                  "@length(variables('NewMessageArray'))",
                  0
                ]
              },
              "metadata": {
                "operationMetadataId": "33f342ea-12d7-4224-be54-eb408bfdbb5b"
              },
              "type": "If"
            },
            "Find_Not_Reply_Email_Address": {
              "runAfter": {
                "Find_ROA_Form_Url": [
                  "Succeeded"
                ]
              },
              "metadata": {
                "operationMetadataId": "1ede7fc6-a81e-495e-a51f-a4dbd56db6e0"
              },
              "type": "Workflow",
              "inputs": {
                "host": {
                  "workflowReferenceName": "cb8c7cef-6161-ec11-8f8f-000d3a80eca3"
                },
                "body": {
                  "text": "Not_Reply_Email_Address"
                }
              }
            }
          },
          "runAfter": {
            "Initialize_CurrentHiringManager": [
              "Succeeded"
            ]
          },
          "expression": {
            "greaterOrEquals": [
              "@length(outputs('Find_News')?['body/value'])",
              1
            ]
          },
          "metadata": {
            "operationMetadataId": "debb6be0-7735-4035-8804-ff465c989457"
          },
          "type": "If"
        },
        "Initialize_NewMessageArray": {
          "runAfter": {
            "Find_News": [
              "Succeeded"
            ]
          },
          "metadata": {
            "operationMetadataId": "738bf9e4-fefd-4d61-805b-38d97ed1dc1b"
          },
          "type": "InitializeVariable",
          "inputs": {
            "variables": [
              {
                "name": "NewMessageArray",
                "type": "array"
              }
            ]
          }
        },
        "Initialize_CCRequestorArray": {
          "runAfter": {
            "Initialize_NewMessageArray": [
              "Succeeded"
            ]
          },
          "metadata": {
            "operationMetadataId": "6d12c265-5951-438d-8724-944d576d769d"
          },
          "type": "InitializeVariable",
          "inputs": {
            "variables": [
              {
                "name": "CCRequestorArray",
                "type": "array"
              }
            ]
          }
        },
        "Initialize_CurrentHiringManager": {
          "runAfter": {
            "Initialize_CCRequestorArray": [
              "Succeeded"
            ]
          },
          "metadata": {
            "operationMetadataId": "0dc618d8-6942-445e-acb7-10f0064f8e85"
          },
          "type": "InitializeVariable",
          "inputs": {
            "variables": [
              {
                "name": "CurrentHiringManager",
                "type": "string"
              }
            ]
          }
        }
      }
    },
    "templateName": ""
  },
  "schemaVersion": "1.0.0.0"
}