<ImportExportXml version="9.2.23023.168" SolutionPackageVersion="9.2" languagecode="1033" generatedBy="CrmLive" xmlns:xsi="http://www.w3.org/2001/XMLSchema-instance">
  <SolutionManifest>
    <UniqueName>s2c_Patch_e6164d4b</UniqueName>
    <LocalizedNames>
      <LocalizedName description="SODA 2.0_20230315" languagecode="1033" />
    </LocalizedNames>
    <Descriptions>
      <Description description="Patch for SODA 2.0" languagecode="1033" />
    </Descriptions>
    <ParentUniqueName>s2c</ParentUniqueName>
    <Version>1.0.12.78</Version>
    <Managed>0</Managed>
    <Publisher>
      <UniqueName>aia</UniqueName>
      <LocalizedNames>
        <LocalizedName description="aia" languagecode="1033" />
      </LocalizedNames>
      <Descriptions>
        <Description description="aia" languagecode="1033" />
      </Descriptions>
      <EMailAddress xsi:nil="true"></EMailAddress>
      <SupportingWebsiteUrl xsi:nil="true"></SupportingWebsiteUrl>
      <CustomizationPrefix>aia</CustomizationPrefix>
      <CustomizationOptionValuePrefix>91471</CustomizationOptionValuePrefix>
      <Addresses>
        <Address>
          <AddressNumber>1</AddressNumber>
          <AddressTypeCode>1</AddressTypeCode>
          <City xsi:nil="true"></City>
          <County xsi:nil="true"></County>
          <Country xsi:nil="true"></Country>
          <Fax xsi:nil="true"></Fax>
          <FreightTermsCode xsi:nil="true"></FreightTermsCode>
          <ImportSequenceNumber xsi:nil="true"></ImportSequenceNumber>
          <Latitude xsi:nil="true"></Latitude>
          <Line1 xsi:nil="true"></Line1>
          <Line2 xsi:nil="true"></Line2>
          <Line3 xsi:nil="true"></Line3>
          <Longitude xsi:nil="true"></Longitude>
          <Name xsi:nil="true"></Name>
          <PostalCode xsi:nil="true"></PostalCode>
          <PostOfficeBox xsi:nil="true"></PostOfficeBox>
          <PrimaryContactName xsi:nil="true"></PrimaryContactName>
          <ShippingMethodCode>1</ShippingMethodCode>
          <StateOrProvince xsi:nil="true"></StateOrProvince>
          <Telephone1 xsi:nil="true"></Telephone1>
          <Telephone2 xsi:nil="true"></Telephone2>
          <Telephone3 xsi:nil="true"></Telephone3>
          <TimeZoneRuleVersionNumber xsi:nil="true"></TimeZoneRuleVersionNumber>
          <UPSZone xsi:nil="true"></UPSZone>
          <UTCOffset xsi:nil="true"></UTCOffset>
          <UTCConversionTimeZoneCode xsi:nil="true"></UTCConversionTimeZoneCode>
        </Address>
        <Address>
          <AddressNumber>2</AddressNumber>
          <AddressTypeCode>1</AddressTypeCode>
          <City xsi:nil="true"></City>
          <County xsi:nil="true"></County>
          <Country xsi:nil="true"></Country>
          <Fax xsi:nil="true"></Fax>
          <FreightTermsCode xsi:nil="true"></FreightTermsCode>
          <ImportSequenceNumber xsi:nil="true"></ImportSequenceNumber>
          <Latitude xsi:nil="true"></Latitude>
          <Line1 xsi:nil="true"></Line1>
          <Line2 xsi:nil="true"></Line2>
          <Line3 xsi:nil="true"></Line3>
          <Longitude xsi:nil="true"></Longitude>
          <Name xsi:nil="true"></Name>
          <PostalCode xsi:nil="true"></PostalCode>
          <PostOfficeBox xsi:nil="true"></PostOfficeBox>
          <PrimaryContactName xsi:nil="true"></PrimaryContactName>
          <ShippingMethodCode>1</ShippingMethodCode>
          <StateOrProvince xsi:nil="true"></StateOrProvince>
          <Telephone1 xsi:nil="true"></Telephone1>
          <Telephone2 xsi:nil="true"></Telephone2>
          <Telephone3 xsi:nil="true"></Telephone3>
          <TimeZoneRuleVersionNumber xsi:nil="true"></TimeZoneRuleVersionNumber>
          <UPSZone xsi:nil="true"></UPSZone>
          <UTCOffset xsi:nil="true"></UTCOffset>
          <UTCConversionTimeZoneCode xsi:nil="true"></UTCConversionTimeZoneCode>
        </Address>
      </Addresses>
    </Publisher>
    <RootComponents>
      <RootComponent type="29" id="{07442943-354d-470c-a2fc-1a0035805fc6}" behavior="0" />
      <RootComponent type="29" id="{2c5468d3-986c-ed11-81ac-002248593e63}" behavior="0" />
      <RootComponent type="29" id="{44c31cf6-e30b-ed11-b83d-00224855f89a}" behavior="0" />
      <RootComponent type="29" id="{4b59486d-d097-ed11-aad1-002248593e63}" behavior="0" />
      <RootComponent type="29" id="{749ec940-6361-ec11-8f8f-000d3a80eca3}" behavior="0" />
      <RootComponent type="29" id="{9ba56940-5be1-477f-9e58-4a0da164dd0c}" behavior="0" />
      <RootComponent type="29" id="{b556a686-126b-ed11-81ac-002248593e63}" behavior="0" />
      <RootComponent type="29" id="{b9c88fba-18c2-ed11-83fd-000d3a07e032}" behavior="0" />
      <RootComponent type="29" id="{c174bf1a-79ae-ed11-83ff-002248593e63}" behavior="0" />
      <RootComponent type="29" id="{db2c3629-8c69-ed11-81ac-002248593fc2}" behavior="0" />
      <RootComponent type="29" id="{fcde0148-a35a-ed11-9561-002248593e63}" behavior="0" />
      <RootComponent type="61" schemaName="aia_/vue/assets/add.svg" behavior="0" />
      <RootComponent type="61" schemaName="aia_/vue/assets/addlayer.svg" behavior="0" />
      <RootComponent type="61" schemaName="aia_/vue/assets/advancedSearch.css" behavior="0" />
      <RootComponent type="61" schemaName="aia_/vue/assets/advancedSearch.js" behavior="0" />
      <RootComponent type="61" schemaName="aia_/vue/assets/aiabutton.js" behavior="0" />
      <RootComponent type="61" schemaName="aia_/vue/assets/aialogo.svg" behavior="0" />
      <RootComponent type="61" schemaName="aia_/vue/assets/anglesleft.svg" behavior="0" />
      <RootComponent type="61" schemaName="aia_/vue/assets/anglesright.svg" behavior="0" />
      <RootComponent type="61" schemaName="aia_/vue/assets/approval-matrix-spinner.gif" behavior="0" />
      <RootComponent type="61" schemaName="aia_/vue/assets/approval.css" behavior="0" />
      <RootComponent type="61" schemaName="aia_/vue/assets/approval.js" behavior="0" />
      <RootComponent type="61" schemaName="aia_/vue/assets/approval2.css" behavior="0" />
      <RootComponent type="61" schemaName="aia_/vue/assets/approval2.js" behavior="0" />
      <RootComponent type="61" schemaName="aia_/vue/assets/approveChain.svg" behavior="0" />
      <RootComponent type="61" schemaName="aia_/vue/assets/approveError.svg" behavior="0" />
      <RootComponent type="61" schemaName="aia_/vue/assets/approveNotEiligiable.svg" behavior="0" />
      <RootComponent type="61" schemaName="aia_/vue/assets/approveNotGenerated.svg" behavior="0" />
      <RootComponent type="61" schemaName="aia_/vue/assets/arrow.js" behavior="0" />
      <RootComponent type="61" schemaName="aia_/vue/assets/arrow.svg" behavior="0" />
      <RootComponent type="61" schemaName="aia_/vue/assets/arrowleft.js" behavior="0" />
      <RootComponent type="61" schemaName="aia_/vue/assets/arrowleft.svg" behavior="0" />
      <RootComponent type="61" schemaName="aia_/vue/assets/arrowlefttransparent.svg" behavior="0" />
      <RootComponent type="61" schemaName="aia_/vue/assets/arrowright.svg" behavior="0" />
      <RootComponent type="61" schemaName="aia_/vue/assets/arrowrighttransparent.js" behavior="0" />
      <RootComponent type="61" schemaName="aia_/vue/assets/arrowrighttransparent.svg" behavior="0" />
      <RootComponent type="61" schemaName="aia_/vue/assets/background.png" behavior="0" />
      <RootComponent type="61" schemaName="aia_/vue/assets/bluereminder.js" behavior="0" />
      <RootComponent type="61" schemaName="aia_/vue/assets/bluereminder.svg" behavior="0" />
      <RootComponent type="61" schemaName="aia_/vue/assets/calendar.svg" behavior="0" />
      <RootComponent type="61" schemaName="aia_/vue/assets/checklist.css" behavior="0" />
      <RootComponent type="61" schemaName="aia_/vue/assets/checklist.js" behavior="0" />
      <RootComponent type="61" schemaName="aia_/vue/assets/checklist2.css" behavior="0" />
      <RootComponent type="61" schemaName="aia_/vue/assets/checklist2.js" behavior="0" />
      <RootComponent type="61" schemaName="aia_/vue/assets/CKEditor.css" behavior="0" />
      <RootComponent type="61" schemaName="aia_/vue/assets/CKEditor.js" behavior="0" />
      <RootComponent type="61" schemaName="aia_/vue/assets/comment.svg" behavior="0" />
      <RootComponent type="61" schemaName="aia_/vue/assets/configvalues.js" behavior="0" />
      <RootComponent type="61" schemaName="aia_/vue/assets/container.css" behavior="0" />
      <RootComponent type="61" schemaName="aia_/vue/assets/container.js" behavior="0" />
      <RootComponent type="61" schemaName="aia_/vue/assets/contractrisk.css" behavior="0" />
      <RootComponent type="61" schemaName="aia_/vue/assets/contractrisk.js" behavior="0" />
      <RootComponent type="61" schemaName="aia_/vue/assets/contractrisk2.css" behavior="0" />
      <RootComponent type="61" schemaName="aia_/vue/assets/contractrisk2.js" behavior="0" />
      <RootComponent type="61" schemaName="aia_/vue/assets/copylink.svg" behavior="0" />
      <RootComponent type="61" schemaName="aia_/vue/assets/copyRequestDialog.vue_vue_type_style_index_0_scoped_true_lang.css" behavior="0" />
      <RootComponent type="61" schemaName="aia_/vue/assets/costsavings.css" behavior="0" />
      <RootComponent type="61" schemaName="aia_/vue/assets/costsavings.js" behavior="0" />
      <RootComponent type="61" schemaName="aia_/vue/assets/costsavings2.css" behavior="0" />
      <RootComponent type="61" schemaName="aia_/vue/assets/costsavings2.js" behavior="0" />
      <RootComponent type="61" schemaName="aia_/vue/assets/CRMCommon.js" behavior="0" />
      <RootComponent type="61" schemaName="aia_/vue/assets/currentUserStore.js" behavior="0" />
      <RootComponent type="61" schemaName="aia_/vue/assets/delete.js" behavior="0" />
      <RootComponent type="61" schemaName="aia_/vue/assets/delete.svg" behavior="0" />
      <RootComponent type="61" schemaName="aia_/vue/assets/edit.svg" behavior="0" />
      <RootComponent type="61" schemaName="aia_/vue/assets/editallfields.svg" behavior="0" />
      <RootComponent type="61" schemaName="aia_/vue/assets/Evaluation.css" behavior="0" />
      <RootComponent type="61" schemaName="aia_/vue/assets/Evaluation.js" behavior="0" />
      <RootComponent type="61" schemaName="aia_/vue/assets/EvaluationView.css" behavior="0" />
      <RootComponent type="61" schemaName="aia_/vue/assets/EvaluationView.js" behavior="0" />
      <RootComponent type="61" schemaName="aia_/vue/assets/footer.vue_vue_type_style_index_0_scoped_true_lang.css" behavior="0" />
      <RootComponent type="61" schemaName="aia_/vue/assets/footer.vue_vue_type_style_index_0_scoped_true_lang.js" behavior="0" />
      <RootComponent type="61" schemaName="aia_/vue/assets/format.css" behavior="0" />
      <RootComponent type="61" schemaName="aia_/vue/assets/format.js" behavior="0" />
      <RootComponent type="61" schemaName="aia_/vue/assets/Funding.css" behavior="0" />
      <RootComponent type="61" schemaName="aia_/vue/assets/Funding.js" behavior="0" />
      <RootComponent type="61" schemaName="aia_/vue/assets/FundingView.css" behavior="0" />
      <RootComponent type="61" schemaName="aia_/vue/assets/FundingView.js" behavior="0" />
      <RootComponent type="61" schemaName="aia_/vue/assets/grouptax.js" behavior="0" />
      <RootComponent type="61" schemaName="aia_/vue/assets/guidingPage.css" behavior="0" />
      <RootComponent type="61" schemaName="aia_/vue/assets/guidingPage.js" behavior="0" />
      <RootComponent type="61" schemaName="aia_/vue/assets/headbackground.png" behavior="0" />
      <RootComponent type="61" schemaName="aia_/vue/assets/header.css" behavior="0" />
      <RootComponent type="61" schemaName="aia_/vue/assets/header.js" behavior="0" />
      <RootComponent type="61" schemaName="aia_/vue/assets/humanicon.svg" behavior="0" />
      <RootComponent type="61" schemaName="aia_/vue/assets/icoAction.js" behavior="0" />
      <RootComponent type="61" schemaName="aia_/vue/assets/icoAction.svg" behavior="0" />
      <RootComponent type="61" schemaName="aia_/vue/assets/icoApproverInvoid.svg" behavior="0" />
      <RootComponent type="61" schemaName="aia_/vue/assets/icocurrentselected.svg" behavior="0" />
      <RootComponent type="61" schemaName="aia_/vue/assets/icocurrentselectederror.svg" behavior="0" />
      <RootComponent type="61" schemaName="aia_/vue/assets/icocurrentselectedsuccess.svg" behavior="0" />
      <RootComponent type="61" schemaName="aia_/vue/assets/icoError.svg" behavior="0" />
      <RootComponent type="61" schemaName="aia_/vue/assets/icopass.svg" behavior="0" />
      <RootComponent type="61" schemaName="aia_/vue/assets/index.css" behavior="0" />
      <RootComponent type="61" schemaName="aia_/vue/assets/index.js" behavior="0" />
      <RootComponent type="61" schemaName="aia_/vue/assets/index.vue_vue_type_style_index_0_scoped_true_lang.css" behavior="0" />
      <RootComponent type="61" schemaName="aia_/vue/assets/index2.css" behavior="0" />
      <RootComponent type="61" schemaName="aia_/vue/assets/index2.js" behavior="0" />
      <RootComponent type="61" schemaName="aia_/vue/assets/index3.css" behavior="0" />
      <RootComponent type="61" schemaName="aia_/vue/assets/index3.js" behavior="0" />
      <RootComponent type="61" schemaName="aia_/vue/assets/index4.css" behavior="0" />
      <RootComponent type="61" schemaName="aia_/vue/assets/index4.js" behavior="0" />
      <RootComponent type="61" schemaName="aia_/vue/assets/index5.css" behavior="0" />
      <RootComponent type="61" schemaName="aia_/vue/assets/index5.js" behavior="0" />
      <RootComponent type="61" schemaName="aia_/vue/assets/index6.js" behavior="0" />
      <RootComponent type="61" schemaName="aia_/vue/assets/InitialScreen.css" behavior="0" />
      <RootComponent type="61" schemaName="aia_/vue/assets/InitialScreen.js" behavior="0" />
      <RootComponent type="61" schemaName="aia_/vue/assets/InitialScreening.css" behavior="0" />
      <RootComponent type="61" schemaName="aia_/vue/assets/InitialScreening.js" behavior="0" />
      <RootComponent type="61" schemaName="aia_/vue/assets/inputsuffix.js" behavior="0" />
      <RootComponent type="61" schemaName="aia_/vue/assets/line.svg" behavior="0" />
      <RootComponent type="61" schemaName="aia_/vue/assets/livestatus.svg" behavior="0" />
      <RootComponent type="61" schemaName="aia_/vue/assets/main.css" behavior="0" />
      <RootComponent type="61" schemaName="aia_/vue/assets/main.js" behavior="0" />
      <RootComponent type="61" schemaName="aia_/vue/assets/maincontent.css" behavior="0" />
      <RootComponent type="61" schemaName="aia_/vue/assets/maincontent.js" behavior="0" />
      <RootComponent type="61" schemaName="aia_/vue/assets/mainPage.css" behavior="0" />
      <RootComponent type="61" schemaName="aia_/vue/assets/mainPage.js" behavior="0" />
      <RootComponent type="61" schemaName="aia_/vue/assets/myhistory.css" behavior="0" />
      <RootComponent type="61" schemaName="aia_/vue/assets/myhistory.js" behavior="0" />
      <RootComponent type="61" schemaName="aia_/vue/assets/newrequest.css" behavior="0" />
      <RootComponent type="61" schemaName="aia_/vue/assets/newrequest.js" behavior="0" />
      <RootComponent type="61" schemaName="aia_/vue/assets/newrequesthelper.js" behavior="0" />
      <RootComponent type="61" schemaName="aia_/vue/assets/nofounddata.svg" behavior="0" />
      <RootComponent type="61" schemaName="aia_/vue/assets/noticeicon.svg" behavior="0" />
      <RootComponent type="61" schemaName="aia_/vue/assets/overview.css" behavior="0" />
      <RootComponent type="61" schemaName="aia_/vue/assets/overview.js" behavior="0" />
      <RootComponent type="61" schemaName="aia_/vue/assets/pdf.svg" behavior="0" />
      <RootComponent type="61" schemaName="aia_/vue/assets/pending.svg" behavior="0" />
      <RootComponent type="61" schemaName="aia_/vue/assets/plusicon.svg" behavior="0" />
      <RootComponent type="61" schemaName="aia_/vue/assets/processbar.js" behavior="0" />
      <RootComponent type="61" schemaName="aia_/vue/assets/readonlyStore.js" behavior="0" />
      <RootComponent type="61" schemaName="aia_/vue/assets/refresh.js" behavior="0" />
      <RootComponent type="61" schemaName="aia_/vue/assets/refresh.svg" behavior="0" />
      <RootComponent type="61" schemaName="aia_/vue/assets/rejectstatus.svg" behavior="0" />
      <RootComponent type="61" schemaName="aia_/vue/assets/reminderbig.js" behavior="0" />
      <RootComponent type="61" schemaName="aia_/vue/assets/reminderbig.svg" behavior="0" />
      <RootComponent type="61" schemaName="aia_/vue/assets/remindersmall.js" behavior="0" />
      <RootComponent type="61" schemaName="aia_/vue/assets/remindersmall.svg" behavior="0" />
      <RootComponent type="61" schemaName="aia_/vue/assets/remove.svg" behavior="0" />
      <RootComponent type="61" schemaName="aia_/vue/assets/removeapprover.svg" behavior="0" />
      <RootComponent type="61" schemaName="aia_/vue/assets/review.css" behavior="0" />
      <RootComponent type="61" schemaName="aia_/vue/assets/review.js" behavior="0" />
      <RootComponent type="61" schemaName="aia_/vue/assets/reviewPage.css" behavior="0" />
      <RootComponent type="61" schemaName="aia_/vue/assets/reviewPage.js" behavior="0" />
      <RootComponent type="61" schemaName="aia_/vue/assets/s2crequestStore.js" behavior="0" />
      <RootComponent type="61" schemaName="aia_/vue/assets/s2crequeststore2.js" behavior="0" />
      <RootComponent type="61" schemaName="aia_/vue/assets/s2crequestSubmitError.js" behavior="0" />
      <RootComponent type="61" schemaName="aia_/vue/assets/search.js" behavior="0" />
      <RootComponent type="61" schemaName="aia_/vue/assets/search.svg" behavior="0" />
      <RootComponent type="61" schemaName="aia_/vue/assets/SearchTeamMemberDialog.css" behavior="0" />
      <RootComponent type="61" schemaName="aia_/vue/assets/SearchTeamMemberDialog.js" behavior="0" />
      <RootComponent type="61" schemaName="aia_/vue/assets/subform.js" behavior="0" />
      <RootComponent type="61" schemaName="aia_/vue/assets/subformbackgroundheader.png" behavior="0" />
      <RootComponent type="61" schemaName="aia_/vue/assets/subformnav.svg" behavior="0" />
      <RootComponent type="61" schemaName="aia_/vue/assets/subPage1.css" behavior="0" />
      <RootComponent type="61" schemaName="aia_/vue/assets/subPage1.js" behavior="0" />
      <RootComponent type="61" schemaName="aia_/vue/assets/subPage2.css" behavior="0" />
      <RootComponent type="61" schemaName="aia_/vue/assets/subPage2.js" behavior="0" />
      <RootComponent type="61" schemaName="aia_/vue/assets/summary.css" behavior="0" />
      <RootComponent type="61" schemaName="aia_/vue/assets/summary.js" behavior="0" />
      <RootComponent type="61" schemaName="aia_/vue/assets/summary2.css" behavior="0" />
      <RootComponent type="61" schemaName="aia_/vue/assets/summary2.js" behavior="0" />
      <RootComponent type="61" schemaName="aia_/vue/assets/TeamMember.css" behavior="0" />
      <RootComponent type="61" schemaName="aia_/vue/assets/TeamMember.js" behavior="0" />
      <RootComponent type="61" schemaName="aia_/vue/assets/teamMemberBase.css" behavior="0" />
      <RootComponent type="61" schemaName="aia_/vue/assets/teamMemberBase.js" behavior="0" />
      <RootComponent type="61" schemaName="aia_/vue/assets/TeamMemberSelection.css" behavior="0" />
      <RootComponent type="61" schemaName="aia_/vue/assets/TeamMemberSelection.js" behavior="0" />
      <RootComponent type="61" schemaName="aia_/vue/assets/title.js" behavior="0" />
      <RootComponent type="61" schemaName="aia_/vue/assets/title.png" behavior="0" />
      <RootComponent type="61" schemaName="aia_/vue/assets/todoList.css" behavior="0" />
      <RootComponent type="61" schemaName="aia_/vue/assets/todoList.js" behavior="0" />
      <RootComponent type="61" schemaName="aia_/vue/assets/tooltip.js" behavior="0" />
      <RootComponent type="61" schemaName="aia_/vue/assets/tooltip.svg" behavior="0" />
      <RootComponent type="61" schemaName="aia_/vue/assets/uparrow.js" behavior="0" />
      <RootComponent type="61" schemaName="aia_/vue/assets/uparrow.svg" behavior="0" />
      <RootComponent type="61" schemaName="aia_/vue/assets/upload.css" behavior="0" />
      <RootComponent type="61" schemaName="aia_/vue/assets/upload.js" behavior="0" />
      <RootComponent type="61" schemaName="aia_/vue/assets/uploadSignContract.css" behavior="0" />
      <RootComponent type="61" schemaName="aia_/vue/assets/uploadSignContract.js" behavior="0" />
      <RootComponent type="61" schemaName="aia_/vue/assets/userlookup.js" behavior="0" />
      <RootComponent type="61" schemaName="aia_/vue/assets/userTicketDialog.css" behavior="0" />
      <RootComponent type="61" schemaName="aia_/vue/assets/userTicketDialog.js" behavior="0" />
      <RootComponent type="61" schemaName="aia_/vue/assets/viewteam.svg" behavior="0" />
      <RootComponent type="61" schemaName="aia_/vue/index.html" behavior="0" />
      <RootComponent type="91" id="{de66869a-6e75-4ee6-8b87-f21eccdb320a}" schemaName="Dynamics365.WorkflowActivitys, Version=1.0.0.0, Culture=neutral, PublicKeyToken=a9f9614f47504d96" behavior="0" />
      <RootComponent type="300" schemaName="aia_sodaroadashboardkalpana_cd37e" behavior="0" />
    </RootComponents>
    <MissingDependencies>
      <MissingDependency>
        <Required type="1" schemaName="aia_aialegalentity" displayName="AIA Legal Entity" solution="Active" />
        <Dependent type="300" schemaName="aia_sodaroadashboardkalpana_cd37e" displayName="SODA APP" />
      </MissingDependency>
      <MissingDependency>
        <Required type="1" schemaName="aia_app_trigger_flow" displayName="App Trigger Flow" solution="Active" />
        <Dependent type="300" schemaName="aia_sodaroadashboardkalpana_cd37e" displayName="SODA APP" />
      </MissingDependency>
      <MissingDependency>
        <Required type="1" schemaName="aia_approval_activity" displayName="ROA / Consultant Onboarding Form Approval" solution="Active" />
        <Dependent type="29" displayName="ActMail.2.1 Actionable email: Approval request" id="{749ec940-6361-ec11-8f8f-000d3a80eca3}" />
      </MissingDependency>
      <MissingDependency>
        <Required type="1" schemaName="aia_approval_activity" displayName="ROA / Consultant Onboarding Form Approval" solution="Active" />
        <Dependent type="300" schemaName="aia_sodaroadashboardkalpana_cd37e" displayName="SODA APP" />
      </MissingDependency>
      <MissingDependency>
        <Required type="1" schemaName="aia_approval_chain" displayName="Approval Chain" solution="Active" />
        <Dependent type="29" displayName="ActMail.2.1 Actionable email: Approval request" id="{749ec940-6361-ec11-8f8f-000d3a80eca3}" />
      </MissingDependency>
      <MissingDependency>
        <Required type="1" schemaName="aia_approval_chain" displayName="Approval Chain" solution="Active" />
        <Dependent type="300" schemaName="aia_sodaroadashboardkalpana_cd37e" displayName="SODA APP" />
      </MissingDependency>
      <MissingDependency>
        <Required type="1" schemaName="aia_approval_chain_approver" displayName="Approval Chain Approver" solution="Active" />
        <Dependent type="29" displayName="ActMail.2.1 Actionable email: Approval request" id="{749ec940-6361-ec11-8f8f-000d3a80eca3}" />
      </MissingDependency>
      <MissingDependency>
        <Required type="1" schemaName="aia_approval_chain_approver" displayName="Approval Chain Approver" solution="Active" />
        <Dependent type="300" schemaName="aia_sodaroadashboardkalpana_cd37e" displayName="SODA APP" />
      </MissingDependency>
      <MissingDependency>
        <Required type="1" schemaName="aia_approval_clarification_notice" displayName="ROA / Consultant Onboarding Form Clarification" solution="Active" />
        <Dependent type="300" schemaName="aia_sodaroadashboardkalpana_cd37e" displayName="SODA APP" />
      </MissingDependency>
      <MissingDependency>
        <Required type="1" schemaName="aia_approval_feedback_history" displayName="Approval Feedback History" solution="Active" />
        <Dependent type="300" schemaName="aia_sodaroadashboardkalpana_cd37e" displayName="SODA APP" />
      </MissingDependency>
      <MissingDependency>
        <Required type="1" schemaName="aia_budget_line" displayName="Budget Line" solution="Active" />
        <Dependent type="300" schemaName="aia_sodaroadashboardkalpana_cd37e" displayName="SODA APP" />
      </MissingDependency>
      <MissingDependency>
        <Required type="1" schemaName="aia_clarification_submitted_notice" displayName="ROA / COF Approval - with further clarification" solution="Active" />
        <Dependent type="300" schemaName="aia_sodaroadashboardkalpana_cd37e" displayName="SODA APP" />
      </MissingDependency>
      <MissingDependency>
        <Required type="1" schemaName="aia_configuration_table" displayName="Configuration Table" solution="Active" />
        <Dependent type="300" schemaName="aia_sodaroadashboardkalpana_cd37e" displayName="SODA APP" />
      </MissingDependency>
      <MissingDependency>
        <Required type="1" schemaName="aia_new" displayName="NEW" solution="Active" />
        <Dependent type="29" displayName="ActMail.2.1 Actionable email: Approval request" id="{749ec940-6361-ec11-8f8f-000d3a80eca3}" />
      </MissingDependency>
      <MissingDependency>
        <Required type="1" schemaName="aia_new" displayName="NEW" solution="Active" />
        <Dependent type="300" schemaName="aia_sodaroadashboardkalpana_cd37e" displayName="SODA APP" />
      </MissingDependency>
      <MissingDependency>
        <Required type="1" schemaName="aia_new_onboarding_pack_review_request" displayName="Onboarding Pack Review Request" solution="Active" />
        <Dependent type="300" schemaName="aia_sodaroadashboardkalpana_cd37e" displayName="SODA APP" />
      </MissingDependency>
      <MissingDependency>
        <Required type="1" schemaName="aia_newbatchextensionactivity" displayName="NEW Batch Extension Approval" solution="Active" />
        <Dependent type="29" displayName="AIA | S2C 9.1 Daily Scheduled Job New Extension" id="{44c31cf6-e30b-ed11-b83d-00224855f89a}" />
      </MissingDependency>
      <MissingDependency>
        <Required type="1" schemaName="aia_newbatchextensionactivity" displayName="NEW Batch Extension Approval" solution="Active" />
        <Dependent type="300" schemaName="aia_sodaroadashboardkalpana_cd37e" displayName="SODA APP" />
      </MissingDependency>
      <MissingDependency>
        <Required type="1" schemaName="aia_newextension" displayName="NEW Extension" solution="Active" />
        <Dependent type="29" displayName="AIA | S2C 9.1 Daily Scheduled Job New Extension" id="{44c31cf6-e30b-ed11-b83d-00224855f89a}" />
      </MissingDependency>
      <MissingDependency>
        <Required type="1" schemaName="aia_newextension" displayName="NEW Extension" solution="Active" />
        <Dependent type="300" schemaName="aia_sodaroadashboardkalpana_cd37e" displayName="SODA APP" />
      </MissingDependency>
      <MissingDependency>
        <Required type="1" schemaName="aia_offboarding_checklist" displayName="Offboarding Checklist" solution="Active" />
        <Dependent type="300" schemaName="aia_sodaroadashboardkalpana_cd37e" displayName="SODA APP" />
      </MissingDependency>
      <MissingDependency>
        <Required type="1" schemaName="aia_power_automate_flow_log" displayName="Power Automate Flow Log" solution="Active" />
        <Dependent type="29" displayName="ActMail.2.1 Actionable email: Approval request" id="{749ec940-6361-ec11-8f8f-000d3a80eca3}" />
      </MissingDependency>
      <MissingDependency>
        <Required type="1" schemaName="aia_review_onboarding_pack_submission" displayName="Review Onboarding Pack submission" solution="Active" />
        <Dependent type="300" schemaName="aia_sodaroadashboardkalpana_cd37e" displayName="SODA APP" />
      </MissingDependency>
      <MissingDependency>
        <Required type="1" schemaName="aia_roa" displayName="Request" solution="Active" />
        <Dependent type="29" displayName="ActMail.2.1 Actionable email: Approval request" id="{749ec940-6361-ec11-8f8f-000d3a80eca3}" />
      </MissingDependency>
      <MissingDependency>
        <Required type="1" schemaName="aia_roa" displayName="Request" solution="Active" />
        <Dependent type="300" schemaName="aia_sodaroadashboardkalpana_cd37e" displayName="SODA APP" />
      </MissingDependency>
      <MissingDependency>
        <Required type="1" schemaName="aia_roa_cost_centre" displayName="Cost Allocation" solution="Active" />
        <Dependent type="300" schemaName="aia_sodaroadashboardkalpana_cd37e" displayName="SODA APP" />
      </MissingDependency>
      <MissingDependency>
        <Required type="1" schemaName="aia_s2c_approval" displayName="S2C Approval" solution="Active" />
        <Dependent type="29" displayName="AIA | S2C ROA Approval Matrix - Update Souring Request Status is Pending Approval" id="{c174bf1a-79ae-ed11-83ff-002248593e63}" />
      </MissingDependency>
      <MissingDependency>
        <Required type="1" schemaName="aia_s2c_approval" displayName="S2C Approval" solution="Active" />
        <Dependent type="29" displayName="AIA | S2C ROA Approval Matrix - Update approval status of ROA approver after appproval" id="{db2c3629-8c69-ed11-81ac-002248593fc2}" />
      </MissingDependency>
      <MissingDependency>
        <Required type="1" schemaName="aia_s2c_approval_activity" displayName="Approve ROA" solution="Active" />
        <Dependent type="29" displayName="AIA | S2C ROA Approval Matrix - Update approval status of ROA approver after appproval" id="{db2c3629-8c69-ed11-81ac-002248593fc2}" />
      </MissingDependency>
      <MissingDependency>
        <Required type="1" schemaName="aia_s2c_approval_layer" displayName="S2C Approval Layer" solution="Active" />
        <Dependent type="29" displayName="AIA | S2C ROA Approval Matrix - Update Souring Request Status is Pending Approval" id="{c174bf1a-79ae-ed11-83ff-002248593e63}" />
      </MissingDependency>
      <MissingDependency>
        <Required type="1" schemaName="aia_s2c_approval_layer" displayName="S2C Approval Layer" solution="Active" />
        <Dependent type="29" displayName="AIA | S2C ROA Approval Matrix - Update approval status of ROA approver after appproval" id="{db2c3629-8c69-ed11-81ac-002248593fc2}" />
      </MissingDependency>
      <MissingDependency>
        <Required type="1" schemaName="aia_s2c_approval_member" displayName="S2C Approval Member" solution="Active" />
        <Dependent type="29" displayName="AIA | S2C Approved ROA PDF Generation" id="{2c5468d3-986c-ed11-81ac-002248593e63}" />
      </MissingDependency>
      <MissingDependency>
        <Required type="1" schemaName="aia_s2c_approval_member" displayName="S2C Approval Member" solution="Active" />
        <Dependent type="29" displayName="AIA | S2C Non-Compliance PDF Generation" id="{4b59486d-d097-ed11-aad1-002248593e63}" />
      </MissingDependency>
      <MissingDependency>
        <Required type="1" schemaName="aia_s2c_approval_member" displayName="S2C Approval Member" solution="Active" />
        <Dependent type="29" displayName="(Removed)AIA | S2C Generate approval ROA activity after approver submission" id="{b556a686-126b-ed11-81ac-002248593e63}" />
      </MissingDependency>
      <MissingDependency>
        <Required type="1" schemaName="aia_s2c_approval_member" displayName="S2C Approval Member" solution="Active" />
        <Dependent type="29" displayName="AIA | S2C ROA Approval Matrix - Update Souring Request Status is Pending Approval" id="{c174bf1a-79ae-ed11-83ff-002248593e63}" />
      </MissingDependency>
      <MissingDependency>
        <Required type="1" schemaName="aia_s2c_approval_member" displayName="S2C Approval Member" solution="Active" />
        <Dependent type="29" displayName="AIA | S2C ROA Approval Matrix - Update approval status of ROA approver after appproval" id="{db2c3629-8c69-ed11-81ac-002248593fc2}" />
      </MissingDependency>
      <MissingDependency>
        <Required type="1" schemaName="aia_s2c_comment" displayName="S2C Comment" solution="Active" />
        <Dependent type="29" displayName="AIA | S2C Approved ROA PDF Generation" id="{2c5468d3-986c-ed11-81ac-002248593e63}" />
      </MissingDependency>
      <MissingDependency>
        <Required type="1" schemaName="aia_s2c_comment" displayName="S2C Comment" solution="Active" />
        <Dependent type="29" displayName="AIA | S2C Non-Compliance PDF Generation" id="{4b59486d-d097-ed11-aad1-002248593e63}" />
      </MissingDependency>
      <MissingDependency>
        <Required type="1" schemaName="aia_s2c_confirm_roa_activity" displayName="Confirm ROA" solution="Active" />
        <Dependent type="29" displayName="AIA | S2C Generate Confirm ROA Submission Activity and send Actionable email 9.6" id="{fcde0148-a35a-ed11-9561-002248593e63}" />
      </MissingDependency>
      <MissingDependency>
        <Required type="1" schemaName="aia_s2c_endorse_activity" displayName="Endorse ROA" solution="Active" />
        <Dependent type="29" displayName="AIA | S2C ROA Approval Matrix - Update approval status of ROA approver after appproval" id="{db2c3629-8c69-ed11-81ac-002248593fc2}" />
      </MissingDependency>
      <MissingDependency>
        <Required type="1" schemaName="aia_s2c_review_n_edit_roa_activity" displayName="Review &amp; Edit ROA" solution="Active" />
        <Dependent type="29" displayName="AIA | S2C ROA Submit - Complete ROA activity" id="{b9c88fba-18c2-ed11-83fd-000d3a07e032}" />
      </MissingDependency>
      <MissingDependency>
        <Required type="1" schemaName="aia_s2c_sourcingrequest" displayName="Sourcing Request" solution="Active" />
        <Dependent type="29" displayName="AIA | S2C Approved ROA PDF Generation" id="{2c5468d3-986c-ed11-81ac-002248593e63}" />
      </MissingDependency>
      <MissingDependency>
        <Required type="1" schemaName="aia_s2c_sourcingrequest" displayName="Sourcing Request" solution="Active" />
        <Dependent type="29" displayName="AIA | S2C Non-Compliance PDF Generation" id="{4b59486d-d097-ed11-aad1-002248593e63}" />
      </MissingDependency>
      <MissingDependency>
        <Required type="1" schemaName="aia_s2c_sourcingrequest" displayName="Sourcing Request" solution="Active" />
        <Dependent type="29" displayName="AIA | S2C ROA Approval Matrix - Update Souring Request Status is Pending Approval" id="{c174bf1a-79ae-ed11-83ff-002248593e63}" />
      </MissingDependency>
      <MissingDependency>
        <Required type="1" schemaName="aia_s2c_sourcingrequest" displayName="Sourcing Request" solution="Active" />
        <Dependent type="29" displayName="AIA | S2C ROA Approval Matrix - Update approval status of ROA approver after appproval" id="{db2c3629-8c69-ed11-81ac-002248593fc2}" />
      </MissingDependency>
      <MissingDependency>
        <Required type="1" schemaName="aia_s2c_sourcingrequest" displayName="Sourcing Request" solution="Active" />
        <Dependent type="29" displayName="AIA | S2C Generate Confirm ROA Submission Activity and send Actionable email 9.6" id="{fcde0148-a35a-ed11-9561-002248593e63}" />
      </MissingDependency>
      <MissingDependency>
        <Required type="1" schemaName="aia_s2c_sourcingrequest" displayName="Sourcing Request" solution="Active" />
        <Dependent type="300" schemaName="aia_sodaroadashboardkalpana_cd37e" displayName="SODA APP" />
      </MissingDependency>
      <MissingDependency>
        <Required type="1" schemaName="aia_s2c_submit_roa_activity" displayName="Submit ROA" solution="Active" />
        <Dependent type="29" displayName="AIA | S2C ROA Submit - Complete ROA activity" id="{b9c88fba-18c2-ed11-83fd-000d3a07e032}" />
      </MissingDependency>
      <MissingDependency>
        <Required type="1" schemaName="aia_s2c_teammember" displayName="Team Member" solution="Active" />
        <Dependent type="29" displayName="AIA | S2C Approved ROA PDF Generation" id="{2c5468d3-986c-ed11-81ac-002248593e63}" />
      </MissingDependency>
      <MissingDependency>
        <Required type="1" schemaName="aia_s2c_teammember" displayName="Team Member" solution="Active" />
        <Dependent type="29" displayName="AIA | S2C Non-Compliance PDF Generation" id="{4b59486d-d097-ed11-aad1-002248593e63}" />
      </MissingDependency>
      <MissingDependency>
        <Required type="1" schemaName="aia_s2c_teammember" displayName="Team Member" solution="Active" />
        <Dependent type="300" schemaName="aia_sodaroadashboardkalpana_cd37e" displayName="SODA APP" />
      </MissingDependency>
      <MissingDependency>
        <Required type="1" schemaName="aia_s2cactivitylog" displayName="S2C Activity Log" solution="Active" />
        <Dependent type="29" displayName="AIA | S2C ROA Approval Matrix - Update approval status of ROA approver after appproval" id="{db2c3629-8c69-ed11-81ac-002248593fc2}" />
      </MissingDependency>
      <MissingDependency>
        <Required type="1" schemaName="aia_s2csupplier" displayName="S2C Supplier Sourcing Request Data Map" solution="Active" />
        <Dependent type="29" displayName="AIA | S2C Approved ROA PDF Generation" id="{2c5468d3-986c-ed11-81ac-002248593e63}" />
      </MissingDependency>
      <MissingDependency>
        <Required type="1" schemaName="aia_s2csupplier" displayName="S2C Supplier Sourcing Request Data Map" solution="Active" />
        <Dependent type="29" displayName="AIA | S2C Non-Compliance PDF Generation" id="{4b59486d-d097-ed11-aad1-002248593e63}" />
      </MissingDependency>
      <MissingDependency>
        <Required type="1" schemaName="aia_s2csupplier" displayName="S2C Supplier Sourcing Request Data Map" solution="Active" />
        <Dependent type="300" schemaName="aia_sodaroadashboardkalpana_cd37e" displayName="SODA APP" />
      </MissingDependency>
      <MissingDependency>
        <Required type="1" schemaName="aia_sap_cost_center" displayName="SAP Cost Center" solution="Active" />
        <Dependent type="300" schemaName="aia_sodaroadashboardkalpana_cd37e" displayName="SODA APP" />
      </MissingDependency>
      <MissingDependency>
        <Required type="1" schemaName="aia_sap_wbs" displayName="SAP WBS" solution="Active" />
        <Dependent type="300" schemaName="aia_sodaroadashboardkalpana_cd37e" displayName="SODA APP" />
      </MissingDependency>
      <MissingDependency>
        <Required type="1" schemaName="aia_upload_signed_contract" displayName="Upload signed contract" solution="Active" />
        <Dependent type="300" schemaName="aia_sodaroadashboardkalpana_cd37e" displayName="SODA APP" />
      </MissingDependency>
      <MissingDependency>
        <Required type="1" schemaName="aia_uploaded_attachment" displayName="Upload Attachment" solution="Active" />
        <Dependent type="300" schemaName="aia_sodaroadashboardkalpana_cd37e" displayName="SODA APP" />
      </MissingDependency>
      <MissingDependency>
        <Required type="2" schemaName="aia_approval_status" displayName="Approval Status" parentSchemaName="aia_s2c_approval_member" parentDisplayName="S2C Approval Member" solution="Active" />
        <Dependent type="29" displayName="(Removed)AIA | S2C Generate approval ROA activity after approver submission" id="{b556a686-126b-ed11-81ac-002248593e63}" />
      </MissingDependency>
      <MissingDependency>
        <Required type="2" schemaName="aia_approval_status" displayName="Approval Status" parentSchemaName="aia_s2c_approval_member" parentDisplayName="S2C Approval Member" solution="Active" />
        <Dependent type="29" displayName="AIA | S2C ROA Approval Matrix - Update approval status of ROA approver after appproval" id="{db2c3629-8c69-ed11-81ac-002248593fc2}" />
      </MissingDependency>
      <MissingDependency>
        <Required type="2" schemaName="aia_requeststatus" displayName="Request Status" parentSchemaName="aia_s2c_sourcingrequest" parentDisplayName="Sourcing Request" solution="Active" />
        <Dependent type="29" displayName="AIA | S2C Generate Confirm ROA Submission Activity and send Actionable email 9.6" id="{fcde0148-a35a-ed11-9561-002248593e63}" />
      </MissingDependency>
      <MissingDependency>
        <Required type="29" displayName="Public. Grant access to a folder for approver" solution="Active" id="{0af42a48-00a1-ec11-b400-000d3a0898d6}" />
        <Dependent type="29" displayName="ActMail.2.1 Actionable email: Approval request" id="{749ec940-6361-ec11-8f8f-000d3a80eca3}" />
      </MissingDependency>
      <MissingDependency>
        <Required type="29" displayName="AIA | S2C Public. Get Given Name" solution="Active" id="{161d9f88-f8f1-ec11-bb3d-6045bd1bf92d}" />
        <Dependent type="29" displayName="AIA | S2C Generate Confirm ROA Submission Activity and send Actionable email 9.6" id="{fcde0148-a35a-ed11-9561-002248593e63}" />
      </MissingDependency>
      <MissingDependency>
        <Required type="29" displayName="AIA | 10.1/10.10 Send ROA Approval Actionable Email /or to-do" solution="Active" id="{9557cd6f-d66a-ed11-81ac-002248593fc2}" />
        <Dependent type="29" displayName="AIA | S2C ROA Approval Matrix - Update approval status of ROA approver after appproval" id="{db2c3629-8c69-ed11-81ac-002248593fc2}" />
      </MissingDependency>
      <MissingDependency>
        <Required type="29" displayName="Public. Find Configuration by name" solution="Active" id="{cb8c7cef-6161-ec11-8f8f-000d3a80eca3}" />
        <Dependent type="29" displayName="AIA | S2C Approved ROA PDF Generation" id="{2c5468d3-986c-ed11-81ac-002248593e63}" />
      </MissingDependency>
      <MissingDependency>
        <Required type="29" displayName="Public. Find Configuration by name" solution="Active" id="{cb8c7cef-6161-ec11-8f8f-000d3a80eca3}" />
        <Dependent type="29" displayName="AIA | S2C 9.1 Daily Scheduled Job New Extension" id="{44c31cf6-e30b-ed11-b83d-00224855f89a}" />
      </MissingDependency>
      <MissingDependency>
        <Required type="29" displayName="Public. Find Configuration by name" solution="Active" id="{cb8c7cef-6161-ec11-8f8f-000d3a80eca3}" />
        <Dependent type="29" displayName="AIA | S2C Non-Compliance PDF Generation" id="{4b59486d-d097-ed11-aad1-002248593e63}" />
      </MissingDependency>
      <MissingDependency>
        <Required type="29" displayName="Public. Find Configuration by name" solution="Active" id="{cb8c7cef-6161-ec11-8f8f-000d3a80eca3}" />
        <Dependent type="29" displayName="ActMail.2.1 Actionable email: Approval request" id="{749ec940-6361-ec11-8f8f-000d3a80eca3}" />
      </MissingDependency>
      <MissingDependency>
        <Required type="29" displayName="Public. Find Configuration by name" solution="Active" id="{cb8c7cef-6161-ec11-8f8f-000d3a80eca3}" />
        <Dependent type="29" displayName="AIA | S2C Generate Confirm ROA Submission Activity and send Actionable email 9.6" id="{fcde0148-a35a-ed11-9561-002248593e63}" />
      </MissingDependency>
      <MissingDependency>
        <Required type="29" displayName="AIA | S2C Create Folder When Upload PDF" solution="Active" id="{db222887-e5b1-ed11-83ff-0022485672d2}" />
        <Dependent type="29" displayName="AIA | S2C Approved ROA PDF Generation" id="{2c5468d3-986c-ed11-81ac-002248593e63}" />
      </MissingDependency>
      <MissingDependency>
        <Required type="29" displayName="AIA | S2C Create Folder When Upload PDF" solution="Active" id="{db222887-e5b1-ed11-83ff-0022485672d2}" />
        <Dependent type="29" displayName="AIA | S2C Non-Compliance PDF Generation" id="{4b59486d-d097-ed11-aad1-002248593e63}" />
      </MissingDependency>
      <MissingDependency>
        <Required type="29" displayName="AIA | S2C Generate approval ROA and Endorse ROA activity" solution="Active" id="{dde0b067-7dae-ed11-83ff-002248593e63}" />
        <Dependent type="29" displayName="(Removed)AIA | S2C Generate approval ROA activity after approver submission" id="{b556a686-126b-ed11-81ac-002248593e63}" />
      </MissingDependency>
      <MissingDependency>
        <Required type="29" displayName="AIA | S2C Generate approval ROA and Endorse ROA activity" solution="Active" id="{dde0b067-7dae-ed11-83ff-002248593e63}" />
        <Dependent type="29" displayName="AIA | S2C ROA Approval Matrix - Update Souring Request Status is Pending Approval" id="{c174bf1a-79ae-ed11-83ff-002248593e63}" />
      </MissingDependency>
      <MissingDependency>
        <Required type="29" displayName="AIA | S2C Generate approval ROA and Endorse ROA activity" solution="Active" id="{dde0b067-7dae-ed11-83ff-002248593e63}" />
        <Dependent type="29" displayName="AIA | S2C ROA Approval Matrix - Update approval status of ROA approver after appproval" id="{db2c3629-8c69-ed11-81ac-002248593fc2}" />
      </MissingDependency>
      <MissingDependency>
        <Required type="29" displayName="Public. Get Office 365 Users Given Name" solution="Active" id="{fc7467b5-a290-ec11-b401-000d3aa14cd5}" />
        <Dependent type="29" displayName="ActMail.2.1 Actionable email: Approval request" id="{749ec940-6361-ec11-8f8f-000d3a80eca3}" />
      </MissingDependency>
      <MissingDependency>
        <Required type="connectionreference" displayName="aia_sharedcommondataserviceforapps_1c6db" solution="Active" id.connectionreferencelogicalname="aia_sharedcommondataserviceforapps_1c6db" />
        <Dependent type="29" displayName="AIA | S2C Approved ROA PDF Generation" id="{2c5468d3-986c-ed11-81ac-002248593e63}" />
      </MissingDependency>
      <MissingDependency>
        <Required type="connectionreference" displayName="aia_sharedcommondataserviceforapps_1c6db" solution="Active" id.connectionreferencelogicalname="aia_sharedcommondataserviceforapps_1c6db" />
        <Dependent type="29" displayName="AIA | S2C 9.1 Daily Scheduled Job New Extension" id="{44c31cf6-e30b-ed11-b83d-00224855f89a}" />
      </MissingDependency>
      <MissingDependency>
        <Required type="connectionreference" displayName="aia_sharedcommondataserviceforapps_1c6db" solution="Active" id.connectionreferencelogicalname="aia_sharedcommondataserviceforapps_1c6db" />
        <Dependent type="29" displayName="AIA | S2C Non-Compliance PDF Generation" id="{4b59486d-d097-ed11-aad1-002248593e63}" />
      </MissingDependency>
      <MissingDependency>
        <Required type="connectionreference" displayName="aia_sharedcommondataserviceforapps_1c6db" solution="Active" id.connectionreferencelogicalname="aia_sharedcommondataserviceforapps_1c6db" />
        <Dependent type="29" displayName="AIA | S2C ROA Approval Matrix - Update Souring Request Status is Pending Approval" id="{c174bf1a-79ae-ed11-83ff-002248593e63}" />
      </MissingDependency>
      <MissingDependency>
        <Required type="connectionreference" displayName="aia_sharedcommondataserviceforapps_1c6db" solution="Active" id.connectionreferencelogicalname="aia_sharedcommondataserviceforapps_1c6db" />
        <Dependent type="29" displayName="AIA | S2C ROA Approval Matrix - Update approval status of ROA approver after appproval" id="{db2c3629-8c69-ed11-81ac-002248593fc2}" />
      </MissingDependency>
      <MissingDependency>
        <Required type="connectionreference" displayName="aia_sharedcommondataserviceforapps_1c6db" solution="Active" id.connectionreferencelogicalname="aia_sharedcommondataserviceforapps_1c6db" />
        <Dependent type="29" displayName="AIA | S2C Generate Confirm ROA Submission Activity and send Actionable email 9.6" id="{fcde0148-a35a-ed11-9561-002248593e63}" />
      </MissingDependency>
      <MissingDependency>
        <Required type="connectionreference" displayName="aia_sharedcommondataserviceforapps_dba9d" solution="Active" id.connectionreferencelogicalname="aia_sharedcommondataserviceforapps_dba9d" />
        <Dependent type="29" displayName="(Removed)AIA | S2C Generate approval ROA activity after approver submission" id="{b556a686-126b-ed11-81ac-002248593e63}" />
      </MissingDependency>
      <MissingDependency>
        <Required type="connectionreference" displayName="aia_sharedcommondataserviceforapps_dba9d" solution="Active" id.connectionreferencelogicalname="aia_sharedcommondataserviceforapps_dba9d" />
        <Dependent type="29" displayName="AIA | S2C ROA Approval Matrix - Update approval status of ROA approver after appproval" id="{db2c3629-8c69-ed11-81ac-002248593fc2}" />
      </MissingDependency>
      <MissingDependency>
        <Required type="connectionreference" displayName="aia_sharedcommondataserviceforapps_dba9d" solution="Active" id.connectionreferencelogicalname="aia_sharedcommondataserviceforapps_dba9d" />
        <Dependent type="29" displayName="AIA | S2C Generate Confirm ROA Submission Activity and send Actionable email 9.6" id="{fcde0148-a35a-ed11-9561-002248593e63}" />
      </MissingDependency>
      <MissingDependency>
        <Required type="connectionreference" displayName="aia_sharedcommondataserviceforapps_f04d4" solution="Active" id.connectionreferencelogicalname="aia_sharedcommondataserviceforapps_f04d4" />
        <Dependent type="29" displayName="ActMail.2.1 Actionable email: Approval request" id="{749ec940-6361-ec11-8f8f-000d3a80eca3}" />
      </MissingDependency>
      <MissingDependency>
        <Required type="connectionreference" displayName="aia_sharedcommondataserviceforapps_f1f89" solution="Active" id.connectionreferencelogicalname="aia_sharedcommondataserviceforapps_f1f89" />
        <Dependent type="29" displayName="AIA | S2C Approved ROA PDF Generation" id="{2c5468d3-986c-ed11-81ac-002248593e63}" />
      </MissingDependency>
      <MissingDependency>
        <Required type="connectionreference" displayName="aia_sharedcommondataserviceforapps_f1f89" solution="Active" id.connectionreferencelogicalname="aia_sharedcommondataserviceforapps_f1f89" />
        <Dependent type="29" displayName="AIA | S2C Non-Compliance PDF Generation" id="{4b59486d-d097-ed11-aad1-002248593e63}" />
      </MissingDependency>
      <MissingDependency>
        <Required type="connectionreference" displayName="aia_sharedcommondataserviceforapps_f1fd0" solution="Active" id.connectionreferencelogicalname="aia_sharedcommondataserviceforapps_f1fd0" />
        <Dependent type="29" displayName="AIA | S2C ROA Submit - Complete ROA activity" id="{b9c88fba-18c2-ed11-83fd-000d3a07e032}" />
      </MissingDependency>
      <MissingDependency>
        <Required type="connectionreference" displayName="aia_sharedencodiandocumentmanager_1542e" solution="Active" id.connectionreferencelogicalname="aia_sharedencodiandocumentmanager_1542e" />
        <Dependent type="29" displayName="AIA | S2C Approved ROA PDF Generation" id="{2c5468d3-986c-ed11-81ac-002248593e63}" />
      </MissingDependency>
      <MissingDependency>
        <Required type="connectionreference" displayName="aia_sharedencodiandocumentmanager_1542e" solution="Active" id.connectionreferencelogicalname="aia_sharedencodiandocumentmanager_1542e" />
        <Dependent type="29" displayName="AIA | S2C Non-Compliance PDF Generation" id="{4b59486d-d097-ed11-aad1-002248593e63}" />
      </MissingDependency>
      <MissingDependency>
        <Required type="connectionreference" displayName="aia_sharedencodiandocumentmanager_b5783" solution="Active" id.connectionreferencelogicalname="aia_sharedencodiandocumentmanager_b5783" />
        <Dependent type="29" displayName="AIA | S2C Approved ROA PDF Generation" id="{2c5468d3-986c-ed11-81ac-002248593e63}" />
      </MissingDependency>
      <MissingDependency>
        <Required type="connectionreference" displayName="aia_sharedencodiandocumentmanager_b5783" solution="Active" id.connectionreferencelogicalname="aia_sharedencodiandocumentmanager_b5783" />
        <Dependent type="29" displayName="AIA | S2C Non-Compliance PDF Generation" id="{4b59486d-d097-ed11-aad1-002248593e63}" />
      </MissingDependency>
      <MissingDependency>
        <Required type="connectionreference" displayName="aia_sharedoffice365_705f6" solution="Active" id.connectionreferencelogicalname="aia_sharedoffice365_705f6" />
        <Dependent type="29" displayName="AIA | S2C Generate Confirm ROA Submission Activity and send Actionable email 9.6" id="{fcde0148-a35a-ed11-9561-002248593e63}" />
      </MissingDependency>
      <MissingDependency>
        <Required type="connectionreference" displayName="aia_sharedoffice365_b2416" solution="Active" id.connectionreferencelogicalname="aia_sharedoffice365_b2416" />
        <Dependent type="29" displayName="ActMail.2.1 Actionable email: Approval request" id="{749ec940-6361-ec11-8f8f-000d3a80eca3}" />
      </MissingDependency>
      <MissingDependency>
        <Required type="connectionreference" displayName="aia_sharedsharepointonline_5dfb7" solution="Active" id.connectionreferencelogicalname="aia_sharedsharepointonline_5dfb7" />
        <Dependent type="29" displayName="AIA | S2C Approved ROA PDF Generation" id="{2c5468d3-986c-ed11-81ac-002248593e63}" />
      </MissingDependency>
      <MissingDependency>
        <Required type="connectionreference" displayName="aia_sharedsharepointonline_5dfb7" solution="Active" id.connectionreferencelogicalname="aia_sharedsharepointonline_5dfb7" />
        <Dependent type="29" displayName="AIA | S2C Non-Compliance PDF Generation" id="{4b59486d-d097-ed11-aad1-002248593e63}" />
      </MissingDependency>
    </MissingDependencies>
  </SolutionManifest>
</ImportExportXml>