{
  "properties": {
    "connectionReferences": {
      "shared_commondataserviceforapps": {
        "runtimeSource": "embedded",
        "connection": {},
        "api": {
          "name": "shared_commondataserviceforapps"
        }
      }
    },
    "definition": {
      "$schema": "https://schema.management.azure.com/providers/Microsoft.Logic/schemas/2016-06-01/workflowdefinition.json#",
      "contentVersion": "1.0.0.0",
      "parameters": {
        "$connections": {
          "defaultValue": {},
          "type": "Object"
        },
        "$authentication": {
          "defaultValue": {},
          "type": "SecureObject"
        }
      },
      "triggers": {
        "manual": {
          "metadata": {
            "operationMetadataId": "e48cfc04-cf41-4c52-8195-dea3d4320008"
          },
          "type": "Request",
          "kind": "Http",
          "inputs": {
            "schema": {
              "type": "object",
              "properties": {
                "eMailType": {
                  "type": "string"
                },
                "completeOffboardingChecklistActivityID": {
                  "type": "string"
                },
                "actionType": {
                  "type": "string"
                },
                "feedBack": {
                  "type": "string"
                },
                "approvalChainId": {
                  "type": "string"
                },
                "approvalChainApproverId": {
                  "type": "string"
                },
                "newBatchExtensionApprovalId": {
                  "type": "string"
                },
                "ROAGuid": {
                  "type": "string"
                },
                "QuestionGuid": {
                  "type": "string"
                }
              }
            }
          }
        }
      },
      "actions": {
        "Switch_eMailType": {
          "runAfter": {
            "Check_if_action_type_is_not_null": [
              "Succeeded"
            ]
          },
          "cases": {
            "Case_Approval_Request": {
              "case": "APPROVAL_REQUEST",
              "actions": {
                "Check_has_Rejected_Or_Withdrawn_data": {
                  "actions": {
                    "Run_ActMail._Response(Approval_request)": {
                      "runAfter": {},
                      "type": "Workflow",
                      "inputs": {
                        "host": {
                          "workflowReferenceName": "f2388b14-266e-ec11-8943-00224859d681"
                        },
                        "body": {
                          "text": "@triggerOutputs()['headers']?['Action-Authorization']",
                          "text_1": "@triggerBody()?['actionType']",
                          "text_2": "@triggerBody()?['approvalChainApproverId']",
                          "text_4": "@if(empty(first(body('Find_Approval_Chain_Approver')?['value'])?['_aia_approver_value']),body('Find_Approver_ID')?['userid'],first(body('Find_Approval_Chain_Approver')?['value'])?['_aia_approver_value'])",
                          "text_3": "@triggerBody()?['feedBack']"
                        }
                      }
                    },
                    "条件_httpResponseMessage_是否为空": {
                      "actions": {
                        "Response_FeedBack_is_Null_Error": {
                          "runAfter": {},
                          "metadata": {
                            "operationMetadataId": "d8b640b6-40bd-4edc-9f88-4412ada9391e"
                          },
                          "type": "Response",
                          "kind": "Http",
                          "inputs": {
                            "statusCode": 500,
                            "headers": {
                              "CARD-UPDATE-IN-BODY": "@variables('httpResponseMessage')",
                              "Content-Type": "application/json"
                            },
                            "body": {
                              "message": "@{variables('httpResponseMessage')}"
                            }
                          }
                        }
                      },
                      "runAfter": {
                        "Set_variable_HttpResponseMessage": [
                          "Succeeded"
                        ]
                      },
                      "else": {
                        "actions": {
                          "create_FeedBack_History": {
                            "runAfter": {},
                            "metadata": {
                              "operationMetadataId": "9a51a45a-c7fa-4df6-9b9b-8a144c1024c9"
                            },
                            "type": "Workflow",
                            "inputs": {
                              "host": {
                                "workflowReferenceName": "78737823-7861-ec11-8f8f-000d3a80eca3"
                              },
                              "body": {
                                "text": "@triggerBody()?['approvalChainId']",
                                "text_1": "@triggerBody()?['feedBack']",
                                "text_2": "ActMail.2.1 Actionable email: Approval request",
                                "text_3": "@triggerBody()?['approvalChainApproverId']"
                              }
                            }
                          },
                          "Response_Success": {
                            "runAfter": {
                              "create_FeedBack_History": [
                                "Succeeded"
                              ]
                            },
                            "metadata": {
                              "operationMetadataId": "d8b640b6-40bd-4edc-9f88-4412ada9391e"
                            },
                            "type": "Response",
                            "kind": "Http",
                            "inputs": {
                              "statusCode": 200,
                              "headers": {
                                "CARD-UPDATE-IN-BODY": "true"
                              },
                              "body": {
                                "type": "AdaptiveCard",
                                "body": [
                                  {
                                    "type": "ColumnSet",
                                    "style": "emphasis",
                                    "columns": [
                                      {
                                        "type": "Column",
                                        "items": [
                                          {
                                            "type": "TextBlock",
                                            "text": "@{variables('RefreshEmailTitle')}",
                                            "wrap": true
                                          }
                                        ],
                                        "width": "stretch",
                                        "padding": "None"
                                      }
                                    ],
                                    "padding": "Default",
                                    "spacing": "None"
                                  },
                                  {
                                    "type": "Container",
                                    "items": [
                                      {
                                        "type": "TextBlock",
                                        "size": "Large",
                                        "weight": "Bolder",
                                        "text": "@{variables('RefreshEmailMessage')}",
                                        "wrap": true
                                      }
                                    ],
                                    "padding": "Default",
                                    "spacing": "None",
                                    "separator": true
                                  }
                                ],
                                "$schema": "http://adaptivecards.io/schemas/adaptive-card.json",
                                "version": "1.0",
                                "padding": "None",
                                "originator": "4761230a-21e1-43cc-9ff2-aab9f7bdbba3"
                              }
                            }
                          }
                        }
                      },
                      "expression": {
                        "and": [
                          {
                            "equals": [
                              "@empty(triggerBody()?['feedBack'])",
                              true
                            ]
                          },
                          {
                            "equals": [
                              "@equals(triggerBody()?['actionType'],'further')",
                              true
                            ]
                          }
                        ]
                      },
                      "metadata": {
                        "operationMetadataId": "9489299a-48b0-4847-a8f8-e7fe73a344a1"
                      },
                      "type": "If"
                    },
                    "Set_variable_HttpResponseMessage": {
                      "runAfter": {
                        "Run_ActMail._Response(Approval_request)": [
                          "Succeeded"
                        ]
                      },
                      "type": "SetVariable",
                      "inputs": {
                        "name": "httpResponseMessage",
                        "value": "Please leave your feedback to the Hiring Manager."
                      }
                    }
                  },
                  "runAfter": {
                    "Check_Approver_ID_not_correct": [
                      "Succeeded"
                    ]
                  },
                  "else": {
                    "actions": {
                      "Response_Success_4": {
                        "runAfter": {},
                        "metadata": {
                          "operationMetadataId": "d8b640b6-40bd-4edc-9f88-4412ada9391e"
                        },
                        "type": "Response",
                        "kind": "Http",
                        "inputs": {
                          "statusCode": 200,
                          "headers": {
                            "CARD-UPDATE-IN-BODY": "true"
                          },
                          "body": {
                            "type": "AdaptiveCard",
                            "body": [
                              {
                                "type": "ColumnSet",
                                "style": "emphasis",
                                "columns": [
                                  {
                                    "type": "Column",
                                    "items": [
                                      {
                                        "type": "TextBlock",
                                        "text": "@{variables('RefreshEmailTitle')}",
                                        "wrap": true
                                      }
                                    ],
                                    "width": "stretch",
                                    "padding": "None"
                                  }
                                ],
                                "padding": "Default",
                                "spacing": "None"
                              },
                              {
                                "type": "Container",
                                "items": [
                                  {
                                    "type": "TextBlock",
                                    "size": "Large",
                                    "weight": "Bolder",
                                    "text": "@{variables('RefreshEmailMessage')}",
                                    "wrap": true
                                  }
                                ],
                                "padding": "Default",
                                "spacing": "None",
                                "separator": true
                              }
                            ],
                            "$schema": "http://adaptivecards.io/schemas/adaptive-card.json",
                            "version": "1.0",
                            "padding": "None",
                            "originator": "4761230a-21e1-43cc-9ff2-aab9f7bdbba3"
                          }
                        }
                      }
                    }
                  },
                  "expression": {
                    "equals": [
                      "@variables('ReadyForAction')",
                      true
                    ]
                  },
                  "type": "If"
                },
                "Find_Approval_Chain_Approver": {
                  "runAfter": {},
                  "type": "OpenApiConnection",
                  "inputs": {
                    "host": {
                      "connectionName": "shared_commondataserviceforapps",
                      "operationId": "ListRecords",
                      "apiId": "/providers/Microsoft.PowerApps/apis/shared_commondataserviceforapps"
                    },
                    "parameters": {
                      "entityName": "aia_approval_chain_approvers",
                      "fetchXml": " <fetch top=\"1\" >\n  <entity name=\"aia_approval_chain_approver\" >\n    <attribute name=\"aia_approval_chain_approverid\" />\n    <attribute name=\"aia_approval_status\" />\n    <attribute name=\"aia_approver\" />\n    <filter type=\"and\" >\n      <condition attribute=\"aia_approval_chain_approverid\" operator=\"eq\" value=\"@{triggerBody()?['approvalChainApproverId']}\" />\n    </filter>\n    <link-entity name=\"aia_approval_chain\" from=\"aia_approval_chainid\" to=\"aia_approval_chain\" link-type=\"inner\" alias=\"approvalchain\" >\n      <attribute name=\"aia_current_approver\" />\n      <attribute name=\"aia_approval_chainid\" />\n      <attribute name=\"aia_approval_chain_status\" />\n      <link-entity name=\"aia_roa\" from=\"aia_roaid\" to=\"aia_roa\" link-type=\"inner\" alias=\"roa\" >\n        <attribute name=\"aia_roa_status\" />\n      </link-entity>\n    </link-entity>\n  </entity>\n</fetch>\n"
                    },
                    "authentication": "@parameters('$authentication')"
                  }
                },
                "Find_Approver_ID": {
                  "runAfter": {
                    "Find_Approval_Chain_Approver": [
                      "Succeeded"
                    ]
                  },
                  "type": "Workflow",
                  "inputs": {
                    "host": {
                      "workflowReferenceName": "5c986a66-6165-ec11-8f8f-000d3a80eca3"
                    },
                    "body": {
                      "text": "@triggerOutputs()['headers']?['Action-Authorization']"
                    }
                  }
                },
                "Check_Approver_ID_not_correct": {
                  "actions": {},
                  "runAfter": {
                    "Check_Cancel": [
                      "Succeeded"
                    ]
                  },
                  "else": {
                    "actions": {
                      "Add_Email_address_not_found_Log": {
                        "runAfter": {},
                        "type": "OpenApiConnection",
                        "inputs": {
                          "host": {
                            "connectionName": "shared_commondataserviceforapps",
                            "operationId": "CreateRecord",
                            "apiId": "/providers/Microsoft.PowerApps/apis/shared_commondataserviceforapps"
                          },
                          "parameters": {
                            "entityName": "aia_power_automate_flow_logs",
                            "item/aia_name": "ActMail. Response",
                            "item/aia_message": "Email address not found"
                          },
                          "authentication": "@parameters('$authentication')"
                        }
                      }
                    }
                  },
                  "expression": {
                    "and": [
                      {
                        "not": {
                          "equals": [
                            "@body('Find_Approver_ID')?['userid']",
                            "@first(body('Find_Approval_Chain_Approver')?['value'])?['approvalchain.aia_current_approver']"
                          ]
                        }
                      },
                      {
                        "equals": [
                          "@variables('ReadyForAction')",
                          true
                        ]
                      }
                    ]
                  },
                  "type": "If"
                },
                "Check_Rejected": {
                  "actions": {
                    "Refresh_Email_Title_Rejected_2": {
                      "runAfter": {},
                      "type": "SetVariable",
                      "inputs": {
                        "name": "RefreshEmailTitle",
                        "value": "Request Rejected"
                      }
                    },
                    "Refresh_Email_Message_Rejected_2": {
                      "runAfter": {
                        "Refresh_Email_Title_Rejected_2": [
                          "Succeeded"
                        ]
                      },
                      "type": "SetVariable",
                      "inputs": {
                        "name": "RefreshEmailMessage",
                        "value": "This Request has already been approved/rejected by Approver(s)."
                      }
                    },
                    "Set_variable_ReadyForAction_=_false": {
                      "runAfter": {
                        "Refresh_Email_Message_Rejected_2": [
                          "Succeeded"
                        ]
                      },
                      "type": "SetVariable",
                      "inputs": {
                        "name": "ReadyForAction",
                        "value": false
                      }
                    }
                  },
                  "runAfter": {
                    "Check_Approved": [
                      "Succeeded"
                    ]
                  },
                  "expression": {
                    "and": [
                      {
                        "equals": [
                          "@variables('ReadyForAction')",
                          true
                        ]
                      },
                      {
                        "or": [
                          {
                            "equals": [
                              "@first(body('Find_Approval_Chain_Approver')?['value'])?['roa.aia_roa_status']",
                              4
                            ]
                          },
                          {
                            "equals": [
                              "@first(body('Find_Approval_Chain_Approver')?['value'])?['aia_approval_status']",
                              4
                            ]
                          }
                        ]
                      }
                    ]
                  },
                  "type": "If"
                },
                "Check_Withdrawn": {
                  "actions": {
                    "Refresh_Email_Title_Withdrawn_2": {
                      "runAfter": {},
                      "type": "SetVariable",
                      "inputs": {
                        "name": "RefreshEmailTitle",
                        "value": "Request Withdrawn"
                      }
                    },
                    "Refresh_Email_Message_Withdrawn_2": {
                      "runAfter": {
                        "Refresh_Email_Title_Withdrawn_2": [
                          "Succeeded"
                        ]
                      },
                      "type": "SetVariable",
                      "inputs": {
                        "name": "RefreshEmailMessage",
                        "value": "This Request has already been withdrawn by the Hiring Manager/Requestor."
                      }
                    },
                    "Set_variable_ReadyForAction_=_false_2": {
                      "runAfter": {
                        "Refresh_Email_Message_Withdrawn_2": [
                          "Succeeded"
                        ]
                      },
                      "type": "SetVariable",
                      "inputs": {
                        "name": "ReadyForAction",
                        "value": false
                      }
                    }
                  },
                  "runAfter": {
                    "Check_Rejected": [
                      "Succeeded"
                    ]
                  },
                  "expression": {
                    "and": [
                      {
                        "equals": [
                          "@variables('ReadyForAction')",
                          true
                        ]
                      },
                      {
                        "or": [
                          {
                            "equals": [
                              "@first(body('Find_Approval_Chain_Approver')?['value'])?['roa.aia_roa_status']",
                              7
                            ]
                          },
                          {
                            "equals": [
                              "@first(body('Find_Approval_Chain_Approver')?['value'])?['aia_approval_status']",
                              6
                            ]
                          }
                        ]
                      }
                    ]
                  },
                  "type": "If"
                },
                "Check_Cancel": {
                  "actions": {
                    "Refresh_Email_Title_Not_Ready_2": {
                      "runAfter": {},
                      "type": "SetVariable",
                      "inputs": {
                        "name": "RefreshEmailTitle",
                        "value": "Request Not Ready"
                      }
                    },
                    "Refresh_Email_Message_Not_Ready_2": {
                      "runAfter": {
                        "Refresh_Email_Title_Not_Ready_2": [
                          "Succeeded"
                        ]
                      },
                      "type": "SetVariable",
                      "inputs": {
                        "name": "RefreshEmailMessage",
                        "value": "This Request has already been operated by the Hiring Manager/Requestor."
                      }
                    },
                    "Set_variable_ReadyForAction_=_false_4": {
                      "runAfter": {
                        "Refresh_Email_Message_Not_Ready_2": [
                          "Succeeded"
                        ]
                      },
                      "type": "SetVariable",
                      "inputs": {
                        "name": "ReadyForAction",
                        "value": false
                      }
                    }
                  },
                  "runAfter": {
                    "Check_Withdrawn": [
                      "Succeeded"
                    ]
                  },
                  "expression": {
                    "and": [
                      {
                        "equals": [
                          "@variables('ReadyForAction')",
                          true
                        ]
                      },
                      {
                        "equals": [
                          "@first(body('Find_Approval_Chain_Approver')?['value'])?['aia_approval_status']",
                          5
                        ]
                      }
                    ]
                  },
                  "type": "If"
                },
                "Check_Approved": {
                  "actions": {
                    "Refresh_Email_Title_Approved": {
                      "runAfter": {},
                      "type": "SetVariable",
                      "inputs": {
                        "name": "RefreshEmailTitle",
                        "value": "Request Approved"
                      }
                    },
                    "Refresh_Email_Message_Approved": {
                      "runAfter": {
                        "Refresh_Email_Title_Approved": [
                          "Succeeded"
                        ]
                      },
                      "type": "SetVariable",
                      "inputs": {
                        "name": "RefreshEmailMessage",
                        "value": "This Request has already been approved/rejected by Approver(s)."
                      }
                    },
                    "Set_variable_ReadyForAction_=_false_5": {
                      "runAfter": {
                        "Refresh_Email_Message_Approved": [
                          "Succeeded"
                        ]
                      },
                      "type": "SetVariable",
                      "inputs": {
                        "name": "ReadyForAction",
                        "value": false
                      }
                    }
                  },
                  "runAfter": {
                    "Find_Approver_ID": [
                      "Succeeded"
                    ]
                  },
                  "expression": {
                    "equals": [
                      "@first(body('Find_Approval_Chain_Approver')?['value'])?['aia_approval_status']",
                      3
                    ]
                  },
                  "type": "If"
                }
              }
            },
            "Case_Offboarding_checklist_": {
              "case": "OFFBOARDING_CHECKLIST",
              "actions": {
                "Run_ActMail._Response(Offboarding_Checklist)": {
                  "runAfter": {},
                  "type": "Workflow",
                  "inputs": {
                    "host": {
                      "workflowReferenceName": "9993541e-0d6e-ec11-8943-00224859d681"
                    },
                    "body": {
                      "text": "@triggerOutputs()['headers']?['Action-Authorization']",
                      "text_1": "@triggerBody()?['completeOffboardingChecklistActivityID']"
                    }
                  }
                },
                "Response_Success_2": {
                  "runAfter": {
                    "Run_ActMail._Response(Offboarding_Checklist)": [
                      "Succeeded"
                    ]
                  },
                  "type": "Response",
                  "kind": "Http",
                  "inputs": {
                    "statusCode": 200,
                    "headers": {
                      "CARD-UPDATE-IN-BODY": "true"
                    },
                    "body": {
                      "type": "AdaptiveCard",
                      "body": [
                        {
                          "type": "ColumnSet",
                          "style": "emphasis",
                          "columns": [
                            {
                              "type": "Column",
                              "items": [
                                {
                                  "type": "TextBlock",
                                  "text": "@{variables('RefreshEmailTitle')}",
                                  "wrap": true
                                }
                              ],
                              "width": "stretch",
                              "padding": "None"
                            }
                          ],
                          "padding": "Default",
                          "spacing": "None"
                        },
                        {
                          "type": "Container",
                          "items": [
                            {
                              "type": "TextBlock",
                              "size": "Large",
                              "weight": "Bolder",
                              "text": "@{variables('RefreshEmailMessage')}",
                              "wrap": true
                            }
                          ],
                          "padding": "Default",
                          "spacing": "None",
                          "separator": true
                        }
                      ],
                      "$schema": "http://adaptivecards.io/schemas/adaptive-card.json",
                      "version": "1.0",
                      "padding": "None",
                      "originator": "4761230a-21e1-43cc-9ff2-aab9f7bdbba3"
                    }
                  }
                }
              }
            },
            "Case_Extension_Approval": {
              "case": "EXTENSION_APPROVAL",
              "actions": {
                "Run_ActMail._Response(Extension_Approval)": {
                  "runAfter": {},
                  "type": "Workflow",
                  "inputs": {
                    "host": {
                      "workflowReferenceName": "e6de50de-2d71-ec11-8943-000d3ac7467e"
                    },
                    "body": {
                      "text_1": "@triggerOutputs()['headers']?['Action-Authorization']",
                      "text_2": "@triggerBody()?['actionType']",
                      "text_3": "@triggerBody()?['approvalChainApproverId']",
                      "text": "@triggerBody()?['feedBack']"
                    }
                  }
                },
                "Condition": {
                  "actions": {
                    "Response_Error": {
                      "runAfter": {},
                      "metadata": {
                        "operationMetadataId": "d8b640b6-40bd-4edc-9f88-4412ada9391e"
                      },
                      "type": "Response",
                      "kind": "Http",
                      "inputs": {
                        "statusCode": 500,
                        "headers": {
                          "CARD-UPDATE-IN-BODY": "@outputs('Run_ActMail._Response(Extension_Approval)')?['$']?['Body']?['httpresponsemessage']",
                          "Content-Type": "application/json"
                        },
                        "body": {
                          "message": "@{outputs('Run_ActMail._Response(Extension_Approval)')?['$']?['Body']?['httpresponsemessage']}"
                        }
                      }
                    }
                  },
                  "runAfter": {
                    "Run_ActMail._Response(Extension_Approval)": [
                      "Succeeded"
                    ]
                  },
                  "else": {
                    "actions": {
                      "create_FeedBack_History_2": {
                        "runAfter": {},
                        "metadata": {
                          "operationMetadataId": "9a51a45a-c7fa-4df6-9b9b-8a144c1024c9"
                        },
                        "type": "Workflow",
                        "inputs": {
                          "host": {
                            "workflowReferenceName": "78737823-7861-ec11-8f8f-000d3a80eca3"
                          },
                          "body": {
                            "text": "@triggerBody()?['approvalChainId']",
                            "text_1": "@triggerBody()?['feedBack']",
                            "text_2": "ActMail.5.5 Actionable email: Extension Approval request",
                            "text_3": "@triggerBody()?['approvalChainApproverId']"
                          }
                        }
                      },
                      "Response_Success_3": {
                        "runAfter": {
                          "create_FeedBack_History_2": [
                            "Succeeded"
                          ]
                        },
                        "metadata": {
                          "operationMetadataId": "d8b640b6-40bd-4edc-9f88-4412ada9391e"
                        },
                        "type": "Response",
                        "kind": "Http",
                        "inputs": {
                          "statusCode": 200,
                          "headers": {
                            "CARD-UPDATE-IN-BODY": "true"
                          },
                          "body": {
                            "type": "AdaptiveCard",
                            "body": [
                              {
                                "type": "ColumnSet",
                                "style": "emphasis",
                                "columns": [
                                  {
                                    "type": "Column",
                                    "items": [
                                      {
                                        "type": "TextBlock",
                                        "text": "@{variables('RefreshEmailTitle')}",
                                        "wrap": true
                                      }
                                    ],
                                    "width": "stretch",
                                    "padding": "None"
                                  }
                                ],
                                "padding": "Default",
                                "spacing": "None"
                              },
                              {
                                "type": "Container",
                                "items": [
                                  {
                                    "type": "TextBlock",
                                    "size": "Large",
                                    "weight": "Bolder",
                                    "text": "@{variables('RefreshEmailMessage')}",
                                    "wrap": true
                                  }
                                ],
                                "padding": "Default",
                                "spacing": "None",
                                "separator": true
                              }
                            ],
                            "$schema": "http://adaptivecards.io/schemas/adaptive-card.json",
                            "version": "1.0",
                            "padding": "None",
                            "originator": "4761230a-21e1-43cc-9ff2-aab9f7bdbba3"
                          }
                        }
                      }
                    }
                  },
                  "expression": {
                    "not": {
                      "equals": [
                        "@empty(outputs('Run_ActMail._Response(Extension_Approval)')?['Body']?['httpresponsemessage'])",
                        true
                      ]
                    }
                  },
                  "type": "If"
                }
              }
            },
            "New_Extension_Approval": {
              "case": "NEW_EXTENSION_APPROVAL",
              "actions": {
                "AIA_|_ActMail.9.1_Actionable_email:_New_Extensin": {
                  "runAfter": {},
                  "type": "Workflow",
                  "inputs": {
                    "host": {
                      "workflowReferenceName": "36244447-5814-ed11-b83d-00224855f89a"
                    },
                    "body": {
                      "text": "@triggerBody()?['newBatchExtensionApprovalId']",
                      "text_2": "@triggerBody()?['actionType']",
                      "text_1": "@triggerBody()?['feedBack']"
                    }
                  }
                },
                "Condition_4": {
                  "actions": {
                    "Return_success_new_extension": {
                      "runAfter": {},
                      "type": "Response",
                      "kind": "Http",
                      "inputs": {
                        "statusCode": 200,
                        "headers": {
                          "CARD-UPDATE-IN-BODY": "true"
                        },
                        "body": {
                          "type": "AdaptiveCard",
                          "body": [
                            {
                              "type": "ColumnSet",
                              "style": "emphasis",
                              "columns": [
                                {
                                  "type": "Column",
                                  "items": [
                                    {
                                      "type": "TextBlock",
                                      "text": "@{body('AIA_|_ActMail.9.1_Actionable_email:_New_Extensin')?['resulttitle']}",
                                      "wrap": true
                                    }
                                  ],
                                  "width": "stretch",
                                  "padding": "None"
                                }
                              ],
                              "padding": "Default",
                              "spacing": "None"
                            },
                            {
                              "type": "Container",
                              "items": [
                                {
                                  "type": "TextBlock",
                                  "size": "Large",
                                  "weight": "Bolder",
                                  "text": "@{body('AIA_|_ActMail.9.1_Actionable_email:_New_Extensin')?['resultmessage']}",
                                  "wrap": true
                                }
                              ],
                              "padding": "Default",
                              "spacing": "None",
                              "separator": true
                            }
                          ],
                          "$schema": "http://adaptivecards.io/schemas/adaptive-card.json",
                          "version": "1.0",
                          "padding": "None",
                          "originator": "4761230a-21e1-43cc-9ff2-aab9f7bdbba3"
                        }
                      }
                    }
                  },
                  "runAfter": {
                    "AIA_|_ActMail.9.1_Actionable_email:_New_Extensin": [
                      "Succeeded"
                    ]
                  },
                  "else": {
                    "actions": {
                      "Return_fail_new_extension": {
                        "runAfter": {},
                        "type": "Response",
                        "kind": "Http",
                        "inputs": {
                          "statusCode": 500,
                          "headers": {
                            "CARD-UPDATE-IN-BODY": "Fail",
                            "Content-Type": "application/json"
                          },
                          "body": {
                            "message": "Fail"
                          }
                        }
                      }
                    }
                  },
                  "expression": {
                    "or": [
                      {
                        "equals": [
                          "@outputs('AIA_|_ActMail.9.1_Actionable_email:_New_Extensin')?['Body']?['result']",
                          true
                        ]
                      },
                      {
                        "equals": [
                          "@or(equals(outputs('AIA_|_ActMail.9.1_Actionable_email:_New_Extensin')?['Body']?['result'],'True'),equals(outputs('AIA_|_ActMail.9.1_Actionable_email:_New_Extensin')?['Body']?['result'],'true'))",
                          true
                        ]
                      }
                    ]
                  },
                  "type": "If"
                }
              }
            },
            "Complete_Confirm_ROA_Submission_Activity": {
              "case": "COMPLETE_CONFIRM_ROA",
              "actions": {
                "AIA_|_S2C_AC.Response_Complete_Confirm_ROA_Submission_Activity": {
                  "runAfter": {},
                  "type": "Workflow",
                  "inputs": {
                    "host": {
                      "workflowReferenceName": "5126b4e5-395b-ed11-9561-002248593e63"
                    },
                    "body": {
                      "text": "@triggerBody()?['ROAGuid']"
                    }
                  }
                },
                "Condition_2": {
                  "actions": {
                    "Return_success": {
                      "runAfter": {},
                      "type": "Response",
                      "kind": "Http",
                      "inputs": {
                        "statusCode": 200,
                        "headers": {
                          "CARD-UPDATE-IN-BODY": "true"
                        },
                        "body": {
                          "type": "AdaptiveCard",
                          "body": [
                            {
                              "type": "ColumnSet",
                              "style": "emphasis",
                              "columns": [
                                {
                                  "type": "Column",
                                  "items": [
                                    {
                                      "type": "TextBlock",
                                      "text": "@{body('AIA_|_S2C_AC.Response_Complete_Confirm_ROA_Submission_Activity')?['resulttitle']}",
                                      "wrap": true
                                    }
                                  ],
                                  "width": "stretch",
                                  "padding": "None"
                                }
                              ],
                              "padding": "Default",
                              "spacing": "None"
                            },
                            {
                              "type": "Container",
                              "items": [
                                {
                                  "type": "TextBlock",
                                  "size": "Large",
                                  "weight": "Bolder",
                                  "text": "@{body('AIA_|_S2C_AC.Response_Complete_Confirm_ROA_Submission_Activity')?['resultmessage']}",
                                  "wrap": true
                                }
                              ],
                              "padding": "Default",
                              "spacing": "None",
                              "separator": true
                            }
                          ],
                          "$schema": "http://adaptivecards.io/schemas/adaptive-card.json",
                          "version": "1.0",
                          "padding": "None",
                          "originator": "4761230a-21e1-43cc-9ff2-aab9f7bdbba3"
                        }
                      }
                    }
                  },
                  "runAfter": {
                    "AIA_|_S2C_AC.Response_Complete_Confirm_ROA_Submission_Activity": [
                      "Succeeded"
                    ]
                  },
                  "else": {
                    "actions": {
                      "Return_fail": {
                        "runAfter": {},
                        "type": "Response",
                        "kind": "Http",
                        "inputs": {
                          "statusCode": 500,
                          "headers": {
                            "CARD-UPDATE-IN-BODY": "fail",
                            "Content-Type": "application/json"
                          },
                          "body": {
                            "message": "fail"
                          }
                        }
                      }
                    }
                  },
                  "expression": {
                    "equals": [
                      "@outputs('AIA_|_S2C_AC.Response_Complete_Confirm_ROA_Submission_Activity')?['Body']?['result']",
                      "success"
                    ]
                  },
                  "type": "If"
                }
              }
            },
            "ROA_Endorsement": {
              "case": "ROA_Endorsement",
              "actions": {
                "Condition_3": {
                  "actions": {
                    "Return_success_2": {
                      "runAfter": {},
                      "type": "Response",
                      "kind": "Http",
                      "inputs": {
                        "statusCode": 200,
                        "headers": {
                          "CARD-UPDATE-IN-BODY": "true"
                        },
                        "body": {
                          "type": "AdaptiveCard",
                          "body": [
                            {
                              "type": "ColumnSet",
                              "style": "emphasis",
                              "columns": [
                                {
                                  "type": "Column",
                                  "items": [
                                    {
                                      "type": "TextBlock",
                                      "text": "@{body('AIA_|_10.4_ROA_Endorsement_ActMail_Response')?['result_title']}",
                                      "wrap": true
                                    }
                                  ],
                                  "width": "stretch",
                                  "padding": "None"
                                }
                              ],
                              "padding": "Default",
                              "spacing": "None"
                            },
                            {
                              "type": "Container",
                              "items": [
                                {
                                  "type": "TextBlock",
                                  "size": "Large",
                                  "weight": "Bolder",
                                  "text": "@{body('AIA_|_10.4_ROA_Endorsement_ActMail_Response')?['result_message']}",
                                  "wrap": true
                                }
                              ],
                              "padding": "Default",
                              "spacing": "None",
                              "separator": true
                            }
                          ],
                          "$schema": "http://adaptivecards.io/schemas/adaptive-card.json",
                          "version": "1.0",
                          "padding": "None",
                          "originator": "4761230a-21e1-43cc-9ff2-aab9f7bdbba3"
                        }
                      }
                    }
                  },
                  "runAfter": {
                    "AIA_|_10.4_ROA_Endorsement_ActMail_Response": [
                      "Succeeded"
                    ]
                  },
                  "else": {
                    "actions": {
                      "Return_fail_2": {
                        "runAfter": {},
                        "type": "Response",
                        "kind": "Http",
                        "inputs": {
                          "statusCode": 500,
                          "headers": {
                            "CARD-UPDATE-IN-BODY": "@{outputs('AIA_|_10.4_ROA_Endorsement_ActMail_Response')?['$']?['Body']?['result_title']}",
                            "Content-Type": "application/json"
                          },
                          "body": {
                            "message": "@{outputs('AIA_|_10.4_ROA_Endorsement_ActMail_Response')?['$']?['Body']?['result_message']}"
                          }
                        }
                      }
                    }
                  },
                  "expression": {
                    "or": [
                      {
                        "equals": [
                          "@or(equals(outputs('AIA_|_10.4_ROA_Endorsement_ActMail_Response')?['Body']?['result'],'True'),equals(outputs('AIA_|_10.4_ROA_Endorsement_ActMail_Response')?['Body']?['result'],'true'))",
                          true
                        ]
                      },
                      {
                        "equals": [
                          "@outputs('AIA_|_10.4_ROA_Endorsement_ActMail_Response')?['$']?['Body']?['result']",
                          true
                        ]
                      }
                    ]
                  },
                  "type": "If"
                },
                "Find_Endorser": {
                  "runAfter": {},
                  "type": "Workflow",
                  "inputs": {
                    "host": {
                      "workflowReferenceName": "5c986a66-6165-ec11-8f8f-000d3a80eca3"
                    },
                    "body": {
                      "text": "@triggerOutputs()['headers']?['Action-Authorization']"
                    }
                  }
                },
                "AIA_|_10.4_ROA_Endorsement_ActMail_Response": {
                  "runAfter": {
                    "Find_Endorser": [
                      "Succeeded"
                    ]
                  },
                  "type": "Workflow",
                  "inputs": {
                    "host": {
                      "workflowReferenceName": "45d25b31-1567-ed11-9561-002248593e63"
                    },
                    "body": {
                      "text": "@triggerBody()?['ROAGuid']",
                      "text_2": "@triggerBody()?['actionType']",
                      "text_3": "@body('Find_Endorser')?['userid']",
                      "text_4": "@triggerBody()?['approvalChainId']",
                      "text_5": "@triggerBody()?['approvalChainApproverId']",
                      "text_1": "@triggerBody()?['feedBack']"
                    }
                  }
                }
              }
            },
            "ROA_APPROVAL": {
              "case": "ROA_APPROVAL",
              "actions": {
                "Condition_5": {
                  "actions": {
                    "Return_success_3": {
                      "runAfter": {},
                      "type": "Response",
                      "kind": "Http",
                      "inputs": {
                        "statusCode": 200,
                        "headers": {
                          "CARD-UPDATE-IN-BODY": "true"
                        },
                        "body": {
                          "type": "AdaptiveCard",
                          "body": [
                            {
                              "type": "ColumnSet",
                              "style": "emphasis",
                              "columns": [
                                {
                                  "type": "Column",
                                  "items": [
                                    {
                                      "type": "TextBlock",
                                      "text": "@{body('AIA_|_10.1_10.10_Send_ROA_Approval_ActMail_Response')?['result_title']}",
                                      "wrap": true
                                    }
                                  ],
                                  "width": "stretch",
                                  "padding": "None"
                                }
                              ],
                              "padding": "Default",
                              "spacing": "None"
                            },
                            {
                              "type": "Container",
                              "items": [
                                {
                                  "type": "TextBlock",
                                  "size": "Large",
                                  "weight": "Bolder",
                                  "text": "@{body('AIA_|_10.1_10.10_Send_ROA_Approval_ActMail_Response')?['result_message']}",
                                  "wrap": true
                                }
                              ],
                              "padding": "Default",
                              "spacing": "None",
                              "separator": true
                            }
                          ],
                          "$schema": "http://adaptivecards.io/schemas/adaptive-card.json",
                          "version": "1.0",
                          "padding": "None",
                          "originator": "4761230a-21e1-43cc-9ff2-aab9f7bdbba3"
                        }
                      }
                    }
                  },
                  "runAfter": {
                    "AIA_|_10.1_10.10_Send_ROA_Approval_ActMail_Response": [
                      "Succeeded"
                    ]
                  },
                  "else": {
                    "actions": {
                      "Return_fail_3": {
                        "runAfter": {},
                        "type": "Response",
                        "kind": "Http",
                        "inputs": {
                          "statusCode": 500,
                          "headers": {
                            "CARD-UPDATE-IN-BODY": "@{outputs('AIA_|_10.1_10.10_Send_ROA_Approval_ActMail_Response')?['10_SEND_ROA_APPROVAL_ACTMAIL_RESPONSE_outputs']?['$']?['Body']?['result_title']}",
                            "Content-Type": "application/json"
                          },
                          "body": {
                            "message": "@{outputs('AIA_|_10.1_10.10_Send_ROA_Approval_ActMail_Response')?['10_SEND_ROA_APPROVAL_ACTMAIL_RESPONSE_outputs']?['$']?['Body']?['result_message']}"
                          }
                        }
                      }
                    }
                  },
                  "expression": {
                    "or": [
                      {
                        "equals": [
                          "@or(equals(outputs('AIA_|_10.1_10.10_Send_ROA_Approval_ActMail_Response')?['Body']?['result'],'True'),equals(outputs('AIA_|_10.1_10.10_Send_ROA_Approval_ActMail_Response')?['Body']?['result'],'true'))",
                          true
                        ]
                      },
                      {
                        "equals": [
                          "@outputs('AIA_|_10.1_10.10_Send_ROA_Approval_ActMail_Response')?['10_SEND_ROA_APPROVAL_ACTMAIL_RESPONSE_outputs']?['$']?['Body']?['result']",
                          true
                        ]
                      }
                    ]
                  },
                  "type": "If"
                },
                "Find_Approver": {
                  "runAfter": {},
                  "type": "Workflow",
                  "inputs": {
                    "host": {
                      "workflowReferenceName": "5c986a66-6165-ec11-8f8f-000d3a80eca3"
                    },
                    "body": {
                      "text": "@triggerOutputs()['headers']?['Action-Authorization']"
                    }
                  }
                },
                "AIA_|_10.1_10.10_Send_ROA_Approval_ActMail_Response": {
                  "runAfter": {
                    "Find_Approver": [
                      "Succeeded"
                    ]
                  },
                  "type": "Workflow",
                  "inputs": {
                    "host": {
                      "workflowReferenceName": "108958f9-976b-ed11-81ac-002248593e63"
                    },
                    "body": {
                      "text": "@triggerBody()?['ROAGuid']",
                      "text_2": "@triggerBody()?['actionType']",
                      "text_4": "@body('Find_Approver')?['userid']",
                      "text_3": "@triggerBody()?['approvalChainId']",
                      "text_5": "@triggerBody()?['approvalChainApproverId']",
                      "text_1": "@triggerBody()?['feedBack']"
                    }
                  }
                }
              }
            },
            "ROA_Clarification_Obtained": {
              "case": "ROA_Clarification_Obtained",
              "actions": {
                "Find_Questioner": {
                  "runAfter": {},
                  "type": "Workflow",
                  "inputs": {
                    "host": {
                      "workflowReferenceName": "5c986a66-6165-ec11-8f8f-000d3a80eca3"
                    },
                    "body": {
                      "text": "@triggerOutputs()['headers']?['Action-Authorization']"
                    }
                  }
                },
                "AIA_|_10.7_Actionable_email_Response": {
                  "runAfter": {
                    "Find_Questioner": [
                      "Succeeded"
                    ]
                  },
                  "type": "Workflow",
                  "inputs": {
                    "host": {
                      "workflowReferenceName": "555c9e23-2171-ed11-81ac-002248593e63"
                    },
                    "body": {
                      "text": "@triggerBody()?['ROAGuid']",
                      "text_2": "@triggerBody()?['actionType']",
                      "text_3": "@body('Find_Questioner')?['userid']",
                      "text_4": "@triggerBody()?['QuestionGuid']",
                      "text_5": "@triggerBody()?['approvalChainId']",
                      "text_6": "@triggerBody()?['approvalChainApproverId']",
                      "text_1": "@triggerBody()?['feedBack']"
                    }
                  }
                },
                "Condition_6": {
                  "actions": {
                    "Return_success_4": {
                      "runAfter": {},
                      "type": "Response",
                      "kind": "Http",
                      "inputs": {
                        "statusCode": 200,
                        "headers": {
                          "CARD-UPDATE-IN-BODY": "true"
                        },
                        "body": {
                          "type": "AdaptiveCard",
                          "body": [
                            {
                              "type": "ColumnSet",
                              "style": "emphasis",
                              "columns": [
                                {
                                  "type": "Column",
                                  "items": [
                                    {
                                      "type": "TextBlock",
                                      "text": "@{body('AIA_|_10.7_Actionable_email_Response')?['result_title']}",
                                      "wrap": true
                                    }
                                  ],
                                  "width": "stretch",
                                  "padding": "None"
                                }
                              ],
                              "padding": "Default",
                              "spacing": "None"
                            },
                            {
                              "type": "Container",
                              "items": [
                                {
                                  "type": "TextBlock",
                                  "size": "Large",
                                  "weight": "Bolder",
                                  "text": "@{body('AIA_|_10.7_Actionable_email_Response')?['result_message']}",
                                  "wrap": true
                                }
                              ],
                              "padding": "Default",
                              "spacing": "None",
                              "separator": true
                            }
                          ],
                          "$schema": "http://adaptivecards.io/schemas/adaptive-card.json",
                          "version": "1.0",
                          "padding": "None",
                          "originator": "4761230a-21e1-43cc-9ff2-aab9f7bdbba3"
                        }
                      }
                    }
                  },
                  "runAfter": {
                    "AIA_|_10.7_Actionable_email_Response": [
                      "Succeeded"
                    ]
                  },
                  "else": {
                    "actions": {
                      "Return_fail_4": {
                        "runAfter": {},
                        "type": "Response",
                        "kind": "Http",
                        "inputs": {
                          "statusCode": 500,
                          "headers": {
                            "CARD-UPDATE-IN-BODY": "@{outputs('AIA_|_10.7_Actionable_email_Response')?['$']?['Body']?['result_title']}",
                            "Content-Type": "application/json"
                          },
                          "body": {
                            "message": "@{outputs('AIA_|_10.7_Actionable_email_Response')?['$']?['Body']?['result_message']}"
                          }
                        }
                      }
                    }
                  },
                  "expression": {
                    "or": [
                      {
                        "equals": [
                          "@body('AIA_|_10.7_Actionable_email_Response')?['result']",
                          true
                        ]
                      },
                      {
                        "equals": [
                          "@or(equals(outputs('AIA_|_10.7_Actionable_email_Response')?['Body']?['result'],'True'),equals(outputs('AIA_|_10.7_Actionable_email_Response')?['Body']?['result'],'true'))",
                          true
                        ]
                      }
                    ]
                  },
                  "type": "If"
                }
              }
            }
          },
          "default": {
            "actions": {
              "Response": {
                "runAfter": {},
                "type": "Response",
                "kind": "Http",
                "inputs": {
                  "statusCode": 500,
                  "headers": {
                    "CARD-UPDATE-IN-BODY": "@variables('httpResponseMessage')",
                    "Content-Type": "application/json"
                  },
                  "body": {
                    "message": ""
                  }
                }
              }
            }
          },
          "expression": "@triggerBody()?['eMailType']",
          "metadata": {
            "operationMetadataId": "38eaeb6a-b474-4a24-9484-9f77b2ad0c5c"
          },
          "type": "Switch"
        },
        "初始化变量_FeedBack_未填_Clarification_Required_直接报错": {
          "runAfter": {},
          "metadata": {
            "operationMetadataId": "cece109d-3fb1-46a5-9f8f-ac9fe2b66af6"
          },
          "type": "InitializeVariable",
          "inputs": {
            "variables": [
              {
                "name": "httpResponseMessage",
                "type": "string"
              }
            ]
          }
        },
        "RefreshEmailTitle": {
          "runAfter": {
            "Initialize_variable_ReadyForAction": [
              "Succeeded"
            ]
          },
          "metadata": {
            "operationMetadataId": "aba1d5c9-d22d-4569-8863-78702256d3c7"
          },
          "type": "InitializeVariable",
          "inputs": {
            "variables": [
              {
                "name": "RefreshEmailTitle",
                "type": "string",
                "value": "Offboarding Checklist Confirmed"
              }
            ]
          }
        },
        "RefreshEmailMessage": {
          "runAfter": {
            "RefreshEmailTitle": [
              "Succeeded"
            ]
          },
          "metadata": {
            "operationMetadataId": "d3edae31-0238-4499-a1b9-b299b440eec2"
          },
          "type": "InitializeVariable",
          "inputs": {
            "variables": [
              {
                "name": "RefreshEmailMessage",
                "type": "string",
                "value": "You have successfully confirmed the offboarding checklist."
              }
            ]
          }
        },
        "Check_if_action_type_is_not_null": {
          "actions": {
            "Switch": {
              "runAfter": {},
              "cases": {
                "approve": {
                  "case": "approve",
                  "actions": {
                    "approved_title": {
                      "runAfter": {},
                      "type": "SetVariable",
                      "inputs": {
                        "name": "RefreshEmailTitle",
                        "value": "Request Approved"
                      }
                    },
                    "approved_message": {
                      "runAfter": {
                        "approved_title": [
                          "Succeeded"
                        ]
                      },
                      "type": "SetVariable",
                      "inputs": {
                        "name": "RefreshEmailMessage",
                        "value": "You have successfully approved the Request."
                      }
                    }
                  }
                },
                "reject": {
                  "case": "reject",
                  "actions": {
                    "reject_title": {
                      "runAfter": {},
                      "type": "SetVariable",
                      "inputs": {
                        "name": "RefreshEmailTitle",
                        "value": "Request Rejected"
                      }
                    },
                    "reject_message": {
                      "runAfter": {
                        "reject_title": [
                          "Succeeded"
                        ]
                      },
                      "type": "SetVariable",
                      "inputs": {
                        "name": "RefreshEmailMessage",
                        "value": "You have successfully rejected the Request."
                      }
                    }
                  }
                },
                "Send_Back": {
                  "case": "further",
                  "actions": {
                    "send_back_title": {
                      "runAfter": {},
                      "type": "SetVariable",
                      "inputs": {
                        "name": "RefreshEmailTitle",
                        "value": "Request Sent Back"
                      }
                    },
                    "send_back_message": {
                      "runAfter": {
                        "send_back_title": [
                          "Succeeded"
                        ]
                      },
                      "type": "SetVariable",
                      "inputs": {
                        "name": "RefreshEmailMessage",
                        "value": "You have successfully sent back the Request for more clarifications."
                      }
                    }
                  }
                }
              },
              "default": {
                "actions": {
                  "default_title": {
                    "runAfter": {},
                    "type": "SetVariable",
                    "inputs": {
                      "name": "RefreshEmailTitle",
                      "value": "Request "
                    }
                  },
                  "default_message": {
                    "runAfter": {
                      "default_title": [
                        "Succeeded"
                      ]
                    },
                    "type": "SetVariable",
                    "inputs": {
                      "name": "RefreshEmailMessage",
                      "value": "You have successfully."
                    }
                  }
                }
              },
              "expression": "@triggerBody()?['actionType']",
              "metadata": {
                "operationMetadataId": "2bac8389-86e7-43a0-84fa-eb91bcae5588"
              },
              "type": "Switch"
            }
          },
          "runAfter": {
            "RefreshEmailMessage": [
              "Succeeded"
            ]
          },
          "expression": {
            "not": {
              "equals": [
                "@empty(triggerBody()?['actionType'])",
                true
              ]
            }
          },
          "metadata": {
            "operationMetadataId": "4c0e1eaa-fa20-41a4-8301-48dbb7417d1d"
          },
          "type": "If"
        },
        "Initialize_variable_ReadyForAction": {
          "runAfter": {
            "初始化变量_FeedBack_未填_Clarification_Required_直接报错": [
              "Succeeded"
            ]
          },
          "metadata": {
            "operationMetadataId": "26ad4eb9-e01d-418d-b9ec-0a4db1f17fd5"
          },
          "type": "InitializeVariable",
          "inputs": {
            "variables": [
              {
                "name": "ReadyForAction",
                "type": "boolean",
                "value": true
              }
            ]
          }
        }
      },
      "outputs": {}
    },
    "templateName": ""
  },
  "schemaVersion": "1.0.0.0"
}