{
  "properties": {
    "connectionReferences": {
      "shared_commondataserviceforapps": {
        "runtimeSource": "embedded",
        "connection": {
          "connectionReferenceLogicalName": "aia_sharedcommondataserviceforapps_dba9d"
        },
        "api": {
          "name": "shared_commondataserviceforapps"
        }
      }
    },
    "definition": {
      "$schema": "https://schema.management.azure.com/providers/Microsoft.Logic/schemas/2016-06-01/workflowdefinition.json#",
      "contentVersion": "1.0.0.0",
      "parameters": {
        "$connections": {
          "defaultValue": {},
          "type": "Object"
        },
        "$authentication": {
          "defaultValue": {},
          "type": "SecureObject"
        }
      },
      "triggers": {
        "manual": {
          "metadata": {
            "operationMetadataId": "56ca6f55-87ea-40bd-8b41-bbd825eb91eb"
          },
          "type": "Request",
          "kind": "PowerAppV2",
          "inputs": {
            "schema": {
              "type": "object",
              "properties": {
                "text": {
                  "title": "UserId",
                  "type": "string",
                  "x-ms-dynamically-added": true,
                  "description": "00000000-0000-0000-0000-000000000000",
                  "x-ms-content-hint": "TEXT"
                }
              },
              "required": [
                "text"
              ]
            }
          }
        }
      },
      "actions": {
        "If_user_id_and_team_id_are_equal_to_null_or_not": {
          "actions": {
            "Retrieve_record_list_by_user_id_and_team_id": {
              "runAfter": {},
              "metadata": {
                "operationMetadataId": "da62d8ac-e4c8-4849-8268-96928e79397d"
              },
              "type": "OpenApiConnection",
              "inputs": {
                "host": {
                  "connectionName": "shared_commondataserviceforapps",
                  "operationId": "ListRecords",
                  "apiId": "/providers/Microsoft.PowerApps/apis/shared_commondataserviceforapps"
                },
                "parameters": {
                  "entityName": "systemusers",
                  "fetchXml": "<fetch top=\"20\">\n  <entity name=\"systemuser\">\n    <attribute name=\"systemuserid\" />\n    <link-entity name=\"teammembership\" from=\"systemuserid\" to=\"systemuserid\" link-type=\"inner\" alias=\"memebership\">\n      <attribute name=\"teamid\" />\n      <filter>\n        <condition attribute=\"systemuserid\" operator=\"eq\" value=\"@{triggerBody()['text']}\" />\n      </filter>\n    </link-entity>\n  </entity>\n</fetch>"
                },
                "authentication": "@parameters('$authentication')"
              }
            },
            "If_existing_record_or_not": {
              "actions": {
                "Apply_to_each": {
                  "foreach": "@outputs('Retrieve_record_list_by_user_id_and_team_id')?['body/value']",
                  "actions": {
                    "Append_to_array_variable": {
                      "runAfter": {},
                      "metadata": {
                        "operationMetadataId": "b14ac6ad-428e-4968-bf93-ed600025d49d"
                      },
                      "type": "AppendToArrayVariable",
                      "inputs": {
                        "name": "TeamIdArray",
                        "value": "@items('Apply_to_each')?['memebership.teamid']"
                      }
                    }
                  },
                  "runAfter": {},
                  "metadata": {
                    "operationMetadataId": "90ca9293-ac58-4478-9d2c-6301a132e4f2"
                  },
                  "type": "Foreach"
                },
                "Return_true": {
                  "runAfter": {
                    "Apply_to_each": [
                      "Succeeded"
                    ]
                  },
                  "metadata": {
                    "operationMetadataId": "5a87b237-afaa-4375-8862-75cd969f3720"
                  },
                  "type": "Response",
                  "kind": "PowerApp",
                  "inputs": {
                    "statusCode": 200,
                    "body": {
                      "result": "@{string(variables('TeamIdArray'))}"
                    },
                    "schema": {
                      "type": "object",
                      "properties": {
                        "result": {
                          "title": "Result",
                          "x-ms-dynamically-added": true,
                          "type": "string"
                        }
                      }
                    }
                  }
                }
              },
              "runAfter": {
                "Retrieve_record_list_by_user_id_and_team_id": [
                  "Succeeded"
                ]
              },
              "else": {
                "actions": {
                  "Return_false_base_on_not_existing": {
                    "runAfter": {},
                    "metadata": {
                      "operationMetadataId": "dfa54c64-79f9-4ddb-98c0-2083f11e6fc5"
                    },
                    "type": "Response",
                    "kind": "PowerApp",
                    "inputs": {
                      "statusCode": 200,
                      "body": {
                        "result": "false"
                      },
                      "schema": {
                        "type": "object",
                        "properties": {
                          "result": {
                            "title": "Result",
                            "x-ms-dynamically-added": true,
                            "type": "string"
                          }
                        }
                      }
                    }
                  }
                }
              },
              "expression": {
                "greater": [
                  "@length(outputs('Retrieve_record_list_by_user_id_and_team_id')?['body/value'])",
                  0
                ]
              },
              "metadata": {
                "operationMetadataId": "f0cfe592-b9f7-4ab5-b363-bdbe1e0b0c93"
              },
              "type": "If"
            },
            "Return_false_base_on_retrieve_failed": {
              "runAfter": {
                "Retrieve_record_list_by_user_id_and_team_id": [
                  "Failed"
                ]
              },
              "metadata": {
                "operationMetadataId": "8214026c-3784-4b78-883b-bea04f3e367b"
              },
              "type": "Response",
              "kind": "PowerApp",
              "inputs": {
                "statusCode": 200,
                "body": {
                  "result": "false"
                },
                "schema": {
                  "type": "object",
                  "properties": {
                    "result": {
                      "title": "Result",
                      "x-ms-dynamically-added": true,
                      "type": "string"
                    }
                  }
                }
              }
            }
          },
          "runAfter": {
            "Team_id_array": [
              "Succeeded"
            ]
          },
          "else": {
            "actions": {
              "Return_false_base_on_parameters_are_null": {
                "runAfter": {},
                "metadata": {
                  "operationMetadataId": "e2c70ffa-e65d-4f5b-b9de-95869e812e14"
                },
                "type": "Response",
                "kind": "PowerApp",
                "inputs": {
                  "statusCode": 200,
                  "body": {
                    "result": "false"
                  },
                  "schema": {
                    "type": "object",
                    "properties": {
                      "result": {
                        "title": "Result",
                        "x-ms-dynamically-added": true,
                        "type": "string"
                      }
                    }
                  }
                }
              }
            }
          },
          "expression": {
            "equals": [
              "@not(empty(triggerBody()['text']))",
              true
            ]
          },
          "metadata": {
            "operationMetadataId": "ee059ad0-6754-44a3-9da8-37a1bdcc7c15"
          },
          "type": "If"
        },
        "Team_id_array": {
          "runAfter": {},
          "metadata": {
            "operationMetadataId": "cf8318e7-631a-41cc-9e21-a36086a43630"
          },
          "type": "InitializeVariable",
          "inputs": {
            "variables": [
              {
                "name": "TeamIdArray",
                "type": "array"
              }
            ]
          }
        }
      },
      "outputs": {}
    },
    "templateName": ""
  },
  "schemaVersion": "1.0.0.0"
}