{
  "properties": {
    "connectionReferences": {
      "shared_commondataserviceforapps": {
        "runtimeSource": "embedded",
        "connection": {
          "connectionReferenceLogicalName": "aia_sharedcommondataserviceforapps_fce10"
        },
        "api": {
          "name": "shared_commondataserviceforapps"
        }
      }
    },
    "definition": {
      "$schema": "https://schema.management.azure.com/providers/Microsoft.Logic/schemas/2016-06-01/workflowdefinition.json#",
      "contentVersion": "1.0.0.0",
      "parameters": {
        "$connections": {
          "defaultValue": {},
          "type": "Object"
        },
        "$authentication": {
          "defaultValue": {},
          "type": "SecureObject"
        }
      },
      "triggers": {
        "manual": {
          "metadata": {
            "operationMetadataId": "5430b9fe-6d45-4e15-a830-3160ba4889e7"
          },
          "type": "Request",
          "kind": "Button",
          "inputs": {
            "schema": {
              "type": "object",
              "properties": {
                "text": {
                  "title": "roaId",
                  "type": "string",
                  "x-ms-dynamically-added": true,
                  "description": "empty",
                  "x-ms-content-hint": "TEXT"
                }
              },
              "required": [
                "text"
              ]
            }
          }
        }
      },
      "actions": {
        "Get_Request_and_Cost_Allocation__By_ID_": {
          "runAfter": {},
          "metadata": {
            "operationMetadataId": "252246de-0cbc-4386-bc53-deae8fc9c8a9"
          },
          "type": "OpenApiConnection",
          "inputs": {
            "host": {
              "connectionName": "shared_commondataserviceforapps",
              "operationId": "GetItem",
              "apiId": "/providers/Microsoft.PowerApps/apis/shared_commondataserviceforapps"
            },
            "parameters": {
              "entityName": "aia_roas",
              "recordId": "@triggerBody()['text']",
              "$select": "_aia_hiring_manager_value,aia_estimated_contract_value_in_usd,_aia_requestor_value,aia_aia_contracting_entity",
              "$expand": "aia_aia_roa_aia_roa_cost_centre_roa($select=aia_name,aia_cost_allocation_amount_usd,aia_cost_centre_code,aia_wbs_code)"
            },
            "authentication": {
              "type": "Raw",
              "value": "@json(decodeBase64(triggerOutputs().headers['X-MS-APIM-Tokens']))['$ConnectionKey']"
            }
          }
        },
        "Initialize_approvalChainIndex": {
          "runAfter": {
            "Get_Cost_Allocation": [
              "Succeeded"
            ]
          },
          "metadata": {
            "operationMetadataId": "037fbdf7-bcda-4ab8-87c3-49ca1ad8d54d"
          },
          "type": "InitializeVariable",
          "inputs": {
            "variables": [
              {
                "name": "approvalChainIndex",
                "type": "integer",
                "value": 1
              }
            ]
          }
        },
        "Initialize_vcmId": {
          "runAfter": {
            "Initialize_vcmApproverIndex": [
              "Succeeded"
            ]
          },
          "metadata": {
            "operationMetadataId": "903499f8-e6b0-44ec-9845-cdbd153ba040"
          },
          "type": "InitializeVariable",
          "inputs": {
            "variables": [
              {
                "name": "vcmId",
                "type": "string"
              }
            ]
          }
        },
        "Initialize_vcmApproverIndex": {
          "runAfter": {
            "Initialize_approvalChainIndex": [
              "Succeeded"
            ]
          },
          "metadata": {
            "operationMetadataId": "fa373533-7c53-4b9c-b125-f1e0c22ab770"
          },
          "type": "InitializeVariable",
          "inputs": {
            "variables": [
              {
                "name": "vcmApproverIndex",
                "type": "integer",
                "value": 1
              }
            ]
          }
        },
        "Initialize_isAllCostAllocationStartwithR1": {
          "runAfter": {
            "Initialize_vcmId": [
              "Succeeded"
            ]
          },
          "metadata": {
            "operationMetadataId": "a27fcbb4-8cfd-422b-b413-fd64de2dc3eb"
          },
          "type": "InitializeVariable",
          "inputs": {
            "variables": [
              {
                "name": "isAllCostAllocationStartwithR1",
                "type": "boolean",
                "value": true
              }
            ]
          }
        },
        "Check_Cost_allocation_are_inputted_with_WBS_code_start_with_R1": {
          "foreach": "@outputs('Get_Cost_Allocation')",
          "actions": {
            "aia_wbs_code": {
              "runAfter": {},
              "metadata": {
                "operationMetadataId": "b0ce17c3-2617-41e7-93f0-54553b9d5a7c"
              },
              "type": "Compose",
              "inputs": "@items('Check_Cost_allocation_are_inputted_with_WBS_code_start_with_R1')['aia_wbs_code']"
            },
            "check_wbs_code_start_with_r1": {
              "actions": {
                "List_SAP_WBS": {
                  "runAfter": {},
                  "metadata": {
                    "operationMetadataId": "7f39d0d6-7825-4135-821a-59a5e51a38fe"
                  },
                  "type": "OpenApiConnection",
                  "inputs": {
                    "host": {
                      "connectionName": "shared_commondataserviceforapps",
                      "operationId": "ListRecords",
                      "apiId": "/providers/Microsoft.PowerApps/apis/shared_commondataserviceforapps"
                    },
                    "parameters": {
                      "entityName": "aia_sap_wbses",
                      "$select": "aia_applicant_apporval_limit,_aia_applicant_user_value,aia_approval_limit,aia_person_responsible_approval_limit,_aia_person_responsible_user_value,aia_project_controller_approval_limit,_aia_project_controller_user_value",
                      "$filter": "aia_wbs_code eq '@{outputs('aia_wbs_code')}'",
                      "$top": 1
                    },
                    "authentication": {
                      "type": "Raw",
                      "value": "@json(decodeBase64(triggerOutputs().headers['X-MS-APIM-Tokens']))['$ConnectionKey']"
                    }
                  }
                },
                "check_sap_wbs_exists": {
                  "actions": {
                    "project_manager_equals_null_": {
                      "runAfter": {},
                      "metadata": {
                        "operationMetadataId": "a790cbb6-21b8-48c6-9d52-cc9dcba5228f"
                      },
                      "type": "Compose",
                      "inputs": "@not(contains(first(outputs('List_SAP_WBS')?['body/value']),'_aia_person_responsible_user_value'))"
                    },
                    "project_manager_limit": {
                      "runAfter": {
                        "project_manager_equals_null_": [
                          "Succeeded"
                        ]
                      },
                      "metadata": {
                        "operationMetadataId": "66825d7f-9383-4e49-8c5a-1a5ace824308"
                      },
                      "type": "Compose",
                      "inputs": "@outputs('List_SAP_WBS')?['body/value'][0].aia_person_responsible_approval_limit"
                    },
                    "project_manager_is_not_null_and_limit_not_null_": {
                      "actions": {
                        "project_sponsor_equals_null": {
                          "runAfter": {},
                          "metadata": {
                            "operationMetadataId": "a790cbb6-21b8-48c6-9d52-cc9dcba5228f"
                          },
                          "type": "Compose",
                          "inputs": "@not(contains(first(outputs('List_SAP_WBS')?['body/value']),'_aia_applicant_user_value'))"
                        },
                        "project_sponsor_limit": {
                          "runAfter": {
                            "project_sponsor_equals_null": [
                              "Succeeded"
                            ]
                          },
                          "metadata": {
                            "operationMetadataId": "66825d7f-9383-4e49-8c5a-1a5ace824308"
                          },
                          "type": "Compose",
                          "inputs": "@outputs('List_SAP_WBS')?['body/value'][0].aia_applicant_apporval_limit"
                        },
                        "check_project_sponsor_and_sponsor_limit_is_null_": {
                          "actions": {
                            "project_controller_equals_null": {
                              "runAfter": {},
                              "metadata": {
                                "operationMetadataId": "a790cbb6-21b8-48c6-9d52-cc9dcba5228f"
                              },
                              "type": "Compose",
                              "inputs": "@not(contains(first(outputs('List_SAP_WBS')?['body/value']),'_aia_project_controller_user_value'))"
                            },
                            "check_project_controller_is_null_and_sponsor_limit_less_than_amount_": {
                              "actions": {
                                "Set_variable_2": {
                                  "runAfter": {},
                                  "metadata": {
                                    "operationMetadataId": "e3005eb7-a69a-4d31-b179-bdda8c7e9ceb"
                                  },
                                  "type": "SetVariable",
                                  "inputs": {
                                    "name": "isAllCostAllocationStartwithR1",
                                    "value": "@false"
                                  }
                                }
                              },
                              "runAfter": {
                                "sponsor_limit_is_less_than_cost_allocation": [
                                  "Succeeded"
                                ]
                              },
                              "expression": {
                                "equals": [
                                  "@and(outputs('sponsor_limit_is_less_than_cost_allocation'),outputs('project_controller_equals_null'))",
                                  "@true"
                                ]
                              },
                              "metadata": {
                                "operationMetadataId": "8c8b4daa-358f-40fb-b678-ae3b58e3c579"
                              },
                              "type": "If"
                            },
                            "sponsor_limit_is_less_than_cost_allocation": {
                              "runAfter": {
                                "project_controller_equals_null": [
                                  "Succeeded"
                                ]
                              },
                              "metadata": {
                                "operationMetadataId": "2457c932-e918-4e5a-83f4-afc150883042"
                              },
                              "type": "Compose",
                              "inputs": "@less(outputs('project_sponsor_limit'),outputs('aia_cost_allocation_amount_usd'))"
                            }
                          },
                          "runAfter": {
                            "project_sponsor_limit": [
                              "Succeeded"
                            ]
                          },
                          "else": {
                            "actions": {
                              "Set_variable": {
                                "runAfter": {},
                                "metadata": {
                                  "operationMetadataId": "f7b7b6d9-7f94-4d3e-8594-0e1bf9edb1f5"
                                },
                                "type": "SetVariable",
                                "inputs": {
                                  "name": "isAllCostAllocationStartwithR1",
                                  "value": "@false"
                                }
                              }
                            }
                          },
                          "expression": {
                            "equals": [
                              "@or(equals(outputs('project_sponsor_limit'),null),outputs('project_sponsor_equals_null'))",
                              "@false"
                            ]
                          },
                          "metadata": {
                            "operationMetadataId": "b8b5af6b-cd06-4fd4-ade9-376ddebb82da"
                          },
                          "type": "If"
                        }
                      },
                      "runAfter": {
                        "project_manager_limit": [
                          "Succeeded"
                        ]
                      },
                      "else": {
                        "actions": {
                          "Set_isAllCostAllocationStartwithR1_false_3": {
                            "runAfter": {},
                            "metadata": {
                              "operationMetadataId": "984325ec-ad2a-476f-a949-e0a57cdc479d"
                            },
                            "type": "SetVariable",
                            "inputs": {
                              "name": "isAllCostAllocationStartwithR1",
                              "value": "@false"
                            }
                          }
                        }
                      },
                      "expression": {
                        "equals": [
                          "@or(equals(outputs('project_manager_limit'),null),outputs('project_manager_equals_null_'))",
                          "@false"
                        ]
                      },
                      "metadata": {
                        "operationMetadataId": "d40517d9-487d-45b5-b33b-f8a25415ad4f"
                      },
                      "type": "If"
                    }
                  },
                  "runAfter": {
                    "List_SAP_WBS": [
                      "Succeeded"
                    ]
                  },
                  "else": {
                    "actions": {
                      "Set_isAllCostAllocationStartwithR1_false_2": {
                        "runAfter": {},
                        "metadata": {
                          "operationMetadataId": "5d37bd52-edc4-445a-9bb4-4155716d74d2"
                        },
                        "type": "SetVariable",
                        "inputs": {
                          "name": "isAllCostAllocationStartwithR1",
                          "value": "@false"
                        }
                      }
                    }
                  },
                  "expression": {
                    "greater": [
                      "@length(outputs('List_SAP_WBS')?['body/value'])",
                      0
                    ]
                  },
                  "metadata": {
                    "operationMetadataId": "9d3bd23e-d5b8-4316-9b63-8f826a360890"
                  },
                  "type": "If"
                }
              },
              "runAfter": {
                "aia_cost_allocation_amount_usd": [
                  "Succeeded"
                ]
              },
              "else": {
                "actions": {
                  "Set_isAllCostAllocationStartwithR1_false": {
                    "runAfter": {},
                    "metadata": {
                      "operationMetadataId": "b47dd3e2-0e7f-4b50-94d0-37cc836010bd"
                    },
                    "type": "SetVariable",
                    "inputs": {
                      "name": "isAllCostAllocationStartwithR1",
                      "value": "@false"
                    }
                  }
                }
              },
              "expression": {
                "equals": [
                  "@startsWith(string( item()['aia_wbs_code']),'r1')",
                  "@true"
                ]
              },
              "metadata": {
                "operationMetadataId": "b1020ee4-7790-4613-91ff-b3e7978be07f"
              },
              "type": "If"
            },
            "aia_cost_allocation_amount_usd": {
              "runAfter": {
                "aia_wbs_code": [
                  "Succeeded"
                ]
              },
              "metadata": {
                "operationMetadataId": "a8b53170-cf3e-49d7-9c47-7d76ad37f2be"
              },
              "type": "Compose",
              "inputs": "@item().aia_cost_allocation_amount_usd"
            }
          },
          "runAfter": {
            "isApprovalLimitBlank": [
              "Succeeded"
            ]
          },
          "metadata": {
            "operationMetadataId": "0dd8c205-ae28-4ad7-9190-37d4a058b48c"
          },
          "type": "Foreach"
        },
        "Get_Cost_Allocation": {
          "runAfter": {
            "Get_Request_and_Cost_Allocation__By_ID_": [
              "Succeeded"
            ]
          },
          "metadata": {
            "operationMetadataId": "7a4bdd39-389e-4e8d-b202-3721527595e7"
          },
          "type": "Compose",
          "inputs": "@sort(outputs('Get_Request_and_Cost_Allocation__By_ID_')?['body'].aia_aia_roa_aia_roa_cost_centre_roa,'aia_name')"
        },
        "check_isAllCostAllocationStartwithR1_equal_true": {
          "actions": {
            "roaRequest": {
              "runAfter": {},
              "metadata": {
                "operationMetadataId": "e5e74eb3-908d-4cd4-bb8a-1abce083c149"
              },
              "type": "Compose",
              "inputs": "@body('Get_Request_and_Cost_Allocation__By_ID_')"
            },
            "Run_AIA_|_ROA_CAT1_Approve_Chain_Generate_WBS_heriarchy": {
              "runAfter": {
                "roaRequest": [
                  "Succeeded"
                ]
              },
              "metadata": {
                "operationMetadataId": "1970a03d-9fa6-4fea-8976-fb9ea9eee1b6"
              },
              "type": "Workflow",
              "inputs": {
                "host": {
                  "workflowReferenceName": "fcca97a4-e471-ed11-81ac-002248593fc2"
                },
                "body": {
                  "text": "@string(outputs('Get_Request_and_Cost_Allocation__By_ID_')?['body'])",
                  "number": "@variables('approvalChainIndex')",
                  "text_1": "''",
                  "number_1": "@variables('vcmApproverIndex')"
                },
                "retryPolicy": {
                  "type": "none"
                }
              }
            }
          },
          "runAfter": {
            "Check_Cost_allocation_are_inputted_with_WBS_code_start_with_R1": [
              "Succeeded"
            ]
          },
          "else": {
            "actions": {
              "Check_Data_Exists": {
                "actions": {
                  "Immediate_Supervisor_not_null": {
                    "runAfter": {},
                    "metadata": {
                      "operationMetadataId": "2e25bf36-3a06-4301-aa17-43db0897fab7"
                    },
                    "type": "Compose",
                    "inputs": "@not(equals(outputs('Retrive_SAP_Employees_by_Hiring_Manager')?['body/value'][0]._aia_immediate_supervisor_value,null))"
                  },
                  "Check_Immdediate_Supervisor_not_null_": {
                    "actions": {
                      "Set_userid_2": {
                        "runAfter": {},
                        "metadata": {
                          "operationMetadataId": "e00c828d-c325-4ff6-b364-285c99d9d1e4"
                        },
                        "type": "SetVariable",
                        "inputs": {
                          "name": "userid",
                          "value": "@{outputs('Retrive_SAP_Employees_by_Hiring_Manager')?['body/value'][0]._aia_immediate_supervisor_value}"
                        }
                      },
                      "Is_Request_great_than_1_Mill_USD_(Skiped)": {
                        "actions": {
                          "Head_of_GS": {
                            "runAfter": {},
                            "metadata": {
                              "operationMetadataId": "6c7ebb91-570d-4c42-8abd-1a4804f45b0a"
                            },
                            "type": "Workflow",
                            "inputs": {
                              "host": {
                                "workflowReferenceName": "cb8c7cef-6161-ec11-8f8f-000d3a80eca3"
                              },
                              "body": {
                                "text": "Head_of_GS"
                              }
                            }
                          },
                          "Retrieve_user_by_user_email": {
                            "runAfter": {
                              "Head_of_GS": [
                                "Succeeded"
                              ]
                            },
                            "metadata": {
                              "operationMetadataId": "2f9b89a5-72b6-4444-b8aa-4a96aeb20b07"
                            },
                            "type": "OpenApiConnection",
                            "inputs": {
                              "host": {
                                "connectionName": "shared_commondataserviceforapps",
                                "operationId": "ListRecords",
                                "apiId": "/providers/Microsoft.PowerApps/apis/shared_commondataserviceforapps"
                              },
                              "parameters": {
                                "entityName": "systemusers",
                                "$select": "fullname,systemuserid",
                                "$filter": "internalemailaddress eq '@{body('Head_of_GS')?['result']}'"
                              },
                              "authentication": {
                                "type": "Raw",
                                "value": "@json(decodeBase64(triggerOutputs().headers['X-MS-APIM-Tokens']))['$ConnectionKey']"
                              }
                            }
                          },
                          "Add_Approval_Chain_Approver_Head_of_GS": {
                            "runAfter": {
                              "Retrieve_user_by_user_email": [
                                "Succeeded"
                              ]
                            },
                            "metadata": {
                              "operationMetadataId": "20cdd397-1a07-4f4c-a301-0cc0ec061bcc"
                            },
                            "type": "OpenApiConnection",
                            "inputs": {
                              "host": {
                                "connectionName": "shared_commondataserviceforapps",
                                "operationId": "CreateRecord",
                                "apiId": "/providers/Microsoft.PowerApps/apis/shared_commondataserviceforapps"
                              },
                              "parameters": {
                                "entityName": "aia_approval_chain_approvers",
                                "item/aia_name": "@variables('vcmApproverIndex')",
                                "item/aia_approval_chain@odata.bind": "/aia_approval_chains(@{outputs('Add_Approval_Chain')?['body/aia_approval_chainid']})",
                                "item/aia_approver@odata.bind": "/systemusers(@{first(outputs('Retrieve_user_by_user_email')?['body/value'])['systemuserid']})"
                              },
                              "authentication": {
                                "type": "Raw",
                                "value": "@json(decodeBase64(triggerOutputs().headers['X-MS-APIM-Tokens']))['$ConnectionKey']"
                              }
                            }
                          },
                          "Increment_vcmApproverIndex_5": {
                            "runAfter": {
                              "Add_Approval_Chain_Approver_Head_of_GS": [
                                "Succeeded"
                              ]
                            },
                            "metadata": {
                              "operationMetadataId": "1bcfe35f-63ee-4961-bd01-3ad825f5d809"
                            },
                            "type": "IncrementVariable",
                            "inputs": {
                              "name": "vcmApproverIndex",
                              "value": 1
                            }
                          }
                        },
                        "runAfter": {
                          "Condition_3": [
                            "Succeeded"
                          ]
                        },
                        "expression": {
                          "greater": [
                            0,
                            1
                          ]
                        },
                        "metadata": {
                          "operationMetadataId": "183f0ea3-2e33-4c86-9627-2ce06f93001b"
                        },
                        "type": "If"
                      },
                      "Legal_Entity_Name": {
                        "runAfter": {
                          "Is_Request_great_than_1_Mill_USD_(Skiped)": [
                            "Succeeded"
                          ]
                        },
                        "metadata": {
                          "operationMetadataId": "1ac9d286-0916-41d0-8ff3-6f511384fe4e"
                        },
                        "type": "Compose",
                        "inputs": "@outputs('Get_Request_and_Cost_Allocation__By_ID_')?['body']['aia_aia_contracting_entity@OData.Community.Display.V1.FormattedValue']"
                      },
                      "Estimated": {
                        "runAfter": {
                          "Legal_Entity_Name": [
                            "Succeeded"
                          ]
                        },
                        "metadata": {
                          "operationMetadataId": "7cc80f88-d27b-47d6-b0fa-a677b121129f"
                        },
                        "type": "Compose",
                        "inputs": "@outputs('Get_Request_and_Cost_Allocation__By_ID_')?['body/aia_estimated_contract_value_in_usd']"
                      },
                      "Is_Request_great_than_60k_USD_And_SSHK": {
                        "actions": {
                          "Group_Chief_Technology_and_Life_Operations_Officer": {
                            "runAfter": {},
                            "metadata": {
                              "operationMetadataId": "030fc438-b7c5-473a-a024-5c26b9d49c52"
                            },
                            "type": "Workflow",
                            "inputs": {
                              "host": {
                                "workflowReferenceName": "cb8c7cef-6161-ec11-8f8f-000d3a80eca3"
                              },
                              "body": {
                                "text": "Group_Chief_Technology_and_Life_Operations_Officer"
                              }
                            }
                          },
                          "Add_Approval_Chain_Approver_Group_Chief_Technology_and_Life_Operations_Officer": {
                            "runAfter": {
                              "Retrieve_user_by_user_email_2": [
                                "Succeeded"
                              ]
                            },
                            "metadata": {
                              "operationMetadataId": "20cdd397-1a07-4f4c-a301-0cc0ec061bcc"
                            },
                            "type": "OpenApiConnection",
                            "inputs": {
                              "host": {
                                "connectionName": "shared_commondataserviceforapps",
                                "operationId": "CreateRecord",
                                "apiId": "/providers/Microsoft.PowerApps/apis/shared_commondataserviceforapps"
                              },
                              "parameters": {
                                "entityName": "aia_approval_chain_approvers",
                                "item/aia_name": "@variables('vcmApproverIndex')",
                                "item/aia_approval_chain@odata.bind": "/aia_approval_chains(@{outputs('Add_Approval_Chain')?['body/aia_approval_chainid']})",
                                "item/aia_approver@odata.bind": "/systemusers(@{first(outputs('Retrieve_user_by_user_email_2')?['body/value'])['systemuserid']})"
                              },
                              "authentication": {
                                "type": "Raw",
                                "value": "@json(decodeBase64(triggerOutputs().headers['X-MS-APIM-Tokens']))['$ConnectionKey']"
                              }
                            }
                          },
                          "Retrieve_user_by_user_email_2": {
                            "runAfter": {
                              "Group_Chief_Technology_and_Life_Operations_Officer": [
                                "Succeeded"
                              ]
                            },
                            "metadata": {
                              "operationMetadataId": "2f9b89a5-72b6-4444-b8aa-4a96aeb20b07"
                            },
                            "type": "OpenApiConnection",
                            "inputs": {
                              "host": {
                                "connectionName": "shared_commondataserviceforapps",
                                "operationId": "ListRecords",
                                "apiId": "/providers/Microsoft.PowerApps/apis/shared_commondataserviceforapps"
                              },
                              "parameters": {
                                "entityName": "systemusers",
                                "$select": "fullname,systemuserid",
                                "$filter": "internalemailaddress eq '@{body('Group_Chief_Technology_and_Life_Operations_Officer')?['result']}'"
                              },
                              "authentication": {
                                "type": "Raw",
                                "value": "@json(decodeBase64(triggerOutputs().headers['X-MS-APIM-Tokens']))['$ConnectionKey']"
                              }
                            }
                          },
                          "Increment_vcmApproverIndex_6": {
                            "runAfter": {
                              "Add_Approval_Chain_Approver_Group_Chief_Technology_and_Life_Operations_Officer": [
                                "Succeeded"
                              ]
                            },
                            "metadata": {
                              "operationMetadataId": "1bcfe35f-63ee-4961-bd01-3ad825f5d809"
                            },
                            "type": "IncrementVariable",
                            "inputs": {
                              "name": "vcmApproverIndex",
                              "value": 1
                            }
                          }
                        },
                        "runAfter": {
                          "Estimated": [
                            "Succeeded"
                          ]
                        },
                        "expression": {
                          "equals": [
                            "@and(greater(outputs('Estimated'),60000),equals(outputs('Legal_Entity_Name'),'AIA Shared Services (HK) Ltd'))",
                            "@true"
                          ]
                        },
                        "metadata": {
                          "operationMetadataId": "c750d119-f910-4cae-a547-cac1dad0f4ad"
                        },
                        "type": "If"
                      },
                      "Check_approval_limit_blank_equals_true": {
                        "actions": {
                          "Inactive_Approval_Chain": {
                            "runAfter": {},
                            "metadata": {
                              "operationMetadataId": "2a9e5b7e-6565-42f2-b9ec-5e464317d3a8"
                            },
                            "type": "OpenApiConnection",
                            "inputs": {
                              "host": {
                                "connectionName": "shared_commondataserviceforapps",
                                "operationId": "UpdateRecord",
                                "apiId": "/providers/Microsoft.PowerApps/apis/shared_commondataserviceforapps"
                              },
                              "parameters": {
                                "entityName": "aia_approval_chains",
                                "recordId": "@outputs('Add_Approval_Chain')?['body/aia_approval_chainid']",
                                "item/statecode": 1,
                                "item/statuscode": 2
                              },
                              "authentication": {
                                "type": "Raw",
                                "value": "@json(decodeBase64(triggerOutputs().headers['X-MS-APIM-Tokens']))['$ConnectionKey']"
                              }
                            }
                          }
                        },
                        "runAfter": {
                          "Is_Request_great_than_60k_USD_And_SSHK": [
                            "Succeeded"
                          ]
                        },
                        "expression": {
                          "equals": [
                            "@variables('isApprovalLimitBlank')",
                            ""
                          ]
                        },
                        "metadata": {
                          "operationMetadataId": "0c57178e-5af1-4252-88d5-914c128a1da9"
                        },
                        "type": "If"
                      },
                      "Set_variable_4": {
                        "runAfter": {
                          "Set_userid_2": [
                            "Succeeded"
                          ]
                        },
                        "metadata": {
                          "operationMetadataId": "0041b841-6bf1-4ac8-90fe-750b385320dc"
                        },
                        "type": "SetVariable",
                        "inputs": {
                          "name": "hrLimit",
                          "value": "@outputs('Retrive_SAP_Employees_by_Hiring_Manager')?['body/value'][0].aia_approval_limit"
                        }
                      },
                      "Condition_3": {
                        "actions": {
                          "Add_Approval_Chain_Approver_3": {
                            "runAfter": {},
                            "metadata": {
                              "operationMetadataId": "20cdd397-1a07-4f4c-a301-0cc0ec061bcc"
                            },
                            "type": "OpenApiConnection",
                            "inputs": {
                              "host": {
                                "connectionName": "shared_commondataserviceforapps",
                                "operationId": "CreateRecord",
                                "apiId": "/providers/Microsoft.PowerApps/apis/shared_commondataserviceforapps"
                              },
                              "parameters": {
                                "entityName": "aia_approval_chain_approvers",
                                "item/aia_name": "@variables('vcmApproverIndex')",
                                "item/aia_approval_chain@odata.bind": "/aia_approval_chains(@{outputs('Add_Approval_Chain')?['body/aia_approval_chainid']})",
                                "item/aia_approver@odata.bind": "/systemusers(@{variables('userid')})"
                              },
                              "authentication": {
                                "type": "Raw",
                                "value": "@json(decodeBase64(triggerOutputs().headers['X-MS-APIM-Tokens']))['$ConnectionKey']"
                              }
                            }
                          },
                          "Increment_vcmApproverIndex_7": {
                            "runAfter": {
                              "Add_Approval_Chain_Approver_3": [
                                "Succeeded"
                              ]
                            },
                            "metadata": {
                              "operationMetadataId": "1bcfe35f-63ee-4961-bd01-3ad825f5d809"
                            },
                            "type": "IncrementVariable",
                            "inputs": {
                              "name": "vcmApproverIndex",
                              "value": 1
                            }
                          }
                        },
                        "runAfter": {
                          "Set_variable_4": [
                            "Succeeded"
                          ]
                        },
                        "else": {
                          "actions": {
                            "HR_Manager_Supervisor": {
                              "actions": {
                                "Condition": {
                                  "actions": {
                                    "Retrive_SAP_Employees_by_Hiring_Manager_Supervisor": {
                                      "runAfter": {},
                                      "metadata": {
                                        "operationMetadataId": "7417457f-7744-4b1d-ad6f-4279b60584e4"
                                      },
                                      "type": "OpenApiConnection",
                                      "inputs": {
                                        "host": {
                                          "connectionName": "shared_commondataserviceforapps",
                                          "operationId": "ListRecords",
                                          "apiId": "/providers/Microsoft.PowerApps/apis/shared_commondataserviceforapps"
                                        },
                                        "parameters": {
                                          "entityName": "aia_sap_employees",
                                          "$select": "aia_approval_grade,aia_approval_limit,aia_employee_grade,_aia_immediate_supervisor_value,_aia_user_value",
                                          "$filter": "_aia_user_value eq '@{variables('userid')}' and statecode eq 0",
                                          "$top": 1
                                        },
                                        "authentication": {
                                          "type": "Raw",
                                          "value": "@json(decodeBase64(triggerOutputs().headers['X-MS-APIM-Tokens']))['$ConnectionKey']"
                                        }
                                      }
                                    },
                                    "Apply_to_each_Add_Approver": {
                                      "foreach": "@outputs('Retrive_SAP_Employees_by_Hiring_Manager_Supervisor')?['body/value']",
                                      "actions": {
                                        "Condition_2": {
                                          "actions": {
                                            "Add_Approval_Chain_Approver_2": {
                                              "runAfter": {},
                                              "metadata": {
                                                "operationMetadataId": "20cdd397-1a07-4f4c-a301-0cc0ec061bcc"
                                              },
                                              "type": "OpenApiConnection",
                                              "inputs": {
                                                "host": {
                                                  "connectionName": "shared_commondataserviceforapps",
                                                  "operationId": "CreateRecord",
                                                  "apiId": "/providers/Microsoft.PowerApps/apis/shared_commondataserviceforapps"
                                                },
                                                "parameters": {
                                                  "entityName": "aia_approval_chain_approvers",
                                                  "item/aia_name": "@variables('vcmApproverIndex')",
                                                  "item/aia_approval_chain@odata.bind": "/aia_approval_chains(@{outputs('Add_Approval_Chain')?['body/aia_approval_chainid']})",
                                                  "item/aia_approver@odata.bind": "/systemusers(@{variables('userid')})"
                                                },
                                                "authentication": {
                                                  "type": "Raw",
                                                  "value": "@json(decodeBase64(triggerOutputs().headers['X-MS-APIM-Tokens']))['$ConnectionKey']"
                                                }
                                              }
                                            },
                                            "Increment_vcmApproverIndex_4": {
                                              "runAfter": {
                                                "Add_Approval_Chain_Approver_2": [
                                                  "Succeeded"
                                                ]
                                              },
                                              "metadata": {
                                                "operationMetadataId": "1bcfe35f-63ee-4961-bd01-3ad825f5d809"
                                              },
                                              "type": "IncrementVariable",
                                              "inputs": {
                                                "name": "vcmApproverIndex",
                                                "value": 1
                                              }
                                            },
                                            "Set_userid": {
                                              "runAfter": {
                                                "Increment_vcmApproverIndex_4": [
                                                  "Succeeded"
                                                ]
                                              },
                                              "metadata": {
                                                "operationMetadataId": "e00c828d-c325-4ff6-b364-285c99d9d1e4"
                                              },
                                              "type": "SetVariable",
                                              "inputs": {
                                                "name": "userid",
                                                "value": "@items('Apply_to_each_Add_Approver')['_aia_immediate_supervisor_value']"
                                              }
                                            },
                                            "Set_hrLimit": {
                                              "runAfter": {
                                                "Set_userid": [
                                                  "Succeeded"
                                                ]
                                              },
                                              "metadata": {
                                                "operationMetadataId": "168681bd-2e70-479a-85ed-3b45ea9029ee"
                                              },
                                              "type": "SetVariable",
                                              "inputs": {
                                                "name": "hrLimit",
                                                "value": "@items('Apply_to_each_Add_Approver')['aia_approval_limit']"
                                              }
                                            }
                                          },
                                          "runAfter": {},
                                          "else": {
                                            "actions": {
                                              "Set_variable_3": {
                                                "runAfter": {},
                                                "metadata": {
                                                  "operationMetadataId": "5cdbd9d7-1554-44a4-80a0-48c0ea38fa74"
                                                },
                                                "type": "SetVariable",
                                                "inputs": {
                                                  "name": "isApprovalLimitBlank",
                                                  "value": "@true"
                                                }
                                              },
                                              "Set_hrLimit__99_billion": {
                                                "runAfter": {
                                                  "Set_variable_3": [
                                                    "Succeeded"
                                                  ]
                                                },
                                                "metadata": {
                                                  "operationMetadataId": "168681bd-2e70-479a-85ed-3b45ea9029ee"
                                                },
                                                "type": "SetVariable",
                                                "inputs": {
                                                  "name": "hrLimit",
                                                  "value": 99999999999
                                                }
                                              }
                                            }
                                          },
                                          "expression": {
                                            "and": [
                                              {
                                                "not": {
                                                  "equals": [
                                                    "@equals(items('Apply_to_each_Add_Approver')?['_aia_immediate_supervisor_value'],null)",
                                                    true
                                                  ]
                                                }
                                              },
                                              {
                                                "not": {
                                                  "equals": [
                                                    "@equals(items('Apply_to_each_Add_Approver')?['aia_approval_limit'],null)",
                                                    true
                                                  ]
                                                }
                                              }
                                            ]
                                          },
                                          "metadata": {
                                            "operationMetadataId": "d2638fe2-f28c-4c43-b0af-9d4a0b0682d0"
                                          },
                                          "type": "If"
                                        }
                                      },
                                      "runAfter": {
                                        "Retrive_SAP_Employees_by_Hiring_Manager_Supervisor": [
                                          "Succeeded"
                                        ]
                                      },
                                      "metadata": {
                                        "operationMetadataId": "8efe00b7-8e9a-4b78-861e-2199ca7bdd8a"
                                      },
                                      "type": "Foreach"
                                    }
                                  },
                                  "runAfter": {},
                                  "expression": {
                                    "equals": [
                                      "@variables('isApprovalLimitBlank')",
                                      "@false"
                                    ]
                                  },
                                  "metadata": {
                                    "operationMetadataId": "15dc66d9-a600-46e5-b0e8-e251d1412c5e"
                                  },
                                  "type": "If"
                                }
                              },
                              "runAfter": {},
                              "expression": "@greater(variables('hrLimit'), outputs('Get_Request_and_Cost_Allocation__By_ID_')?['body/aia_estimated_contract_value_in_usd'])",
                              "limit": {
                                "count": 60,
                                "timeout": "PT1H"
                              },
                              "metadata": {
                                "operationMetadataId": "84ea7716-5b88-4f8b-acf3-af77098d6571"
                              },
                              "type": "Until"
                            }
                          }
                        },
                        "expression": {
                          "greater": [
                            "@variables('hrLimit')",
                            "@outputs('Get_Request_and_Cost_Allocation__By_ID_')?['body/aia_estimated_contract_value_in_usd']"
                          ]
                        },
                        "metadata": {
                          "operationMetadataId": "b749a473-8e02-4f45-a5ee-e1ca11e8a0f1"
                        },
                        "type": "If"
                      }
                    },
                    "runAfter": {
                      "Immediate_Supervisor_not_null": [
                        "Succeeded"
                      ]
                    },
                    "else": {
                      "actions": {
                        "Set_BlankAndStop_2": {
                          "runAfter": {},
                          "metadata": {
                            "operationMetadataId": "c4e4a242-3df0-4b25-950a-9eb6bba5c5a4"
                          },
                          "type": "SetVariable",
                          "inputs": {
                            "name": "isApprovalLimitBlank",
                            "value": "@true"
                          }
                        }
                      }
                    },
                    "expression": {
                      "equals": [
                        "@outputs('Immediate_Supervisor_not_null')",
                        "@true"
                      ]
                    },
                    "metadata": {
                      "operationMetadataId": "85429c57-ba1d-479f-b900-176bcd32cef5"
                    },
                    "type": "If"
                  }
                },
                "runAfter": {
                  "SAP_Employees_Exists": [
                    "Succeeded"
                  ]
                },
                "else": {
                  "actions": {
                    "set_isBlankAndStop_1": {
                      "runAfter": {},
                      "metadata": {
                        "operationMetadataId": "51223fe3-a9f8-4738-bfb4-20871dba4088"
                      },
                      "type": "SetVariable",
                      "inputs": {
                        "name": "isApprovalLimitBlank",
                        "value": "@true"
                      }
                    }
                  }
                },
                "expression": {
                  "and": [
                    {
                      "equals": [
                        "@outputs('SAP_Employees_Exists')",
                        "@true"
                      ]
                    },
                    {
                      "contains": [
                        "@first(outputs('Retrive_SAP_Employees_by_Hiring_Manager')?['body/value'])",
                        "_aia_immediate_supervisor_value"
                      ]
                    }
                  ]
                },
                "metadata": {
                  "operationMetadataId": "a6e2536d-ee67-4fc9-b2e6-0dd58d054b41"
                },
                "type": "If"
              },
              "SAP_Employees_Exists": {
                "runAfter": {
                  "Retrive_SAP_Employees_by_Hiring_Manager": [
                    "Succeeded"
                  ]
                },
                "metadata": {
                  "operationMetadataId": "80501909-7fac-4e3a-a8b6-a222ed8bc320"
                },
                "type": "Compose",
                "inputs": "@greater(length(outputs('Retrive_SAP_Employees_by_Hiring_Manager')?['body/value']),0) "
              },
              "Retrive_SAP_Employees_by_Hiring_Manager": {
                "runAfter": {
                  "Check_Legal_Entity_equal_SSHK": [
                    "Succeeded"
                  ]
                },
                "metadata": {
                  "operationMetadataId": "7417457f-7744-4b1d-ad6f-4279b60584e4"
                },
                "type": "OpenApiConnection",
                "inputs": {
                  "host": {
                    "connectionName": "shared_commondataserviceforapps",
                    "operationId": "ListRecords",
                    "apiId": "/providers/Microsoft.PowerApps/apis/shared_commondataserviceforapps"
                  },
                  "parameters": {
                    "entityName": "aia_sap_employees",
                    "$select": "aia_approval_grade,aia_approval_limit,aia_employee_grade,_aia_immediate_supervisor_value,_aia_user_value",
                    "$filter": "_aia_user_value eq '@{variables('userid')}' and statecode eq 0",
                    "$top": 1
                  },
                  "authentication": {
                    "type": "Raw",
                    "value": "@json(decodeBase64(triggerOutputs().headers['X-MS-APIM-Tokens']))['$ConnectionKey']"
                  }
                }
              },
              "Check_Legal_Entity_equal_SSHK": {
                "actions": {
                  "VCM_Team_teamid": {
                    "runAfter": {
                      "Increment_vcmApproverIndex_3": [
                        "Succeeded"
                      ]
                    },
                    "metadata": {
                      "operationMetadataId": "474e0d5c-fef5-4538-946c-9fa969572308"
                    },
                    "type": "Workflow",
                    "inputs": {
                      "host": {
                        "workflowReferenceName": "cb8c7cef-6161-ec11-8f8f-000d3a80eca3"
                      },
                      "body": {
                        "text": "VCM_Team_teamid"
                      }
                    }
                  },
                  "Add_Approval_Chain_Approver_VCM_Team": {
                    "runAfter": {
                      "VCM_Team_teamid": [
                        "Succeeded"
                      ]
                    },
                    "metadata": {
                      "operationMetadataId": "20cdd397-1a07-4f4c-a301-0cc0ec061bcc"
                    },
                    "type": "OpenApiConnection",
                    "inputs": {
                      "host": {
                        "connectionName": "shared_commondataserviceforapps",
                        "operationId": "CreateRecord",
                        "apiId": "/providers/Microsoft.PowerApps/apis/shared_commondataserviceforapps"
                      },
                      "parameters": {
                        "entityName": "aia_approval_chain_approvers",
                        "item/aia_name": "@variables('vcmApproverIndex')",
                        "item/aia_approval_chain@odata.bind": "/aia_approval_chains(@{outputs('Add_Approval_Chain')?['body/aia_approval_chainid']})",
                        "item/aia_approval_team@odata.bind": "/teams(@{body('VCM_Team_teamid')?['result']})"
                      },
                      "authentication": {
                        "type": "Raw",
                        "value": "@json(decodeBase64(triggerOutputs().headers['X-MS-APIM-Tokens']))['$ConnectionKey']"
                      }
                    }
                  },
                  "Retrieve_Head_of_Group_IT_Finance_from_configuration_table": {
                    "runAfter": {},
                    "metadata": {
                      "operationMetadataId": "2d8bf757-bebc-4163-b76f-9e264cb10d6b"
                    },
                    "type": "Workflow",
                    "inputs": {
                      "host": {
                        "workflowReferenceName": "cb8c7cef-6161-ec11-8f8f-000d3a80eca3"
                      },
                      "body": {
                        "text": "Head_of_Group_IT_Finance"
                      }
                    }
                  },
                  "Add_Approval_Chain_Approver_Head_of_Group_IT_Finance": {
                    "runAfter": {
                      "Retrieve_Head_of_Group_IT_Finance_by_user_email": [
                        "Succeeded"
                      ]
                    },
                    "metadata": {
                      "operationMetadataId": "20cdd397-1a07-4f4c-a301-0cc0ec061bcc"
                    },
                    "type": "OpenApiConnection",
                    "inputs": {
                      "host": {
                        "connectionName": "shared_commondataserviceforapps",
                        "operationId": "CreateRecord",
                        "apiId": "/providers/Microsoft.PowerApps/apis/shared_commondataserviceforapps"
                      },
                      "parameters": {
                        "entityName": "aia_approval_chain_approvers",
                        "item/aia_name": "@variables('vcmApproverIndex')",
                        "item/aia_approval_chain@odata.bind": "/aia_approval_chains(@{outputs('Add_Approval_Chain')?['body/aia_approval_chainid']})",
                        "item/aia_approver@odata.bind": "/systemusers(@{first(outputs('Retrieve_Head_of_Group_IT_Finance_by_user_email')?['body/value'])['systemuserid']})"
                      },
                      "authentication": {
                        "type": "Raw",
                        "value": "@json(decodeBase64(triggerOutputs().headers['X-MS-APIM-Tokens']))['$ConnectionKey']"
                      }
                    }
                  },
                  "Retrieve_Head_of_Group_IT_Finance_by_user_email": {
                    "runAfter": {
                      "Retrieve_Head_of_Group_IT_Finance_from_configuration_table": [
                        "Succeeded"
                      ]
                    },
                    "metadata": {
                      "operationMetadataId": "2f9b89a5-72b6-4444-b8aa-4a96aeb20b07"
                    },
                    "type": "OpenApiConnection",
                    "inputs": {
                      "host": {
                        "connectionName": "shared_commondataserviceforapps",
                        "operationId": "ListRecords",
                        "apiId": "/providers/Microsoft.PowerApps/apis/shared_commondataserviceforapps"
                      },
                      "parameters": {
                        "entityName": "systemusers",
                        "$filter": "internalemailaddress eq '@{body('Retrieve_Head_of_Group_IT_Finance_from_configuration_table')?['result']}'"
                      },
                      "authentication": {
                        "type": "Raw",
                        "value": "@json(decodeBase64(triggerOutputs().headers['X-MS-APIM-Tokens']))['$ConnectionKey']"
                      }
                    }
                  },
                  "Increment_vcmApproverIndex_3": {
                    "runAfter": {
                      "Add_Approval_Chain_Approver_Head_of_Group_IT_Finance": [
                        "Succeeded"
                      ]
                    },
                    "metadata": {
                      "operationMetadataId": "1bcfe35f-63ee-4961-bd01-3ad825f5d809"
                    },
                    "type": "IncrementVariable",
                    "inputs": {
                      "name": "vcmApproverIndex",
                      "value": 1
                    }
                  },
                  "Increment_vcmApproverIndex": {
                    "runAfter": {
                      "Add_Approval_Chain_Approver_VCM_Team": [
                        "Succeeded"
                      ]
                    },
                    "metadata": {
                      "operationMetadataId": "1bcfe35f-63ee-4961-bd01-3ad825f5d809"
                    },
                    "type": "IncrementVariable",
                    "inputs": {
                      "name": "vcmApproverIndex",
                      "value": 1
                    }
                  }
                },
                "runAfter": {
                  "check_hiring_manager_equal_requestor": [
                    "Succeeded"
                  ]
                },
                "expression": {
                  "equals": [
                    "@outputs('Get_Request_and_Cost_Allocation__By_ID_')?['body/aia_aia_contracting_entity']",
                    1
                  ]
                },
                "metadata": {
                  "operationMetadataId": "a954b295-938d-4acc-9667-e5fa0d161a0f"
                },
                "type": "If"
              },
              "check_hiring_manager_equal_requestor": {
                "actions": {},
                "runAfter": {
                  "Add_Approval_Chain": [
                    "Succeeded"
                  ]
                },
                "else": {
                  "actions": {
                    "Add_Approval_Chain_Approver": {
                      "runAfter": {},
                      "metadata": {
                        "operationMetadataId": "20cdd397-1a07-4f4c-a301-0cc0ec061bcc"
                      },
                      "type": "OpenApiConnection",
                      "inputs": {
                        "host": {
                          "connectionName": "shared_commondataserviceforapps",
                          "operationId": "CreateRecord",
                          "apiId": "/providers/Microsoft.PowerApps/apis/shared_commondataserviceforapps"
                        },
                        "parameters": {
                          "entityName": "aia_approval_chain_approvers",
                          "item/aia_name": "@variables('vcmApproverIndex')",
                          "item/aia_approval_chain@odata.bind": "/aia_approval_chains(@{outputs('Add_Approval_Chain')?['body/aia_approval_chainid']})",
                          "item/aia_approver@odata.bind": "/systemusers(@{outputs('Get_Request_and_Cost_Allocation__By_ID_')?['body/_aia_hiring_manager_value']})"
                        },
                        "authentication": {
                          "type": "Raw",
                          "value": "@json(decodeBase64(triggerOutputs().headers['X-MS-APIM-Tokens']))['$ConnectionKey']"
                        }
                      }
                    },
                    "Increment_vcmApproverIndex_2": {
                      "runAfter": {
                        "Add_Approval_Chain_Approver": [
                          "Succeeded"
                        ]
                      },
                      "metadata": {
                        "operationMetadataId": "1bcfe35f-63ee-4961-bd01-3ad825f5d809"
                      },
                      "type": "IncrementVariable",
                      "inputs": {
                        "name": "vcmApproverIndex",
                        "value": 1
                      }
                    }
                  }
                },
                "expression": {
                  "equals": [
                    "@outputs('Get_Request_and_Cost_Allocation__By_ID_')?['body/_aia_hiring_manager_value']",
                    "@outputs('Get_Request_and_Cost_Allocation__By_ID_')?['body/_aia_requestor_value']"
                  ]
                },
                "metadata": {
                  "operationMetadataId": "3af15d0c-7407-40ca-b5a2-51caf2f45c3f"
                },
                "type": "If"
              },
              "Add_Approval_Chain": {
                "runAfter": {},
                "metadata": {
                  "operationMetadataId": "9bf74fcb-6998-4878-8ca2-da2e6de69bfd"
                },
                "type": "OpenApiConnection",
                "inputs": {
                  "host": {
                    "connectionName": "shared_commondataserviceforapps",
                    "operationId": "CreateRecord",
                    "apiId": "/providers/Microsoft.PowerApps/apis/shared_commondataserviceforapps"
                  },
                  "parameters": {
                    "entityName": "aia_approval_chains",
                    "item/aia_name": "Approval Chains @{variables('approvalChainIndex')}",
                    "item/aia_approval_chain_status": 0,
                    "item/aia_roa@odata.bind": "/aia_roas(@{triggerBody()['text']})"
                  },
                  "authentication": {
                    "type": "Raw",
                    "value": "@json(decodeBase64(triggerOutputs().headers['X-MS-APIM-Tokens']))['$ConnectionKey']"
                  }
                }
              },
              "AIA_|_ROA_Approve_Chain_Approver_Duplication_Detection": {
                "runAfter": {
                  "Check_Data_Exists": [
                    "Succeeded"
                  ]
                },
                "metadata": {
                  "operationMetadataId": "5fd48b48-c37a-4243-ae8e-759c3fca6b82"
                },
                "type": "Workflow",
                "inputs": {
                  "host": {
                    "workflowReferenceName": "f73b7730-b590-ed11-aad0-0022485672d2"
                  },
                  "body": {
                    "text": "@outputs('Add_Approval_Chain')?['body/aia_approval_chainid']"
                  }
                }
              }
            }
          },
          "expression": {
            "equals": [
              "@variables('isAllCostAllocationStartwithR1')",
              "@true"
            ]
          },
          "metadata": {
            "operationMetadataId": "e479157d-58b1-4d7d-b40b-5d9a9dab9936"
          },
          "type": "If"
        },
        "Initialize_hrLimit": {
          "runAfter": {
            "Initialize_isAllCostAllocationStartwithR1": [
              "Succeeded"
            ]
          },
          "metadata": {
            "operationMetadataId": "d39dbdb2-5448-40fd-b524-d8cb86175a8e"
          },
          "type": "InitializeVariable",
          "inputs": {
            "variables": [
              {
                "name": "hrLimit",
                "type": "float",
                "value": 0
              }
            ]
          }
        },
        "Initialize_userid": {
          "runAfter": {
            "Initialize_hrLimit": [
              "Succeeded"
            ]
          },
          "metadata": {
            "operationMetadataId": "3f7338e6-1bc1-4be6-bf63-5b62401861db"
          },
          "type": "InitializeVariable",
          "inputs": {
            "variables": [
              {
                "name": "userid",
                "type": "string",
                "value": "@outputs('Get_Request_and_Cost_Allocation__By_ID_')?['body/_aia_hiring_manager_value']"
              }
            ]
          }
        },
        "Respond_to_a_PowerApp_or_flow": {
          "runAfter": {
            "check_isAllCostAllocationStartwithR1_equal_true": [
              "Succeeded"
            ]
          },
          "metadata": {
            "operationMetadataId": "bee32ba4-7a3a-4bef-b446-3d755eb7d380"
          },
          "type": "Response",
          "kind": "PowerApp",
          "inputs": {
            "statusCode": 200,
            "body": {
              "resoult": "200",
              "isapprovallimitblank": "@{string(variables('isApprovalLimitBlank'))}"
            },
            "schema": {
              "type": "object",
              "properties": {
                "resoult": {
                  "title": "resoult",
                  "x-ms-dynamically-added": true,
                  "type": "string"
                },
                "isapprovallimitblank": {
                  "title": "isApprovalLimitBlank",
                  "x-ms-dynamically-added": true,
                  "type": "string"
                }
              }
            }
          }
        },
        "isApprovalLimitBlank": {
          "runAfter": {
            "Initialize_userid": [
              "Succeeded"
            ]
          },
          "metadata": {
            "operationMetadataId": "0fc8e326-311c-470a-ac7b-f09025de85bf"
          },
          "type": "InitializeVariable",
          "inputs": {
            "variables": [
              {
                "name": "isApprovalLimitBlank",
                "type": "boolean",
                "value": "@false"
              }
            ]
          }
        }
      }
    },
    "templateName": ""
  },
  "schemaVersion": "1.0.0.0"
}