{
  "properties": {
    "connectionReferences": {
      "shared_commondataserviceforapps": {
        "runtimeSource": "embedded",
        "connection": {
          "connectionReferenceLogicalName": "aia_sharedcommondataserviceforapps_dba9d"
        },
        "api": {
          "name": "shared_commondataserviceforapps"
        }
      }
    },
    "definition": {
      "$schema": "https://schema.management.azure.com/providers/Microsoft.Logic/schemas/2016-06-01/workflowdefinition.json#",
      "contentVersion": "1.0.0.0",
      "parameters": {
        "$connections": {
          "defaultValue": {},
          "type": "Object"
        },
        "$authentication": {
          "defaultValue": {},
          "type": "SecureObject"
        }
      },
      "triggers": {
        "manual": {
          "metadata": {
            "operationMetadataId": "14409d1e-ca72-498f-b3ce-0af2c871bbb2"
          },
          "type": "Request",
          "kind": "Button",
          "inputs": {
            "schema": {
              "type": "object",
              "properties": {
                "text": {
                  "title": "ApprovalChainId",
                  "type": "string",
                  "x-ms-dynamically-added": true,
                  "description": "Please enter your input",
                  "x-ms-content-hint": "TEXT"
                }
              },
              "required": [
                "text"
              ]
            }
          }
        }
      },
      "actions": {
        "Get_approver_list_by_approve_chain_id": {
          "runAfter": {},
          "metadata": {
            "operationMetadataId": "4e32c4b1-3073-4887-a8a2-bfcaf6d92941"
          },
          "type": "OpenApiConnection",
          "inputs": {
            "host": {
              "connectionName": "shared_commondataserviceforapps",
              "operationId": "ListRecords",
              "apiId": "/providers/Microsoft.PowerApps/apis/shared_commondataserviceforapps"
            },
            "parameters": {
              "entityName": "aia_approval_chain_approvers",
              "fetchXml": "<fetch top=\"50\">\n  <entity name=\"aia_approval_chain_approver\">\n    <attribute name=\"aia_approval_team\" />\n    <attribute name=\"statecode\" />\n    <attribute name=\"aia_approval_chain\" />\n    <attribute name=\"aia_approver_name\" />\n    <attribute name=\"aia_approval_chain_approverid\" />\n    <attribute name=\"aia_approver\" />\n    <attribute name=\"aia_name\" />\n    <filter>\n      <condition attribute=\"aia_approval_chain\" operator=\"eq\" value=\"@{triggerBody()['text']}\" />\n      <condition attribute=\"statecode\" operator=\"eq\" value=\"0\" />\n    </filter>\n    <order attribute=\"aia_name\" />\n  </entity>\n</fetch>"
            },
            "authentication": {
              "type": "Raw",
              "value": "@json(decodeBase64(triggerOutputs().headers['X-MS-APIM-Tokens']))['$ConnectionKey']"
            }
          }
        },
        "Apply_all_approval_chain_approver": {
          "foreach": "@outputs('Get_approver_list_by_approve_chain_id')?['body/value']",
          "actions": {
            "If_user_is_processed_or_not": {
              "actions": {
                "Append_user_id_to_processed_approver_array": {
                  "runAfter": {},
                  "metadata": {
                    "operationMetadataId": "d166fe88-f3a7-4539-bbac-76a144a6c06e"
                  },
                  "type": "AppendToArrayVariable",
                  "inputs": {
                    "name": "ProcessedApproverId",
                    "value": "@items('Apply_all_approval_chain_approver')?['_aia_approver_value']"
                  }
                },
                "Get_duplicate_user_list_by_user_id": {
                  "runAfter": {
                    "Append_user_id_to_processed_approver_array": [
                      "Succeeded"
                    ]
                  },
                  "metadata": {
                    "operationMetadataId": "5646000e-6b13-4274-b18b-56f23007e941"
                  },
                  "type": "OpenApiConnection",
                  "inputs": {
                    "host": {
                      "connectionName": "shared_commondataserviceforapps",
                      "operationId": "ListRecords",
                      "apiId": "/providers/Microsoft.PowerApps/apis/shared_commondataserviceforapps"
                    },
                    "parameters": {
                      "entityName": "aia_approval_chain_approvers",
                      "fetchXml": "<fetch top=\"50\">\n  <entity name=\"aia_approval_chain_approver\">\n    <attribute name=\"aia_approval_team\" />\n    <attribute name=\"statecode\" />\n    <attribute name=\"aia_approval_chain\" />\n    <attribute name=\"aia_approver_name\" />\n    <attribute name=\"aia_approval_chain_approverid\" />\n    <attribute name=\"aia_approver\" />\n    <attribute name=\"aia_name\" />\n    <filter>\n      <condition attribute=\"aia_approval_chain\" operator=\"eq\" value=\"@{triggerBody()['text']}\" />\n      <condition attribute=\"statecode\" operator=\"eq\" value=\"0\" />\n      <condition attribute=\"aia_approver\" operator=\"eq\" value=\"@{items('Apply_all_approval_chain_approver')?['_aia_approver_value']}\" />\n      <condition attribute=\"aia_approval_chain_approverid\" operator=\"ne\" value=\"@{items('Apply_all_approval_chain_approver')?['aia_approval_chain_approverid']}\" />\n    </filter>\n    <order attribute=\"aia_name\" />\n  </entity>\n</fetch>"
                    },
                    "authentication": {
                      "type": "Raw",
                      "value": "@json(decodeBase64(triggerOutputs().headers['X-MS-APIM-Tokens']))['$ConnectionKey']"
                    }
                  }
                },
                "Apply_all_duplicate_user": {
                  "foreach": "@outputs('Get_duplicate_user_list_by_user_id')?['body/value']",
                  "actions": {
                    "Update_approver_user_state_code_to_inactive": {
                      "runAfter": {},
                      "metadata": {
                        "operationMetadataId": "fb1872a3-922d-4cbc-9c1a-9fcc6c743ed1"
                      },
                      "type": "OpenApiConnection",
                      "inputs": {
                        "host": {
                          "connectionName": "shared_commondataserviceforapps",
                          "operationId": "UpdateRecord",
                          "apiId": "/providers/Microsoft.PowerApps/apis/shared_commondataserviceforapps"
                        },
                        "parameters": {
                          "entityName": "aia_approval_chain_approvers",
                          "recordId": "@items('Apply_all_duplicate_user')?['aia_approval_chain_approverid']",
                          "item/statecode": 1
                        },
                        "authentication": {
                          "type": "Raw",
                          "value": "@json(decodeBase64(triggerOutputs().headers['X-MS-APIM-Tokens']))['$ConnectionKey']"
                        }
                      }
                    }
                  },
                  "runAfter": {
                    "Get_duplicate_user_list_by_user_id": [
                      "Succeeded"
                    ]
                  },
                  "metadata": {
                    "operationMetadataId": "9b37b3e4-56d3-4346-bc64-3cf2cfa7c1f9"
                  },
                  "type": "Foreach"
                }
              },
              "runAfter": {},
              "expression": {
                "and": [
                  {
                    "equals": [
                      "@not(empty(items('Apply_all_approval_chain_approver')?['_aia_approver_value']))",
                      true
                    ]
                  },
                  {
                    "not": {
                      "contains": [
                        "@variables('ProcessedApproverId')",
                        "@items('Apply_all_approval_chain_approver')?['_aia_approver_value']"
                      ]
                    }
                  }
                ]
              },
              "metadata": {
                "operationMetadataId": "83576c8d-f5ad-4d53-9c70-fc1e5212b413"
              },
              "type": "If"
            },
            "If_team_is_processed_or_not": {
              "actions": {
                "Append_team_id_to_processed_approver_array": {
                  "runAfter": {},
                  "metadata": {
                    "operationMetadataId": "ff1f327c-361e-42b9-8b32-6417e4ff0a90"
                  },
                  "type": "AppendToArrayVariable",
                  "inputs": {
                    "name": "ProcessedApproverId",
                    "value": "@items('Apply_all_approval_chain_approver')?['_aia_approval_team_value']"
                  }
                },
                "Get_duplicate_team_list_by_team_id": {
                  "runAfter": {
                    "Append_team_id_to_processed_approver_array": [
                      "Succeeded"
                    ]
                  },
                  "metadata": {
                    "operationMetadataId": "c305a845-4a56-464f-a99b-e9ecf10124c2"
                  },
                  "type": "OpenApiConnection",
                  "inputs": {
                    "host": {
                      "connectionName": "shared_commondataserviceforapps",
                      "operationId": "ListRecords",
                      "apiId": "/providers/Microsoft.PowerApps/apis/shared_commondataserviceforapps"
                    },
                    "parameters": {
                      "entityName": "aia_approval_chain_approvers",
                      "fetchXml": "<fetch top=\"50\">\n  <entity name=\"aia_approval_chain_approver\">\n    <attribute name=\"aia_approval_team\" />\n    <attribute name=\"statecode\" />\n    <attribute name=\"aia_approval_chain\" />\n    <attribute name=\"aia_approver_name\" />\n    <attribute name=\"aia_approval_chain_approverid\" />\n    <attribute name=\"aia_approver\" />\n    <attribute name=\"aia_name\" />\n    <filter>\n      <condition attribute=\"aia_approval_chain\" operator=\"eq\" value=\"@{triggerBody()['text']}\" />\n      <condition attribute=\"statecode\" operator=\"eq\" value=\"0\" />\n      <condition attribute=\"aia_approval_team\" operator=\"eq\" value=\"@{items('Apply_all_approval_chain_approver')?['_aia_approval_team_value']}\" />\n      <condition attribute=\"aia_approval_chain_approverid\" operator=\"ne\" value=\"@{items('Apply_all_approval_chain_approver')?['aia_approval_chain_approverid']}\" />\n    </filter>\n    <order attribute=\"aia_name\" />\n  </entity>\n</fetch>"
                    },
                    "authentication": {
                      "type": "Raw",
                      "value": "@json(decodeBase64(triggerOutputs().headers['X-MS-APIM-Tokens']))['$ConnectionKey']"
                    }
                  }
                },
                "Apply_all_duplicate_team": {
                  "foreach": "@outputs('Get_duplicate_team_list_by_team_id')?['body/value']",
                  "actions": {
                    "Update_approver_team_state_code_to_inactive": {
                      "runAfter": {},
                      "metadata": {
                        "operationMetadataId": "be3ae67f-f66d-4dff-9f50-e48261a34b0a"
                      },
                      "type": "OpenApiConnection",
                      "inputs": {
                        "host": {
                          "connectionName": "shared_commondataserviceforapps",
                          "operationId": "UpdateRecord",
                          "apiId": "/providers/Microsoft.PowerApps/apis/shared_commondataserviceforapps"
                        },
                        "parameters": {
                          "entityName": "aia_approval_chain_approvers",
                          "recordId": "@items('Apply_all_duplicate_team')?['aia_approval_chain_approverid']",
                          "item/statecode": 1
                        },
                        "authentication": {
                          "type": "Raw",
                          "value": "@json(decodeBase64(triggerOutputs().headers['X-MS-APIM-Tokens']))['$ConnectionKey']"
                        }
                      }
                    }
                  },
                  "runAfter": {
                    "Get_duplicate_team_list_by_team_id": [
                      "Succeeded"
                    ]
                  },
                  "metadata": {
                    "operationMetadataId": "3491ad50-dad6-4be8-b88a-bbca193d8fa0"
                  },
                  "type": "Foreach"
                }
              },
              "runAfter": {
                "If_user_is_processed_or_not": [
                  "Succeeded"
                ]
              },
              "expression": {
                "and": [
                  {
                    "equals": [
                      "@not(empty(items('Apply_all_approval_chain_approver')?['_aia_approval_team_value']))",
                      true
                    ]
                  },
                  {
                    "not": {
                      "contains": [
                        "@variables('ProcessedApproverId')",
                        "@items('Apply_all_approval_chain_approver')?['_aia_approval_team_value']"
                      ]
                    }
                  }
                ]
              },
              "metadata": {
                "operationMetadataId": "1b2152da-c741-49c3-8ccd-0429ab3d1a12"
              },
              "type": "If"
            }
          },
          "runAfter": {
            "Processed_approver_id": [
              "Succeeded"
            ]
          },
          "metadata": {
            "operationMetadataId": "3973d67d-1040-4e80-a56f-a9582b5dcd55"
          },
          "type": "Foreach"
        },
        "Processed_approver_id": {
          "runAfter": {
            "Get_approver_list_by_approve_chain_id": [
              "Succeeded"
            ]
          },
          "metadata": {
            "operationMetadataId": "f745378c-4872-4f28-970c-aa9ac43157be"
          },
          "type": "InitializeVariable",
          "inputs": {
            "variables": [
              {
                "name": "ProcessedApproverId",
                "type": "array"
              }
            ]
          }
        },
        "Respond_to_a_PowerApp_or_flow": {
          "runAfter": {
            "Apply_all_approval_chain_approver": [
              "Succeeded"
            ]
          },
          "metadata": {
            "operationMetadataId": "0d4dc58a-9e17-42d1-aa0a-85ea8d83620e"
          },
          "type": "Response",
          "kind": "PowerApp",
          "inputs": {
            "statusCode": 200,
            "body": {
              "result": "success"
            },
            "schema": {
              "type": "object",
              "properties": {
                "result": {
                  "title": "Result",
                  "x-ms-dynamically-added": true,
                  "type": "string"
                }
              }
            }
          }
        }
      },
      "outputs": {}
    },
    "templateName": ""
  },
  "schemaVersion": "1.0.0.0"
}