{
  "properties": {
    "connectionReferences": {
      "shared_commondataserviceforapps_1": {
        "runtimeSource": "embedded",
        "connection": {
          "connectionReferenceLogicalName": "aia_sharedcommondataserviceforapps_1c6db"
        },
        "api": {
          "name": "shared_commondataserviceforapps"
        }
      },
      "shared_commondataserviceforapps": {
        "runtimeSource": "embedded",
        "connection": {
          "connectionReferenceLogicalName": "aia_sharedcommondataserviceforapps_dba9d"
        },
        "api": {
          "name": "shared_commondataserviceforapps"
        }
      }
    },
    "definition": {
      "$schema": "https://schema.management.azure.com/providers/Microsoft.Logic/schemas/2016-06-01/workflowdefinition.json#",
      "contentVersion": "1.0.0.0",
      "parameters": {
        "$connections": {
          "defaultValue": {},
          "type": "Object"
        },
        "$authentication": {
          "defaultValue": {},
          "type": "SecureObject"
        }
      },
      "triggers": {
        "When_a_row_is_added,_modified_or_deleted": {
          "metadata": {
            "operationMetadataId": "bb565ec8-4ef0-4cc7-940d-436cfd9b6692"
          },
          "type": "OpenApiConnectionWebhook",
          "inputs": {
            "host": {
              "connectionName": "shared_commondataserviceforapps",
              "operationId": "SubscribeWebhookTrigger",
              "apiId": "/providers/Microsoft.PowerApps/apis/shared_commondataserviceforapps"
            },
            "parameters": {
              "subscriptionRequest/message": 3,
              "subscriptionRequest/entityname": "aia_s2c_sourcingrequest",
              "subscriptionRequest/scope": 4,
              "subscriptionRequest/filteringattributes": "aia_requeststatus",
              "subscriptionRequest/filterexpression": "aia_requeststatus eq 914710011 or aia_requeststatus eq 914710003"
            },
            "authentication": "@parameters('$authentication')"
          }
        }
      },
      "actions": {
        "Find_Upsert_Approval_Log": {
          "runAfter": {},
          "metadata": {
            "operationMetadataId": "7e10c597-7a47-4e44-9839-d15cfd907ffb"
          },
          "type": "OpenApiConnection",
          "inputs": {
            "host": {
              "connectionName": "shared_commondataserviceforapps_1",
              "operationId": "ListRecords",
              "apiId": "/providers/Microsoft.PowerApps/apis/shared_commondataserviceforapps"
            },
            "parameters": {
              "entityName": "aia_upsertapprovallogs",
              "fetchXml": "<fetch top=\"1\">\n  <entity name=\"aia_upsertapprovallog\">\n    <attribute name=\"aia_upsertapprovallogid\" />\n    <filter>\n      <condition attribute=\"aia_sourcing_request\" operator=\"eq\" value=\"@{triggerOutputs()?['body/aia_s2c_sourcingrequestid']}\" />\n      <condition attribute=\"aia_upsert_status\" operator=\"in\">\n        <value>914710000</value>\n        <value>914710003</value>\n      </condition>\n      <condition attribute=\"statuscode\" operator=\"eq\" value=\"1\" />\n    </filter>\n  </entity>\n</fetch>"
            },
            "authentication": "@parameters('$authentication')"
          }
        },
        "Condition": {
          "actions": {
            "Update_Souring_Request_Status_is_Pending_Approval_and_Complete": {
              "runAfter": {},
              "metadata": {
                "operationMetadataId": "c79dfd1b-bbb6-4f65-9d6b-5c2bc1fa054b"
              },
              "type": "Workflow",
              "inputs": {
                "host": {
                  "workflowReferenceName": "c174bf1a-79ae-ed11-83ff-002248593e63"
                },
                "body": {
                  "text": "@triggerOutputs()?['body/aia_s2c_sourcingrequestid']"
                },
                "retryPolicy": {
                  "type": "none"
                }
              }
            }
          },
          "runAfter": {
            "Find_Upsert_Approval_Log": [
              "Succeeded"
            ]
          },
          "expression": {
            "lessOrEquals": [
              "@length(outputs('Find_Upsert_Approval_Log')?['body/value'])",
              0
            ]
          },
          "metadata": {
            "operationMetadataId": "e5e0cd05-fe1a-41ec-af98-510a3c5c668e"
          },
          "type": "If"
        }
      }
    },
    "templateName": ""
  },
  "schemaVersion": "1.0.0.0"
}