{
  "properties": {
    "connectionReferences": {
      "shared_commondataserviceforapps_1": {
        "runtimeSource": "embedded",
        "connection": {
          "connectionReferenceLogicalName": "aia_sharedcommondataserviceforapps_1c6db"
        },
        "api": {
          "name": "shared_commondataserviceforapps"
        }
      }
    },
    "definition": {
      "$schema": "https://schema.management.azure.com/providers/Microsoft.Logic/schemas/2016-06-01/workflowdefinition.json#",
      "contentVersion": "1.0.0.0",
      "parameters": {
        "$connections": {
          "defaultValue": {},
          "type": "Object"
        },
        "$authentication": {
          "defaultValue": {},
          "type": "SecureObject"
        }
      },
      "triggers": {
        "manual": {
          "metadata": {
            "operationMetadataId": "176e9d42-d807-42cc-8bc9-59672a32473d"
          },
          "type": "Request",
          "kind": "Button",
          "inputs": {
            "schema": {
              "type": "object",
              "properties": {
                "text": {
                  "title": "S2CApprovalGuid",
                  "type": "string",
                  "x-ms-dynamically-added": true,
                  "description": "Please enter your input",
                  "x-ms-content-hint": "TEXT"
                },
                "text_1": {
                  "title": "ApprovalMemberGuid",
                  "type": "string",
                  "x-ms-dynamically-added": true,
                  "description": "Please enter your input",
                  "x-ms-content-hint": "TEXT"
                },
                "text_2": {
                  "title": "IsApprovalMemberTrigger",
                  "type": "string",
                  "x-ms-dynamically-added": true,
                  "description": "Please enter your input",
                  "x-ms-content-hint": "TEXT"
                }
              },
              "required": [
                "text",
                "text_1",
                "text_2"
              ]
            }
          }
        }
      },
      "actions": {
        "Retrieve_approval_matrix_by_id": {
          "runAfter": {},
          "metadata": {
            "operationMetadataId": "7346cd78-7ced-41ed-9871-1eb1b02fb724"
          },
          "type": "OpenApiConnection",
          "inputs": {
            "host": {
              "connectionName": "shared_commondataserviceforapps_1",
              "operationId": "GetItem",
              "apiId": "/providers/Microsoft.PowerApps/apis/shared_commondataserviceforapps"
            },
            "parameters": {
              "entityName": "aia_s2c_approvals",
              "recordId": "@triggerBody()['text']"
            },
            "authentication": {
              "type": "Raw",
              "value": "@json(decodeBase64(triggerOutputs().headers['X-MS-APIM-Tokens']))['$ConnectionKey']"
            }
          }
        },
        "If_approval_status_is_equal_to_pending_or_not": {
          "actions": {
            "If_user_role_is_equal_to_approver_or_not": {
              "actions": {
                "Find_Approve_ROAS": {
                  "runAfter": {},
                  "metadata": {
                    "operationMetadataId": "152756c4-58cf-488a-8af3-b378509b7e61"
                  },
                  "type": "OpenApiConnection",
                  "inputs": {
                    "host": {
                      "connectionName": "shared_commondataserviceforapps_1",
                      "operationId": "ListRecords",
                      "apiId": "/providers/Microsoft.PowerApps/apis/shared_commondataserviceforapps"
                    },
                    "parameters": {
                      "entityName": "aia_s2c_approval_activities",
                      "fetchXml": "<fetch top=\"1\">\n  <entity name=\"aia_s2c_approval_activity\">\n    <attribute name=\"activityid\" />\n    <filter>\n      <condition attribute=\"aia_approval_member\" operator=\"eq\" value=\"@{triggerBody()['text_1']}\" />\n      <condition attribute=\"aia_approval\" operator=\"eq\" value=\"@{triggerBody()['text']}\" />\n      <condition attribute=\"statecode\" operator=\"ne\" value=\"2\" />\n    </filter>\n  </entity>\n</fetch>"
                    },
                    "authentication": {
                      "type": "Raw",
                      "value": "@json(decodeBase64(triggerOutputs().headers['X-MS-APIM-Tokens']))['$ConnectionKey']"
                    }
                  }
                },
                "Condition": {
                  "actions": {
                    "Create_approve_ROAS_by_approver": {
                      "runAfter": {},
                      "metadata": {
                        "operationMetadataId": "08366181-758a-429a-a551-76e6822b8dce"
                      },
                      "type": "OpenApiConnection",
                      "inputs": {
                        "host": {
                          "connectionName": "shared_commondataserviceforapps_1",
                          "operationId": "CreateRecord",
                          "apiId": "/providers/Microsoft.PowerApps/apis/shared_commondataserviceforapps"
                        },
                        "parameters": {
                          "entityName": "aia_s2c_approval_activities",
                          "item/subject": "Approve ROA",
                          "item/aia_approval_aia_s2c_approval_activity@odata.bind": "/aia_s2c_approvals(@{triggerBody()['text']})",
                          "item/aia_approval_member_aia_s2c_approval_activity@odata.bind": "/aia_s2c_approval_members(@{triggerBody()['text_1']})",
                          "item/aia_is_first_layer": "@if(equals(triggerBody()['text_2'],'true'),true,outputs('Get_S2C_Approval_Member_By_Id')?['body/aia_is_first_layer'])",
                          "item/isworkflowcreated": true,
                          "item/ownerid_aia_s2c_approval_activity@odata.bind": "/systemusers(@{outputs('Get_S2C_Approval_Member_By_Id')?['body/_aia_user_value']})",
                          "item/regardingobjectid_aia_s2c_sourcingrequest_aia_s2c_approval_activity@odata.bind": "/aia_s2c_sourcingrequests(@{outputs('Retrieve_approval_matrix_by_id')?['body/_aia_sourcing_request_value']})"
                        },
                        "authentication": {
                          "type": "Raw",
                          "value": "@json(decodeBase64(triggerOutputs().headers['X-MS-APIM-Tokens']))['$ConnectionKey']"
                        }
                      }
                    }
                  },
                  "runAfter": {
                    "Find_Approve_ROAS": [
                      "Succeeded"
                    ]
                  },
                  "expression": {
                    "lessOrEquals": [
                      "@length(outputs('Find_Approve_ROAS')?['body/value'])",
                      0
                    ]
                  },
                  "metadata": {
                    "operationMetadataId": "13a244f3-bc21-49f1-8a3f-19110989228e"
                  },
                  "type": "If"
                }
              },
              "runAfter": {},
              "else": {
                "actions": {
                  "Find_Endorse_ROAS": {
                    "runAfter": {},
                    "metadata": {
                      "operationMetadataId": "1e2f9618-c855-46f4-bef6-9cc768dcfe35"
                    },
                    "type": "OpenApiConnection",
                    "inputs": {
                      "host": {
                        "connectionName": "shared_commondataserviceforapps_1",
                        "operationId": "ListRecords",
                        "apiId": "/providers/Microsoft.PowerApps/apis/shared_commondataserviceforapps"
                      },
                      "parameters": {
                        "entityName": "aia_s2c_endorse_activities",
                        "fetchXml": "<fetch top=\"1\">\n  <entity name=\"aia_s2c_endorse_activity\">\n    <attribute name=\"activityid\" />\n    <filter>\n      <condition attribute=\"aia_approval_member\" operator=\"eq\" value=\"@{triggerBody()['text_1']}\" />\n      <condition attribute=\"aia_approval\" operator=\"eq\" value=\"@{triggerBody()['text']}\" />\n      <condition attribute=\"statecode\" operator=\"ne\" value=\"2\" />\n    </filter>\n  </entity>\n</fetch>"
                      },
                      "authentication": {
                        "type": "Raw",
                        "value": "@json(decodeBase64(triggerOutputs().headers['X-MS-APIM-Tokens']))['$ConnectionKey']"
                      }
                    }
                  },
                  "If_user_role_is_equal_to_endorser_or_not": {
                    "actions": {
                      "Create_endorse_ROA_by_endorser": {
                        "runAfter": {},
                        "metadata": {
                          "operationMetadataId": "2b502836-7544-4438-ab38-7070c6a11ee3"
                        },
                        "type": "OpenApiConnection",
                        "inputs": {
                          "host": {
                            "connectionName": "shared_commondataserviceforapps_1",
                            "operationId": "CreateRecord",
                            "apiId": "/providers/Microsoft.PowerApps/apis/shared_commondataserviceforapps"
                          },
                          "parameters": {
                            "entityName": "aia_s2c_endorse_activities",
                            "item/subject": "Endorse ROA",
                            "item/aia_approval_aia_s2c_endorse_activity@odata.bind": "/aia_s2c_approvals(@{triggerBody()['text']})",
                            "item/aia_approval_member_aia_s2c_endorse_activity@odata.bind": "/aia_s2c_approval_members(@{triggerBody()['text_1']})",
                            "item/isworkflowcreated": true,
                            "item/ownerid_aia_s2c_endorse_activity@odata.bind": "/systemusers(@{outputs('Get_S2C_Approval_Member_By_Id')?['body/_aia_user_value']})",
                            "item/regardingobjectid_aia_s2c_sourcingrequest_aia_s2c_endorse_activity@odata.bind": "/aia_s2c_sourcingrequests(@{outputs('Retrieve_approval_matrix_by_id')?['body/_aia_sourcing_request_value']})"
                          },
                          "authentication": {
                            "type": "Raw",
                            "value": "@json(decodeBase64(triggerOutputs().headers['X-MS-APIM-Tokens']))['$ConnectionKey']"
                          }
                        }
                      }
                    },
                    "runAfter": {
                      "Find_Endorse_ROAS": [
                        "Succeeded"
                      ]
                    },
                    "expression": {
                      "and": [
                        {
                          "equals": [
                            "@outputs('Get_S2C_Approval_Member_By_Id')?['body/aia_user_role']",
                            914710001
                          ]
                        },
                        {
                          "lessOrEquals": [
                            "@length(outputs('Find_Endorse_ROAS')?['body/value'])",
                            0
                          ]
                        }
                      ]
                    },
                    "metadata": {
                      "operationMetadataId": "59982b46-beec-47d5-a221-9d24460095ba"
                    },
                    "type": "If"
                  }
                }
              },
              "expression": {
                "equals": [
                  "@outputs('Get_S2C_Approval_Member_By_Id')?['body/aia_user_role']",
                  914710000
                ]
              },
              "metadata": {
                "operationMetadataId": "811c2461-ba9e-4243-a353-3bdcd6e40293"
              },
              "type": "If"
            }
          },
          "runAfter": {
            "Get_S2C_Approval_Member_By_Id": [
              "Succeeded"
            ]
          },
          "expression": {
            "or": [
              {
                "equals": [
                  "@equals(triggerBody()['text_2'],'true')",
                  true
                ]
              },
              {
                "equals": [
                  "@outputs('Get_S2C_Approval_Member_By_Id')?['body/aia_approval_status']",
                  914710001
                ]
              }
            ]
          },
          "metadata": {
            "operationMetadataId": "0de57a65-4af5-4bbd-b696-8277ad396be6"
          },
          "type": "If"
        },
        "Get_S2C_Approval_Member_By_Id": {
          "runAfter": {
            "Retrieve_approval_matrix_by_id": [
              "Succeeded"
            ]
          },
          "metadata": {
            "operationMetadataId": "cfac8307-c65b-4032-8738-6937c0e4b170"
          },
          "type": "OpenApiConnection",
          "inputs": {
            "host": {
              "connectionName": "shared_commondataserviceforapps_1",
              "operationId": "GetItem",
              "apiId": "/providers/Microsoft.PowerApps/apis/shared_commondataserviceforapps"
            },
            "parameters": {
              "entityName": "aia_s2c_approval_members",
              "recordId": "@triggerBody()['text_1']"
            },
            "authentication": {
              "type": "Raw",
              "value": "@json(decodeBase64(triggerOutputs().headers['X-MS-APIM-Tokens']))['$ConnectionKey']"
            }
          }
        },
        "Respond_to_a_PowerApp_or_flow": {
          "runAfter": {
            "If_approval_status_is_equal_to_pending_or_not": [
              "Succeeded"
            ]
          },
          "metadata": {
            "operationMetadataId": "b33035f5-ace2-4a4e-af14-b82f88828a6d"
          },
          "type": "Response",
          "kind": "PowerApp",
          "inputs": {
            "statusCode": 200,
            "body": {},
            "schema": {
              "type": "object",
              "properties": {}
            }
          }
        }
      }
    },
    "templateName": ""
  },
  "schemaVersion": "1.0.0.0"
}