{
  "properties": {
    "connectionReferences": {
      "shared_commondataserviceforapps": {
        "runtimeSource": "embedded",
        "connection": {
          "connectionReferenceLogicalName": "aia_sharedcommondataserviceforapps_fce10"
        },
        "api": {
          "name": "shared_commondataserviceforapps"
        }
      },
      "shared_commondataserviceforapps_1": {
        "runtimeSource": "embedded",
        "connection": {
          "connectionReferenceLogicalName": "aia_sharedcommondataserviceforapps_1c6db"
        },
        "api": {
          "name": "shared_commondataserviceforapps"
        }
      }
    },
    "definition": {
      "$schema": "https://schema.management.azure.com/providers/Microsoft.Logic/schemas/2016-06-01/workflowdefinition.json#",
      "contentVersion": "1.0.0.0",
      "parameters": {
        "$connections": {
          "defaultValue": {},
          "type": "Object"
        },
        "$authentication": {
          "defaultValue": {},
          "type": "SecureObject"
        }
      },
      "triggers": {
        "Sourcing_Request_Modified": {
          "metadata": {
            "operationMetadataId": "be02c65a-905c-4dd0-8f7a-07d22a0c8276"
          },
          "type": "OpenApiConnectionWebhook",
          "inputs": {
            "host": {
              "connectionName": "shared_commondataserviceforapps",
              "operationId": "SubscribeWebhookTrigger",
              "apiId": "/providers/Microsoft.PowerApps/apis/shared_commondataserviceforapps"
            },
            "parameters": {
              "subscriptionRequest/message": 4,
              "subscriptionRequest/entityname": "aia_s2c_sourcingrequest",
              "subscriptionRequest/scope": 4,
              "subscriptionRequest/filteringattributes": "aia_aialegalentity,aia_contractowner,aia_requestor",
              "subscriptionRequest/runas": 1
            },
            "authentication": "@parameters('$authentication')"
          }
        }
      },
      "actions": {
        "Check_Requestor_not_null": {
          "actions": {
            "Retrieve_Team_Members": {
              "runAfter": {},
              "metadata": {
                "operationMetadataId": "e3c995a0-d25e-45d3-818a-3c3eaf8894d8"
              },
              "type": "OpenApiConnection",
              "inputs": {
                "host": {
                  "connectionName": "shared_commondataserviceforapps",
                  "operationId": "ListRecords",
                  "apiId": "/providers/Microsoft.PowerApps/apis/shared_commondataserviceforapps"
                },
                "parameters": {
                  "entityName": "aia_s2c_teammembers",
                  "$select": "aia_name",
                  "$filter": "_aia_teammember_value eq '@{triggerOutputs()?['body/_aia_requestor_value']}' and _aia_sourcingrequest_value eq '@{triggerOutputs()?['body/aia_s2c_sourcingrequestid']}' and statecode eq 0"
                },
                "authentication": "@parameters('$authentication')"
              }
            },
            "Check_Team_Member_is_not_exists": {
              "actions": {
                "Create_Team_Member_": {
                  "runAfter": {},
                  "metadata": {
                    "operationMetadataId": "33985a1c-f896-4cc6-924e-dcad64a3d47d"
                  },
                  "type": "OpenApiConnection",
                  "inputs": {
                    "host": {
                      "connectionName": "shared_commondataserviceforapps",
                      "operationId": "CreateRecord",
                      "apiId": "/providers/Microsoft.PowerApps/apis/shared_commondataserviceforapps"
                    },
                    "parameters": {
                      "entityName": "aia_s2c_teammembers",
                      "item/aia_name": "@first(body('Find_Sourcing_Request')?['value'])?['_aia_requestor_value@OData.Community.Display.V1.FormattedValue']",
                      "item/aia_SourcingRequest@odata.bind": "/aia_s2c_sourcingrequests(@{triggerOutputs()?['body/aia_s2c_sourcingrequestid']})",
                      "item/aia_is_user_added": false,
                      "item/aia_role": 914710002,
                      "item/aia_TeamMember@odata.bind": "/systemusers(@{triggerOutputs()?['body/_aia_requestor_value']})"
                    },
                    "authentication": "@parameters('$authentication')"
                  }
                },
                "Create_Team_Member_retry": {
                  "runAfter": {
                    "Create_Team_Member_": [
                      "Failed"
                    ]
                  },
                  "metadata": {
                    "operationMetadataId": "33985a1c-f896-4cc6-924e-dcad64a3d47d"
                  },
                  "type": "OpenApiConnection",
                  "inputs": {
                    "host": {
                      "connectionName": "shared_commondataserviceforapps",
                      "operationId": "CreateRecord",
                      "apiId": "/providers/Microsoft.PowerApps/apis/shared_commondataserviceforapps"
                    },
                    "parameters": {
                      "entityName": "aia_s2c_teammembers",
                      "item/aia_name": "@first(body('Find_Sourcing_Request')?['value'])?['_aia_requestor_value@OData.Community.Display.V1.FormattedValue']",
                      "item/aia_SourcingRequest@odata.bind": "/aia_s2c_sourcingrequests(@{triggerOutputs()?['body/aia_s2c_sourcingrequestid']})",
                      "item/aia_is_user_added": false,
                      "item/aia_role": 914710002,
                      "item/aia_TeamMember@odata.bind": "/systemusers(@{triggerOutputs()?['body/_aia_requestor_value']})"
                    },
                    "authentication": "@parameters('$authentication')"
                  }
                }
              },
              "runAfter": {
                "Retrieve_Team_Members": [
                  "Succeeded"
                ]
              },
              "expression": {
                "less": [
                  "@length(outputs('Retrieve_Team_Members')?['body/value'])",
                  1
                ]
              },
              "metadata": {
                "operationMetadataId": "e327a6d7-8804-45f1-bf1a-ba593d4d95c2"
              },
              "type": "If"
            }
          },
          "runAfter": {
            "Check_Contract_Owner_is_not_null": [
              "Succeeded"
            ]
          },
          "expression": {
            "equals": [
              "@equals(triggerOutputs()?['body/_aia_requestor_value'],null)",
              "@false"
            ]
          },
          "metadata": {
            "operationMetadataId": "383e0fe0-575f-4373-b0cb-2577fe60691d"
          },
          "type": "If"
        },
        "Check_Legal_Entity_is_not_null__": {
          "actions": {
            "Retrieve_Legal_Entities_Team": {
              "runAfter": {},
              "metadata": {
                "operationMetadataId": "e1c00c40-ba96-4d35-8148-f6321ae983e0"
              },
              "type": "OpenApiConnection",
              "inputs": {
                "host": {
                  "connectionName": "shared_commondataserviceforapps",
                  "operationId": "ListRecords",
                  "apiId": "/providers/Microsoft.PowerApps/apis/shared_commondataserviceforapps"
                },
                "parameters": {
                  "entityName": "aia_aialegalentities",
                  "fetchXml": "<fetch mapping=\"logical\" version=\"1.0\">\n    <entity name=\"aia_aialegalentity\">\n      <attribute name=\"aia_aialegalentityid\" />\n      <attribute name=\"aia_departmentofteam\" />\n      <attribute name=\"aia_teammemberrole\" />\n      <attribute name=\"aia_team\" />\n<attribute name=\"aia_team\" />\n      <filter>\n        <condition attribute=\"aia_aialegalentityid\" operator=\"eq\" value=\"@{triggerOutputs()?['body/_aia_aialegalentity_value']}\" />\n      </filter>\n      <link-entity name=\"team\" from=\"teamid\" to=\"aia_team\" alias=\"t\" link-type=\"inner\">\n        <attribute name=\"teamid\" alias=\"teamId\" />\n        <attribute name=\"name\" alias=\"teamName\" />\n      </link-entity>\n    </entity>\n  </fetch>"
                },
                "authentication": "@parameters('$authentication')"
              }
            },
            "check_legal_entity_team_exists": {
              "actions": {
                "Apply_to_each": {
                  "foreach": "@outputs('Retrieve_Legal_Entities_Team')?['body/value']",
                  "actions": {
                    "Retrieve_Team_Members_3": {
                      "runAfter": {},
                      "metadata": {
                        "operationMetadataId": "a53941d2-e27c-4479-9991-c0f81ee97f8b"
                      },
                      "type": "OpenApiConnection",
                      "inputs": {
                        "host": {
                          "connectionName": "shared_commondataserviceforapps",
                          "operationId": "ListRecords",
                          "apiId": "/providers/Microsoft.PowerApps/apis/shared_commondataserviceforapps"
                        },
                        "parameters": {
                          "entityName": "aia_s2c_teammembers",
                          "$select": "aia_name",
                          "$filter": "_aia_team_value eq '@{items('Apply_to_each')?['_aia_team_value']}' and _aia_sourcingrequest_value eq '@{triggerOutputs()?['body/aia_s2c_sourcingrequestid']}' and statecode eq 0"
                        },
                        "authentication": "@parameters('$authentication')"
                      }
                    },
                    "Condition_2": {
                      "actions": {
                        "Create_Team_Member__3": {
                          "runAfter": {},
                          "metadata": {
                            "operationMetadataId": "f3a85295-2f38-480f-8d9e-866e5f1cf74b"
                          },
                          "type": "OpenApiConnection",
                          "inputs": {
                            "host": {
                              "connectionName": "shared_commondataserviceforapps",
                              "operationId": "CreateRecord",
                              "apiId": "/providers/Microsoft.PowerApps/apis/shared_commondataserviceforapps"
                            },
                            "parameters": {
                              "entityName": "aia_s2c_teammembers",
                              "item/aia_name": "@items('Apply_to_each')?['_aia_team_value@OData.Community.Display.V1.FormattedValue']",
                              "item/aia_SourcingRequest@odata.bind": "/aia_s2c_sourcingrequests(@{triggerOutputs()?['body/aia_s2c_sourcingrequestid']})",
                              "item/aia_is_user_added": false,
                              "item/aia_role": "@items('Apply_to_each')?['aia_teammemberrole']",
                              "item/aia_team@odata.bind": "/teams(@{items('Apply_to_each')?['_aia_team_value']})",
                              "item/aia_teamtype": 914710000
                            },
                            "authentication": "@parameters('$authentication')"
                          }
                        },
                        "Create_Team_Member_3_retry": {
                          "runAfter": {
                            "Create_Team_Member__3": [
                              "Failed"
                            ]
                          },
                          "metadata": {
                            "operationMetadataId": "f3a85295-2f38-480f-8d9e-866e5f1cf74b"
                          },
                          "type": "OpenApiConnection",
                          "inputs": {
                            "host": {
                              "connectionName": "shared_commondataserviceforapps",
                              "operationId": "CreateRecord",
                              "apiId": "/providers/Microsoft.PowerApps/apis/shared_commondataserviceforapps"
                            },
                            "parameters": {
                              "entityName": "aia_s2c_teammembers",
                              "item/aia_name": "@items('Apply_to_each')?['_aia_team_value@OData.Community.Display.V1.FormattedValue']",
                              "item/aia_SourcingRequest@odata.bind": "/aia_s2c_sourcingrequests(@{triggerOutputs()?['body/aia_s2c_sourcingrequestid']})",
                              "item/aia_is_user_added": false,
                              "item/aia_role": "@items('Apply_to_each')?['aia_teammemberrole']",
                              "item/aia_team@odata.bind": "/teams(@{items('Apply_to_each')?['_aia_team_value']})",
                              "item/aia_teamtype": 914710000
                            },
                            "authentication": "@parameters('$authentication')"
                          }
                        }
                      },
                      "runAfter": {
                        "Retrieve_Team_Members_3": [
                          "Succeeded"
                        ]
                      },
                      "expression": {
                        "less": [
                          "@length(outputs('Retrieve_Team_Members_3')?['body/value'])",
                          1
                        ]
                      },
                      "metadata": {
                        "operationMetadataId": "9f50c2aa-644b-40d1-bc2d-993baaafb269"
                      },
                      "type": "If"
                    }
                  },
                  "runAfter": {},
                  "metadata": {
                    "operationMetadataId": "0f32ca0a-8130-4ba9-a666-35360b0355d2"
                  },
                  "type": "Foreach"
                }
              },
              "runAfter": {
                "Retrieve_Legal_Entities_Team": [
                  "Succeeded"
                ]
              },
              "expression": {
                "greater": [
                  "@length(outputs('Retrieve_Legal_Entities_Team')?['body/value'])",
                  0
                ]
              },
              "metadata": {
                "operationMetadataId": "28332303-71ab-46f0-9f60-45d157e45a2e"
              },
              "type": "If"
            }
          },
          "runAfter": {
            "Check_Requestor_not_null": [
              "Succeeded"
            ]
          },
          "else": {
            "actions": {
              "Retrieve_Legal_Entities_Team_2": {
                "runAfter": {},
                "metadata": {
                  "operationMetadataId": "e1c00c40-ba96-4d35-8148-f6321ae983e0"
                },
                "type": "OpenApiConnection",
                "inputs": {
                  "host": {
                    "connectionName": "shared_commondataserviceforapps",
                    "operationId": "ListRecords",
                    "apiId": "/providers/Microsoft.PowerApps/apis/shared_commondataserviceforapps"
                  },
                  "parameters": {
                    "entityName": "aia_aialegalentities",
                    "fetchXml": "<fetch mapping=\"logical\" version=\"1.0\">\n    <entity name=\"aia_aialegalentity\">\n      <attribute name=\"aia_aialegalentityid\" />\n      <attribute name=\"aia_departmentofteam\" />\n      <attribute name=\"aia_teammemberrole\" />\n      <attribute name=\"aia_team\" />\n<attribute name=\"aia_team\" />\n      <filter>\n        <condition attribute=\"aia_aialegalentityid\" operator=\"eq\" value=\"@{triggerOutputs()?['body/_aia_aialegalentity_value']}\" />\n      </filter>\n      <link-entity name=\"team\" from=\"teamid\" to=\"aia_team\" alias=\"t\" link-type=\"inner\">\n        <attribute name=\"teamid\" alias=\"teamId\" />\n        <attribute name=\"name\" alias=\"teamName\" />\n      </link-entity>\n    </entity>\n  </fetch>"
                  },
                  "authentication": "@parameters('$authentication')"
                }
              },
              "check_legal_entity_team_exists_2": {
                "actions": {
                  "Apply_to_each_2": {
                    "foreach": "@outputs('Retrieve_Legal_Entities_Team_2')?['body/value']",
                    "actions": {
                      "Retrieve_Team_Members_4": {
                        "runAfter": {},
                        "metadata": {
                          "operationMetadataId": "a53941d2-e27c-4479-9991-c0f81ee97f8b"
                        },
                        "type": "OpenApiConnection",
                        "inputs": {
                          "host": {
                            "connectionName": "shared_commondataserviceforapps",
                            "operationId": "ListRecords",
                            "apiId": "/providers/Microsoft.PowerApps/apis/shared_commondataserviceforapps"
                          },
                          "parameters": {
                            "entityName": "aia_s2c_teammembers",
                            "$select": "aia_name",
                            "$filter": "_aia_team_value eq '@{items('Apply_to_each_2')?['_aia_team_value']}' and _aia_sourcingrequest_value eq '@{triggerOutputs()?['body/aia_s2c_sourcingrequestid']}' and statecode eq 0"
                          },
                          "authentication": "@parameters('$authentication')"
                        }
                      },
                      "Condition_3": {
                        "actions": {
                          "Update_status_to_inactive_1": {
                            "runAfter": {},
                            "metadata": {
                              "operationMetadataId": "2b530c2f-7ec5-4304-9dfc-c696cc455911"
                            },
                            "type": "OpenApiConnection",
                            "inputs": {
                              "host": {
                                "connectionName": "shared_commondataserviceforapps_1",
                                "operationId": "UpdateRecord",
                                "apiId": "/providers/Microsoft.PowerApps/apis/shared_commondataserviceforapps"
                              },
                              "parameters": {
                                "entityName": "aia_s2c_teammembers",
                                "recordId": "@first(outputs('Retrieve_Team_Members_4')?['body/value'])['aia_s2c_teammemberid']",
                                "item/statecode": 1
                              },
                              "authentication": "@parameters('$authentication')"
                            }
                          }
                        },
                        "runAfter": {
                          "Retrieve_Team_Members_4": [
                            "Succeeded"
                          ]
                        },
                        "expression": {
                          "greater": [
                            "@length(outputs('Retrieve_Team_Members_4')?['body/value'])",
                            0
                          ]
                        },
                        "metadata": {
                          "operationMetadataId": "9f50c2aa-644b-40d1-bc2d-993baaafb269"
                        },
                        "type": "If"
                      }
                    },
                    "runAfter": {},
                    "metadata": {
                      "operationMetadataId": "0f32ca0a-8130-4ba9-a666-35360b0355d2"
                    },
                    "type": "Foreach"
                  }
                },
                "runAfter": {
                  "Retrieve_Legal_Entities_Team_2": [
                    "Succeeded"
                  ]
                },
                "expression": {
                  "greater": [
                    "@length(outputs('Retrieve_Legal_Entities_Team_2')?['body/value'])",
                    0
                  ]
                },
                "metadata": {
                  "operationMetadataId": "28332303-71ab-46f0-9f60-45d157e45a2e"
                },
                "type": "If"
              }
            }
          },
          "expression": {
            "equals": [
              "@equals(triggerOutputs()?['body/_aia_aialegalentity_value'], null)",
              "@false"
            ]
          },
          "metadata": {
            "operationMetadataId": "952b9cf7-1d7f-4bfb-a446-600239571df2"
          },
          "type": "If"
        },
        "If_require_group_tax_is_equal_to_true_or_not": {
          "actions": {
            "Retrieve_team_member_by_team_id_and_request_id": {
              "runAfter": {},
              "metadata": {
                "operationMetadataId": "c9fcbddc-8ed4-4eb1-a635-624494f5ff5e"
              },
              "type": "OpenApiConnection",
              "inputs": {
                "host": {
                  "connectionName": "shared_commondataserviceforapps",
                  "operationId": "ListRecords",
                  "apiId": "/providers/Microsoft.PowerApps/apis/shared_commondataserviceforapps"
                },
                "parameters": {
                  "entityName": "aia_s2c_teammembers",
                  "$select": "aia_name",
                  "$filter": "_aia_team_value eq '@{body('Retrieve_Group_Tax_TeamId_from_configuration_table')?['result']}' and _aia_sourcingrequest_value eq '@{triggerOutputs()?['body/aia_s2c_sourcingrequestid']}' and statecode eq 0"
                },
                "authentication": "@parameters('$authentication')"
              }
            },
            "If_existing_team_member_or_not": {
              "actions": {
                "Create_team_member_by_group_tax_team": {
                  "runAfter": {},
                  "metadata": {
                    "operationMetadataId": "71edb34a-8e87-4ae6-8fdc-7cc758822e21"
                  },
                  "type": "OpenApiConnection",
                  "inputs": {
                    "host": {
                      "connectionName": "shared_commondataserviceforapps",
                      "operationId": "CreateRecord",
                      "apiId": "/providers/Microsoft.PowerApps/apis/shared_commondataserviceforapps"
                    },
                    "parameters": {
                      "entityName": "aia_s2c_teammembers",
                      "item/aia_name": "Group Tax",
                      "item/aia_SourcingRequest@odata.bind": "/aia_s2c_sourcingrequests(@{triggerOutputs()?['body/aia_s2c_sourcingrequestid']})",
                      "item/aia_is_user_added": false,
                      "item/aia_team@odata.bind": "/teams(@{body('Retrieve_Group_Tax_TeamId_from_configuration_table')?['result']})",
                      "item/aia_teamtype": 914710001
                    },
                    "authentication": "@parameters('$authentication')"
                  }
                }
              },
              "runAfter": {
                "Retrieve_team_member_by_team_id_and_request_id": [
                  "Succeeded"
                ]
              },
              "expression": {
                "lessOrEquals": [
                  "@length(outputs('Retrieve_team_member_by_team_id_and_request_id')?['body/value'])",
                  0
                ]
              },
              "metadata": {
                "operationMetadataId": "36a211e7-58f9-4f97-a70b-744c80043489"
              },
              "type": "If"
            }
          },
          "runAfter": {
            "Retrieve_Group_Tax_TeamId_from_configuration_table": [
              "Succeeded"
            ]
          },
          "else": {
            "actions": {
              "Retrieve_team_member_by_team_id_and_request_id_2": {
                "runAfter": {},
                "metadata": {
                  "operationMetadataId": "d04790c8-3ba7-4062-ab81-661fdad17a03"
                },
                "type": "OpenApiConnection",
                "inputs": {
                  "host": {
                    "connectionName": "shared_commondataserviceforapps",
                    "operationId": "ListRecords",
                    "apiId": "/providers/Microsoft.PowerApps/apis/shared_commondataserviceforapps"
                  },
                  "parameters": {
                    "entityName": "aia_s2c_teammembers",
                    "$select": "aia_name",
                    "$filter": "_aia_team_value eq '@{body('Retrieve_Group_Tax_TeamId_from_configuration_table')?['result']}' and _aia_sourcingrequest_value eq '@{triggerOutputs()?['body/aia_s2c_sourcingrequestid']}' and statecode eq 0"
                  },
                  "authentication": "@parameters('$authentication')"
                }
              },
              "If_existing_team_member_or_not_2": {
                "actions": {
                  "Update_status_to_inactive": {
                    "runAfter": {},
                    "metadata": {
                      "operationMetadataId": "5d218ec2-9526-4f12-af20-d7f4430fee2e"
                    },
                    "type": "OpenApiConnection",
                    "inputs": {
                      "host": {
                        "connectionName": "shared_commondataserviceforapps",
                        "operationId": "UpdateRecord",
                        "apiId": "/providers/Microsoft.PowerApps/apis/shared_commondataserviceforapps"
                      },
                      "parameters": {
                        "entityName": "aia_s2c_teammembers",
                        "recordId": "@first(outputs('Retrieve_team_member_by_team_id_and_request_id_2')?['body/value'])['aia_s2c_teammemberid']",
                        "item/statecode": 1
                      },
                      "authentication": "@parameters('$authentication')"
                    }
                  }
                },
                "runAfter": {
                  "Retrieve_team_member_by_team_id_and_request_id_2": [
                    "Succeeded"
                  ]
                },
                "expression": {
                  "greater": [
                    "@length(outputs('Retrieve_team_member_by_team_id_and_request_id_2')?['body/value'])",
                    0
                  ]
                },
                "metadata": {
                  "operationMetadataId": "c33cf1db-1972-46ed-ba99-02253119fe34"
                },
                "type": "If"
              }
            }
          },
          "expression": {
            "equals": [
              "@triggerOutputs()?['body/aia_require_group_tax']",
              true
            ]
          },
          "metadata": {
            "operationMetadataId": "a3fcecfe-af87-47be-93e8-f153ae9f13bc"
          },
          "type": "If"
        },
        "Retrieve_Group_Tax_TeamId_from_configuration_table": {
          "runAfter": {
            "Check_Legal_Entity_is_not_null__": [
              "Succeeded"
            ]
          },
          "metadata": {
            "operationMetadataId": "bb9afb1b-94e0-4948-9992-3447a36d0ed3"
          },
          "type": "Workflow",
          "inputs": {
            "host": {
              "workflowReferenceName": "cb8c7cef-6161-ec11-8f8f-000d3a80eca3"
            },
            "body": {
              "text": "Group_Tax_TeamId"
            }
          }
        },
        "Check_Contract_Owner_is_not_null": {
          "actions": {
            "Retrieve_Team_Members_2": {
              "runAfter": {},
              "metadata": {
                "operationMetadataId": "a6be0bb9-7bad-484e-8d4b-2733d253d91f"
              },
              "type": "OpenApiConnection",
              "inputs": {
                "host": {
                  "connectionName": "shared_commondataserviceforapps",
                  "operationId": "ListRecords",
                  "apiId": "/providers/Microsoft.PowerApps/apis/shared_commondataserviceforapps"
                },
                "parameters": {
                  "entityName": "aia_s2c_teammembers",
                  "$select": "aia_s2c_teammemberid,aia_name,aia_role",
                  "$filter": "_aia_teammember_value eq '@{triggerOutputs()?['body/_aia_contractowner_value']}' and _aia_sourcingrequest_value eq '@{triggerOutputs()?['body/aia_s2c_sourcingrequestid']}' and statecode eq 0 and (aia_role eq 914710002 or aia_role eq 914710003)"
                },
                "authentication": "@parameters('$authentication')"
              }
            },
            "Condition": {
              "actions": {
                "Retrieve_existing_contract_owner_Team_Members": {
                  "runAfter": {},
                  "metadata": {
                    "operationMetadataId": "a6be0bb9-7bad-484e-8d4b-2733d253d91f"
                  },
                  "type": "OpenApiConnection",
                  "inputs": {
                    "host": {
                      "connectionName": "shared_commondataserviceforapps",
                      "operationId": "ListRecords",
                      "apiId": "/providers/Microsoft.PowerApps/apis/shared_commondataserviceforapps"
                    },
                    "parameters": {
                      "entityName": "aia_s2c_teammembers",
                      "$select": "aia_s2c_teammemberid,aia_name,aia_role",
                      "$filter": "_aia_sourcingrequest_value eq '@{triggerOutputs()?['body/aia_s2c_sourcingrequestid']}' and statecode eq 0 and aia_role eq 914710003"
                    },
                    "authentication": "@parameters('$authentication')"
                  }
                },
                "If_existing_contract_owner_team_member_or_not": {
                  "actions": {
                    "Remove_team_member_that_is_not_equal_to_contract_owner_2": {
                      "runAfter": {},
                      "metadata": {
                        "operationMetadataId": "459840d3-2c8a-456a-97eb-d5cffe4e14d7"
                      },
                      "type": "OpenApiConnection",
                      "inputs": {
                        "host": {
                          "connectionName": "shared_commondataserviceforapps",
                          "operationId": "UpdateRecord",
                          "apiId": "/providers/Microsoft.PowerApps/apis/shared_commondataserviceforapps"
                        },
                        "parameters": {
                          "entityName": "aia_s2c_teammembers",
                          "recordId": "@first(outputs('Retrieve_existing_contract_owner_Team_Members')?['body/value'])['aia_s2c_teammemberid']",
                          "item/statecode": 1
                        },
                        "authentication": "@parameters('$authentication')"
                      }
                    }
                  },
                  "runAfter": {
                    "Retrieve_existing_contract_owner_Team_Members": [
                      "Succeeded"
                    ]
                  },
                  "expression": {
                    "greater": [
                      "@length(outputs('Retrieve_existing_contract_owner_Team_Members')?['body/value'])",
                      0
                    ]
                  },
                  "metadata": {
                    "operationMetadataId": "117682ea-3fc5-41ad-b750-44ae43c627c3"
                  },
                  "type": "If"
                },
                "Create_Team_Member__4": {
                  "runAfter": {
                    "If_existing_contract_owner_team_member_or_not": [
                      "Succeeded"
                    ]
                  },
                  "metadata": {
                    "operationMetadataId": "a17106c0-8a15-478c-a4d9-a549fb236f01"
                  },
                  "type": "OpenApiConnection",
                  "inputs": {
                    "host": {
                      "connectionName": "shared_commondataserviceforapps",
                      "operationId": "CreateRecord",
                      "apiId": "/providers/Microsoft.PowerApps/apis/shared_commondataserviceforapps"
                    },
                    "parameters": {
                      "entityName": "aia_s2c_teammembers",
                      "item/aia_name": "@first(body('Find_Sourcing_Request')?['value'])?['aia_contractowner_value@OData.Community.Display.V1.FormattedValue']",
                      "item/aia_SourcingRequest@odata.bind": "/aia_s2c_sourcingrequests(@{triggerOutputs()?['body/aia_s2c_sourcingrequestid']})",
                      "item/aia_is_user_added": false,
                      "item/aia_role": 914710003,
                      "item/aia_TeamMember@odata.bind": "/systemusers(@{triggerOutputs()?['body/_aia_contractowner_value']})"
                    },
                    "authentication": "@parameters('$authentication')"
                  }
                },
                "Create_Team_Member__2_retry": {
                  "runAfter": {
                    "Create_Team_Member__4": [
                      "Failed"
                    ]
                  },
                  "metadata": {
                    "operationMetadataId": "a17106c0-8a15-478c-a4d9-a549fb236f01"
                  },
                  "type": "OpenApiConnection",
                  "inputs": {
                    "host": {
                      "connectionName": "shared_commondataserviceforapps",
                      "operationId": "CreateRecord",
                      "apiId": "/providers/Microsoft.PowerApps/apis/shared_commondataserviceforapps"
                    },
                    "parameters": {
                      "entityName": "aia_s2c_teammembers",
                      "item/aia_name": "@first(body('Find_Sourcing_Request')?['value'])?['aia_contractowner_value@OData.Community.Display.V1.FormattedValue']",
                      "item/aia_SourcingRequest@odata.bind": "/aia_s2c_sourcingrequests(@{triggerOutputs()?['body/aia_s2c_sourcingrequestid']})",
                      "item/aia_is_user_added": false,
                      "item/aia_role": 914710003,
                      "item/aia_TeamMember@odata.bind": "/systemusers(@{triggerOutputs()?['body/_aia_contractowner_value']})"
                    },
                    "authentication": "@parameters('$authentication')"
                  }
                }
              },
              "runAfter": {
                "Retrieve_Team_Members_2": [
                  "Succeeded"
                ]
              },
              "else": {
                "actions": {
                  "If_role_is_equal_to_requestor_or_not": {
                    "actions": {
                      "Remove_team_member_that_is_not_equal_to_contract_owner": {
                        "runAfter": {},
                        "metadata": {
                          "operationMetadataId": "459840d3-2c8a-456a-97eb-d5cffe4e14d7"
                        },
                        "type": "OpenApiConnection",
                        "inputs": {
                          "host": {
                            "connectionName": "shared_commondataserviceforapps",
                            "operationId": "UpdateRecord",
                            "apiId": "/providers/Microsoft.PowerApps/apis/shared_commondataserviceforapps"
                          },
                          "parameters": {
                            "entityName": "aia_s2c_teammembers",
                            "recordId": "@first(outputs('Retrieve_Team_Members_2')?['body/value'])['aia_s2c_teammemberid']",
                            "item/statecode": 1
                          },
                          "authentication": "@parameters('$authentication')"
                        }
                      },
                      "Create_Team_Member__2": {
                        "runAfter": {
                          "Remove_team_member_that_is_not_equal_to_contract_owner": [
                            "Succeeded"
                          ]
                        },
                        "metadata": {
                          "operationMetadataId": "a17106c0-8a15-478c-a4d9-a549fb236f01"
                        },
                        "type": "OpenApiConnection",
                        "inputs": {
                          "host": {
                            "connectionName": "shared_commondataserviceforapps",
                            "operationId": "CreateRecord",
                            "apiId": "/providers/Microsoft.PowerApps/apis/shared_commondataserviceforapps"
                          },
                          "parameters": {
                            "entityName": "aia_s2c_teammembers",
                            "item/aia_name": "@first(body('Find_Sourcing_Request')?['value'])?['aia_contractowner_value@OData.Community.Display.V1.FormattedValue']",
                            "item/aia_SourcingRequest@odata.bind": "/aia_s2c_sourcingrequests(@{triggerOutputs()?['body/aia_s2c_sourcingrequestid']})",
                            "item/aia_role": 914710003,
                            "item/aia_TeamMember@odata.bind": "/systemusers(@{triggerOutputs()?['body/_aia_contractowner_value']})"
                          },
                          "authentication": "@parameters('$authentication')"
                        }
                      },
                      "Create_Team_Member__2_retry_2": {
                        "runAfter": {
                          "Create_Team_Member__2": [
                            "Failed"
                          ]
                        },
                        "metadata": {
                          "operationMetadataId": "a17106c0-8a15-478c-a4d9-a549fb236f01"
                        },
                        "type": "OpenApiConnection",
                        "inputs": {
                          "host": {
                            "connectionName": "shared_commondataserviceforapps",
                            "operationId": "CreateRecord",
                            "apiId": "/providers/Microsoft.PowerApps/apis/shared_commondataserviceforapps"
                          },
                          "parameters": {
                            "entityName": "aia_s2c_teammembers",
                            "item/aia_name": "@first(body('Find_Sourcing_Request')?['value'])?['aia_contractowner_value@OData.Community.Display.V1.FormattedValue']",
                            "item/aia_SourcingRequest@odata.bind": "/aia_s2c_sourcingrequests(@{triggerOutputs()?['body/aia_s2c_sourcingrequestid']})",
                            "item/aia_role": 914710003,
                            "item/aia_TeamMember@odata.bind": "/systemusers(@{triggerOutputs()?['body/_aia_contractowner_value']})"
                          },
                          "authentication": "@parameters('$authentication')"
                        }
                      }
                    },
                    "runAfter": {},
                    "expression": {
                      "equals": [
                        "@first(outputs('Retrieve_Team_Members_2')?['body/value'])['aia_role']",
                        914710002
                      ]
                    },
                    "metadata": {
                      "operationMetadataId": "befc9ca3-cb7f-4156-97a4-9fb5ea92c863"
                    },
                    "type": "If"
                  }
                }
              },
              "expression": {
                "less": [
                  "@length(outputs('Retrieve_Team_Members_2')?['body/value'])",
                  1
                ]
              },
              "metadata": {
                "operationMetadataId": "deb61c9c-3cdf-4b27-9e17-354f2821a294"
              },
              "type": "If"
            }
          },
          "runAfter": {
            "Find_Sourcing_Request": [
              "Succeeded"
            ]
          },
          "expression": {
            "equals": [
              "@equals(triggerOutputs()?['body/_aia_contractowner_value'], null)",
              "@false"
            ]
          },
          "metadata": {
            "operationMetadataId": "88c5e477-f668-41ec-b5b1-151981941894"
          },
          "type": "If"
        },
        "Find_Sourcing_Request": {
          "runAfter": {},
          "metadata": {
            "operationMetadataId": "468f17b0-82aa-44e2-b613-e7ca2a8af5af"
          },
          "type": "OpenApiConnection",
          "inputs": {
            "host": {
              "connectionName": "shared_commondataserviceforapps_1",
              "operationId": "ListRecords",
              "apiId": "/providers/Microsoft.PowerApps/apis/shared_commondataserviceforapps"
            },
            "parameters": {
              "entityName": "aia_s2c_sourcingrequests",
              "fetchXml": "<fetch>\n  <entity name=\"aia_s2c_sourcingrequest\">\n    <attribute name=\"aia_requestor\" />\n    <attribute name=\"aia_contractowner\" />\n    <filter>\n      <condition attribute=\"aia_s2c_sourcingrequestid\" operator=\"eq\" value=\"@{triggerOutputs()?['body/aia_s2c_sourcingrequestid']}\" />\n    </filter>\n  </entity>\n</fetch>"
            },
            "authentication": "@parameters('$authentication')"
          }
        }
      }
    },
    "templateName": ""
  },
  "schemaVersion": "1.0.0.0"
}