{
  "properties": {
    "connectionReferences": {
      "shared_commondataserviceforapps": {
        "runtimeSource": "embedded",
        "connection": {
          "connectionReferenceLogicalName": "aia_sharedcommondataserviceforapps_1c6db"
        },
        "api": {
          "name": "shared_commondataserviceforapps"
        }
      }
    },
    "definition": {
      "$schema": "https://schema.management.azure.com/providers/Microsoft.Logic/schemas/2016-06-01/workflowdefinition.json#",
      "contentVersion": "1.0.0.0",
      "parameters": {
        "$connections": {
          "defaultValue": {},
          "type": "Object"
        },
        "$authentication": {
          "defaultValue": {},
          "type": "SecureObject"
        }
      },
      "triggers": {
        "When_a_row_is_added,_modified_or_deleted": {
          "metadata": {
            "operationMetadataId": "26311740-a77b-47c2-b8fb-4f322497fcdc"
          },
          "type": "OpenApiConnectionWebhook",
          "inputs": {
            "host": {
              "connectionName": "shared_commondataserviceforapps",
              "operationId": "SubscribeWebhookTrigger",
              "apiId": "/providers/Microsoft.PowerApps/apis/shared_commondataserviceforapps"
            },
            "parameters": {
              "subscriptionRequest/message": 3,
              "subscriptionRequest/entityname": "aia_s2c_approval",
              "subscriptionRequest/scope": 4,
              "subscriptionRequest/filteringattributes": "aia_endorsement_disabled"
            },
            "authentication": "@parameters('$authentication')"
          }
        }
      },
      "actions": {
        "if_is_Endorsement_disabled_is_yes": {
          "actions": {
            "Find_S2C_Approval_Member": {
              "runAfter": {},
              "metadata": {
                "operationMetadataId": "ba99d188-fbff-489a-819b-e975b9900101"
              },
              "type": "OpenApiConnection",
              "inputs": {
                "host": {
                  "connectionName": "shared_commondataserviceforapps",
                  "operationId": "ListRecords",
                  "apiId": "/providers/Microsoft.PowerApps/apis/shared_commondataserviceforapps"
                },
                "parameters": {
                  "entityName": "aia_s2c_approval_members",
                  "fetchXml": "<fetch>\n  <entity name=\"aia_s2c_approval_member\">\n    <attribute name=\"aia_s2c_approval_memberid\" />\n    <attribute name=\"aia_approval_status\" />\n    <filter>\n      <condition attribute=\"aia_approval\" operator=\"eq\" value=\"@{triggerOutputs()?['body/aia_s2c_approvalid']}\" />\n      <condition attribute=\"aia_user_role\" operator=\"eq\" value=\"914710000\" />\n      <condition attribute=\"statecode\" operator=\"eq\" value=\"0\" />\n      <condition attribute=\"aia_approval_status\" operator=\"eq\" value=\"914710001\" />\n    </filter>\n    <link-entity name=\"aia_s2c_approval_activity\" from=\"aia_approval_member\" to=\"aia_s2c_approval_memberid\" link-type=\"inner\" alias=\"approvalroa\">\n      <attribute name=\"activityid\" />\n      <attribute name=\"aia_is_first_layer\" />\n      <filter>\n        <condition attribute=\"aia_is_first_layer\" operator=\"eq\" value=\"1\" />\n        <condition attribute=\"aia_has_approval_email_sent\" operator=\"eq\" value=\"0\" />\n      </filter>\n    </link-entity>\n  </entity>\n</fetch>"
                },
                "authentication": "@parameters('$authentication')"
              }
            },
            "Condition": {
              "actions": {
                "Apply_to_each": {
                  "foreach": "@outputs('Find_S2C_Approval_Member')?['body/value']",
                  "actions": {
                    "AIA_|_10.1_10.10_Send_ROA_Approval_Actionable_Email_or_to-do": {
                      "runAfter": {},
                      "metadata": {
                        "operationMetadataId": "b048115b-9f9c-4bc8-81e0-1c6ce9ed96bb"
                      },
                      "type": "Workflow",
                      "inputs": {
                        "host": {
                          "workflowReferenceName": "9557cd6f-d66a-ed11-81ac-002248593fc2"
                        },
                        "body": {
                          "text": "@triggerOutputs()?['body/_aia_sourcing_request_value']",
                          "text_1": "10.1",
                          "text_2": "@items('Apply_to_each')?['aia_s2c_approval_memberid']",
                          "text_3": "@items('Apply_to_each')?['approvalroa.activityid']"
                        }
                      }
                    }
                  },
                  "runAfter": {},
                  "metadata": {
                    "operationMetadataId": "296c89c1-8958-4018-a463-6a16414d6991"
                  },
                  "type": "Foreach"
                }
              },
              "runAfter": {
                "Find_S2C_Approval_Member": [
                  "Succeeded"
                ]
              },
              "expression": {
                "greaterOrEquals": [
                  "@length(outputs('Find_S2C_Approval_Member')?['body/value'])",
                  1
                ]
              },
              "metadata": {
                "operationMetadataId": "25905f44-c2be-445e-944c-d19e4b8e8823"
              },
              "type": "If"
            }
          },
          "runAfter": {},
          "expression": {
            "equals": [
              "@equals(triggerOutputs()?['body/aia_endorsement_disabled'],true)",
              true
            ]
          },
          "metadata": {
            "operationMetadataId": "162fc8a0-1267-431f-90e0-aaf742386052"
          },
          "type": "If"
        }
      }
    },
    "templateName": ""
  },
  "schemaVersion": "1.0.0.0"
}