{
  "properties": {
    "connectionReferences": {
      "shared_commondataserviceforapps": {
        "runtimeSource": "embedded",
        "connection": {
          "connectionReferenceLogicalName": "aia_sharedcommondataserviceforapps_f04d4"
        },
        "api": {
          "name": "shared_commondataserviceforapps"
        }
      }
    },
    "definition": {
      "$schema": "https://schema.management.azure.com/providers/Microsoft.Logic/schemas/2016-06-01/workflowdefinition.json#",
      "contentVersion": "1.0.0.0",
      "parameters": {
        "$connections": {
          "defaultValue": {},
          "type": "Object"
        },
        "$authentication": {
          "defaultValue": {},
          "type": "SecureObject"
        }
      },
      "triggers": {
        "manual": {
          "metadata": {
            "operationMetadataId": "3ac86035-bb70-4d00-88f3-8e4472fe8953"
          },
          "type": "Request",
          "kind": "Button",
          "inputs": {
            "schema": {
              "type": "object",
              "properties": {
                "text": {
                  "title": "RequestID",
                  "type": "string",
                  "x-ms-dynamically-added": true,
                  "description": "Please enter your input",
                  "x-ms-content-hint": "TEXT"
                }
              },
              "required": [
                "text"
              ]
            }
          }
        }
      },
      "actions": {
        "Respond_to_a_PowerApp_or_flow": {
          "runAfter": {
            "Condition": [
              "Succeeded"
            ]
          },
          "metadata": {
            "operationMetadataId": "8abc7baa-c815-4973-b9f5-177d563fd392"
          },
          "type": "Response",
          "kind": "PowerApp",
          "inputs": {
            "statusCode": 200,
            "body": {
              "result": true
            },
            "schema": {
              "type": "object",
              "properties": {
                "result": {
                  "title": "Result",
                  "x-ms-dynamically-added": true,
                  "type": "boolean"
                }
              }
            }
          }
        },
        "Get_Requests_by_Id": {
          "runAfter": {},
          "metadata": {
            "operationMetadataId": "6314e9be-ba16-49d6-8da2-08e2e310d1cb"
          },
          "type": "OpenApiConnection",
          "inputs": {
            "host": {
              "connectionName": "shared_commondataserviceforapps",
              "operationId": "ListRecords",
              "apiId": "/providers/Microsoft.PowerApps/apis/shared_commondataserviceforapps"
            },
            "parameters": {
              "entityName": "aia_roas",
              "$select": "aia_roaid",
              "fetchXml": "<fetch top=\"1\">\n  <entity name=\"aia_roa\">\n    <attribute name=\"aia_form_typename\" />\n    <attribute name=\"aia_roaid\" />\n    <attribute name=\"aia_form_type\" />\n    <attribute name=\"aia_contract_start_date\" />\n    <attribute name=\"aia_name\" />\n    <attribute name=\"aia_hiring_manager\" />\n    <filter>\n      <condition attribute=\"aia_roaid\" operator=\"eq\" value=\"@{triggerBody()['text']}\" />\n      <condition attribute=\"aia_roa_status\" operator=\"eq\" value=\"2\" />\n    </filter>\n  </entity>\n</fetch>",
              "$top": 1
            },
            "authentication": {
              "type": "Raw",
              "value": "@json(decodeBase64(triggerOutputs().headers['X-MS-APIM-Tokens']))['$ConnectionKey']"
            }
          }
        },
        "Condition": {
          "actions": {
            "Get_Approval_Chain_List_By_RoAId": {
              "runAfter": {},
              "metadata": {
                "operationMetadataId": "17224878-bd46-4b09-bc58-63f1decab159"
              },
              "type": "OpenApiConnection",
              "inputs": {
                "host": {
                  "connectionName": "shared_commondataserviceforapps",
                  "operationId": "ListRecords",
                  "apiId": "/providers/Microsoft.PowerApps/apis/shared_commondataserviceforapps"
                },
                "parameters": {
                  "entityName": "aia_approval_chains",
                  "$select": "aia_approval_chainid",
                  "fetchXml": "<fetch top=\"1\">\n  <entity name=\"aia_approval_chain\">\n    <attribute name=\"aia_approval_chainid\" />\n    <filter>\n      <condition attribute=\"aia_approval_chain_status\" operator=\"ne\" value=\"3\" />\n      <condition attribute=\"aia_roa\" operator=\"eq\" value=\"@{triggerBody()['text']}\" />\n      <condition attribute=\"statecode\" operator=\"eq\" value=\"0\" />\n    </filter>\n  </entity>\n</fetch>"
                },
                "authentication": {
                  "type": "Raw",
                  "value": "@json(decodeBase64(triggerOutputs().headers['X-MS-APIM-Tokens']))['$ConnectionKey']"
                }
              }
            },
            "Condition_2": {
              "actions": {
                "Update_Request_[Request_Status]_=_“Approved”_By_RoAId": {
                  "runAfter": {},
                  "metadata": {
                    "operationMetadataId": "76a7061a-e6c3-491d-94b5-d443f6a86539"
                  },
                  "type": "OpenApiConnection",
                  "inputs": {
                    "host": {
                      "connectionName": "shared_commondataserviceforapps",
                      "operationId": "UpdateRecord",
                      "apiId": "/providers/Microsoft.PowerApps/apis/shared_commondataserviceforapps"
                    },
                    "parameters": {
                      "entityName": "aia_roas",
                      "recordId": "@triggerBody()['text']",
                      "item/aia_approval_fully_completion_date": "@utcNow()",
                      "item/aia_onboarding_pack_review_status": 1,
                      "item/aia_roa_process_bar_stage": 4,
                      "item/aia_roa_status": 3,
                      "item/aia_signedcontractreviewstatus": 1
                    },
                    "authentication": {
                      "type": "Raw",
                      "value": "@json(decodeBase64(triggerOutputs().headers['X-MS-APIM-Tokens']))['$ConnectionKey']"
                    }
                  }
                },
                "Get_NEW_List_By_RoAId": {
                  "runAfter": {
                    "Update_Request_[Request_Status]_=_“Approved”_By_RoAId": [
                      "Succeeded"
                    ]
                  },
                  "metadata": {
                    "operationMetadataId": "2060c414-20e5-4d2b-ac14-03ec8af75a56"
                  },
                  "type": "OpenApiConnection",
                  "inputs": {
                    "host": {
                      "connectionName": "shared_commondataserviceforapps",
                      "operationId": "ListRecords",
                      "apiId": "/providers/Microsoft.PowerApps/apis/shared_commondataserviceforapps"
                    },
                    "parameters": {
                      "entityName": "aia_news",
                      "$select": "aia_name,aia_individual_id,aia_newid,aia_last_name,aia_first_name",
                      "fetchXml": "<fetch top=\"5000\">\n  <entity name=\"aia_new\">\n    <attribute name=\"aia_name\" />\n    <attribute name=\"aia_individual_id\" />\n    <attribute name=\"aia_newid\" />\n    <attribute name=\"aia_last_name\" />\n    <attribute name=\"aia_first_name\" />\n    <filter>\n      <condition attribute=\"aia_roa\" operator=\"eq\" value=\"@{triggerBody()['text']}\" />\n      <condition attribute=\"statecode\" operator=\"ne\" value=\"1\" />\n    </filter>\n  </entity>\n</fetch>"
                    },
                    "authentication": {
                      "type": "Raw",
                      "value": "@json(decodeBase64(triggerOutputs().headers['X-MS-APIM-Tokens']))['$ConnectionKey']"
                    }
                  }
                },
                "Condition_3": {
                  "actions": {
                    "Apply_to_each_Update_[NEW].[Individual_Status]_=_“Approved”": {
                      "foreach": "@outputs('Get_NEW_List_By_RoAId')?['body/value']",
                      "actions": {
                        "Update_[NEW].[Individual_Status]_=_“Approved”": {
                          "runAfter": {},
                          "metadata": {
                            "operationMetadataId": "6a91590b-a567-4e54-bdff-b4836fe614d4"
                          },
                          "type": "OpenApiConnection",
                          "inputs": {
                            "host": {
                              "connectionName": "shared_commondataserviceforapps",
                              "operationId": "UpdateRecord",
                              "apiId": "/providers/Microsoft.PowerApps/apis/shared_commondataserviceforapps"
                            },
                            "parameters": {
                              "entityName": "aia_news",
                              "recordId": "@items('Apply_to_each_Update_[NEW].[Individual_Status]_=_“Approved”')?['aia_newid']",
                              "item/aia_individual_status": 3
                            },
                            "authentication": {
                              "type": "Raw",
                              "value": "@json(decodeBase64(triggerOutputs().headers['X-MS-APIM-Tokens']))['$ConnectionKey']"
                            }
                          }
                        }
                      },
                      "runAfter": {},
                      "metadata": {
                        "operationMetadataId": "3980b575-844e-4f5d-b852-17bd108379af"
                      },
                      "type": "Foreach"
                    }
                  },
                  "runAfter": {
                    "Get_NEW_List_By_RoAId": [
                      "Succeeded"
                    ]
                  },
                  "else": {
                    "actions": {
                      "Add_Flow_Log_News_Is_Null": {
                        "runAfter": {},
                        "metadata": {
                          "operationMetadataId": "c2dc1a33-c30c-4f67-a81b-144cc6f6af49"
                        },
                        "type": "OpenApiConnection",
                        "inputs": {
                          "host": {
                            "connectionName": "shared_commondataserviceforapps",
                            "operationId": "CreateRecord",
                            "apiId": "/providers/Microsoft.PowerApps/apis/shared_commondataserviceforapps"
                          },
                          "parameters": {
                            "entityName": "aia_power_automate_flow_logs",
                            "item/aia_name": "B5. Process Check – RoA Approval to Sign Contract/ Onboarding Pack Review",
                            "item/aia_message": "New is Null ,RequestGuid:@{triggerBody()['text']}"
                          },
                          "authentication": {
                            "type": "Raw",
                            "value": "@json(decodeBase64(triggerOutputs().headers['X-MS-APIM-Tokens']))['$ConnectionKey']"
                          }
                        }
                      }
                    }
                  },
                  "expression": {
                    "not": {
                      "equals": [
                        "@length(outputs('Get_NEW_List_By_RoAId')?['body/value'])",
                        0
                      ]
                    }
                  },
                  "metadata": {
                    "operationMetadataId": "f5e5a3c8-fb80-4cae-a4b0-f2b04ad23a77"
                  },
                  "type": "If"
                },
                "Run_a_Child_Flow": {
                  "runAfter": {
                    "Condition_3": [
                      "Succeeded"
                    ]
                  },
                  "metadata": {
                    "operationMetadataId": "a40764b0-3a35-466e-980d-de590f8ec483"
                  },
                  "type": "Workflow",
                  "inputs": {
                    "host": {
                      "workflowReferenceName": "2a4b6d38-c866-ec11-8f8f-000d3a80eca3"
                    },
                    "body": {
                      "text": "@triggerBody()['text']"
                    }
                  }
                }
              },
              "runAfter": {
                "Get_Approval_Chain_List_By_RoAId": [
                  "Succeeded"
                ]
              },
              "else": {
                "actions": {
                  "Add_Flow_Log_Non-Completed__Approval_Chains_Is_Not_Null_": {
                    "runAfter": {},
                    "metadata": {
                      "operationMetadataId": "fd233bcc-4a11-48a7-8b69-a1017741252d"
                    },
                    "type": "OpenApiConnection",
                    "inputs": {
                      "host": {
                        "connectionName": "shared_commondataserviceforapps",
                        "operationId": "CreateRecord",
                        "apiId": "/providers/Microsoft.PowerApps/apis/shared_commondataserviceforapps"
                      },
                      "parameters": {
                        "entityName": "aia_power_automate_flow_logs",
                        "item/aia_name": "B5. Process Check – RoA Approval to Sign Contract/ Onboarding Pack Review",
                        "item/aia_message": "Non-Completed Approval Chains is Not Null ,RequestGuid:@{triggerBody()['text']}"
                      },
                      "authentication": {
                        "type": "Raw",
                        "value": "@json(decodeBase64(triggerOutputs().headers['X-MS-APIM-Tokens']))['$ConnectionKey']"
                      }
                    }
                  }
                }
              },
              "expression": {
                "equals": [
                  "@length(outputs('Get_Approval_Chain_List_By_RoAId')?['body/value'])",
                  0
                ]
              },
              "metadata": {
                "operationMetadataId": "958f7207-4802-4a70-97ac-2c5e348b0f18"
              },
              "type": "If"
            }
          },
          "runAfter": {
            "Get_Requests_by_Id": [
              "Succeeded"
            ]
          },
          "else": {
            "actions": {
              "Add_Flow_Log_Request_Is_Null": {
                "runAfter": {},
                "metadata": {
                  "operationMetadataId": "5f3d064b-9431-4b0b-83bf-66ea9b353e72"
                },
                "type": "OpenApiConnection",
                "inputs": {
                  "host": {
                    "connectionName": "shared_commondataserviceforapps",
                    "operationId": "CreateRecord",
                    "apiId": "/providers/Microsoft.PowerApps/apis/shared_commondataserviceforapps"
                  },
                  "parameters": {
                    "entityName": "aia_power_automate_flow_logs",
                    "item/aia_name": "B5. Process Check – RoA Approval to Sign Contract/ Onboarding Pack Review",
                    "item/aia_message": "Request is Null ,RequestGuid:@{triggerBody()['text']}"
                  },
                  "authentication": {
                    "type": "Raw",
                    "value": "@json(decodeBase64(triggerOutputs().headers['X-MS-APIM-Tokens']))['$ConnectionKey']"
                  }
                }
              }
            }
          },
          "expression": {
            "equals": [
              "@length(outputs('Get_Requests_by_Id')?['body/value'])",
              1
            ]
          },
          "metadata": {
            "operationMetadataId": "0afab7b1-ffea-42c8-9e3d-8403ab322531"
          },
          "type": "If"
        }
      }
    },
    "templateName": ""
  },
  "schemaVersion": "1.0.0.0"
}