{
  "properties": {
    "connectionReferences": {
      "shared_commondataserviceforapps": {
        "runtimeSource": "embedded",
        "connection": {
          "connectionReferenceLogicalName": "aia_sharedcommondataserviceforapps_f04d4"
        },
        "api": {
          "name": "shared_commondataserviceforapps"
        }
      }
    },
    "definition": {
      "$schema": "https://schema.management.azure.com/providers/Microsoft.Logic/schemas/2016-06-01/workflowdefinition.json#",
      "contentVersion": "1.0.0.0",
      "parameters": {
        "$connections": {
          "defaultValue": {},
          "type": "Object"
        },
        "$authentication": {
          "defaultValue": {},
          "type": "SecureObject"
        }
      },
      "triggers": {
        "manual": {
          "metadata": {
            "operationMetadataId": "ecf2c474-7d7f-4de8-aa63-881e23d1ddba"
          },
          "type": "Request",
          "kind": "Button",
          "inputs": {
            "schema": {
              "type": "object",
              "properties": {
                "text": {
                  "title": "RequestGUID",
                  "type": "string",
                  "x-ms-dynamically-added": true,
                  "description": "Please enter your input",
                  "x-ms-content-hint": "TEXT"
                }
              },
              "required": [
                "text"
              ]
            }
          }
        }
      },
      "actions": {
        "Find_GS_Team": {
          "runAfter": {
            "Update_RoA": [
              "Succeeded"
            ]
          },
          "metadata": {
            "operationMetadataId": "2128487a-d06c-4f98-ad16-ead28c7e7162"
          },
          "type": "Workflow",
          "inputs": {
            "host": {
              "workflowReferenceName": "82e733b8-9c68-ec11-8943-000d3a817962"
            }
          }
        },
        "Create_Withdrawn_Notification": {
          "runAfter": {
            "Find_GS_Team": [
              "Succeeded"
            ]
          },
          "metadata": {
            "operationMetadataId": "160be7ac-1ac6-46f7-85a3-a1c9958b32c7"
          },
          "type": "OpenApiConnection",
          "inputs": {
            "host": {
              "connectionName": "shared_commondataserviceforapps",
              "operationId": "CreateRecord",
              "apiId": "/providers/Microsoft.PowerApps/apis/shared_commondataserviceforapps"
            },
            "parameters": {
              "entityName": "aia_withdrawn_notifications",
              "item/subject": "Withdrawn Notification",
              "item/scheduledend": "@first(body('Find_RoA')?['value'])?['aia_contract_start_date']",
              "item/ownerid_aia_withdrawn_notification@odata.bind": "@if(equals(body('Find_GS_Team')?['result'],True),concat('teams(', body('Find_GS_Team')?['teamid'], ')'),null)",
              "item/regardingobjectid_aia_roa_aia_withdrawn_notification@odata.bind": "/aia_roas(@{triggerBody()['text']})",
              "item/aia_request_aia_withdrawn_notification@odata.bind": "/aia_roas(@{triggerBody()['text']})"
            },
            "authentication": {
              "type": "Raw",
              "value": "@json(decodeBase64(triggerOutputs().headers['X-MS-APIM-Tokens']))['$ConnectionKey']"
            }
          }
        },
        "Find_RoA": {
          "runAfter": {},
          "metadata": {
            "operationMetadataId": "f36d8cfc-6450-4e45-af24-c022af7479dd"
          },
          "type": "OpenApiConnection",
          "inputs": {
            "host": {
              "connectionName": "shared_commondataserviceforapps",
              "operationId": "ListRecords",
              "apiId": "/providers/Microsoft.PowerApps/apis/shared_commondataserviceforapps"
            },
            "parameters": {
              "entityName": "aia_roas",
              "fetchXml": "<fetch>\n  <entity name=\"aia_roa\" >\n    <attribute name=\"aia_contract_start_date\" />\n    <filter>\n      <condition attribute=\"aia_roaid\" operator=\"eq\" value=\"@{triggerBody()['text']}\" />\n    </filter>\n  </entity>\n</fetch>"
            },
            "authentication": {
              "type": "Raw",
              "value": "@json(decodeBase64(triggerOutputs().headers['X-MS-APIM-Tokens']))['$ConnectionKey']"
            }
          }
        },
        "Check_exists_Request": {
          "actions": {},
          "runAfter": {
            "Find_RoA": [
              "Succeeded"
            ]
          },
          "else": {
            "actions": {
              "Add_a_new_row": {
                "runAfter": {},
                "metadata": {
                  "operationMetadataId": "15b21db1-8347-4b07-bbea-abf84fd109d6"
                },
                "type": "OpenApiConnection",
                "inputs": {
                  "host": {
                    "connectionName": "shared_commondataserviceforapps",
                    "operationId": "CreateRecord",
                    "apiId": "/providers/Microsoft.PowerApps/apis/shared_commondataserviceforapps"
                  },
                  "parameters": {
                    "entityName": "aia_power_automate_flow_logs",
                    "item/aia_name": "E2. Withdrawn",
                    "item/aia_message": "Missing or not found Request:{@{triggerBody()['text']}}"
                  },
                  "authentication": {
                    "type": "Raw",
                    "value": "@json(decodeBase64(triggerOutputs().headers['X-MS-APIM-Tokens']))['$ConnectionKey']"
                  }
                }
              }
            }
          },
          "expression": {
            "greaterOrEquals": [
              "@length(outputs('Find_RoA')?['body/value'])",
              1
            ]
          },
          "metadata": {
            "operationMetadataId": "534554c3-7a6f-4829-a154-cc10fdd2f50f"
          },
          "type": "If"
        },
        "Find_Update_Sanction_Check_Result": {
          "runAfter": {
            "Create_Withdrawn_Notification": [
              "Succeeded"
            ]
          },
          "metadata": {
            "operationMetadataId": "2e401cfe-8e4b-434c-8783-97629c96e439"
          },
          "type": "OpenApiConnection",
          "inputs": {
            "host": {
              "connectionName": "shared_commondataserviceforapps",
              "operationId": "ListRecords",
              "apiId": "/providers/Microsoft.PowerApps/apis/shared_commondataserviceforapps"
            },
            "parameters": {
              "entityName": "aia_sanctionchecks",
              "$select": "activityid",
              "fetchXml": "<fetch>\n  <entity name=\"aia_sanctioncheck\" >\n    <attribute name=\"activityid\" />\n    <filter>\n      <condition attribute=\"regardingobjectid\" operator=\"eq\" value=\"@{triggerBody()['text']}\" />\n      <condition attribute=\"statuscode\" operator=\"eq\" value=\"1\" />\n    </filter>\n  </entity>\n</fetch>"
            },
            "authentication": {
              "type": "Raw",
              "value": "@json(decodeBase64(triggerOutputs().headers['X-MS-APIM-Tokens']))['$ConnectionKey']"
            }
          }
        },
        "Apply_to_each_Find_Update_Sanction_Check_Result": {
          "foreach": "@outputs('Find_Update_Sanction_Check_Result')?['body/value']",
          "actions": {
            "Update_[Find_Update_Sanction_Check_Result].[Activity_Status]_=_Canceled": {
              "runAfter": {},
              "metadata": {
                "operationMetadataId": "a7431695-d9f4-4337-b4f2-b497a0598959"
              },
              "type": "OpenApiConnection",
              "inputs": {
                "host": {
                  "connectionName": "shared_commondataserviceforapps",
                  "operationId": "UpdateRecord",
                  "apiId": "/providers/Microsoft.PowerApps/apis/shared_commondataserviceforapps"
                },
                "parameters": {
                  "entityName": "aia_sanctionchecks",
                  "recordId": "@items('Apply_to_each_Find_Update_Sanction_Check_Result')?['activityid']",
                  "item/statecode": 2,
                  "item/statuscode": 3
                },
                "authentication": {
                  "type": "Raw",
                  "value": "@json(decodeBase64(triggerOutputs().headers['X-MS-APIM-Tokens']))['$ConnectionKey']"
                }
              }
            }
          },
          "runAfter": {
            "Find_Update_Sanction_Check_Result": [
              "Succeeded"
            ]
          },
          "metadata": {
            "operationMetadataId": "43f86cc3-4681-448d-9c9d-a0a9ec71a11e"
          },
          "type": "Foreach"
        },
        "Find_RoA_Approval": {
          "runAfter": {
            "Apply_to_each": [
              "Succeeded"
            ]
          },
          "metadata": {
            "operationMetadataId": "99456200-9a42-4745-b8ab-485035a5d9a0"
          },
          "type": "OpenApiConnection",
          "inputs": {
            "host": {
              "connectionName": "shared_commondataserviceforapps",
              "operationId": "ListRecords",
              "apiId": "/providers/Microsoft.PowerApps/apis/shared_commondataserviceforapps"
            },
            "parameters": {
              "entityName": "aia_approval_activities",
              "fetchXml": "<fetch>\n  <entity name=\"aia_approval_activity\" >\n    <attribute name=\"activityid\" />\n    <filter>\n      <condition attribute=\"regardingobjectid\" operator=\"eq\" value=\"@{triggerBody()['text']}\" />\n      <condition attribute=\"statuscode\" operator=\"eq\" value=\"1\" />\n    </filter>\n  </entity>\n</fetch>"
            },
            "authentication": {
              "type": "Raw",
              "value": "@json(decodeBase64(triggerOutputs().headers['X-MS-APIM-Tokens']))['$ConnectionKey']"
            }
          }
        },
        "Apply_to_each_Find_RoA_Approval": {
          "foreach": "@outputs('Find_RoA_Approval')?['body/value']",
          "actions": {
            "Update_[RoA_Approval].[Activity_Status]_=_Canceled": {
              "runAfter": {},
              "metadata": {
                "operationMetadataId": "18308d69-1f97-41ef-baf2-a478cf905a98"
              },
              "type": "OpenApiConnection",
              "inputs": {
                "host": {
                  "connectionName": "shared_commondataserviceforapps",
                  "operationId": "UpdateRecord",
                  "apiId": "/providers/Microsoft.PowerApps/apis/shared_commondataserviceforapps"
                },
                "parameters": {
                  "entityName": "aia_approval_activities",
                  "recordId": "@items('Apply_to_each_Find_RoA_Approval')?['activityid']"
                },
                "authentication": {
                  "type": "Raw",
                  "value": "@json(decodeBase64(triggerOutputs().headers['X-MS-APIM-Tokens']))['$ConnectionKey']"
                }
              }
            }
          },
          "runAfter": {
            "Find_RoA_Approval": [
              "Succeeded"
            ]
          },
          "metadata": {
            "operationMetadataId": "eb2b5ba6-ccd8-4d93-9caf-b182d0c07024"
          },
          "type": "Foreach"
        },
        "Find_Approval_Chain": {
          "runAfter": {
            "Apply_to_each_Find_RoA_Approval": [
              "Succeeded"
            ]
          },
          "metadata": {
            "operationMetadataId": "be254790-6740-4687-a65d-48030fbf4c2e"
          },
          "type": "OpenApiConnection",
          "inputs": {
            "host": {
              "connectionName": "shared_commondataserviceforapps",
              "operationId": "ListRecords",
              "apiId": "/providers/Microsoft.PowerApps/apis/shared_commondataserviceforapps"
            },
            "parameters": {
              "entityName": "aia_approval_chains",
              "fetchXml": "<fetch>\n  <entity name=\"aia_approval_chain\" >\n    <attribute name=\"aia_approval_chainid\" />\n    <filter>\n      <condition attribute=\"aia_roa\" operator=\"eq\" value=\"@{triggerBody()['text']}\" />\n      <condition attribute=\"aia_approval_chain_status\" operator=\"neq\" value=\"3\" />\n      <condition attribute=\"statecode\" operator=\"eq\" value=\"0\" />\n    </filter>\n  </entity>\n</fetch>"
            },
            "authentication": {
              "type": "Raw",
              "value": "@json(decodeBase64(triggerOutputs().headers['X-MS-APIM-Tokens']))['$ConnectionKey']"
            }
          }
        },
        "Apply_to_each_Find_Approval_Chain": {
          "foreach": "@outputs('Find_Approval_Chain')?['body/value']",
          "actions": {
            "Update_[Approval_Chain].[Approval_Chain_Status]_=_Withdrawn": {
              "runAfter": {},
              "metadata": {
                "operationMetadataId": "98c12525-1036-4d9c-a92e-18fec33cc132"
              },
              "type": "OpenApiConnection",
              "inputs": {
                "host": {
                  "connectionName": "shared_commondataserviceforapps",
                  "operationId": "UpdateRecord",
                  "apiId": "/providers/Microsoft.PowerApps/apis/shared_commondataserviceforapps"
                },
                "parameters": {
                  "entityName": "aia_approval_chains",
                  "recordId": "@items('Apply_to_each_Find_Approval_Chain')?['aia_approval_chainid']",
                  "item/aia_approval_chain_status": 5
                },
                "authentication": {
                  "type": "Raw",
                  "value": "@json(decodeBase64(triggerOutputs().headers['X-MS-APIM-Tokens']))['$ConnectionKey']"
                }
              }
            },
            "Find_Approval_Chain_Approvers": {
              "runAfter": {
                "Update_[Approval_Chain].[Approval_Chain_Status]_=_Withdrawn": [
                  "Succeeded"
                ]
              },
              "metadata": {
                "operationMetadataId": "c731e231-0580-491b-8bb8-87ae248c1f7a"
              },
              "type": "OpenApiConnection",
              "inputs": {
                "host": {
                  "connectionName": "shared_commondataserviceforapps",
                  "operationId": "ListRecords",
                  "apiId": "/providers/Microsoft.PowerApps/apis/shared_commondataserviceforapps"
                },
                "parameters": {
                  "entityName": "aia_approval_chain_approvers",
                  "$select": "aia_approval_chain_approverid",
                  "fetchXml": "<fetch top=\"5000\">\n  <entity name=\"aia_approval_chain_approver\">\n    <attribute name=\"aia_approval_chain_approverid\" />\n    <filter>\n      <condition attribute=\"aia_approval_chain\" operator=\"eq\" value=\"@{items('Apply_to_each_Find_Approval_Chain')?['aia_approval_chainid']}\" />\n      <condition attribute=\"statecode\" operator=\"eq\" value=\"0\" />\n    </filter>\n    <filter type=\"or\">\n      <condition attribute=\"aia_approval_status\" operator=\"eq\" value=\"1\" />\n      <condition attribute=\"aia_approval_status\" operator=\"eq\" value=\"2\" />\n      <condition attribute=\"aia_approval_status\" operator=\"null\" />\n    </filter>\n  </entity>\n</fetch>"
                },
                "authentication": {
                  "type": "Raw",
                  "value": "@json(decodeBase64(triggerOutputs().headers['X-MS-APIM-Tokens']))['$ConnectionKey']"
                }
              }
            },
            "Condition": {
              "actions": {
                "Apply_to_each_Find_Approval_Chain_Approvers": {
                  "foreach": "@outputs('Find_Approval_Chain_Approvers')?['body/value']",
                  "actions": {
                    "Update_[Approval__Status]_=_Withdrawn": {
                      "runAfter": {},
                      "metadata": {
                        "operationMetadataId": "d016d358-dd11-4bfb-872c-26b23aec235e"
                      },
                      "type": "OpenApiConnection",
                      "inputs": {
                        "host": {
                          "connectionName": "shared_commondataserviceforapps",
                          "operationId": "UpdateRecord",
                          "apiId": "/providers/Microsoft.PowerApps/apis/shared_commondataserviceforapps"
                        },
                        "parameters": {
                          "entityName": "aia_approval_chain_approvers",
                          "recordId": "@items('Apply_to_each_Find_Approval_Chain_Approvers')?['aia_approval_chain_approverid']",
                          "item/aia_approval_status": 6
                        },
                        "authentication": {
                          "type": "Raw",
                          "value": "@json(decodeBase64(triggerOutputs().headers['X-MS-APIM-Tokens']))['$ConnectionKey']"
                        }
                      }
                    }
                  },
                  "runAfter": {},
                  "metadata": {
                    "operationMetadataId": "9510a060-e11d-4a9b-ae3e-993e70d96d99"
                  },
                  "type": "Foreach"
                }
              },
              "runAfter": {
                "Find_Approval_Chain_Approvers": [
                  "Succeeded"
                ]
              },
              "expression": {
                "greaterOrEquals": [
                  "@length(outputs('Find_Approval_Chain_Approvers')?['body/value'])",
                  1
                ]
              },
              "metadata": {
                "operationMetadataId": "01a98f5e-9933-4c90-94c3-0af9882c7044"
              },
              "type": "If"
            }
          },
          "runAfter": {
            "Find_Approval_Chain": [
              "Succeeded"
            ]
          },
          "metadata": {
            "operationMetadataId": "e3bf1892-7153-4064-81fb-a27a09a91ed5"
          },
          "type": "Foreach"
        },
        "Find_RoA_Clarification": {
          "runAfter": {
            "Apply_to_each_Find_Approval_Chain": [
              "Succeeded"
            ]
          },
          "metadata": {
            "operationMetadataId": "35c860cc-60e2-4018-a605-8709af4fdee7"
          },
          "type": "OpenApiConnection",
          "inputs": {
            "host": {
              "connectionName": "shared_commondataserviceforapps",
              "operationId": "ListRecords",
              "apiId": "/providers/Microsoft.PowerApps/apis/shared_commondataserviceforapps"
            },
            "parameters": {
              "entityName": "aia_approval_clarification_notices",
              "fetchXml": "<fetch>\n  <entity name=\"aia_approval_clarification_notice\" >\n    <attribute name=\"activityid\" />\n    <filter>\n      <condition attribute=\"regardingobjectid\" operator=\"eq\" value=\"@{triggerBody()['text']}\" />\n      <condition attribute=\"statuscode\" operator=\"eq\" value=\"1\" />\n    </filter>\n  </entity>\n</fetch>"
            },
            "authentication": {
              "type": "Raw",
              "value": "@json(decodeBase64(triggerOutputs().headers['X-MS-APIM-Tokens']))['$ConnectionKey']"
            }
          }
        },
        "Apply_to_each_Find_RoA_Clarification": {
          "foreach": "@outputs('Find_RoA_Clarification')?['body/value']",
          "actions": {
            "Update_[RoA_CLarification].[Activity_Status]_=_Canceled": {
              "runAfter": {},
              "metadata": {
                "operationMetadataId": "b04e7744-2cdf-4405-b8f0-4a89bd191485"
              },
              "type": "OpenApiConnection",
              "inputs": {
                "host": {
                  "connectionName": "shared_commondataserviceforapps",
                  "operationId": "UpdateRecord",
                  "apiId": "/providers/Microsoft.PowerApps/apis/shared_commondataserviceforapps"
                },
                "parameters": {
                  "entityName": "aia_approval_clarification_notices",
                  "recordId": "@items('Apply_to_each_Find_RoA_Clarification')?['activityid']",
                  "item/statecode": 2,
                  "item/statuscode": 3
                },
                "authentication": {
                  "type": "Raw",
                  "value": "@json(decodeBase64(triggerOutputs().headers['X-MS-APIM-Tokens']))['$ConnectionKey']"
                }
              }
            }
          },
          "runAfter": {
            "Find_RoA_Clarification": [
              "Succeeded"
            ]
          },
          "metadata": {
            "operationMetadataId": "82e58b4b-c30e-4d30-9cf4-7308c89aeffb"
          },
          "type": "Foreach"
        },
        "Find_RoA_Approval_-_with_further_clarification": {
          "runAfter": {
            "Apply_to_each_Find_RoA_Clarification": [
              "Succeeded"
            ]
          },
          "metadata": {
            "operationMetadataId": "34d453a1-a3c9-4ad9-849f-7e297a3dedf2"
          },
          "type": "OpenApiConnection",
          "inputs": {
            "host": {
              "connectionName": "shared_commondataserviceforapps",
              "operationId": "ListRecords",
              "apiId": "/providers/Microsoft.PowerApps/apis/shared_commondataserviceforapps"
            },
            "parameters": {
              "entityName": "aia_clarification_submitted_notices",
              "fetchXml": "<fetch>\n  <entity name=\"aia_clarification_submitted_notice\" >\n    <attribute name=\"activityid\" />\n    <filter>\n      <condition attribute=\"regardingobjectid\" operator=\"eq\" value=\"@{triggerBody()['text']}\" />\n      <condition attribute=\"statuscode\" operator=\"eq\" value=\"1\" />\n    </filter>\n  </entity>\n</fetch>"
            },
            "authentication": {
              "type": "Raw",
              "value": "@json(decodeBase64(triggerOutputs().headers['X-MS-APIM-Tokens']))['$ConnectionKey']"
            }
          }
        },
        "Apply_to_each_Find_RoA_Approval_-_with_further_clarification": {
          "foreach": "@outputs('Find_RoA_Approval_-_with_further_clarification')?['body/value']",
          "actions": {
            "Update_[RoA_Approval_-_with_further_clarification].[Activity_Statis]_=_Canceled": {
              "runAfter": {},
              "metadata": {
                "operationMetadataId": "06d9bbce-2505-49ca-8af5-b8e779e74c10"
              },
              "type": "OpenApiConnection",
              "inputs": {
                "host": {
                  "connectionName": "shared_commondataserviceforapps",
                  "operationId": "UpdateRecord",
                  "apiId": "/providers/Microsoft.PowerApps/apis/shared_commondataserviceforapps"
                },
                "parameters": {
                  "entityName": "aia_clarification_submitted_notices",
                  "recordId": "@items('Apply_to_each_Find_RoA_Approval_-_with_further_clarification')?['activityid']",
                  "item/statecode": 2,
                  "item/statuscode": 3
                },
                "authentication": {
                  "type": "Raw",
                  "value": "@json(decodeBase64(triggerOutputs().headers['X-MS-APIM-Tokens']))['$ConnectionKey']"
                }
              }
            }
          },
          "runAfter": {
            "Find_RoA_Approval_-_with_further_clarification": [
              "Succeeded"
            ]
          },
          "metadata": {
            "operationMetadataId": "5d69998d-03da-4ab9-9d8b-a40ab319b5dd"
          },
          "type": "Foreach"
        },
        "Find_Upload_signed_contracts": {
          "runAfter": {
            "Apply_to_each_Find_RoA_Approval_-_with_further_clarification": [
              "Succeeded"
            ]
          },
          "metadata": {
            "operationMetadataId": "a1b2a866-d11a-4abf-bf9e-373de09d0dfa"
          },
          "type": "OpenApiConnection",
          "inputs": {
            "host": {
              "connectionName": "shared_commondataserviceforapps",
              "operationId": "ListRecords",
              "apiId": "/providers/Microsoft.PowerApps/apis/shared_commondataserviceforapps"
            },
            "parameters": {
              "entityName": "aia_upload_signed_contracts",
              "fetchXml": "<fetch>\n  <entity name=\"aia_upload_signed_contract\" >\n    <attribute name=\"activityid\" />\n    <filter>\n      <condition attribute=\"regardingobjectid\" operator=\"eq\" value=\"@{triggerBody()['text']}\" />\n      <condition attribute=\"statuscode\" operator=\"eq\" value=\"1\" />\n    </filter>\n  </entity>\n</fetch>"
            },
            "authentication": {
              "type": "Raw",
              "value": "@json(decodeBase64(triggerOutputs().headers['X-MS-APIM-Tokens']))['$ConnectionKey']"
            }
          }
        },
        "Apply_to_each_Upload_signed_contracts": {
          "foreach": "@outputs('Find_Upload_signed_contracts')?['body/value']",
          "actions": {
            "Update_[Upload_signed_contracts].[Activity_Status]_=_Canceled": {
              "runAfter": {},
              "metadata": {
                "operationMetadataId": "f407c6e8-0056-44f2-be36-41b42be9ec7d"
              },
              "type": "OpenApiConnection",
              "inputs": {
                "host": {
                  "connectionName": "shared_commondataserviceforapps",
                  "operationId": "UpdateRecord",
                  "apiId": "/providers/Microsoft.PowerApps/apis/shared_commondataserviceforapps"
                },
                "parameters": {
                  "entityName": "aia_upload_signed_contracts",
                  "recordId": "@items('Apply_to_each_Upload_signed_contracts')?['activityid']",
                  "item/statecode": 2,
                  "item/statuscode": 3
                },
                "authentication": {
                  "type": "Raw",
                  "value": "@json(decodeBase64(triggerOutputs().headers['X-MS-APIM-Tokens']))['$ConnectionKey']"
                }
              }
            }
          },
          "runAfter": {
            "Find_Upload_signed_contracts": [
              "Succeeded"
            ]
          },
          "metadata": {
            "operationMetadataId": "f3ce041f-eb35-4f96-85b6-5e0ab82ea991"
          },
          "type": "Foreach"
        },
        "Find_Review_Uploaded_Contract_Document": {
          "runAfter": {
            "Apply_to_each_Upload_signed_contracts": [
              "Succeeded"
            ]
          },
          "metadata": {
            "operationMetadataId": "87e1bb9b-5df2-43d2-9d11-458b6fb5de18"
          },
          "type": "OpenApiConnection",
          "inputs": {
            "host": {
              "connectionName": "shared_commondataserviceforapps",
              "operationId": "ListRecords",
              "apiId": "/providers/Microsoft.PowerApps/apis/shared_commondataserviceforapps"
            },
            "parameters": {
              "entityName": "aia_contractsignedreviewrequests",
              "fetchXml": "<fetch>\n  <entity name=\"aia_contractsignedreviewrequest\" >\n    <attribute name=\"activityid\" />\n    <filter>\n      <condition attribute=\"regardingobjectid\" operator=\"eq\" value=\"@{triggerBody()['text']}\" />\n      <condition attribute=\"statuscode\" operator=\"eq\" value=\"1\" />\n    </filter>\n  </entity>\n</fetch>"
            },
            "authentication": {
              "type": "Raw",
              "value": "@json(decodeBase64(triggerOutputs().headers['X-MS-APIM-Tokens']))['$ConnectionKey']"
            }
          }
        },
        "Apply_to_each_Review_Uploaded_Contract_Document": {
          "foreach": "@outputs('Find_Review_Uploaded_Contract_Document')?['body/value']",
          "actions": {
            "Update_[Review_Uploaded_Contract_Document].[Activity_Status]_=_Canceled": {
              "runAfter": {},
              "metadata": {
                "operationMetadataId": "2948f0f2-2cda-423c-b3af-f192c8154f6d"
              },
              "type": "OpenApiConnection",
              "inputs": {
                "host": {
                  "connectionName": "shared_commondataserviceforapps",
                  "operationId": "UpdateRecord",
                  "apiId": "/providers/Microsoft.PowerApps/apis/shared_commondataserviceforapps"
                },
                "parameters": {
                  "entityName": "aia_contractsignedreviewrequests",
                  "recordId": "@items('Apply_to_each_Review_Uploaded_Contract_Document')?['activityid']",
                  "item/statecode": 2,
                  "item/statuscode": 3
                },
                "authentication": {
                  "type": "Raw",
                  "value": "@json(decodeBase64(triggerOutputs().headers['X-MS-APIM-Tokens']))['$ConnectionKey']"
                }
              }
            }
          },
          "runAfter": {
            "Find_Review_Uploaded_Contract_Document": [
              "Succeeded"
            ]
          },
          "metadata": {
            "operationMetadataId": "b0a2bc85-7581-43d9-b017-9d6969aab71b"
          },
          "type": "Foreach"
        },
        "Find_Upload_signed_Master_Agreement": {
          "runAfter": {
            "Apply_to_each_Review_Uploaded_Contract_Document": [
              "Succeeded"
            ]
          },
          "metadata": {
            "operationMetadataId": "6d219902-b9ef-4c38-9666-b418c305916a"
          },
          "type": "OpenApiConnection",
          "inputs": {
            "host": {
              "connectionName": "shared_commondataserviceforapps",
              "operationId": "ListRecords",
              "apiId": "/providers/Microsoft.PowerApps/apis/shared_commondataserviceforapps"
            },
            "parameters": {
              "entityName": "aia_signed_msa_uploads",
              "fetchXml": "<fetch>\n  <entity name=\"aia_signed_msa_upload\" >\n    <attribute name=\"activityid\" />\n    <filter>\n      <condition attribute=\"regardingobjectid\" operator=\"eq\" value=\"@{triggerBody()['text']}\" />\n      <condition attribute=\"statuscode\" operator=\"eq\" value=\"1\" />\n    </filter>\n  </entity>\n</fetch>"
            },
            "authentication": {
              "type": "Raw",
              "value": "@json(decodeBase64(triggerOutputs().headers['X-MS-APIM-Tokens']))['$ConnectionKey']"
            }
          }
        },
        "Apply_to_each_Upload_signed_Master_Agreement": {
          "foreach": "@outputs('Find_Upload_signed_Master_Agreement')?['body/value']",
          "actions": {
            "Update_[Upload_signed_Master_Agreement].[Activity_Status]_=_Canceled": {
              "runAfter": {},
              "metadata": {
                "operationMetadataId": "4358973c-50db-43fa-82e8-84a7ed3d9aa3"
              },
              "type": "OpenApiConnection",
              "inputs": {
                "host": {
                  "connectionName": "shared_commondataserviceforapps",
                  "operationId": "UpdateRecord",
                  "apiId": "/providers/Microsoft.PowerApps/apis/shared_commondataserviceforapps"
                },
                "parameters": {
                  "entityName": "aia_signed_msa_uploads",
                  "recordId": "@items('Apply_to_each_Upload_signed_Master_Agreement')?['activityid']",
                  "item/statecode": 2,
                  "item/statuscode": 3
                },
                "authentication": {
                  "type": "Raw",
                  "value": "@json(decodeBase64(triggerOutputs().headers['X-MS-APIM-Tokens']))['$ConnectionKey']"
                }
              }
            }
          },
          "runAfter": {
            "Find_Upload_signed_Master_Agreement": [
              "Succeeded"
            ]
          },
          "metadata": {
            "operationMetadataId": "c77d94e2-a5ab-4d48-b05d-01cf594bf80e"
          },
          "type": "Foreach"
        },
        "Find_Review_Onboarding_Pack_submission": {
          "runAfter": {
            "Apply_to_each_Upload_signed_Master_Agreement": [
              "Succeeded"
            ]
          },
          "metadata": {
            "operationMetadataId": "1d4891ba-404e-4af2-9d3a-835babcd966b"
          },
          "type": "OpenApiConnection",
          "inputs": {
            "host": {
              "connectionName": "shared_commondataserviceforapps",
              "operationId": "ListRecords",
              "apiId": "/providers/Microsoft.PowerApps/apis/shared_commondataserviceforapps"
            },
            "parameters": {
              "entityName": "aia_review_onboarding_pack_submissions",
              "fetchXml": "<fetch>\n  <entity name=\"aia_review_onboarding_pack_submission\" >\n    <attribute name=\"activityid\" />\n    <filter>\n      <condition attribute=\"regardingobjectid\" operator=\"eq\" value=\"@{triggerBody()['text']}\" />\n      <condition attribute=\"statuscode\" operator=\"eq\" value=\"1\" />\n    </filter>\n  </entity>\n</fetch>"
            },
            "authentication": {
              "type": "Raw",
              "value": "@json(decodeBase64(triggerOutputs().headers['X-MS-APIM-Tokens']))['$ConnectionKey']"
            }
          }
        },
        "Apply_to_each_Review_Onboarding_Pack_submission": {
          "foreach": "@outputs('Find_Review_Onboarding_Pack_submission')?['body/value']",
          "actions": {
            "Update_[Review_Onboarding_Pack_submission].[Activity_Status]_=_Canceled": {
              "runAfter": {},
              "metadata": {
                "operationMetadataId": "b020ba78-7c8e-47a2-b17f-9f914ea9ebb1"
              },
              "type": "OpenApiConnection",
              "inputs": {
                "host": {
                  "connectionName": "shared_commondataserviceforapps",
                  "operationId": "UpdateRecord",
                  "apiId": "/providers/Microsoft.PowerApps/apis/shared_commondataserviceforapps"
                },
                "parameters": {
                  "entityName": "aia_review_onboarding_pack_submissions",
                  "recordId": "@items('Apply_to_each_Review_Onboarding_Pack_submission')?['activityid']",
                  "item/statecode": 2,
                  "item/statuscode": 3
                },
                "authentication": {
                  "type": "Raw",
                  "value": "@json(decodeBase64(triggerOutputs().headers['X-MS-APIM-Tokens']))['$ConnectionKey']"
                }
              }
            }
          },
          "runAfter": {
            "Find_Review_Onboarding_Pack_submission": [
              "Succeeded"
            ]
          },
          "metadata": {
            "operationMetadataId": "4e83821a-3f69-4b47-a780-1cad0e8f2564"
          },
          "type": "Foreach"
        },
        "Respond_to_a_PowerApp_or_flow": {
          "runAfter": {
            "Apply_to_each_Review_Onboarding_Pack_submission": [
              "Succeeded"
            ]
          },
          "metadata": {
            "operationMetadataId": "9c1b50c2-91a6-4689-8cfa-99740c0de772"
          },
          "type": "Response",
          "kind": "PowerApp",
          "inputs": {
            "statusCode": 200,
            "body": {
              "result": "true"
            },
            "schema": {
              "type": "object",
              "properties": {
                "result": {
                  "title": "result",
                  "x-ms-dynamically-added": true,
                  "type": "string"
                }
              }
            }
          }
        },
        "Find_Initiate_New_Supplier_Review": {
          "runAfter": {
            "Apply_to_each_Find_Update_Sanction_Check_Result": [
              "Succeeded"
            ]
          },
          "metadata": {
            "operationMetadataId": "b4b018cc-6bff-4014-b981-7c396f37366c"
          },
          "type": "OpenApiConnection",
          "inputs": {
            "host": {
              "connectionName": "shared_commondataserviceforapps",
              "operationId": "ListRecords",
              "apiId": "/providers/Microsoft.PowerApps/apis/shared_commondataserviceforapps"
            },
            "parameters": {
              "entityName": "aia_new_supplier_requests",
              "fetchXml": "<fetch>\n  <entity name=\"aia_new_supplier_request\" >\n    <attribute name=\"activityid\" />\n    <filter>\n      <condition attribute=\"regardingobjectid\" operator=\"eq\" value=\"@{triggerBody()['text']}\" />\n      <condition attribute=\"statuscode\" operator=\"eq\" value=\"1\" />\n    </filter>\n  </entity>\n</fetch>"
            },
            "authentication": {
              "type": "Raw",
              "value": "@json(decodeBase64(triggerOutputs().headers['X-MS-APIM-Tokens']))['$ConnectionKey']"
            }
          }
        },
        "Apply_to_each_Find_Initiate_New_Supplier_Review": {
          "foreach": "@outputs('Find_Initiate_New_Supplier_Review')?['body/value']",
          "actions": {
            "Update_Initiate_New_Supplier_Review_as_Canceled": {
              "runAfter": {},
              "metadata": {
                "operationMetadataId": "b19e3f05-f82c-4152-b26d-f97da8b33b82"
              },
              "type": "OpenApiConnection",
              "inputs": {
                "host": {
                  "connectionName": "shared_commondataserviceforapps",
                  "operationId": "UpdateRecord",
                  "apiId": "/providers/Microsoft.PowerApps/apis/shared_commondataserviceforapps"
                },
                "parameters": {
                  "entityName": "aia_new_supplier_requests",
                  "recordId": "@items('Apply_to_each_Find_Initiate_New_Supplier_Review')?['activityid']",
                  "item/statecode": 2,
                  "item/statuscode": 3
                },
                "authentication": {
                  "type": "Raw",
                  "value": "@json(decodeBase64(triggerOutputs().headers['X-MS-APIM-Tokens']))['$ConnectionKey']"
                }
              }
            }
          },
          "runAfter": {
            "Find_Initiate_New_Supplier_Review": [
              "Succeeded"
            ]
          },
          "metadata": {
            "operationMetadataId": "f250cf93-726f-42fc-8d08-b52797bd9562"
          },
          "type": "Foreach"
        },
        "Find_Define_Approval_Chain": {
          "runAfter": {
            "Apply_to_each_Find_Initiate_New_Supplier_Review": [
              "Succeeded"
            ]
          },
          "metadata": {
            "operationMetadataId": "aee599f7-2bdf-4c9b-8f83-f27ffdd0f152"
          },
          "type": "OpenApiConnection",
          "inputs": {
            "host": {
              "connectionName": "shared_commondataserviceforapps",
              "operationId": "ListRecords",
              "apiId": "/providers/Microsoft.PowerApps/apis/shared_commondataserviceforapps"
            },
            "parameters": {
              "entityName": "aia_activityapprovalchains",
              "fetchXml": "<fetch>\n  <entity name=\"aia_activityapprovalchain\" >\n    <attribute name=\"activityid\" />\n    <filter>\n      <condition attribute=\"regardingobjectid\" operator=\"eq\" value=\"@{triggerBody()['text']}\" />\n      <condition attribute=\"statuscode\" operator=\"eq\" value=\"1\" />\n    </filter>\n  </entity>\n</fetch>"
            },
            "authentication": {
              "type": "Raw",
              "value": "@json(decodeBase64(triggerOutputs().headers['X-MS-APIM-Tokens']))['$ConnectionKey']"
            }
          }
        },
        "Apply_to_each": {
          "foreach": "@outputs('Find_Define_Approval_Chain')?['body/value']",
          "actions": {
            "Update_Define_Approval_Chain_as_Canceled": {
              "runAfter": {},
              "metadata": {
                "operationMetadataId": "c72514f0-2fca-4353-a273-18d0b00f23fb"
              },
              "type": "OpenApiConnection",
              "inputs": {
                "host": {
                  "connectionName": "shared_commondataserviceforapps",
                  "operationId": "UpdateRecord",
                  "apiId": "/providers/Microsoft.PowerApps/apis/shared_commondataserviceforapps"
                },
                "parameters": {
                  "entityName": "aia_activityapprovalchains",
                  "recordId": "@items('Apply_to_each')?['activityid']",
                  "item/statecode": 2,
                  "item/statuscode": 3
                },
                "authentication": {
                  "type": "Raw",
                  "value": "@json(decodeBase64(triggerOutputs().headers['X-MS-APIM-Tokens']))['$ConnectionKey']"
                }
              }
            }
          },
          "runAfter": {
            "Find_Define_Approval_Chain": [
              "Succeeded"
            ]
          },
          "metadata": {
            "operationMetadataId": "d3e5941a-f8b2-4af4-b6cc-f74fa3e8c608"
          },
          "type": "Foreach"
        },
        "Find_New": {
          "runAfter": {
            "Check_exists_Request": [
              "Succeeded"
            ]
          },
          "metadata": {
            "operationMetadataId": "35c3afe0-e8e2-4417-bab4-0ff74bf26395"
          },
          "type": "OpenApiConnection",
          "inputs": {
            "host": {
              "connectionName": "shared_commondataserviceforapps",
              "operationId": "ListRecords",
              "apiId": "/providers/Microsoft.PowerApps/apis/shared_commondataserviceforapps"
            },
            "parameters": {
              "entityName": "aia_news",
              "$select": "aia_newid",
              "$filter": "_aia_roa_value eq @{triggerBody()['text']}"
            },
            "authentication": {
              "type": "Raw",
              "value": "@json(decodeBase64(triggerOutputs().headers['X-MS-APIM-Tokens']))['$ConnectionKey']"
            }
          }
        },
        "Apply_to_each_Find_New": {
          "foreach": "@outputs('Find_New')?['body/value']",
          "actions": {
            "Update_New.Status_=_Withdrawn": {
              "runAfter": {},
              "metadata": {
                "operationMetadataId": "0a19fdae-4021-4cff-b4ba-73ee433702b3"
              },
              "type": "OpenApiConnection",
              "inputs": {
                "host": {
                  "connectionName": "shared_commondataserviceforapps",
                  "operationId": "UpdateRecord",
                  "apiId": "/providers/Microsoft.PowerApps/apis/shared_commondataserviceforapps"
                },
                "parameters": {
                  "entityName": "aia_news",
                  "recordId": "@items('Apply_to_each_Find_New')?['aia_newid']",
                  "item/aia_individual_status": 8
                },
                "authentication": {
                  "type": "Raw",
                  "value": "@json(decodeBase64(triggerOutputs().headers['X-MS-APIM-Tokens']))['$ConnectionKey']"
                }
              }
            }
          },
          "runAfter": {
            "Find_New": [
              "Succeeded"
            ]
          },
          "metadata": {
            "operationMetadataId": "741a4d4a-2624-4f20-8c05-99f1c78e7a2f"
          },
          "type": "Foreach"
        },
        "Update_RoA": {
          "runAfter": {
            "Apply_to_each_Find_New": [
              "Succeeded"
            ]
          },
          "metadata": {
            "operationMetadataId": "a5b29d74-f0d6-424d-a3be-9f6a0817613d"
          },
          "type": "OpenApiConnection",
          "inputs": {
            "host": {
              "connectionName": "shared_commondataserviceforapps",
              "operationId": "UpdateRecord",
              "apiId": "/providers/Microsoft.PowerApps/apis/shared_commondataserviceforapps"
            },
            "parameters": {
              "entityName": "aia_roas",
              "recordId": "@triggerBody()['text']",
              "item/aia_roa_status": 7,
              "item/statuscode": 914710015
            },
            "authentication": {
              "type": "Raw",
              "value": "@json(decodeBase64(triggerOutputs().headers['X-MS-APIM-Tokens']))['$ConnectionKey']"
            }
          }
        }
      }
    },
    "templateName": ""
  },
  "schemaVersion": "1.0.0.0"
}