{
  "properties": {
    "connectionReferences": {
      "shared_sharepointonline": {
        "runtimeSource": "embedded",
        "connection": {
          "connectionReferenceLogicalName": "aia_sharedsharepointonline_9b526"
        },
        "api": {
          "name": "shared_sharepointonline"
        }
      },
      "shared_commondataserviceforapps_1": {
        "runtimeSource": "embedded",
        "connection": {
          "connectionReferenceLogicalName": "aia_sharedcommondataserviceforapps_f04d4"
        },
        "api": {
          "name": "shared_commondataserviceforapps"
        }
      }
    },
    "definition": {
      "$schema": "https://schema.management.azure.com/providers/Microsoft.Logic/schemas/2016-06-01/workflowdefinition.json#",
      "contentVersion": "1.0.0.0",
      "parameters": {
        "$connections": {
          "defaultValue": {},
          "type": "Object"
        },
        "$authentication": {
          "defaultValue": {},
          "type": "SecureObject"
        }
      },
      "triggers": {
        "manual": {
          "metadata": {
            "operationMetadataId": "7a4bedc1-363d-429e-90de-53f60edd7996"
          },
          "type": "Request",
          "kind": "Button",
          "inputs": {
            "schema": {
              "type": "object",
              "properties": {
                "text": {
                  "title": "RequestID",
                  "type": "string",
                  "x-ms-dynamically-added": true,
                  "description": "Please enter your input",
                  "x-ms-content-hint": "TEXT"
                },
                "text_1": {
                  "title": "RequestGuid",
                  "type": "string",
                  "x-ms-dynamically-added": true,
                  "description": "Please enter your input",
                  "x-ms-content-hint": "TEXT"
                },
                "text_2": {
                  "title": "SiteAddress",
                  "type": "string",
                  "x-ms-dynamically-added": true,
                  "description": "Please enter your input",
                  "x-ms-content-hint": "TEXT"
                },
                "text_3": {
                  "title": "FolderPath",
                  "type": "string",
                  "x-ms-dynamically-added": true,
                  "description": "Please enter your input",
                  "x-ms-content-hint": "TEXT"
                },
                "text_4": {
                  "title": "RequestorAddress",
                  "type": "string",
                  "x-ms-dynamically-added": true,
                  "description": "Please enter your input",
                  "x-ms-content-hint": "TEXT"
                },
                "text_5": {
                  "title": "HiringmanagerAddress",
                  "type": "string",
                  "x-ms-dynamically-added": true,
                  "description": "Please enter your input",
                  "x-ms-content-hint": "TEXT"
                }
              },
              "required": [
                "text",
                "text_1",
                "text_2",
                "text_3",
                "text_4"
              ]
            }
          }
        }
      },
      "actions": {
        "Try": {
          "actions": {
            "Grant_access_to_an_item_or_a_folder": {
              "runAfter": {
                "Get_folder_metadata": [
                  "Succeeded"
                ]
              },
              "metadata": {
                "operationMetadataId": "283c72b1-6039-45d2-a138-73731ffbe239"
              },
              "type": "Workflow",
              "inputs": {
                "host": {
                  "workflowReferenceName": "13c1704a-80a0-ec11-b400-000d3a0898d6"
                },
                "body": {
                  "text": "@triggerBody()['text_2']",
                  "text_1": "@first(split(triggerBody()['text_3'], '/'))",
                  "number": "@outputs('Get_folder_metadata')?['body/ItemId']",
                  "text_2": "@triggerBody()['text_4']",
                  "text_3": "@if(not(empty(triggerBody()?['text_5'])),triggerBody()?['text_5'],'')"
                }
              }
            },
            "Get_folder_metadata": {
              "runAfter": {},
              "metadata": {
                "operationMetadataId": "f3524509-1483-4426-9d98-5c8637d46eee"
              },
              "type": "OpenApiConnection",
              "inputs": {
                "host": {
                  "connectionName": "shared_sharepointonline",
                  "operationId": "GetFolderMetadata",
                  "apiId": "/providers/Microsoft.PowerApps/apis/shared_sharepointonline"
                },
                "parameters": {
                  "dataset": "@triggerBody()['text_2']",
                  "id": "@concat(triggerBody()['text_3'], '/', triggerBody()['text'])"
                },
                "authentication": {
                  "type": "Raw",
                  "value": "@json(decodeBase64(triggerOutputs().headers['X-MS-APIM-Tokens']))['$ConnectionKey']"
                }
              }
            },
            "Get_Approver_by_Request": {
              "runAfter": {
                "Grant_access_to_an_item_or_a_folder": [
                  "Succeeded"
                ]
              },
              "metadata": {
                "operationMetadataId": "c018e6ee-e8c7-4136-b973-175055340c09"
              },
              "type": "OpenApiConnection",
              "inputs": {
                "host": {
                  "connectionName": "shared_commondataserviceforapps_1",
                  "operationId": "ListRecords",
                  "apiId": "/providers/Microsoft.PowerApps/apis/shared_commondataserviceforapps"
                },
                "parameters": {
                  "entityName": "aia_approval_chain_approvers",
                  "fetchXml": "<fetch top=\"5000\">\n  <entity name=\"aia_approval_chain_approver\">\n    <link-entity name=\"systemuser\" from=\"systemuserid\" to=\"aia_approver\" link-type=\"outer\" alias=\"approver\">\n      <attribute name=\"internalemailaddress\" />\n      <attribute name=\"fullname\" />\n    </link-entity>\n    <filter>\n      <condition attribute=\"aia_approval_status\" operator=\"ne\" value=\"5\" />\n      <condition attribute=\"statecode\" operator=\"eq\" value=\"0\" />\n    </filter>\n    <link-entity name=\"aia_approval_chain\" from=\"aia_approval_chainid\" to=\"aia_approval_chain\" link-type=\"inner\" alias=\"approvalchain\">\n      <filter>\n        <condition attribute=\"aia_roa\" operator=\"eq\" value=\"@{triggerBody()['text_1']}\" />\n      </filter>\n    </link-entity>\n  </entity>\n</fetch>"
                },
                "authentication": {
                  "type": "Raw",
                  "value": "@json(decodeBase64(triggerOutputs().headers['X-MS-APIM-Tokens']))['$ConnectionKey']"
                }
              }
            },
            "Apply_to_each": {
              "foreach": "@outputs('Get_Approver_by_Request')?['body/value']",
              "actions": {
                "If_Array_is_Null": {
                  "actions": {
                    "Append_to_array_variable": {
                      "runAfter": {},
                      "metadata": {
                        "operationMetadataId": "698bbe36-8116-473a-938c-ac6aceb19859"
                      },
                      "type": "AppendToArrayVariable",
                      "inputs": {
                        "name": "ApproverEmailAddress",
                        "value": "@items('Apply_to_each')?['approver.internalemailaddress']"
                      }
                    }
                  },
                  "runAfter": {},
                  "else": {
                    "actions": {
                      "if__array_not_contains_email_address": {
                        "actions": {
                          "Append_to_array_variable_2": {
                            "runAfter": {},
                            "metadata": {
                              "operationMetadataId": "69a174d4-d5b8-4904-8852-8f5fc3cd73af"
                            },
                            "type": "AppendToArrayVariable",
                            "inputs": {
                              "name": "ApproverEmailAddress",
                              "value": "@items('Apply_to_each')?['approver.internalemailaddress']"
                            }
                          }
                        },
                        "runAfter": {},
                        "expression": {
                          "equals": [
                            "@not(contains(variables('ApproverEmailAddress'), items('Apply_to_each')?['approver.internalemailaddress']))",
                            true
                          ]
                        },
                        "metadata": {
                          "operationMetadataId": "89febd01-27f9-4ac2-9a8b-2ea7bd27a377"
                        },
                        "type": "If"
                      }
                    }
                  },
                  "expression": {
                    "equals": [
                      "@empty(variables('ApproverEmailAddress'))",
                      true
                    ]
                  },
                  "metadata": {
                    "operationMetadataId": "9af6fa8e-0578-4032-9d63-655def0d5524"
                  },
                  "type": "If"
                }
              },
              "runAfter": {
                "Get_Approver_by_Request": [
                  "Succeeded"
                ]
              },
              "metadata": {
                "operationMetadataId": "e8aa00a0-d871-4f54-8f8b-0dd68ef18fbf"
              },
              "type": "Foreach"
            },
            "if_array_is_not_empty": {
              "actions": {
                "Grant_access_to_an_item_or_a_folder_2": {
                  "runAfter": {},
                  "metadata": {
                    "operationMetadataId": "283c72b1-6039-45d2-a138-73731ffbe239"
                  },
                  "type": "Workflow",
                  "inputs": {
                    "host": {
                      "workflowReferenceName": "13c1704a-80a0-ec11-b400-000d3a0898d6"
                    },
                    "body": {
                      "text": "@triggerBody()['text_2']",
                      "text_1": "@first(split(triggerBody()['text_3'], '/'))",
                      "number": "@outputs('Get_folder_metadata')?['body/ItemId']",
                      "text_2": "@join(variables('ApproverEmailAddress'), ';')"
                    }
                  }
                }
              },
              "runAfter": {
                "Apply_to_each": [
                  "Succeeded"
                ]
              },
              "expression": {
                "equals": [
                  "@not(empty(variables('ApproverEmailAddress')))",
                  true
                ]
              },
              "metadata": {
                "operationMetadataId": "c52c62ba-4da2-467a-a7d8-121245683bef"
              },
              "type": "If"
            }
          },
          "runAfter": {
            "Approver_Email_Address": [
              "Succeeded"
            ]
          },
          "metadata": {
            "operationMetadataId": "5c14d3e2-bfa1-4feb-bdbb-062b6e372624"
          },
          "type": "Scope"
        },
        "Catch": {
          "actions": {},
          "runAfter": {
            "Try": [
              "Failed",
              "Skipped",
              "TimedOut"
            ]
          },
          "metadata": {
            "operationMetadataId": "e1979e05-2ed0-4d69-aad2-55ef37c44268"
          },
          "type": "Scope"
        },
        "Finally": {
          "actions": {},
          "runAfter": {
            "Catch": [
              "Succeeded",
              "Failed",
              "Skipped",
              "TimedOut"
            ]
          },
          "metadata": {
            "operationMetadataId": "49e0fc16-2296-4e2a-bb4c-146464955356"
          },
          "type": "Scope"
        },
        "Respond_to_a_PowerApp_or_flow": {
          "runAfter": {
            "Finally": [
              "Succeeded"
            ]
          },
          "metadata": {
            "operationMetadataId": "41faa639-0206-409c-8dfa-40139863e000"
          },
          "type": "Response",
          "kind": "PowerApp",
          "inputs": {
            "statusCode": 200,
            "body": {
              "result": true
            },
            "schema": {
              "type": "object",
              "properties": {
                "result": {
                  "title": "result",
                  "x-ms-dynamically-added": true,
                  "type": "boolean"
                }
              }
            }
          }
        },
        "Approver_Email_Address": {
          "runAfter": {},
          "metadata": {
            "operationMetadataId": "cf4bd6f1-350f-4e10-a145-55b0c8a9be1d"
          },
          "type": "InitializeVariable",
          "inputs": {
            "variables": [
              {
                "name": "ApproverEmailAddress",
                "type": "array"
              }
            ]
          }
        }
      },
      "outputs": {}
    },
    "templateName": ""
  },
  "schemaVersion": "1.0.0.0"
}