{
  "properties": {
    "connectionReferences": {
      "shared_commondataserviceforapps_1": {
        "runtimeSource": "embedded",
        "connection": {
          "connectionReferenceLogicalName": "aia_sharedcommondataserviceforapps_f04d4"
        },
        "api": {
          "name": "shared_commondataserviceforapps"
        }
      }
    },
    "definition": {
      "$schema": "https://schema.management.azure.com/providers/Microsoft.Logic/schemas/2016-06-01/workflowdefinition.json#",
      "contentVersion": "1.0.0.0",
      "parameters": {
        "$connections": {
          "defaultValue": {},
          "type": "Object"
        },
        "$authentication": {
          "defaultValue": {},
          "type": "SecureObject"
        }
      },
      "triggers": {
        "manual": {
          "metadata": {
            "operationMetadataId": "7af1bbfe-c00c-477d-82cc-87e305ffc950"
          },
          "type": "Request",
          "kind": "Button",
          "inputs": {
            "schema": {
              "type": "object",
              "properties": {
                "text": {
                  "title": "RequestGuid",
                  "type": "string",
                  "x-ms-dynamically-added": true,
                  "description": "Please enter your input",
                  "x-ms-content-hint": "TEXT"
                },
                "text_1": {
                  "title": "RequestId",
                  "type": "string",
                  "x-ms-dynamically-added": true,
                  "description": "Please enter your input",
                  "x-ms-content-hint": "TEXT"
                },
                "text_2": {
                  "title": "ApprovalChainId",
                  "type": "string",
                  "x-ms-dynamically-added": true,
                  "description": "Please enter your input",
                  "x-ms-content-hint": "TEXT"
                }
              },
              "required": [
                "text",
                "text_1"
              ]
            }
          }
        }
      },
      "actions": {
        "if_approval_chain_id_is_empty": {
          "actions": {
            "Get_Approver_by_Request": {
              "runAfter": {},
              "metadata": {
                "operationMetadataId": "c018e6ee-e8c7-4136-b973-175055340c09"
              },
              "type": "OpenApiConnection",
              "inputs": {
                "host": {
                  "connectionName": "shared_commondataserviceforapps_1",
                  "operationId": "ListRecords",
                  "apiId": "/providers/Microsoft.PowerApps/apis/shared_commondataserviceforapps"
                },
                "parameters": {
                  "entityName": "aia_approval_chain_approvers",
                  "fetchXml": "<fetch top=\"5000\">\n  <entity name=\"aia_approval_chain_approver\">\n    <link-entity name=\"systemuser\" from=\"systemuserid\" to=\"aia_approver\" link-type=\"outer\" alias=\"approver\">\n      <attribute name=\"internalemailaddress\" />\n      <attribute name=\"fullname\" />\n    </link-entity>\n    <filter>\n      <condition attribute=\"aia_approval_status\" operator=\"ne\" value=\"5\" />\n      <condition attribute=\"statecode\" operator=\"eq\" value=\"0\" />\n    </filter>\n    <link-entity name=\"aia_approval_chain\" from=\"aia_approval_chainid\" to=\"aia_approval_chain\" link-type=\"inner\" alias=\"approvalchain\">\n      <filter>\n        <condition attribute=\"aia_roa\" operator=\"eq\" value=\"@{triggerBody()['text']}\" />\n      <condition attribute=\"statecode\" operator=\"eq\" value=\"0\" />\n      </filter>\n    </link-entity>\n  </entity>\n</fetch>"
                },
                "authentication": {
                  "type": "Raw",
                  "value": "@json(decodeBase64(triggerOutputs().headers['X-MS-APIM-Tokens']))['$ConnectionKey']"
                }
              }
            },
            "Apply_to_each": {
              "foreach": "@outputs('Get_Approver_by_Request')?['body/value']",
              "actions": {
                "If_Array_is_Null": {
                  "actions": {
                    "Append_to_array_variable": {
                      "runAfter": {},
                      "metadata": {
                        "operationMetadataId": "698bbe36-8116-473a-938c-ac6aceb19859"
                      },
                      "type": "AppendToArrayVariable",
                      "inputs": {
                        "name": "ApproverEmailAddress",
                        "value": "@items('Apply_to_each')?['approver.internalemailaddress']"
                      }
                    }
                  },
                  "runAfter": {},
                  "else": {
                    "actions": {
                      "if__array_not_contains_email_address": {
                        "actions": {
                          "Append_to_array_variable_2": {
                            "runAfter": {},
                            "metadata": {
                              "operationMetadataId": "69a174d4-d5b8-4904-8852-8f5fc3cd73af"
                            },
                            "type": "AppendToArrayVariable",
                            "inputs": {
                              "name": "ApproverEmailAddress",
                              "value": "@items('Apply_to_each')?['approver.internalemailaddress']"
                            }
                          }
                        },
                        "runAfter": {},
                        "expression": {
                          "equals": [
                            "@not(contains(variables('ApproverEmailAddress'),items('Apply_to_each')?['approver.internalemailaddress']))",
                            true
                          ]
                        },
                        "metadata": {
                          "operationMetadataId": "89febd01-27f9-4ac2-9a8b-2ea7bd27a377"
                        },
                        "type": "If"
                      }
                    }
                  },
                  "expression": {
                    "equals": [
                      "@empty(variables('ApproverEmailAddress'))",
                      true
                    ]
                  },
                  "metadata": {
                    "operationMetadataId": "9af6fa8e-0578-4032-9d63-655def0d5524"
                  },
                  "type": "If"
                }
              },
              "runAfter": {
                "Get_Approver_by_Request": [
                  "Succeeded"
                ]
              },
              "metadata": {
                "operationMetadataId": "e8aa00a0-d871-4f54-8f8b-0dd68ef18fbf"
              },
              "type": "Foreach"
            }
          },
          "runAfter": {
            "Approver_Email_Address": [
              "Succeeded"
            ]
          },
          "else": {
            "actions": {
              "Get_Approver_by_Approval_Chain": {
                "runAfter": {},
                "metadata": {
                  "operationMetadataId": "c7dbba0d-3f82-44e4-ba49-8cedd3fe8cb6"
                },
                "type": "OpenApiConnection",
                "inputs": {
                  "host": {
                    "connectionName": "shared_commondataserviceforapps_1",
                    "operationId": "ListRecords",
                    "apiId": "/providers/Microsoft.PowerApps/apis/shared_commondataserviceforapps"
                  },
                  "parameters": {
                    "entityName": "aia_approval_chain_approvers",
                    "fetchXml": "<fetch top=\"5000\">\n  <entity name=\"aia_approval_chain_approver\">\n    <link-entity name=\"systemuser\" from=\"systemuserid\" to=\"aia_approver\" link-type=\"outer\" alias=\"approver\">\n      <attribute name=\"internalemailaddress\" />\n      <attribute name=\"fullname\" />\n    </link-entity>\n    <filter>\n      <condition attribute=\"aia_approval_status\" operator=\"ne\" value=\"5\" />\n      <condition attribute=\"aia_approval_chain\" operator=\"eq\" value=\"@{triggerBody()['text_2']}\" />\n      <condition attribute=\"statecode\" operator=\"eq\" value=\"0\" />\n    </filter>\n  </entity>\n</fetch>\n"
                  },
                  "authentication": {
                    "type": "Raw",
                    "value": "@json(decodeBase64(triggerOutputs().headers['X-MS-APIM-Tokens']))['$ConnectionKey']"
                  }
                }
              },
              "Apply_to_each_2": {
                "foreach": "@outputs('Get_Approver_by_Approval_Chain')?['body/value']",
                "actions": {
                  "if_array_is_empty": {
                    "actions": {
                      "Append_to_array_variable_4": {
                        "runAfter": {},
                        "metadata": {
                          "operationMetadataId": "f46b456c-8b18-47fd-bc44-c31232f709b7"
                        },
                        "type": "AppendToArrayVariable",
                        "inputs": {
                          "name": "ApproverEmailAddress",
                          "value": "@items('Apply_to_each_2')?['approver.internalemailaddress']"
                        }
                      }
                    },
                    "runAfter": {},
                    "else": {
                      "actions": {
                        "if__array_not_contains_email_address_1": {
                          "actions": {
                            "Append_to_array_variable_3": {
                              "runAfter": {},
                              "metadata": {
                                "operationMetadataId": "8492d218-11dc-4757-bce4-3779decf0c0e"
                              },
                              "type": "AppendToArrayVariable",
                              "inputs": {
                                "name": "ApproverEmailAddress",
                                "value": "@items('Apply_to_each_2')?['approver.internalemailaddress']"
                              }
                            }
                          },
                          "runAfter": {},
                          "expression": {
                            "equals": [
                              "@not(contains(variables('ApproverEmailAddress'), items('Apply_to_each_2')?['approver.internalemailaddress']))",
                              true
                            ]
                          },
                          "metadata": {
                            "operationMetadataId": "89505abb-31cd-475a-bc32-1aff35f01952"
                          },
                          "type": "If"
                        }
                      }
                    },
                    "expression": {
                      "equals": [
                        "@empty(variables('ApproverEmailAddress'))",
                        true
                      ]
                    },
                    "metadata": {
                      "operationMetadataId": "143d149e-715c-4639-953d-c83c3b3ffd12"
                    },
                    "type": "If"
                  }
                },
                "runAfter": {
                  "Get_Approver_by_Approval_Chain": [
                    "Succeeded"
                  ]
                },
                "metadata": {
                  "operationMetadataId": "627f3f0b-f820-40e5-8b92-0c078931e654"
                },
                "type": "Foreach"
              }
            }
          },
          "expression": {
            "equals": [
              "@empty(triggerBody()?['text_2'])",
              true
            ]
          },
          "metadata": {
            "operationMetadataId": "4770b2a1-9889-40b0-a546-50e4d9fb016f"
          },
          "type": "If"
        },
        "Approver_Email_Address": {
          "runAfter": {},
          "metadata": {
            "operationMetadataId": "cf4bd6f1-350f-4e10-a145-55b0c8a9be1d"
          },
          "type": "InitializeVariable",
          "inputs": {
            "variables": [
              {
                "name": "ApproverEmailAddress",
                "type": "array"
              }
            ]
          }
        },
        "if_array_is_not_empty": {
          "actions": {
            "Run_a_Child_Flow": {
              "runAfter": {},
              "metadata": {
                "operationMetadataId": "59d0bdc2-bae9-4018-8e5c-bc012a99f2eb"
              },
              "type": "Workflow",
              "inputs": {
                "host": {
                  "workflowReferenceName": "0af42a48-00a1-ec11-b400-000d3a0898d6"
                },
                "body": {
                  "text": "@triggerBody()['text_1']",
                  "text_1": "@join(variables('ApproverEmailAddress'),';')"
                }
              }
            }
          },
          "runAfter": {
            "if_approval_chain_id_is_empty": [
              "Succeeded"
            ]
          },
          "expression": {
            "equals": [
              "@not(empty(variables('ApproverEmailAddress')))",
              true
            ]
          },
          "metadata": {
            "operationMetadataId": "c52c62ba-4da2-467a-a7d8-121245683bef"
          },
          "type": "If"
        },
        "Respond_to_a_PowerApp_or_flow": {
          "runAfter": {
            "if_array_is_not_empty": [
              "Succeeded"
            ]
          },
          "metadata": {
            "operationMetadataId": "5dadb9e0-874c-4e94-8b5a-8cc396f1cd9d"
          },
          "type": "Response",
          "kind": "PowerApp",
          "inputs": {
            "statusCode": 200,
            "body": {
              "result": "true"
            },
            "schema": {
              "type": "object",
              "properties": {
                "result": {
                  "title": "result",
                  "x-ms-dynamically-added": true,
                  "type": "string"
                }
              }
            }
          }
        }
      }
    },
    "templateName": ""
  },
  "schemaVersion": "1.0.0.0"
}