{
  "properties": {
    "connectionReferences": {
      "shared_commondataserviceforapps_1": {
        "runtimeSource": "embedded",
        "connection": {
          "connectionReferenceLogicalName": "aia_sharedcommondataserviceforapps_dba9d"
        },
        "api": {
          "name": "shared_commondataserviceforapps"
        }
      },
      "shared_sharepointonline_1": {
        "runtimeSource": "invoker",
        "connection": {
          "connectionReferenceLogicalName": "aia_sharedsharepointonline_5dfb7"
        },
        "api": {
          "name": "shared_sharepointonline"
        }
      }
    },
    "definition": {
      "$schema": "https://schema.management.azure.com/providers/Microsoft.Logic/schemas/2016-06-01/workflowdefinition.json#",
      "contentVersion": "1.0.0.0",
      "parameters": {
        "$connections": {
          "defaultValue": {},
          "type": "Object"
        },
        "$authentication": {
          "defaultValue": {},
          "type": "SecureObject"
        },
        "SharePointDataSource (aia_SharePointDataSource)": {
          "defaultValue": "https://microsoftapc.sharepoint.com/teams/AIAProjectSODADEVENV",
          "type": "String",
          "metadata": {
            "schemaName": "aia_SharePointDataSource",
            "description": "Share Point URL"
          }
        }
      },
      "triggers": {
        "manual": {
          "metadata": {
            "operationMetadataId": "11b08174-6b83-4dbe-952e-e0786175b7fe"
          },
          "type": "Request",
          "kind": "PowerApp",
          "inputs": {
            "schema": {
              "type": "object",
              "properties": {
                "MetaData_Value": {
                  "type": "string",
                  "description": "Enter initial value",
                  "x-ms-powerflows-param-ispartial": false
                }
              },
              "required": [
                "MetaData_Value"
              ]
            }
          }
        }
      },
      "actions": {
        "Scope": {
          "actions": {
            "Apply_to_each": {
              "foreach": "@outputs('Compose')",
              "actions": {
                "Scope_2": {
                  "actions": {
                    "Apply_to_each_2": {
                      "foreach": "@outputs('List_rows')?['body/value']",
                      "actions": {
                        "Add_a_new_row": {
                          "runAfter": {},
                          "metadata": {
                            "operationMetadataId": "31deff67-7cee-4b0e-8b71-68917d507044"
                          },
                          "type": "OpenApiConnection",
                          "inputs": {
                            "host": {
                              "connectionName": "shared_commondataserviceforapps_1",
                              "operationId": "CreateRecord",
                              "apiId": "/providers/Microsoft.PowerApps/apis/shared_commondataserviceforapps"
                            },
                            "parameters": {
                              "entityName": "aia_uploaded_attachments",
                              "item/aia_name": "@variables('Name')",
                              "item/aia_documentidentifier": "@outputs('Create_file')?['body/Id']",
                              "item/aia_document_type": "@if(equals(variables('DocumentType'),'Draft Contract'),1,if(equals(variables('DocumentType'),'Signed Contract'),3,2))",
                              "item/aia_file_type": "@last(split(variables('Name'),'.'))",
                              "item/aia_roa_Id@odata.bind": "aia_roas/@{items('Apply_to_each_2')?['aia_roaid']}",
                              "item/aia_sharepoint_folder_url": "@{parameters('SharePointDataSource (aia_SharePointDataSource)')}/@{outputs('Update_file_properties')?['body/{Path}']}",
                              "item/aia_sharepoint_url": "@{parameters('SharePointDataSource (aia_SharePointDataSource)')}@{outputs('Create_file')?['body/Path']}",
                              "item/aia_upload_file_name": "@variables('Name')"
                            },
                            "authentication": {
                              "type": "Raw",
                              "value": "@json(decodeBase64(triggerOutputs().headers['X-MS-APIM-Tokens']))['$ConnectionKey']"
                            }
                          }
                        }
                      },
                      "runAfter": {
                        "Update_file_properties": [
                          "Succeeded"
                        ]
                      },
                      "metadata": {
                        "operationMetadataId": "93adc58c-ba72-4ffe-9686-e1e372f31a7d"
                      },
                      "type": "Foreach"
                    },
                    "try_folder": {
                      "actions": {
                        "CreateFolder": {
                          "runAfter": {},
                          "metadata": {
                            "operationMetadataId": "f9465ca5-be15-4746-9769-ad257d9ac47c"
                          },
                          "type": "OpenApiConnection",
                          "inputs": {
                            "host": {
                              "connectionName": "shared_sharepointonline_1",
                              "operationId": "CreateNewFolder",
                              "apiId": "/providers/Microsoft.PowerApps/apis/shared_sharepointonline"
                            },
                            "parameters": {
                              "dataset": "@parameters('SharePointDataSource (aia_SharePointDataSource)')",
                              "table": "@first( split(body('SharePoint_AIA_ROA_Folder_Path')?['result'],'/'))",
                              "parameters/path": "@concat(last( split(body('SharePoint_AIA_ROA_Folder_Path')?['result'],'/')), '/', items('Apply_to_each')['RoaId'])"
                            },
                            "authentication": {
                              "type": "Raw",
                              "value": "@json(decodeBase64(triggerOutputs().headers['X-MS-APIM-Tokens']))['$ConnectionKey']"
                            }
                          }
                        }
                      },
                      "runAfter": {
                        "SetDocumentType": [
                          "Succeeded"
                        ]
                      },
                      "metadata": {
                        "operationMetadataId": "98ae7a97-6420-4353-b760-035838f33eea"
                      },
                      "type": "Scope"
                    },
                    "List_rows": {
                      "runAfter": {},
                      "metadata": {
                        "operationMetadataId": "df5ce837-2769-40f5-90f4-f99689474520"
                      },
                      "type": "OpenApiConnection",
                      "inputs": {
                        "host": {
                          "connectionName": "shared_commondataserviceforapps_1",
                          "operationId": "ListRecords",
                          "apiId": "/providers/Microsoft.PowerApps/apis/shared_commondataserviceforapps"
                        },
                        "parameters": {
                          "entityName": "aia_roas",
                          "fetchXml": "<fetch top=\"50\">\n  <entity name=\"aia_roa\">\n    <attribute name=\"aia_roaid\" />\n    <attribute name=\"aia_hiring_manager\" />\n    <filter>\n      <condition attribute=\"aia_name\" operator=\"eq\" value=\"@{items('Apply_to_each')['RoaId']}\" />\n    </filter>\n    <link-entity name=\"systemuser\" from=\"systemuserid\" to=\"aia_hiring_manager\" link-type=\"outer\" alias=\"hiringmanager\">\n      <attribute name=\"internalemailaddress\" />\n      <attribute name=\"fullname\" />\n    </link-entity>\n    <link-entity name=\"systemuser\" from=\"systemuserid\" to=\"aia_requestor\" link-type=\"outer\" alias=\"requestor\">\n      <attribute name=\"internalemailaddress\" />\n      <attribute name=\"fullname\" />\n    </link-entity>\n  </entity>\n</fetch>"
                        },
                        "authentication": {
                          "type": "Raw",
                          "value": "@json(decodeBase64(triggerOutputs().headers['X-MS-APIM-Tokens']))['$ConnectionKey']"
                        }
                      }
                    },
                    "SetName": {
                      "runAfter": {
                        "List_rows": [
                          "Succeeded"
                        ]
                      },
                      "metadata": {
                        "operationMetadataId": "9a52a363-71e9-48f1-a740-78e52afd7954"
                      },
                      "type": "SetVariable",
                      "inputs": {
                        "name": "Name",
                        "value": "@{items('Apply_to_each')['Name']}"
                      }
                    },
                    "SetDocumentType": {
                      "runAfter": {
                        "SetName": [
                          "Succeeded"
                        ]
                      },
                      "metadata": {
                        "operationMetadataId": "3f84e32d-b3b1-463f-a3dc-99204c563650"
                      },
                      "type": "SetVariable",
                      "inputs": {
                        "name": "DocumentType",
                        "value": "@{item()['DocumentType']}"
                      }
                    },
                    "catch_folder": {
                      "actions": {},
                      "runAfter": {
                        "try_folder": [
                          "Failed",
                          "Skipped",
                          "TimedOut"
                        ]
                      },
                      "metadata": {
                        "operationMetadataId": "93590dfe-40f4-42a8-a6ad-4369714ea3f6"
                      },
                      "type": "Scope"
                    },
                    "finally_folder": {
                      "actions": {},
                      "runAfter": {
                        "catch_folder": [
                          "Succeeded",
                          "Failed",
                          "Skipped",
                          "TimedOut"
                        ]
                      },
                      "metadata": {
                        "operationMetadataId": "7b35f711-94bd-46ad-b2e0-fda916874050"
                      },
                      "type": "Scope"
                    },
                    "Update_file_properties": {
                      "runAfter": {
                        "Create_file": [
                          "Succeeded"
                        ]
                      },
                      "metadata": {
                        "operationMetadataId": "a1ca2a8f-0770-42eb-aa1e-c84524484d81"
                      },
                      "type": "OpenApiConnection",
                      "inputs": {
                        "host": {
                          "connectionName": "shared_sharepointonline_1",
                          "operationId": "PatchFileItem",
                          "apiId": "/providers/Microsoft.PowerApps/apis/shared_sharepointonline"
                        },
                        "parameters": {
                          "dataset": "@parameters('SharePointDataSource (aia_SharePointDataSource)')",
                          "table": "AIA",
                          "id": "@outputs('Create_file')?['body/ItemId']",
                          "item/DocumentType": "@variables('DocumentType')"
                        },
                        "authentication": {
                          "type": "Raw",
                          "value": "@json(decodeBase64(triggerOutputs().headers['X-MS-APIM-Tokens']))['$ConnectionKey']"
                        }
                      }
                    },
                    "Create_file": {
                      "runAfter": {
                        "finally_folder": [
                          "Succeeded"
                        ]
                      },
                      "metadata": {
                        "operationMetadataId": "5aadbfd8-1e66-402a-b66f-56f2e6cfb6d5"
                      },
                      "type": "OpenApiConnection",
                      "inputs": {
                        "host": {
                          "connectionName": "shared_sharepointonline_1",
                          "operationId": "CreateFile",
                          "apiId": "/providers/Microsoft.PowerApps/apis/shared_sharepointonline"
                        },
                        "parameters": {
                          "dataset": "@parameters('SharePointDataSource (aia_SharePointDataSource)')",
                          "folderPath": "@concat(body('SharePoint_AIA_ROA_Folder_Path')?['result'], '/', items('Apply_to_each')['RoaId'])",
                          "name": "@items('Apply_to_each')['Name']",
                          "body": "@base64ToBinary(item()['DataStream'])"
                        },
                        "authentication": {
                          "type": "Raw",
                          "value": "@json(decodeBase64(triggerOutputs().headers['X-MS-APIM-Tokens']))['$ConnectionKey']"
                        }
                      },
                      "runtimeConfiguration": {
                        "contentTransfer": {
                          "transferMode": "Chunked"
                        }
                      }
                    }
                  },
                  "runAfter": {},
                  "metadata": {
                    "operationMetadataId": "78170012-9975-41b1-9a89-2f2c0460bb7e"
                  },
                  "type": "Scope"
                }
              },
              "runAfter": {},
              "metadata": {
                "operationMetadataId": "9b801c5f-12d6-4a24-943d-a14d3fe65d1c"
              },
              "type": "Foreach"
            }
          },
          "runAfter": {
            "SharePoint_AIA_ROA_Folder_Path": [
              "Succeeded"
            ]
          },
          "metadata": {
            "operationMetadataId": "83020602-20da-4fe6-a9a9-092814f27f07"
          },
          "type": "Scope"
        },
        "UploadResult": {
          "runAfter": {},
          "metadata": {
            "operationMetadataId": "4438e8d4-a94a-4eb1-bb4e-cf719cf1b605"
          },
          "type": "InitializeVariable",
          "inputs": {
            "variables": [
              {
                "name": "varUploadResult",
                "type": "boolean",
                "value": true
              }
            ]
          }
        },
        "MetaData": {
          "runAfter": {
            "UploadResult": [
              "Succeeded"
            ]
          },
          "metadata": {
            "operationMetadataId": "87cf686f-cb40-45f7-b56c-d9c3b5fa35bb"
          },
          "type": "InitializeVariable",
          "inputs": {
            "variables": [
              {
                "name": "varMetadata",
                "type": "string",
                "value": "@{triggerBody()['MetaData_Value']}"
              }
            ]
          }
        },
        "Compose": {
          "runAfter": {
            "Initialize_variable_2": [
              "Succeeded"
            ]
          },
          "metadata": {
            "operationMetadataId": "21a85099-d386-4f41-bd37-2fcbd9149ec3"
          },
          "type": "Compose",
          "inputs": "@json(variables('varMetadata'))"
        },
        "Initialize_variable": {
          "runAfter": {
            "MetaData": [
              "Succeeded"
            ]
          },
          "metadata": {
            "operationMetadataId": "fca1315b-59b4-41df-b994-b27ba5a132bb"
          },
          "type": "InitializeVariable",
          "inputs": {
            "variables": [
              {
                "name": "Name",
                "type": "string"
              }
            ]
          }
        },
        "Initialize_variable_2": {
          "runAfter": {
            "Initialize_variable": [
              "Succeeded"
            ]
          },
          "metadata": {
            "operationMetadataId": "0130b1a2-1709-4a0e-9960-da93f783f441"
          },
          "type": "InitializeVariable",
          "inputs": {
            "variables": [
              {
                "name": "DocumentType",
                "type": "string"
              }
            ]
          }
        },
        "SharePoint_Site_Address": {
          "runAfter": {
            "Compose": [
              "Succeeded"
            ]
          },
          "metadata": {
            "operationMetadataId": "81ccda57-15b5-42b6-8aa4-7b798a1bd221"
          },
          "type": "Workflow",
          "inputs": {
            "host": {
              "workflowReferenceName": "cb8c7cef-6161-ec11-8f8f-000d3a80eca3"
            },
            "body": {
              "text": "SharePoint_Site_Address"
            }
          }
        },
        "SharePoint_AIA_ROA_Folder_Path": {
          "runAfter": {
            "SharePoint_Site_Address": [
              "Succeeded"
            ]
          },
          "metadata": {
            "operationMetadataId": "e07374d4-0c98-47c7-9144-270995f6b7da"
          },
          "type": "Workflow",
          "inputs": {
            "host": {
              "workflowReferenceName": "cb8c7cef-6161-ec11-8f8f-000d3a80eca3"
            },
            "body": {
              "text": "SharePoint_AIA_ROA_Folder_Path"
            }
          }
        },
        "catch": {
          "actions": {
            "set_result_=_false": {
              "runAfter": {},
              "metadata": {
                "operationMetadataId": "99f8d42e-972b-4578-a0ea-4985d5be8731"
              },
              "type": "SetVariable",
              "inputs": {
                "name": "varUploadResult",
                "value": "@false"
              }
            }
          },
          "runAfter": {
            "Scope": [
              "Failed",
              "Skipped",
              "TimedOut"
            ]
          },
          "metadata": {
            "operationMetadataId": "431fb8f4-0068-4e44-8bfd-a539bbfcf2b0"
          },
          "type": "Scope"
        },
        "finally": {
          "actions": {},
          "runAfter": {
            "catch": [
              "Succeeded",
              "Failed",
              "Skipped",
              "TimedOut"
            ]
          },
          "metadata": {
            "operationMetadataId": "461be500-5ed2-49f6-aa9c-8bf8642da59b"
          },
          "type": "Scope"
        },
        "Respond_to_a_PowerApp_or_flow": {
          "runAfter": {
            "finally": [
              "Succeeded"
            ]
          },
          "metadata": {
            "operationMetadataId": "239440cb-867a-44c8-9afc-0d6bdb41ac83"
          },
          "type": "Response",
          "kind": "PowerApp",
          "inputs": {
            "statusCode": 200,
            "body": {
              "varuploadresult": "@{variables('varUploadResult')}"
            },
            "schema": {
              "type": "object",
              "properties": {
                "varuploadresult": {
                  "title": "varUploadResult",
                  "x-ms-dynamically-added": true,
                  "type": "boolean"
                }
              }
            }
          }
        }
      }
    },
    "templateName": ""
  },
  "schemaVersion": "1.0.0.0"
}