{
  "properties": {
    "connectionReferences": {
      "shared_commondataserviceforapps": {
        "runtimeSource": "embedded",
        "connection": {
          "connectionReferenceLogicalName": "aia_sharedcommondataserviceforapps_dba9d"
        },
        "api": {
          "name": "shared_commondataserviceforapps"
        }
      },
      "shared_office365": {
        "runtimeSource": "embedded",
        "connection": {
          "connectionReferenceLogicalName": "aia_sharedoffice365_705f6"
        },
        "api": {
          "name": "shared_office365"
        }
      },
      "shared_commondataserviceforapps_2": {
        "runtimeSource": "embedded",
        "connection": {
          "connectionReferenceLogicalName": "aia_sharedcommondataserviceforapps_1c6db"
        },
        "api": {
          "name": "shared_commondataserviceforapps"
        }
      },
      "shared_commondataserviceforapps_1": {
        "runtimeSource": "embedded",
        "connection": {
          "connectionReferenceLogicalName": "aia_sharedcommondataserviceforapps_dba9d"
        },
        "api": {
          "name": "shared_commondataserviceforapps"
        }
      }
    },
    "definition": {
      "$schema": "https://schema.management.azure.com/providers/Microsoft.Logic/schemas/2016-06-01/workflowdefinition.json#",
      "contentVersion": "1.0.0.0",
      "parameters": {
        "$connections": {
          "defaultValue": {},
          "type": "Object"
        },
        "$authentication": {
          "defaultValue": {},
          "type": "SecureObject"
        }
      },
      "triggers": {
        "When_a_row_is_added,_modified_or_deleted": {
          "metadata": {
            "operationMetadataId": "55df58c0-6d06-4664-bc51-5faba39f5733"
          },
          "type": "OpenApiConnectionWebhook",
          "inputs": {
            "host": {
              "connectionName": "shared_commondataserviceforapps_1",
              "operationId": "SubscribeWebhookTrigger",
              "apiId": "/providers/Microsoft.PowerApps/apis/shared_commondataserviceforapps"
            },
            "parameters": {
              "subscriptionRequest/message": 3,
              "subscriptionRequest/entityname": "aia_s2c_sourcingrequest",
              "subscriptionRequest/scope": 4,
              "subscriptionRequest/filteringattributes": "aia_requeststatus",
              "subscriptionRequest/filterexpression": "aia_requeststatus eq 914710014"
            },
            "authentication": "@parameters('$authentication')"
          }
        }
      },
      "actions": {
        "If_request_status_eq_Pending_Validation_and_is_no_No-Compliance": {
          "actions": {
            "Create_confirm_ROA_activity": {
              "runAfter": {},
              "metadata": {
                "operationMetadataId": "1b61301c-5fca-4159-a52b-3f96152d0771"
              },
              "type": "OpenApiConnection",
              "inputs": {
                "host": {
                  "connectionName": "shared_commondataserviceforapps",
                  "operationId": "CreateRecord",
                  "apiId": "/providers/Microsoft.PowerApps/apis/shared_commondataserviceforapps"
                },
                "parameters": {
                  "entityName": "aia_s2c_confirm_roa_activities",
                  "item/subject": "Confirm ROA @{triggerOutputs()?['body/aia_requesttitle']}",
                  "item/activityadditionalparams": "@{first(body('Find_Sourcing_Requests')?['value'])?['CO.fullname']},@{first(body('Find_Sourcing_Requests')?['value'])?['SR.fullname']}",
                  "item/ownerid_aia_s2c_confirm_roa_activity@odata.bind": "/systemusers(@{first(body('Find_Sourcing_Requests')?['value'])?['_aia_contractowner_value']})",
                  "item/regardingobjectid_aia_s2c_sourcingrequest_aia_s2c_confirm_roa_activity@odata.bind": "/aia_s2c_sourcingrequests(@{first(body('Find_Sourcing_Requests')?['value'])?['aia_s2c_sourcingrequestid']})"
                },
                "authentication": "@parameters('$authentication')"
              }
            },
            "Send_an_email_(V2)": {
              "runAfter": {
                "Find_Not_Reply_Email_Address": [
                  "Succeeded"
                ]
              },
              "metadata": {
                "operationMetadataId": "8c371dc1-93a4-42e2-b200-02b5f9f91a7c"
              },
              "type": "OpenApiConnection",
              "inputs": {
                "host": {
                  "connectionName": "shared_office365",
                  "operationId": "SendEmailV2",
                  "apiId": "/providers/Microsoft.PowerApps/apis/shared_office365"
                },
                "parameters": {
                  "emailMessage/To": "@first(body('Find_Sourcing_Requests')?['value'])?['CO.internalemailaddress']",
                  "emailMessage/Subject": "[Action Required] Confirm ROA - @{triggerOutputs()?['body/aia_name']} @{triggerOutputs()?['body/aia_requesttitle']}",
                  "emailMessage/Body": "<html>\n<head> <meta http-equiv=\"Content-Type\" content=\"text/html; charset=us-ascii\">\n<script type=\"application/adaptivecard+json\">\n@{variables('ACEmailJSON')}\n</script>\n</head>\n<body style=\"display:none\">\n<div>\nHi @{body('AIA_|_S2C_Public._Get_Given_Name')?['givennames']},\nYou are required to declare and confirm all the details of the ROA are accurate as the Contract Owner. Upon your confirmation, the ROA will be routed for approval.\n@{triggerOutputs()?['body/aia_requesttitle']}\n@{triggerOutputs()?['body/aia_name']}\n</div>\n</body>\n</html>\n",
                  "emailMessage/From": "@body('Find_Not_Reply_Email_Address')?['result']",
                  "emailMessage/Importance": "Normal"
                },
                "authentication": "@parameters('$authentication')"
              }
            },
            "Retrieve_configuration_variable_for_Actionable_Email_Provider_Id": {
              "runAfter": {
                "Create_confirm_ROA_activity": [
                  "Succeeded"
                ]
              },
              "metadata": {
                "operationMetadataId": "e771602d-53d4-4d48-9d8a-f2460ee6d583"
              },
              "type": "Workflow",
              "inputs": {
                "host": {
                  "workflowReferenceName": "cb8c7cef-6161-ec11-8f8f-000d3a80eca3"
                },
                "body": {
                  "text": "Actionable_Email_Provider_Id"
                }
              }
            },
            "Retrieve_configuration_variable_for_Actionable_Email_Target_URL": {
              "runAfter": {
                "Retrieve_configuration_variable_for_Actionable_Email_Provider_Id": [
                  "Succeeded"
                ]
              },
              "metadata": {
                "operationMetadataId": "0f868a61-3994-47b5-8246-62cbda61ed45"
              },
              "type": "Workflow",
              "inputs": {
                "host": {
                  "workflowReferenceName": "cb8c7cef-6161-ec11-8f8f-000d3a80eca3"
                },
                "body": {
                  "text": "Actionable_Email_Target_URL"
                }
              }
            },
            "Retrieve_S2C_Sub_Deep_link_Request_from_configuration_table": {
              "runAfter": {
                "Retrieve_configuration_variable_for_Actionable_Email_Target_URL": [
                  "Succeeded"
                ]
              },
              "metadata": {
                "operationMetadataId": "3721cfbe-dbbd-4dbc-af5b-575747ae5024"
              },
              "type": "Workflow",
              "inputs": {
                "host": {
                  "workflowReferenceName": "cb8c7cef-6161-ec11-8f8f-000d3a80eca3"
                },
                "body": {
                  "text": "S2C_Sub_Deeplink_Request"
                }
              }
            },
            "Find_Not_Reply_Email_Address": {
              "runAfter": {
                "Set_variable": [
                  "Succeeded"
                ]
              },
              "metadata": {
                "operationMetadataId": "04de2cb2-0033-4b93-9194-5ae621a2f43f"
              },
              "type": "Workflow",
              "inputs": {
                "host": {
                  "workflowReferenceName": "cb8c7cef-6161-ec11-8f8f-000d3a80eca3"
                },
                "body": {
                  "text": "Not_Reply_Email_Address"
                }
              }
            },
            "AIA_|_S2C_Public._Get_Given_Name": {
              "runAfter": {
                "Retrieve_S2C_Sub_Deep_link_Request_from_configuration_table": [
                  "Succeeded"
                ]
              },
              "metadata": {
                "operationMetadataId": "03162191-86fb-4cc9-9b57-579651e99c8f"
              },
              "type": "Workflow",
              "inputs": {
                "host": {
                  "workflowReferenceName": "161d9f88-f8f1-ec11-bb3d-6045bd1bf92d"
                },
                "body": {
                  "text": "@first(body('Find_Sourcing_Requests')?['value'])?['CO.internalemailaddress']"
                }
              }
            },
            "Set_variable": {
              "runAfter": {
                "S2C_Group_Sourcing_Email_Address": [
                  "Succeeded"
                ]
              },
              "metadata": {
                "operationMetadataId": "566fcd56-c1b7-45ff-ad57-c68c597a6eb7"
              },
              "type": "SetVariable",
              "inputs": {
                "name": "ACEmailJSON",
                "value": "{\n  \"type\": \"AdaptiveCard\",\n  \"body\": [\n    {\n      \"type\": \"ColumnSet\",\n      \"id\": \"b14ba8d0-a670-bacf-f1b4-ebe818981075\",\n      \"columns\": [\n        {\n          \"type\": \"Column\",\n          \"id\": \"d5dadd66-7159-ac64-a570-d41d249c2c7c\",\n          \"padding\": \"None\",\n          \"width\": \"auto\",\n          \"items\": [\n            {\n              \"type\": \"TextBlock\",\n              \"id\": \"a5e0078b-1e59-d48a-b644-3c8027d2c888\",\n              \"text\": \"Hi @{body('AIA_|_S2C_Public._Get_Given_Name')?['givennames']},\",\n              \"wrap\": true\n            }\n          ]\n        }\n      ],\n      \"padding\": \"Default\",\n      \"style\": \"emphasis\"\n    },\n    {\n      \"type\": \"Container\",\n      \"id\": \"885220a9-5ab1-95dd-5b66-20f42c452fa9\",\n      \"padding\": \"Default\",\n      \"items\": [\n        {\n          \"type\": \"TextBlock\",\n          \"text\": \"You are required to declare and confirm all the details of the ROA are accurate as the Contract Owner. Upon your confirmation, the ROA will be routed for approval.\",\n          \"wrap\": true,\n          \"size\": \"Medium\"\n        },\n        {\n          \"type\": \"TextBlock\",\n          \"text\": \"Please note that this request is a Non-Compliant ROA. Approvers and Endorsers are notified and their approval/endorsement are no longer required. It will be highlighted in the Sourcing Management Report after your confirmation.\",\n          \"wrap\": true,\n          \"size\": \"Medium\"\n        },\n        {\n          \"type\": \"TextBlock\",\n          \"text\": \"Request Overview\",\n          \"wrap\": true,\n          \"weight\": \"Bolder\",\n          \"color\": \"Attention\",\n          \"spacing\": \"Small\",\n          \"size\": \"Medium\"\n        },\n        {\n          \"type\": \"Container\",\n          \"id\": \"10017c5a-5ee9-46c5-537a-bdd9ab61225c\",\n          \"padding\": \"None\",\n          \"items\": [\n            {\n              \"type\": \"FactSet\",\n              \"id\": \"02f823d6-c1ab-f5db-1133-9e6b2b0d9652\",\n              \"facts\": [\n                {\n                  \"title\": \"Request ID\",\n                  \"value\": \"@{triggerOutputs()?['body/aia_name']}\"\n                },\n                {\n                  \"title\": \"Requestor\",\n                  \"value\": \"@{first(body('Find_Sourcing_Requests')?['value'])?['requestor.fullname']}\"\n                },\n                {\n                  \"title\": \"Contract Owner\",\n                  \"value\": \"@{first(body('Find_Sourcing_Requests')?['value'])?['CO.fullname']}\"\n                },\n             @{if(empty(first(body('Find_Sourcing_Requests')?['value'])?['SR.fullname']),'',concat('{\"title\": \"Sourcing Representative\",\"value\":\"',first(body('Find_Sourcing_Requests')?['value'])?['SR.fullname'],'\"},'))}\n                {\n                  \"title\": \"Request Title\",\n                  \"value\": \"@{triggerOutputs()?['body/aia_requesttitle']}\"\n                },\n                {\n                  \"title\": \"Request Status\",\n                  \"value\": \"@{first(body('Find_Sourcing_Requests')?['value'])?['aia_requeststatus@OData.Community.Display.V1.FormattedValue']}\"\n                }\n              ],\n              \"spacing\": \"Small\"\n            }\n          ],\n          \"spacing\": \"Small\"\n        },\n        {\n          \"type\": \"TextBlock\",\n          \"text\": \"Declaration\",\n          \"wrap\": true,\n          \"weight\": \"Bolder\",\n          \"color\": \"Attention\",\n          \"spacing\": \"Small\",\n          \"size\": \"Medium\"\n        },\n        {\n          \"type\": \"Container\",\n          \"id\": \"df8b6c6e-6ab1-1f3c-93e3-527101bebfcf\",\n          \"padding\": \"None\",\n          \"items\": [\n            {\n              \"type\": \"TextBlock\",\n              \"text\": \"* Declare that you and other decision makers in this award are in compliance with the AIA Code of Conduct and no conflicts of interest. \\n\",\n              \"horizontalAlignment\": \"Left\",\n              \"spacing\": \"Small\",\n              \"wrap\": true\n            },\n            {\n              \"type\": \"TextBlock\",\n              \"text\": \"* Declare that you have obtained the necessary Budget/Project Approvals\",\n              \"horizontalAlignment\": \"Left\",\n              \"spacing\": \"Small\",\n              \"wrap\": true\n            },\n            {\n              \"type\": \"TextBlock\",\n              \"text\": \"* Confirm compliance to other applicable AIA Policies/Standards and Guidelines (e.g. Third Party Management Standard, External Auditor Approval, Group Technology Contract Management Guidelines)\",\n              \"horizontalAlignment\": \"Left\",\n              \"spacing\": \"Small\",\n              \"wrap\": true\n            },\n            {\n              \"type\": \"TextBlock\",\n              \"text\": \"* Confirm that risks set out are accepted by affected stakeholders (e.g. BU CFO/ CTOs)\",\n              \"horizontalAlignment\": \"Left\",\n              \"spacing\": \"Small\",\n              \"wrap\": true\n            },\n            {\n              \"type\": \"TextBlock\",\n              \"text\": \"* Confirm all legal risks have been considered and Legal has been reviewed per the Group Sourcing Standard\",\n              \"horizontalAlignment\": \"Left\",\n              \"spacing\": \"Small\",\n              \"wrap\": true\n            }\n          ],\n          \"spacing\": \"Small\"\n        },\n        {\n          \"type\": \"TextBlock\",\n          \"text\": \"By clicking the 'Confirm' button, I have confirmed all the ROA details and the above declaration.\",\n          \"wrap\": true,\n          \"spacing\": \"Small\",\n          \"horizontalAlignment\": \"Left\",\n          \"size\": \"Medium\"\n        },\n        {\n          \"type\": \"Container\",\n          \"id\": \"a27409f1-a48e-982f-8e26-594bdd1468e8\",\n          \"padding\": \"None\",\n          \"items\": [\n            {\n              \"type\": \"ActionSet\",\n              \"horizontalAlignment\": \"Right\",\n              \"actions\": [\n                {\n                  \"type\": \"Action.Http\",\n                  \"title\": \"Confirm\",\n                  \"method\": \"POST\",\n                  \"url\": \"@{body('Retrieve_configuration_variable_for_Actionable_Email_Target_URL')?['result']}\",\n                  \"body\": \"{\\\"eMailType\\\":\\\"COMPLETE_CONFIRM_ROA\\\",\\t\\\"actionType\\\":\\\"complete\\\",\\\"ROAGuid\\\":\\\"@{triggerOutputs()?['body/aia_s2c_sourcingrequestid']}\\\"}\",\n                  \"isPrimary\": true,\n                  \"style\": \"positive\",\n                  \"headers\": [\n                    {\n                      \"name\": \"Content-Type\",\n                      \"value\": \"application/json\"\n                    },\n                    {\n                      \"name\": \"Authorization\",\n                      \"value\": \"\"\n                    }\n                  ]\n                }\n              ]\n            }\n          ],\n          \"spacing\": \"Small\"\n        },\n        {\n          \"type\": \"TextBlock\",\n          \"id\": \"7c6c1f79-7dd2-088a-04ad-45d53060eb0e\",\n          \"text\": \"If you would like to view the full request details, please go to [SODA](@{body('Retrieve_S2C_Sub_Deep_link_Request_from_configuration_table')?['result']}@{triggerOutputs()?['body/aia_s2c_sourcingrequestid']}). Thank you for your attention.\",\n          \"wrap\": true,\n          \"spacing\": \"Small\",\n          \"horizontalAlignment\": \"Left\",\n          \"size\": \"Medium\"\n        },\n        {\n          \"type\": \"TextBlock\",\n          \"id\": \"f26daeb6-b8d0-256a-2a87-74b95cffa99d\",\n          \"text\": \"*This is a system generated email*\",\n          \"wrap\": true,\n          \"spacing\": \"Small\",\n          \"horizontalAlignment\": \"Center\",\n          \"size\": \"Small\"\n        }\n      ],\n      \"spacing\": \"Small\"\n    }\n  ],\n  \"$schema\": \"http://adaptivecards.io/schemas/adaptive-card.json\",\n  \"version\": \"1.0\",\n  \"padding\": \"None\",\n  \"context\": \"http://schema.org/extensions\",\n  \"originator\": \"@{body('Retrieve_configuration_variable_for_Actionable_Email_Provider_Id')?['result']}\"\n}"
              }
            },
            "S2C_Group_Sourcing_Email_Address": {
              "runAfter": {
                "AIA_|_S2C_Public._Get_Given_Name": [
                  "Succeeded"
                ]
              },
              "metadata": {
                "operationMetadataId": "3f85489f-56fc-4e7d-a479-982e7017ee1e"
              },
              "type": "Workflow",
              "inputs": {
                "host": {
                  "workflowReferenceName": "cb8c7cef-6161-ec11-8f8f-000d3a80eca3"
                },
                "body": {
                  "text": "S2C_Group_Sourcing_Email_Address"
                }
              }
            }
          },
          "runAfter": {
            "Initialize_variable": [
              "Succeeded"
            ]
          },
          "expression": {
            "and": [
              {
                "equals": [
                  "@triggerOutputs()?['body/aia_requeststatus']",
                  914710014
                ]
              },
              {
                "greaterOrEquals": [
                  "@length(outputs('Find_Sourcing_Requests')?['body/value'])",
                  1
                ]
              }
            ]
          },
          "metadata": {
            "operationMetadataId": "807312e0-67bb-4ea7-944d-21f146b4224c"
          },
          "type": "If"
        },
        "Find_Sourcing_Requests": {
          "runAfter": {},
          "metadata": {
            "operationMetadataId": "7d746627-5bc1-41cb-8beb-cadc1cffe79d"
          },
          "type": "OpenApiConnection",
          "inputs": {
            "host": {
              "connectionName": "shared_commondataserviceforapps_2",
              "operationId": "ListRecords",
              "apiId": "/providers/Microsoft.PowerApps/apis/shared_commondataserviceforapps"
            },
            "parameters": {
              "entityName": "aia_s2c_sourcingrequests",
              "fetchXml": "<fetch>\n  <entity name=\"aia_s2c_sourcingrequest\">\n    <attribute name=\"aia_sourcingrepresentative\" />\n    <attribute name=\"aia_requestor\" />\n    <attribute name=\"aia_requeststage\" />\n    <attribute name=\"aia_requesttitle\" />\n    <attribute name=\"aia_requeststatus\" />\n    <attribute name=\"aia_name\" />\n    <attribute name=\"aia_contractowner\" />\n    <attribute name=\"aia_s2c_sourcingrequestid\" />\n    <filter>\n      <condition attribute=\"aia_s2c_sourcingrequestid\" operator=\"eq\" value=\"@{triggerOutputs()?['body/aia_s2c_sourcingrequestid']}\" />\n      <condition attribute=\"statecode\" operator=\"eq\" value=\"0\" />\n    </filter>\n    <link-entity name=\"systemuser\" from=\"systemuserid\" to=\"aia_contractowner\" link-type=\"outer\" alias=\"CO\">\n      <attribute name=\"internalemailaddress\" />\n      <attribute name=\"fullname\" />\n    </link-entity>\n    <link-entity name=\"systemuser\" from=\"systemuserid\" to=\"aia_requestor\" link-type=\"outer\" alias=\"requestor\">\n      <attribute name=\"internalemailaddress\" />\n      <attribute name=\"fullname\" />\n    </link-entity>\n    <link-entity name=\"systemuser\" from=\"systemuserid\" to=\"aia_sourcingrepresentative\" link-type=\"outer\" alias=\"SR\">\n      <attribute name=\"internalemailaddress\" />\n      <attribute name=\"fullname\" />\n    </link-entity>\n  </entity>\n</fetch>"
            },
            "authentication": "@parameters('$authentication')"
          }
        },
        "Initialize_variable": {
          "runAfter": {
            "Find_Sourcing_Requests": [
              "Succeeded"
            ]
          },
          "metadata": {
            "operationMetadataId": "a9833401-ef1e-4ac6-bccf-c6092e1a37db"
          },
          "type": "InitializeVariable",
          "inputs": {
            "variables": [
              {
                "name": "ACEmailJSON",
                "type": "string"
              }
            ]
          }
        }
      },
      "outputs": {}
    },
    "templateName": ""
  },
  "schemaVersion": "1.0.0.0"
}