{
  "properties": {
    "connectionReferences": {
      "shared_commondataserviceforapps": {
        "runtimeSource": "embedded",
        "connection": {
          "connectionReferenceLogicalName": "aia_sharedcommondataserviceforapps_dba9d"
        },
        "api": {
          "name": "shared_commondataserviceforapps"
        }
      },
      "shared_office365": {
        "runtimeSource": "embedded",
        "connection": {
          "connectionReferenceLogicalName": "aia_sharedoffice365_705f6"
        },
        "api": {
          "name": "shared_office365"
        }
      }
    },
    "definition": {
      "$schema": "https://schema.management.azure.com/providers/Microsoft.Logic/schemas/2016-06-01/workflowdefinition.json#",
      "contentVersion": "1.0.0.0",
      "parameters": {
        "$connections": {
          "defaultValue": {},
          "type": "Object"
        },
        "$authentication": {
          "defaultValue": {},
          "type": "SecureObject"
        }
      },
      "triggers": {
        "manual": {
          "metadata": {
            "operationMetadataId": "7014614a-8116-4e94-8b65-a0bf46c15154"
          },
          "type": "Request",
          "kind": "Button",
          "inputs": {
            "schema": {
              "type": "object",
              "properties": {
                "text": {
                  "title": "SourcingRequestId",
                  "type": "string",
                  "x-ms-dynamically-added": true,
                  "description": "Please enter your input",
                  "x-ms-content-hint": "TEXT"
                }
              },
              "required": [
                "text"
              ]
            }
          }
        }
      },
      "actions": {
        "Retrieve_sourcing_request_by_id": {
          "runAfter": {},
          "metadata": {
            "operationMetadataId": "95025bdb-d844-4aa4-958d-9927c6657aa5"
          },
          "type": "OpenApiConnection",
          "inputs": {
            "host": {
              "connectionName": "shared_commondataserviceforapps",
              "operationId": "GetItem",
              "apiId": "/providers/Microsoft.PowerApps/apis/shared_commondataserviceforapps"
            },
            "parameters": {
              "entityName": "aia_s2c_sourcingrequests",
              "recordId": "@triggerBody()['text']",
              "$expand": "aia_ContractOwner($select=internalemailaddress),aia_Requestor($select=internalemailaddress),aia_sourcingrepresentative($select=internalemailaddress),transactioncurrencyid($select=isocurrencycode)"
            },
            "authentication": {
              "type": "Raw",
              "value": "@json(decodeBase64(triggerOutputs().headers['X-MS-APIM-Tokens']))['$ConnectionKey']"
            }
          }
        },
        "To_user_list": {
          "runAfter": {
            "Retrieve_sourcing_request_by_id": [
              "Succeeded"
            ]
          },
          "metadata": {
            "operationMetadataId": "e379a123-d6ee-4c26-bb20-7d83c02c6150"
          },
          "type": "InitializeVariable",
          "inputs": {
            "variables": [
              {
                "name": "ToUsers",
                "type": "array"
              }
            ]
          }
        },
        "CC_user_list": {
          "runAfter": {
            "To_user_list": [
              "Succeeded"
            ]
          },
          "metadata": {
            "operationMetadataId": "70cbac8d-ff8f-4b7a-9f0b-9b4c1754d27b"
          },
          "type": "InitializeVariable",
          "inputs": {
            "variables": [
              {
                "name": "CCUsers",
                "type": "array"
              }
            ]
          }
        },
        "If_request_status_is_equal_to_completed_or_not": {
          "actions": {
            "Send_an_email_(V2)": {
              "runAfter": {
                "Retrieve_Not_Reply_Email_Address_from_configuration_table": [
                  "Succeeded"
                ]
              },
              "metadata": {
                "operationMetadataId": "6698176c-06ca-436c-89cb-cebba830b8bb"
              },
              "type": "OpenApiConnection",
              "inputs": {
                "host": {
                  "connectionName": "shared_office365",
                  "operationId": "SendEmailV2",
                  "apiId": "/providers/Microsoft.PowerApps/apis/shared_office365"
                },
                "parameters": {
                  "emailMessage/To": "@join(union(variables('ToUsers'),variables('ToUsers')),';')",
                  "emailMessage/Subject": "Non-Compliant ROA submitted - @{outputs('Retrieve_sourcing_request_by_id')?['body/aia_name']} @{outputs('Retrieve_sourcing_request_by_id')?['body/aia_requesttitle']}",
                  "emailMessage/Body": "@variables('EmailContext')",
                  "emailMessage/From": "@body('Retrieve_Not_Reply_Email_Address_from_configuration_table')?['result']",
                  "emailMessage/Cc": "@join(union(variables('CCUsers'),variables('CCUsers')),';')",
                  "emailMessage/Importance": "Normal"
                },
                "authentication": {
                  "type": "Raw",
                  "value": "@json(decodeBase64(triggerOutputs().headers['X-MS-APIM-Tokens']))['$ConnectionKey']"
                }
              }
            },
            "Retrieve_Not_Reply_Email_Address_from_configuration_table": {
              "runAfter": {
                "Set_email_context": [
                  "Succeeded"
                ]
              },
              "metadata": {
                "operationMetadataId": "fc018280-eadd-4e4f-a7bb-e83f148090c0"
              },
              "type": "Workflow",
              "inputs": {
                "host": {
                  "workflowReferenceName": "cb8c7cef-6161-ec11-8f8f-000d3a80eca3"
                },
                "body": {
                  "text": "Not_Reply_Email_Address"
                }
              }
            },
            "Retrieve_approvers_and_endorsers_by_approval_matrix_id": {
              "runAfter": {},
              "metadata": {
                "operationMetadataId": "da51fa2b-1758-49eb-a69d-5761a213ebf5"
              },
              "type": "OpenApiConnection",
              "inputs": {
                "host": {
                  "connectionName": "shared_commondataserviceforapps",
                  "operationId": "ListRecords",
                  "apiId": "/providers/Microsoft.PowerApps/apis/shared_commondataserviceforapps"
                },
                "parameters": {
                  "entityName": "aia_s2c_approval_members",
                  "fetchXml": "<fetch>\n  <entity name=\"aia_s2c_approval_member\">\n    <attribute name=\"aia_s2c_approval_memberid\" />\n    <filter>\n      <condition attribute=\"aia_approval\" operator=\"eq\" value=\"@{outputs('Retrieve_sourcing_request_by_id')?['body/_aia_current_approval_matrix_value']}\" />\n      <condition attribute=\"statuscode\" operator=\"eq\" value=\"1\" />\n    </filter>\n    <link-entity name=\"systemuser\" from=\"systemuserid\" to=\"aia_user\" link-type=\"outer\" alias=\"user\">\n      <attribute name=\"internalemailaddress\" />\n    </link-entity>\n  </entity>\n</fetch>"
                },
                "authentication": {
                  "type": "Raw",
                  "value": "@json(decodeBase64(triggerOutputs().headers['X-MS-APIM-Tokens']))['$ConnectionKey']"
                }
              }
            },
            "Apply_all_approvers_and_endorsers": {
              "foreach": "@outputs('Retrieve_approvers_and_endorsers_by_approval_matrix_id')?['body/value']",
              "actions": {
                "Append_user_email_to_variable_ToUsers": {
                  "runAfter": {},
                  "metadata": {
                    "operationMetadataId": "58d9aa83-d4dd-4065-9c17-b3aaccc080b9"
                  },
                  "type": "AppendToArrayVariable",
                  "inputs": {
                    "name": "ToUsers",
                    "value": "@items('Apply_all_approvers_and_endorsers')?['user.internalemailaddress']"
                  }
                }
              },
              "runAfter": {
                "Retrieve_approvers_and_endorsers_by_approval_matrix_id": [
                  "Succeeded"
                ]
              },
              "metadata": {
                "operationMetadataId": "6e104d05-3de7-45c2-b744-ee7923f4bd71"
              },
              "type": "Foreach"
            },
            "Retrieve_immediate_supervisor_by_contract_owner_id": {
              "runAfter": {
                "Apply_all_approvers_and_endorsers": [
                  "Succeeded"
                ]
              },
              "metadata": {
                "operationMetadataId": "c2b5eb8f-cf82-4e4e-b1b5-4452408ca779"
              },
              "type": "OpenApiConnection",
              "inputs": {
                "host": {
                  "connectionName": "shared_commondataserviceforapps",
                  "operationId": "ListRecords",
                  "apiId": "/providers/Microsoft.PowerApps/apis/shared_commondataserviceforapps"
                },
                "parameters": {
                  "entityName": "aia_sap_employees",
                  "fetchXml": "<fetch top=\"1\">\n  <entity name=\"aia_sap_employee\">\n    <attribute name=\"aia_immediate_supervisor\" />\n    <filter>\n      <condition attribute=\"aia_user\" operator=\"eq\" value=\"@{outputs('Retrieve_sourcing_request_by_id')?['body/_aia_contractowner_value']}\" />\n      <condition attribute=\"statuscode\" operator=\"eq\" value=\"1\" />\n    </filter>\n    <link-entity name=\"systemuser\" from=\"systemuserid\" to=\"aia_immediate_supervisor\" link-type=\"outer\" alias=\"user\">\n<attribute name=\"internalemailaddress\" />\n</link-entity>\n  </entity>\n</fetch>"
                },
                "authentication": {
                  "type": "Raw",
                  "value": "@json(decodeBase64(triggerOutputs().headers['X-MS-APIM-Tokens']))['$ConnectionKey']"
                }
              }
            },
            "Set_email_context": {
              "runAfter": {
                "if_gs_support_is_not_null": [
                  "Succeeded"
                ]
              },
              "metadata": {
                "operationMetadataId": "c13b39b2-1ca4-40f9-99b5-34cbd84fcb3f"
              },
              "type": "SetVariable",
              "inputs": {
                "name": "EmailContext",
                "value": "<html xmlns:o=\"urn:schemas-microsoft-com:office:office\" xmlns:w=\"urn:schemas-microsoft-com:office:word\"\n\txmlns:dt=\"uuid:C2F41010-65B3-11d1-A29F-00AA00C14882\" xmlns=\"http://www.w3.org/TR/REC-html40\">\n\n\t<head>\n\t\t<meta http-equiv=Content-Type content=\"text/html; charset=gb2312\">\n\t\t<meta name=ProgId content=Word.Document>\n\t\t<meta name=Generator content=\"Microsoft Word 14\">\n\t\t<meta name=Originator content=\"Microsoft Word 14\">\n\t\t<title></title>\n\t\t<style>\n\t\t\t@font-face {\n\t\t\t\tfont-family: \"Times New Roman\";\n\t\t\t}\n\n\t\t\t@font-face {\n\t\t\t\tfont-family: \"宋体\";\n\t\t\t}\n\n\t\t\t@font-face {\n\t\t\t\tfont-family: \"Calibri\";\n\t\t\t}\n\n\t\t\t@font-face {\n\t\t\t\tfont-family: \"Wingdings\";\n\t\t\t}\n\n\t\t\t@font-face {\n\t\t\t\tfont-family: \"Arial\";\n\t\t\t}\n\n\t\t\tp.MsoNormal {\n\t\t\t\tmso-style-name: 正文;\n\t\t\t\tmso-style-parent: \"\";\n\t\t\t\tmargin-bottom: 8.0000pt;\n\t\t\t\tline-height: 107%;\n\t\t\t\tfont-family: Calibri;\n\t\t\t\tmso-bidi-font-family: 'Times New Roman';\n\t\t\t\tfont-size: 11.0000pt;\n\t\t\t}\n\n\t\t\tspan.10 {\n\t\t\t\tfont-family: Calibri;\n\t\t\t}\n\n\t\t\tspan.15 {\n\t\t\t\tfont-family: Calibri;\n\t\t\t\tfont-size: 8.0000pt;\n\t\t\t}\n\n\t\t\tspan.16 {\n\t\t\t\tfont-family: Calibri;\n\t\t\t\tcolor: rgb(43, 87, 154);\n\t\t\t\tbackground: rgb(230, 230, 230);\n\t\t\t\tmso-shading: rgb(230, 230, 230);\n\t\t\t}\n\n\t\t\tp.MsoCommentText {\n\t\t\t\tmso-style-name: 批注文字;\n\t\t\t\tmso-style-noshow: yes;\n\t\t\t\tmargin-bottom: 8.0000pt;\n\t\t\t\tfont-family: Calibri;\n\t\t\t\tmso-bidi-font-family: 'Times New Roman';\n\t\t\t\tfont-size: 10.0000pt;\n\t\t\t}\n\n\t\t\tspan.msoIns {\n\t\t\t\tmso-style-type: export-only;\n\t\t\t\tmso-style-name: \"\";\n\t\t\t\ttext-decoration: underline;\n\t\t\t\ttext-underline: single;\n\t\t\t\tcolor: blue;\n\t\t\t}\n\n\t\t\tspan.msoDel {\n\t\t\t\tmso-style-type: export-only;\n\t\t\t\tmso-style-name: \"\";\n\t\t\t\ttext-decoration: line-through;\n\t\t\t\tcolor: red;\n\t\t\t}\n\n\t\t\ttable.MsoNormalTable {\n\t\t\t\tmso-style-name: 普通表格;\n\t\t\t\tmso-style-parent: \"\";\n\t\t\t\tmso-style-noshow: yes;\n\t\t\t\tmso-tstyle-rowband-size: 0;\n\t\t\t\tmso-tstyle-colband-size: 0;\n\t\t\t\tmso-padding-alt: 0.0000pt 5.4000pt 0.0000pt 5.4000pt;\n\t\t\t\tmso-para-margin: 0pt;\n\t\t\t\tmso-para-margin-bottom: .0001pt;\n\t\t\t\tmso-pagination: widow-orphan;\n\t\t\t\tfont-family: 'Times New Roman';\n\t\t\t\tfont-size: 10.0000pt;\n\t\t\t\tmso-ansi-language: #0400;\n\t\t\t\tmso-fareast-language: #0400;\n\t\t\t\tmso-bidi-language: #0400;\n\t\t\t}\n\n\t\t\ttable.MsoTableGrid {\n\t\t\t\tmso-style-name: 网格型;\n\t\t\t\tmso-tstyle-rowband-size: 0;\n\t\t\t\tmso-tstyle-colband-size: 0;\n\t\t\t\tmso-padding-alt: 0.0000pt 5.4000pt 0.0000pt 5.4000pt;\n\t\t\t\tmso-border-top-alt: 0.5000pt solid windowtext;\n\t\t\t\tmso-border-left-alt: 0.5000pt solid windowtext;\n\t\t\t\tmso-border-bottom-alt: 0.5000pt solid windowtext;\n\t\t\t\tmso-border-right-alt: 0.5000pt solid windowtext;\n\t\t\t\tmso-border-insideh: 0.5000pt solid windowtext;\n\t\t\t\tmso-border-insidev: 0.5000pt solid windowtext;\n\t\t\t\tmso-para-margin: 0pt;\n\t\t\t\tmso-para-margin-bottom: .0001pt;\n\t\t\t\tmso-pagination: widow-orphan;\n\t\t\t\tfont-family: 'Times New Roman';\n\t\t\t\tfont-size: 10.0000pt;\n\t\t\t\tmso-ansi-language: #0400;\n\t\t\t\tmso-fareast-language: #0400;\n\t\t\t\tmso-bidi-language: #0400;\n\t\t\t}\n\n\t\t\t@page {\n\t\t\t\tmso-page-border-surround-header: no;\n\t\t\t\tmso-page-border-surround-footer: no;\n\t\t\t}\n\n\t\t\t@page Section0 {\n\t\t\t\tmargin-top: 72.0000pt;\n\t\t\t\tmargin-bottom: 72.0000pt;\n\t\t\t\tmargin-left: 90.0000pt;\n\t\t\t\tmargin-right: 90.0000pt;\n\t\t\t\tsize: 595.3000pt 841.9000pt;\n\t\t\t\tlayout-grid: 15.6000pt;\n\t\t\t\tmso-header-margin: 42.5500pt;\n\t\t\t\tmso-footer-margin: 49.6000pt;\n\t\t\t}\n\n\t\t\tdiv.Section0 {\n\t\t\t\tpage: Section0;\n\t\t\t}\n\t\t</style>\n\t</head>\n\n\t<body style=\"tab-interval:21pt;text-justify-trim:punctuation;\">\n\t\t<!--StartFragment-->\n\t\t<div class=\"Section0\" style=\"layout-grid:15.6000pt;\">\n\t\t\t<table style=\"width:700\">\n\t\t\t\t<tr>\n\t\t\t\t\t<td>\n\t\t\t\t\t\t<p class=\"MsoNormal\" style=\"margin-bottom:0cm;line-height:normal\"><span lang=\"EN-GB\"\n\t\t\t\t\t\t\t\tstyle=\"font-family:&quot;Arial&quot;,sans-serif;mso-ansi-language:EN-GB\">Hi All</p>\n\t\t\t\t\t</td>\n\t\t\t\t</tr>\n\t\t\t\t<tr>\n\t\t\t\t\t<td>\n\t\t\t\t\t\t<p class=\"MsoListParagraphCxSpLast\"><span lang=\"EN-GB\" style=\"mso-ansi-language:EN-GB\">\n\t\t\t\t\t\t\t</span></p>\n\t\t\t\t\t</td>\n\t\t\t\t</tr>\n\t\t\t\t<tr>\n\t\t\t\t\t<td>\n\t\t\t\t\t\t<p class=\"MsoNormal\" style=\"margin-bottom:0cm;line-height:normal\"><span lang=\"EN-GB\"\n\t\t\t\t\t\t\t\tstyle=\"font-family:&quot;Arial&quot;,sans-serif;mso-ansi-language:EN-GB\">We would like\n\t\t\t\t\t\t\t\tto draw your\n\t\t\t\t\t\t\t\tattention that the following supplier engagement raised by\n\t\t\t\t\t\t\t\t@{outputs('Retrieve_sourcing_request_by_id')?['body/_aia_contractowner_value@OData.Community.Display.V1.FormattedValue']}\n\t\t\t\t\t\t\t\tis non-compliant to\n\t\t\t\t\t\t\t\tSourcing Standard.&nbsp; </span>\n\t\t\t\t\t\t\t<o:p></o:p>\n\t\t\t\t\t\t</p>\n\t\t\t\t\t</td>\n\t\t\t\t</tr>\n\t\t\t\t<tr>\n\t\t\t\t\t<td>\n\t\t\t\t\t\t<p class=\"MsoListParagraphCxSpLast\"><span lang=\"EN-GB\" style=\"mso-ansi-language:EN-GB\">\n\t\t\t\t\t\t\t</span></p>\n\t\t\t\t\t</td>\n\t\t\t\t</tr>\n\t\t\t\t<tr>\n\t\t\t\t\t<td>\n\t\t\t\t\t\t<p class=\"MsoNormal\" style=\"margin-bottom:0cm;line-height:normal\"><span lang=\"EN-GB\"\n\t\t\t\t\t\t\t\tstyle=\"font-family:&quot;Arial&quot;,sans-serif;mso-ansi-language:EN-GB\">The reason for\n\t\t\t\t\t\t\t\tnon-compliance\n\t\t\t\t\t\t\t\tis:</span></p>\n\t\t\t\t\t</td>\n\t\t\t\t</tr>\n\t\t\t\t<tr>\n\t\t\t\t\t<td>\n\t\t\t\t\t\t<p class=\"MsoNormal\" style=\"margin-bottom:0cm;line-height:normal\">\n\t\t\t\t\t\t</p>\n\t\t\t\t\t</td>\n\t\t\t\t</tr>\n\t\t\t\t<tr>\n\t\t\t\t\t<td>\n\t\t\t\t\t\t<p class=18 style=\"margin-bottom:0.0000pt;margin-left:36.0000pt;text-indent:-18.0000pt;\nmso-list:l0 level1 lfo1;\">\n\t\t\t\t<![if !supportLists]><span style=\"font-family:Symbol;mso-fareast-font-family:Calibri;mso-bidi-font-family:Arial;\nmso-ansi-font-weight:normal;mso-bidi-font-weight:bold;font-size:11.0000pt;\"><span\n\t\t\t\t\t\tstyle='mso-list:Ignore;'>&#183;<span>&nbsp;</span></span></span>\n\t\t\t\t<![endif]><span style=\"mso-spacerun:'yes';font-family:Arial;mso-fareast-font-family:Calibri;\nmso-ansi-font-weight:normal;mso-bidi-font-weight:bold;font-size:11.0000pt;\">@{if(equals(outputs('Retrieve_sourcing_request_by_id')?['body/aia_nc_desc'],'914710002'),outputs('Retrieve_sourcing_request_by_id')?['body/aia_other_desc_of_nc'],outputs('Retrieve_sourcing_request_by_id')?['body/aia_nc_desc@OData.Community.Display.V1.FormattedValue'])}</span><span style=\"mso-spacerun:'yes';font-family:Arial;mso-fareast-font-family:Calibri;\nmso-ansi-font-weight:normal;mso-bidi-font-weight:bold;font-size:11.0000pt;\">\n\t\t\t\t</span>\n\t\t\t</p>\n\t\t\t\t\t</td>\n\t\t\t\t</tr>\n\t\t\t\t<tr>\n\t\t\t\t\t<td>\n\t\t\t\t\t\t<p class=18 style=\"margin-bottom:0.0000pt;margin-left:36.0000pt;text-indent:-18.0000pt;\nmso-list:l0 level1 lfo1;\">\n\t\t\t\t<![if !supportLists]><span style=\"font-family:Symbol;mso-fareast-font-family:Calibri;mso-bidi-font-family:Arial;\nmso-bidi-font-weight:bold;font-size:11.0000pt;\"><span style='mso-list:Ignore;'>&#183;<span>&nbsp;</span></span></span>\n\t\t\t\t<![endif]><span style=\"mso-spacerun:'yes';font-family:Arial;mso-fareast-font-family:Calibri;\nmso-bidi-font-weight:bold;font-size:11.0000pt;\">@{outputs('Retrieve_sourcing_request_by_id')?['body/aia_reason_of_nc']}</span><span style=\"mso-spacerun:'yes';font-family:Arial;mso-fareast-font-family:Calibri;\nmso-bidi-font-weight:bold;font-size:11.0000pt;\">\n\t\t\t\t</span>\n\t\t\t</p>\n\t\t\t\t\t</td>\n\t\t\t\t</tr>\n\t\t\t\t<tr>\n\t\t\t\t\t<td>\n\t\t\t\t\t\t<p class=\"MsoNormal\" style=\"margin-bottom:0cm;line-height:normal\"><span lang=\"EN-GB\" style=\"font-family:&quot;Arial&quot;,sans-serif;mso-ansi-language:EN-GB;\n                mso-bidi-font-weight:bold\">\n\t\t\t\t\t\t\t</span></p>\n\t\t\t\t\t</td>\n\t\t\t\t</tr>\n\t\t\t\t<tr>\n\t\t\t\t\t<td>\n\t\t\t\t\t\t<p class=\"MsoNormal\"><span style=\"font-family:&quot;Yu Gothic Light&quot;,sans-serif !msorm;mso-fareast-font-family:\n                宋体 !msorm;mso-bidi-font-family:&quot;Yu Gothic Light&quot; !msorm;font-weight:bold !msorm\"><span\n\t\t\t\t\t\t\t\t\tlang=\"EN-GB\"\n\t\t\t\t\t\t\t\t\tstyle=\"font-family:Arial;mso-ansi-language:EN-GB;font-weight: bold;\">Since</span></span><span\n\t\t\t\t\t\t\t\tstyle=\"font-family:&quot;Yu Gothic Light&quot;,sans-serif !msorm;mso-fareast-font-family:\n                宋体 !msorm;mso-bidi-font-family:&quot;Yu Gothic Light&quot; !msorm;font-weight:bold !msorm\"><span\n\t\t\t\t\t\t\t\t\tlang=\"EN-GB\"\n\t\t\t\t\t\t\t\t\tstyle=\"font-family:Arial;mso-ansi-language:EN-GB;font-weight: bold;\">\n\t\t\t\t\t\t\t\t\tno retrospective approval/endorsement is </span></span><span style=\"font-family:&quot;Yu Gothic Light&quot;,sans-serif !msorm;mso-fareast-font-family:\n                宋体 !msorm;mso-bidi-font-family:&quot;Yu Gothic Light&quot; !msorm;font-weight:bold !msorm\"><span\n\t\t\t\t\t\t\t\t\tlang=\"EN-GB\"\n\t\t\t\t\t\t\t\t\tstyle=\"font-family:Arial;;mso-ansi-language:EN-GB;font-weight: bold;\">allowed</span></span><span\n\t\t\t\t\t\t\t\tstyle=\"font-family:&quot;Yu Gothic Light&quot;,sans-serif !msorm;mso-fareast-font-family:\n                宋体 !msorm;mso-bidi-font-family:&quot;Yu Gothic Light&quot; !msorm;font-weight:bold !msorm\"><span\n\t\t\t\t\t\t\t\t\tlang=\"EN-GB\"\n\t\t\t\t\t\t\t\t\tstyle=\"font-family:&quot;Arial&quot;,sans-serif;mso-ansi-language:EN-GB\">,\n\t\t\t\t\t\t\t\t</span></span><span style=\"font-family:&quot;Yu Gothic Light&quot;,sans-serif !msorm;mso-fareast-font-family:\n                宋体 !msorm;mso-bidi-font-family:&quot;Yu Gothic Light&quot; !msorm;font-weight:bold !msorm\"><span\n\t\t\t\t\t\t\t\t\tlang=\"EN-GB\"\n\t\t\t\t\t\t\t\t\tstyle=\"font-family:Arial;mso-ansi-language:EN-GB;font-weight: bold;\">we will\n\t\t\t\t\t\t\t\t</span></span><span style=\"font-family:&quot;Yu Gothic Light&quot;,sans-serif !msorm;\n                mso-fareast-font-family:宋体 !msorm;mso-bidi-font-family:&quot;Yu Gothic Light&quot; !msorm;\n                font-weight:bold !msorm\"><span lang=\"EN-GB\" style=\"font-family:Arial;\n                mso-ansi-language:EN-GB;font-weight: bold;\">capture this incident in the Sourcing Management Report. We would like to\n\t\t\t\t\t\t\t\t\temphasize the\n\t\t\t\t\t\t\t\t\timportance of adhering to Sourcing Standard to ensure maximization of our\n\t\t\t\t\t\t\t\t\tprice/benefit in supplier\n\t\t\t\t\t\t\t\t\tengagement. Your support and reinforcement with the involved parties in this\n\t\t\t\t\t\t\t\t\tengagement would be\n\t\t\t\t\t\t\t\t\thighly appreciated.</span></span></p>\n\t\t\t\t\t</td>\n\t\t\t\t</tr>\n\t\t\t\t<tr>\n\t\t\t\t\t<td>\n\t\t\t\t\t\t<p class=\"MsoListParagraphCxSpLast\"><span lang=\"EN-GB\" style=\"mso-ansi-language:EN-GB\">\n\t\t\t\t\t\t\t</span></p>\n\t\t\t\t\t</td>\n\t\t\t\t</tr>\n\t\t\t\t<tr>\n\t\t\t\t\t<td>\n\t\t\t\t\t\t<p class=\"MsoNormal\" style=\"margin-bottom:0cm;line-height:normal\"><b\n\t\t\t\t\t\t\t\tstyle=\"mso-bidi-font-weight:normal\"><span lang=\"EN-GB\" style=\"font-family:&quot;Arial&quot;,sans-serif;\n                color:#D31145;mso-ansi-language:EN-GB\">ROA Summary <o:p></o:p></span></b></p>\n\t\t\t\t\t</td>\n\t\t\t\t</tr>\n\t\t\t\t<tr>\n\t\t\t\t\t<td>\n\t\t\t\t\t\t<p class=\"MsoNormal\" style=\"margin-bottom:0cm;line-height:normal\"><b\n\t\t\t\t\t\t\t\tstyle=\"mso-bidi-font-weight:normal\"><span lang=\"EN-GB\"\n\t\t\t\t\t\t\t\t\tstyle=\"font-family:&quot;Arial&quot;,sans-serif; color:#D31145;mso-ansi-language:EN-GB\">\n\t\t\t\t\t\t\t\t\t<o:p>&nbsp;</o:p>\n\t\t\t\t\t\t\t\t</span></b></p>\n\t\t\t\t\t</td>\n\t\t\t\t</tr>\n\t\t\t\t<tr>\n\t\t\t\t\t<td>\n\t\t\t\t\t\t<table class=\"MsoNormalTable\" border=\"1\" cellspacing=\"0\" cellpadding=\"0\" style=\"border-collapse:collapse;border:none;mso-border-alt:solid windowtext .5pt;\n                mso-yfti-tbllook:1184;mso-padding-alt:0cm 5.4pt 0cm 5.4pt;mso-border-insideh:\n                .5pt solid windowtext;mso-border-insidev:.5pt solid windowtext; width: 100%;\">\n\t\t\t\t\t\t\t<tbody>\n\t\t\t\t\t\t\t\t<tr style=\"mso-yfti-irow:0;mso-yfti-firstrow:yes;height:20.7pt;\">\n\t\t\t\t\t\t\t\t\t<td width=\"185\" valign=\"top\" style=\"width:138.55pt;border:solid #E7E6E6 1.0pt;\n                mso-border-themecolor:background2;mso-border-alt:solid #E7E6E6 .25pt;\n                mso-border-themecolor:background2;background:#F2F2F2;mso-background-themecolor:\n                background1;mso-background-themeshade:242;padding:0cm 5.4pt 0cm 5.4pt;\n                height:20.7pt\">\n\t\t\t\t\t\t\t\t\t\t<p class=\"MsoNormal\"><span lang=\"EN-GB\" style=\"font-size:9.0pt;line-height:\n                107%;font-family:&quot;Arial&quot;,sans-serif;color:black;mso-color-alt:windowtext;\n                mso-ansi-language:EN-GB\">Supplier Name</span><b style=\"mso-bidi-font-weight:normal\"><span lang=\"EN-GB\"\n\t\t\t\t\t\t\t\t\t\t\t\t\tstyle=\"font-family:&quot;Arial&quot;,sans-serif;mso-ansi-language:EN-GB\">\n\t\t\t\t\t\t\t\t\t\t\t\t\t<o:p></o:p>\n\t\t\t\t\t\t\t\t\t\t\t\t</span></b></p>\n\t\t\t\t\t\t\t\t\t</td>\n\t\t\t\t\t\t\t\t\t<td width=\"376\" valign=\"top\" style=\"width:281.9pt;border:solid #E7E6E6 1.0pt;\n                mso-border-themecolor:background2;border-left:none;mso-border-left-alt:\n                solid #E7E6E6 .25pt;mso-border-left-themecolor:background2;mso-border-alt:\n                solid #E7E6E6 .25pt;mso-border-themecolor:background2;padding:0cm 5.4pt 0cm 5.4pt;\n                height:20.7pt\">\n\t\t\t\t\t\t\t\t\t\t<p class=\"MsoNormal\"><span lang=\"EN-GB\"\n\t\t\t\t\t\t\t\t\t\t\t\tstyle=\"font-size:9.0pt;line-height:\n                107%;font-family:&quot;Arial&quot;,sans-serif;mso-ansi-language:EN-GB\">@{join(variables('SupplierNames'),\n\t\t\t\t\t\t\t\t\t\t\t\t',')}</span><b style=\"mso-bidi-font-weight:normal\"><span lang=\"EN-GB\"\n\t\t\t\t\t\t\t\t\t\t\t\t\tstyle=\"font-family:\n                &quot;Arial&quot;,sans-serif;color:#D31145;mso-ansi-language:EN-GB\">\n\t\t\t\t\t\t\t\t\t\t\t\t\t<o:p></o:p>\n\t\t\t\t\t\t\t\t\t\t\t\t</span></b></p>\n\t\t\t\t\t\t\t\t\t</td>\n\t\t\t\t\t\t\t\t</tr>\n\t\t\t\t\t\t\t\t<tr style=\"mso-yfti-irow:1;height:20.7pt;\">\n\t\t\t\t\t\t\t\t\t<td width=\"185\" valign=\"top\" style=\"width:138.55pt;border:solid #E7E6E6 1.0pt;\n                mso-border-themecolor:background2;border-top:none;mso-border-top-alt:solid #E7E6E6 .25pt;\n                mso-border-top-themecolor:background2;mso-border-alt:solid #E7E6E6 .25pt;\n                mso-border-themecolor:background2;background:#F2F2F2;mso-background-themecolor:\n                background1;mso-background-themeshade:242;padding:0cm 5.4pt 0cm 5.4pt;\n                height:20.7pt\">\n\t\t\t\t\t\t\t\t\t\t<p class=\"MsoNormal\"><span lang=\"EN-GB\" style=\"font-size:9.0pt;line-height:\n                107%;font-family:&quot;Arial&quot;,sans-serif;color:black;mso-color-alt:windowtext;\n                mso-ansi-language:EN-GB\">Request Title</span><b style=\"mso-bidi-font-weight:normal\"><span lang=\"EN-GB\"\n\t\t\t\t\t\t\t\t\t\t\t\t\tstyle=\"font-family:&quot;Arial&quot;,sans-serif;mso-ansi-language:EN-GB\">\n\t\t\t\t\t\t\t\t\t\t\t\t\t<o:p></o:p>\n\t\t\t\t\t\t\t\t\t\t\t\t</span></b></p>\n\t\t\t\t\t\t\t\t\t</td>\n\t\t\t\t\t\t\t\t\t<td width=\"376\" valign=\"top\" style=\"width:281.9pt;border-top:none;border-left:\n                none;border-bottom:solid #E7E6E6 1.0pt;mso-border-bottom-themecolor:background2;\n                border-right:solid #E7E6E6 1.0pt;mso-border-right-themecolor:background2;\n                mso-border-top-alt:solid #E7E6E6 .25pt;mso-border-top-themecolor:background2;\n                mso-border-left-alt:solid #E7E6E6 .25pt;mso-border-left-themecolor:background2;\n                mso-border-alt:solid #E7E6E6 .25pt;mso-border-themecolor:background2;\n                padding:0cm 5.4pt 0cm 5.4pt;height:20.7pt\">\n\t\t\t\t\t\t\t\t\t\t<p class=\"MsoNormal\"><span lang=\"EN-US\"\n\t\t\t\t\t\t\t\t\t\t\t\tstyle=\"font-size:9.0pt;line-height:\n                107%;font-family:&quot;Arial&quot;,sans-serif\">@{outputs('Retrieve_sourcing_request_by_id')?['body/aia_requesttitle']}</span><b style=\"mso-bidi-font-weight:\n                normal\"><span lang=\"EN-GB\" style=\"font-family:&quot;Arial&quot;,sans-serif;color:#D31145;\n                mso-ansi-language:EN-GB\">\n\t\t\t\t\t\t\t\t\t\t\t\t\t<o:p></o:p>\n\t\t\t\t\t\t\t\t\t\t\t\t</span></b></p>\n\t\t\t\t\t\t\t\t\t</td>\n\t\t\t\t\t\t\t\t</tr>\n\t\t\t\t\t\t\t\t<tr style=\"mso-yfti-irow:2;height:20.7pt;\">\n\t\t\t\t\t\t\t\t\t<td width=\"185\" valign=\"top\" style=\"width:138.55pt;border:solid #E7E6E6 1.0pt;\n                mso-border-themecolor:background2;border-top:none;mso-border-top-alt:solid #E7E6E6 .25pt;\n                mso-border-top-themecolor:background2;mso-border-alt:solid #E7E6E6 .25pt;\n                mso-border-themecolor:background2;background:#F2F2F2;mso-background-themecolor:\n                background1;mso-background-themeshade:242;padding:0cm 5.4pt 0cm 5.4pt;\n                height:20.7pt\">\n\t\t\t\t\t\t\t\t\t\t<p class=\"MsoNormal\"><span lang=\"EN-GB\" style=\"font-size:9.0pt;line-height:\n                107%;font-family:&quot;Arial&quot;,sans-serif;color:black;mso-color-alt:windowtext;\n                mso-ansi-language:EN-GB\">Target Contract Start Date</span><b style=\"mso-bidi-font-weight:normal\"><span\n\t\t\t\t\t\t\t\t\t\t\t\t\tlang=\"EN-GB\"\n\t\t\t\t\t\t\t\t\t\t\t\t\tstyle=\"font-family:&quot;Arial&quot;,sans-serif;mso-ansi-language:EN-GB\">\n\t\t\t\t\t\t\t\t\t\t\t\t\t<o:p></o:p>\n\t\t\t\t\t\t\t\t\t\t\t\t</span></b></p>\n\t\t\t\t\t\t\t\t\t</td>\n\t\t\t\t\t\t\t\t\t<td width=\"376\" valign=\"top\" style=\"width:281.9pt;border-top:none;border-left:\n                none;border-bottom:solid #E7E6E6 1.0pt;mso-border-bottom-themecolor:background2;\n                border-right:solid #E7E6E6 1.0pt;mso-border-right-themecolor:background2;\n                mso-border-top-alt:solid #E7E6E6 .25pt;mso-border-top-themecolor:background2;\n                mso-border-left-alt:solid #E7E6E6 .25pt;mso-border-left-themecolor:background2;\n                mso-border-alt:solid #E7E6E6 .25pt;mso-border-themecolor:background2;\n                mso-border-bottom-alt:solid #E7E6E6 .5pt;mso-border-bottom-themecolor:background2;\n                padding:0cm 5.4pt 0cm 5.4pt;height:20.7pt\">\n\t\t\t\t\t\t\t\t\t\t<p class=\"MsoNormal\"><span lang=\"EN-GB\"\n\t\t\t\t\t\t\t\t\t\t\t\tstyle=\"font-size:9.0pt;line-height:\n                107%;font-family:&quot;Arial&quot;,sans-serif;mso-ansi-language:EN-GB\">@{formatDateTime(outputs('Retrieve_sourcing_request_by_id')?['body/aia_targetstartdate'],\n\t\t\t\t\t\t\t\t\t\t\t\t'dd-MMM-yyyy')}</span><b style=\"mso-bidi-font-weight:normal\"><span\n\t\t\t\t\t\t\t\t\t\t\t\t\tlang=\"EN-GB\" style=\"font-family:\n                &quot;Arial&quot;,sans-serif;color:#D31145;mso-ansi-language:EN-GB\">\n\t\t\t\t\t\t\t\t\t\t\t\t\t<o:p></o:p>\n\t\t\t\t\t\t\t\t\t\t\t\t</span></b></p>\n\t\t\t\t\t\t\t\t\t</td>\n\t\t\t\t\t\t\t\t</tr>\n\t\t\t\t\t\t\t\t<tr style=\"mso-yfti-irow:3;height:20.7pt;\">\n\t\t\t\t\t\t\t\t\t<td width=\"185\" valign=\"top\" style=\"width:138.55pt;border:solid #E7E6E6 1.0pt;\n                mso-border-themecolor:background2;border-top:none;mso-border-top-alt:solid #E7E6E6 .25pt;\n                mso-border-top-themecolor:background2;mso-border-alt:solid #E7E6E6 .25pt;\n                mso-border-themecolor:background2;mso-border-right-alt:solid #E7E6E6 .5pt;\n                mso-border-right-themecolor:background2;background:#F2F2F2;mso-background-themecolor:\n                background1;mso-background-themeshade:242;padding:0cm 5.4pt 0cm 5.4pt;\n                height:20.7pt\">\n\t\t\t\t\t\t\t\t\t\t<p class=\"MsoNormal\"><span lang=\"EN-GB\" style=\"font-size:9.0pt;line-height:\n                107%;font-family:&quot;Arial&quot;,sans-serif;color:black;mso-color-alt:windowtext;\n                mso-ansi-language:EN-GB\">Contract Duration</span><b style=\"mso-bidi-font-weight:normal\"><span\n\t\t\t\t\t\t\t\t\t\t\t\t\tlang=\"EN-GB\"\n\t\t\t\t\t\t\t\t\t\t\t\t\tstyle=\"font-family:&quot;Arial&quot;,sans-serif;mso-ansi-language:EN-GB\">\n\t\t\t\t\t\t\t\t\t\t\t\t\t<o:p></o:p>\n\t\t\t\t\t\t\t\t\t\t\t\t</span></b></p>\n\t\t\t\t\t\t\t\t\t</td>\n\t\t\t\t\t\t\t\t\t<td width=\"376\" valign=\"top\" style=\"width:281.9pt;border-top:none;border-left:\n                none;border-bottom:solid #E7E6E6 1.0pt;mso-border-bottom-themecolor:background2;\n                border-right:solid #E7E6E6 1.0pt;mso-border-right-themecolor:background2;\n                mso-border-top-alt:solid #E7E6E6 .5pt;mso-border-top-themecolor:background2;\n                mso-border-left-alt:solid #E7E6E6 .5pt;mso-border-left-themecolor:background2;\n                mso-border-alt:solid #E7E6E6 .5pt;mso-border-themecolor:background2;\n                padding:0cm 5.4pt 0cm 5.4pt;height:20.7pt\">\n\t\t\t\t\t\t\t\t\t\t<p class=\"MsoNormal\"><span lang=\"EN-GB\"\n\t\t\t\t\t\t\t\t\t\t\t\tstyle=\"font-size:9.0pt;line-height:\n                107%;font-family:&quot;Arial&quot;,sans-serif;mso-ansi-language:EN-GB\">@{concat(outputs('Retrieve_sourcing_request_by_id')?['body/aia_contractduration'],\n\t\t\t\t\t\t\t\t\t\t\t\t' ',\n\t\t\t\t\t\t\t\t\t\t\t\toutputs('Retrieve_sourcing_request_by_id')?['body/aia_contractdurationunit@OData.Community.Display.V1.FormattedValue'],\n\t\t\t\t\t\t\t\t\t\t\t\t'(s)')}</span><b style=\"mso-bidi-font-weight:normal\"><span lang=\"EN-GB\"\n\t\t\t\t\t\t\t\t\t\t\t\t\tstyle=\"font-family:\n                &quot;Arial&quot;,sans-serif;color:#D31145;mso-ansi-language:EN-GB\">\n\t\t\t\t\t\t\t\t\t\t\t\t\t<o:p></o:p>\n\t\t\t\t\t\t\t\t\t\t\t\t</span></b></p>\n\t\t\t\t\t\t\t\t\t</td>\n\t\t\t\t\t\t\t\t</tr>\n\t\t\t\t\t\t\t\t<tr style=\"mso-yfti-irow:4;height:20.7pt;\">\n\t\t\t\t\t\t\t\t\t<td width=\"185\" valign=\"top\" style=\"width:138.55pt;border:solid #E7E6E6 1.0pt;\n                mso-border-themecolor:background2;border-top:none;mso-border-top-alt:solid #E7E6E6 .25pt;\n                mso-border-top-themecolor:background2;mso-border-alt:solid #E7E6E6 .25pt;\n                mso-border-themecolor:background2;mso-border-right-alt:solid #E7E6E6 .5pt;\n                mso-border-right-themecolor:background2;background:#F2F2F2;mso-background-themecolor:\n                background1;mso-background-themeshade:242;padding:0cm 5.4pt 0cm 5.4pt;\n                height:20.7pt\">\n\t\t\t\t\t\t\t\t\t\t<p class=\"MsoNormal\"><span lang=\"EN-GB\" style=\"font-size:9.0pt;line-height:\n                107%;font-family:&quot;Arial&quot;,sans-serif;color:black;mso-color-alt:windowtext;\n                mso-ansi-language:EN-GB\">Estimated Contract Value</span><span lang=\"EN-GB\" style=\"font-size:9.0pt;\n                line-height:107%;font-family:&quot;Arial&quot;,sans-serif;mso-ansi-language:EN-GB\">\n\t\t\t\t\t\t\t\t\t\t\t\t<o:p></o:p>\n\t\t\t\t\t\t\t\t\t\t\t</span></p>\n\t\t\t\t\t\t\t\t\t</td>\n\t\t\t\t\t\t\t\t\t<td width=\"376\" valign=\"top\" style=\"width:281.9pt;border-top:none;border-left:\n                none;border-bottom:solid #E7E6E6 1.0pt;mso-border-bottom-themecolor:background2;\n                border-right:solid #E7E6E6 1.0pt;mso-border-right-themecolor:background2;\n                mso-border-top-alt:solid #E7E6E6 .5pt;mso-border-top-themecolor:background2;\n                mso-border-left-alt:solid #E7E6E6 .5pt;mso-border-left-themecolor:background2;\n                mso-border-alt:solid #E7E6E6 .5pt;mso-border-themecolor:background2;\n                padding:0cm 5.4pt 0cm 5.4pt;height:20.7pt\">\n\t\t\t\t\t\t\t\t\t\t<p class=\"MsoNormal\"><span lang=\"EN-GB\"\n\t\t\t\t\t\t\t\t\t\t\t\tstyle=\"font-size:9.0pt;line-height:\n                107%;font-family:&quot;Arial&quot;,sans-serif;mso-ansi-language:EN-GB\">@{concat(outputs('Retrieve_sourcing_request_by_id')?['body/transactioncurrencyid/isocurrencycode'],\n\t\t\t\t\t\t\t\t\t\t\t\t' ',\n\t\t\t\t\t\t\t\t\t\t\t\toutputs('Retrieve_sourcing_request_by_id')?['body/aia_initialcostestimation@OData.Community.Display.V1.FormattedValue'],\n\t\t\t\t\t\t\t\t\t\t\t\t' (', 'USD ',\n\t\t\t\t\t\t\t\t\t\t\t\toutputs('Retrieve_sourcing_request_by_id')?['body/aia_initialcostestimationinusd@OData.Community.Display.V1.FormattedValue'],\n\t\t\t\t\t\t\t\t\t\t\t\t')')}<o:p></o:p></span></p>\n\t\t\t\t\t\t\t\t\t</td>\n\t\t\t\t\t\t\t\t</tr>\n\t\t\t\t\t\t\t\t<tr style=\"mso-yfti-irow:5;height:20.7pt;\">\n\t\t\t\t\t\t\t\t\t<td width=\"185\" valign=\"top\" style=\"width:138.55pt;border:solid #E7E6E6 1.0pt;\n                mso-border-themecolor:background2;border-top:none;mso-border-top-alt:solid #E7E6E6 .25pt;\n                mso-border-top-themecolor:background2;mso-border-alt:solid #E7E6E6 .25pt;\n                mso-border-themecolor:background2;mso-border-right-alt:solid #E7E6E6 .5pt;\n                mso-border-right-themecolor:background2;background:#F2F2F2;mso-background-themecolor:\n                background1;mso-background-themeshade:242;padding:0cm 5.4pt 0cm 5.4pt;\n                height:20.7pt\">\n\t\t\t\t\t\t\t\t\t\t<p class=\"MsoNormal\"><span lang=\"EN-GB\" style=\"font-size:9.0pt;line-height:\n                107%;font-family:&quot;Arial&quot;,sans-serif;color:black;mso-color-alt:windowtext;\n                mso-ansi-language:EN-GB\">Sourcing Strategy</span><span lang=\"EN-GB\" style=\"font-size:9.0pt;\n                line-height:107%;font-family:&quot;Arial&quot;,sans-serif;mso-ansi-language:EN-GB\">\n\t\t\t\t\t\t\t\t\t\t\t\t<o:p></o:p>\n\t\t\t\t\t\t\t\t\t\t\t</span></p>\n\t\t\t\t\t\t\t\t\t</td>\n\t\t\t\t\t\t\t\t\t<td width=\"376\" valign=\"top\" style=\"width:281.9pt;border-top:none;border-left:\n                none;border-bottom:solid #E7E6E6 1.0pt;mso-border-bottom-themecolor:background2;\n                border-right:solid #E7E6E6 1.0pt;mso-border-right-themecolor:background2;\n                mso-border-top-alt:solid #E7E6E6 .5pt;mso-border-top-themecolor:background2;\n                mso-border-left-alt:solid #E7E6E6 .5pt;mso-border-left-themecolor:background2;\n                mso-border-alt:solid #E7E6E6 .5pt;mso-border-themecolor:background2;\n                padding:0cm 5.4pt 0cm 5.4pt;height:20.7pt\">\n\t\t\t\t\t\t\t\t\t\t<p class=\"MsoNormal\"><span lang=\"EN-GB\"\n\t\t\t\t\t\t\t\t\t\t\t\tstyle=\"font-size:9.0pt;line-height:\n                107%;font-family:&quot;Arial&quot;,sans-serif;mso-ansi-language:EN-GB\">@{if(equals(outputs('Retrieve_sourcing_request_by_id')?['body/aia_is_competivitively_bid'],1),'Competitive\n\t\t\t\t\t\t\t\t\t\t\t\tBidding','Direct Negotiation')}<o:p></o:p></span></p>\n\t\t\t\t\t\t\t\t\t</td>\n\t\t\t\t\t\t\t\t</tr>\n\t\t\t\t\t\t\t\t<tr style=\"mso-yfti-irow:6;height:20.7pt;\">\n\t\t\t\t\t\t\t\t\t<td width=\"185\" valign=\"top\" style=\"width:138.55pt;border:solid #E7E6E6 1.0pt;\n                mso-border-themecolor:background2;border-top:none;mso-border-top-alt:solid #E7E6E6 .25pt;\n                mso-border-top-themecolor:background2;mso-border-alt:solid #E7E6E6 .25pt;\n                mso-border-themecolor:background2;mso-border-right-alt:solid #E7E6E6 .5pt;\n                mso-border-right-themecolor:background2;background:#F2F2F2;mso-background-themecolor:\n                background1;mso-background-themeshade:242;padding:0cm 5.4pt 0cm 5.4pt;\n                height:20.7pt\">\n\t\t\t\t\t\t\t\t\t\t<p class=\"MsoNormal\"><span lang=\"EN-GB\" style=\"font-size:9.0pt;line-height:\n                107%;font-family:&quot;Arial&quot;,sans-serif;color:black;mso-color-alt:windowtext;\n                mso-ansi-language:EN-GB\">Contract Owner</span><span lang=\"EN-GB\" style=\"font-size:9.0pt;\n                line-height:107%;font-family:&quot;Arial&quot;,sans-serif;mso-ansi-language:EN-GB\">\n\t\t\t\t\t\t\t\t\t\t\t\t<o:p></o:p>\n\t\t\t\t\t\t\t\t\t\t\t</span></p>\n\t\t\t\t\t\t\t\t\t</td>\n\t\t\t\t\t\t\t\t\t<td width=\"376\" valign=\"top\" style=\"width:281.9pt;border-top:none;border-left:\n                none;border-bottom:solid #E7E6E6 1.0pt;mso-border-bottom-themecolor:background2;\n                border-right:solid #E7E6E6 1.0pt;mso-border-right-themecolor:background2;\n                mso-border-top-alt:solid #E7E6E6 .5pt;mso-border-top-themecolor:background2;\n                mso-border-left-alt:solid #E7E6E6 .5pt;mso-border-left-themecolor:background2;\n                mso-border-alt:solid #E7E6E6 .5pt;mso-border-themecolor:background2;\n                padding:0cm 5.4pt 0cm 5.4pt;height:20.7pt\">\n\t\t\t\t\t\t\t\t\t\t<p class=\"MsoNormal\"><span lang=\"EN-GB\"\n\t\t\t\t\t\t\t\t\t\t\t\tstyle=\"font-size:9.0pt;line-height:\n                107%;font-family:&quot;Arial&quot;,sans-serif;mso-ansi-language:EN-GB\">@{outputs('Retrieve_sourcing_request_by_id')?['body/_aia_contractowner_value@OData.Community.Display.V1.FormattedValue']}\n\t\t\t\t\t\t\t\t\t\t\t\t<o:p></o:p>\n\t\t\t\t\t\t\t\t\t\t\t</span></p>\n\t\t\t\t\t\t\t\t\t</td>\n\t\t\t\t\t\t\t\t</tr>\n\t\t\t\t\t\t\t\t@{variables('Sourcing Representative')}\n\t\t\t\t\t\t\t</tbody>\n\t\t\t\t\t\t</table>\n\t\t\t\t\t</td>\n\t\t\t\t</tr>\n\t\t\t\t<tr>\n\t\t\t\t\t<td>\n\t\t\t\t\t\t<p class=\"MsoNormal\" style=\"margin-bottom:0cm;line-height:normal\"><b\n\t\t\t\t\t\t\t\tstyle=\"mso-bidi-font-weight:normal\"><span lang=\"EN-GB\"\n\t\t\t\t\t\t\t\t\tstyle=\"font-family:&quot;Arial&quot;,sans-serif; color:#D31145;mso-ansi-language:EN-GB\">\n\t\t\t\t\t\t\t\t</span></b></p>\n\t\t\t\t\t</td>\n\t\t\t\t</tr>\n\t\t\t\t<tr>\n\t\t\t\t\t<td>\n\t\t\t\t\t\t<p class=\"MsoNormal\" style=\"margin-bottom:0cm;line-height:normal\"><b\n\t\t\t\t\t\t\t\tstyle=\"mso-bidi-font-weight:normal\"><span lang=\"EN-GB\"\n\t\t\t\t\t\t\t\t\tstyle=\"font-family:&quot;Arial&quot;,sans-serif; color:#D31145;mso-ansi-language:EN-GB\">Description/\n\t\t\t\t\t\t\t\t\tBusiness Need<o:p></o:p>\n\t\t\t\t\t\t\t\t</span></b></p>\n\t\t\t\t\t</td>\n\t\t\t\t</tr>\n\t\t\t\t<tr>\n\t\t\t\t\t<td>\n\t\t\t\t\t\t<p class=\"MsoNormal\" style=\"margin-bottom:0cm;line-height:normal\"><span lang=\"EN-US\"\n\t\t\t\t\t\t\t\tstyle=\"font-size:9.0pt;font-family:&quot;Arial&quot;,sans-serif;\">\n\t\t\t\t\t\t\t</span></p>\n\t\t\t\t\t</td>\n\t\t\t\t</tr>\n\t\t\t\t<tr>\n\t\t\t\t\t<td>\n\t\t\t\t\t\t<table class=\"MsoTableGrid\" border=\"0\" cellspacing=\"0\" cellpadding=\"0\" style=\"border-collapse:collapse;border:none;mso-yfti-tbllook:1184;\n                    mso-padding-alt:0cm 5.4pt 0cm 5.4pt;mso-border-insideh:none;mso-border-insidev:none;width: 100%;\">\n\t\t\t\t\t\t\t<tbody>\n\t\t\t\t\t\t\t\t<tr style=\"mso-yfti-irow:0;mso-yfti-firstrow:yes;mso-yfti-lastrow:yes; height:19.55pt;\">\n\t\t\t\t\t\t\t\t\t<td width=\"561\" valign=\"top\"\n\t\t\t\t\t\t\t\t\t\tstyle=\"width:420.65pt;padding:0cm 5.4pt 0cm 5.4pt; height:19.55pt\">\n\t\t\t\t\t\t\t\t\t\t<p class=\"MsoNormal\" style=\"margin-bottom:0cm;line-height:normal\"><span\n\t\t\t\t\t\t\t\t\t\t\t\tlang=\"EN-US\"\n\t\t\t\t\t\t\t\t\t\t\t\tstyle=\"font-size:9.0pt;font-family:&quot;Arial&quot;,sans-serif\">@{outputs('Retrieve_sourcing_request_by_id')?['body/aia_briefdescription']}\n\t\t\t\t\t\t\t\t\t\t\t\t<o:p></o:p>\n\t\t\t\t\t\t\t\t\t\t\t</span></p>\n\t\t\t\t\t\t\t\t\t</td>\n\t\t\t\t\t\t\t\t</tr>\n\t\t\t\t\t\t\t</tbody>\n\t\t\t\t\t\t</table>\n\t\t\t\t\t</td>\n\t\t\t\t</tr>\n\t\t\t\t<tr>\n\t\t\t\t\t<td>\n\t\t\t\t\t\t<p class=\"MsoNormal\" style=\"margin-bottom:0cm;line-height:normal\"><b\n\t\t\t\t\t\t\t\tstyle=\"mso-bidi-font-weight:normal\"><span lang=\"EN-GB\"\n\t\t\t\t\t\t\t\t\tstyle=\"font-family:&quot;Arial&quot;,sans-serif;color:#D31145;mso-ansi-language:EN-GB\">\n\t\t\t\t\t\t\t\t</span></b></p>\n\t\t\t\t\t</td>\n\t\t\t\t</tr>\n\t\t\t\t@{variables('Comments by Group Sourcing')}\n\t\t\t\t<tr>\n\t\t\t\t\t<td>\n\t\t\t\t\t\t<p class=\"MsoNormal\" style=\"margin-bottom:0cm;line-height:normal\"><span lang=\"EN-GB\"\n\t\t\t\t\t\t\t\tstyle=\"font-family:&quot;Arial&quot;,sans-serif;mso-ansi-language:EN-GB\">\n\t\t\t\t\t\t\t</span></p>\n\t\t\t\t\t</td>\n\t\t\t\t</tr>\n\t\t\t\t<tr>\n\t\t\t\t\t<td>\n\t\t\t\t\t\t<p class=\"MsoNormal\" style=\"margin-bottom:0cm;line-height:normal\"><span lang=\"EN-GB\"\n\t\t\t\t\t\t\t\tstyle=\"font-family:&quot;Arial&quot;,sans-serif;mso-ansi-language:EN-GB\">If you need\n\t\t\t\t\t\t\t\tfurther\n\t\t\t\t\t\t\t\tinformation, please contact <u><a\n\t\t\t\t\t\t\t\t\t\thref=\"mailto:@{outputs('Retrieve_sourcing_request_by_id')?['body/aia_contractowner/internalemailaddress']}\"\n\t\t\t\t\t\t\t\t\t\ttarget=\"_blank\"><span\n\t\t\t\t\t\t\t\t\t\t\tstyle=\"color:#4472C4;mso-themecolor:accent1\">@{outputs('Retrieve_sourcing_request_by_id')?['body/aia_contractowner/internalemailaddress']}</span></a></u>.<span\n\t\t\t\t\t\t\t\t\tstyle=\"mso-spacerun:yes\">&nbsp;&nbsp; </span>\n\t\t\t\t\t\t\t\t<o:p></o:p>\n\t\t\t\t\t\t\t</span></p>\n\t\t\t\t\t</td>\n\t\t\t\t</tr>\n\t\t\t\t<tr>\n\t\t\t\t\t<td>\n\t\t\t\t\t\t<p class=\"MsoNormal\" style=\"margin-top:10.0pt;margin-right:0cm;margin-bottom:\n                12.0pt;margin-left:0cm;line-height:normal\"><span style=\"font-family:&quot;Yu Gothic Light&quot;,sans-serif !msorm;\n                mso-fareast-font-family:宋体 !msorm;mso-bidi-font-family:&quot;Yu Gothic Light&quot; !msorm\"><span\n\t\t\t\t\t\t\t\t\tlang=\"EN-GB\"\n\t\t\t\t\t\t\t\t\tstyle=\"font-family:&quot;Arial&quot;,sans-serif;mso-ansi-language:EN-GB\"></span></span><span\n\t\t\t\t\t\t\t\tstyle=\"font-family:\n                &quot;Yu Gothic Light&quot;,sans-serif !msorm;mso-fareast-font-family:宋体 !msorm;\n                mso-bidi-font-family:&quot;Yu Gothic Light&quot; !msorm\"><span lang=\"EN-GB\"\n\t\t\t\t\t\t\t\t\tstyle=\"font-family:&quot;Arial&quot;,sans-serif;mso-ansi-language:EN-GB\"><span>To\n\t\t\t\t\t\t\t\t\t\tview\n\t\t\t\t\t\t\t\t\t\tthe full request details, please go to&nbsp;</span></span></span><span style=\"font-family:&quot;Yu Gothic Light&quot;,sans-serif !msorm;\n                mso-fareast-font-family:宋体 !msorm;mso-bidi-font-family:&quot;Yu Gothic Light&quot; !msorm\"><u><span\n\t\t\t\t\t\t\t\t\t\tlang=\"EN-GB\" style=\"font-family:&quot;Arial&quot;,sans-serif;color:#4472C4;mso-themecolor:\n                accent1;mso-ansi-language:EN-GB\"><span><a\n\t\t\t\t\t\t\t\t\t\t\t\thref=\"@{body('Retrieve_S2C_Sub_Deeplink_Request_from_configuration_table')?['result']}@{outputs('Retrieve_sourcing_request_by_id')?['body/aia_s2c_sourcingrequestid']}\"\n\t\t\t\t\t\t\t\t\t\t\t\ttarget=\"_blank\" title=\"SODA_Url\"><span\n\t\t\t\t\t\t\t\t\t\t\t\t\tstyle=\"color:#4472C4;mso-themecolor:accent1\">SODA</span></a></span></span></u></span><span\n\t\t\t\t\t\t\t\tstyle=\"font-family:&quot;Yu Gothic Light&quot;,sans-serif !msorm;mso-fareast-font-family:\n                宋体 !msorm;mso-bidi-font-family:&quot;Yu Gothic Light&quot; !msorm\"><span lang=\"EN-GB\"\n\t\t\t\t\t\t\t\t\tstyle=\"font-family:&quot;Arial&quot;,sans-serif;mso-ansi-language:EN-GB\"><span>.\n\t\t\t\t\t\t\t\t\t\tThank\n\t\t\t\t\t\t\t\t\t\tyou for your attention. </span></span></span><span lang=\"EN-GB\"\n\t\t\t\t\t\t\t\tstyle=\"font-family:&quot;Arial&quot;,sans-serif;mso-ansi-language:EN-GB\">\n\t\t\t\t\t\t\t\t<o:p></o:p>\n\t\t\t\t\t\t\t</span></p>\n\t\t\t\t\t</td>\n\t\t\t\t</tr>\n\t\t\t\t<tr>\n\t\t\t\t\t<td>\n\t\t\t\t\t\t<p class=\"MsoNormal\" style=\"margin-top:10.0pt;margin-right:0cm;margin-bottom:\n                    12.0pt;margin-left:0cm;line-height:normal\"><span lang=\"EN-GB\" style=\"font-family:\n                    &quot;Arial&quot;,sans-serif;mso-ansi-language:EN-GB\">\n\t\t\t\t\t\t\t</span></p>\n\t\t\t\t\t</td>\n\t\t\t\t</tr>\n\t\t\t\t<tr>\n\t\t\t\t\t<td>\n\t\t\t\t\t\t<p class=MsoNormal align=center><i style=\"mso-bidi-font-style:normal\"><span style=\"mso-spacerun:'yes';font-family:Arial;mso-fareast-font-family:Calibri;\n                    color:rgb(127,127,127);mso-ansi-font-style:italic;font-size:8.0000pt;\">This is a system-generated\n\t\t\t\t\t\t\t\t\temail.</span><span style=\"mso-spacerun:'yes';font-family:Calibri;mso-bidi-font-family:'Times New Roman';\n                    font-size:11.0000pt;\">\n\t\t\t\t\t\t\t\t\t<o:p></o:p>\n\t\t\t\t\t\t\t\t</span></i></p>\n\t\t\t\t\t</td>\n\t\t\t\t</tr>\n\t\t\t</table>\n\t\t</div>\n\t\t<!--EndFragment-->\n\t</body>\n\n</html>\n"
              }
            },
            "Retrieve_supplier_by_sourcing_request_id": {
              "runAfter": {
                "If_sourcing_representative_is_null_or_not": [
                  "Succeeded"
                ]
              },
              "metadata": {
                "operationMetadataId": "6fc53b06-1476-4582-bd41-35d66e67cb64"
              },
              "type": "OpenApiConnection",
              "inputs": {
                "host": {
                  "connectionName": "shared_commondataserviceforapps",
                  "operationId": "ListRecords",
                  "apiId": "/providers/Microsoft.PowerApps/apis/shared_commondataserviceforapps"
                },
                "parameters": {
                  "entityName": "aia_s2csuppliers",
                  "fetchXml": "<fetch>\n  <entity name=\"aia_s2csupplier\">\n<attribute name=\"aia_name\" />\n    <attribute name=\"aia_sourcingrequest\" />\n    <filter>\n      <condition attribute=\"aia_sourcingrequest\" operator=\"eq\" value=\"@{outputs('Retrieve_sourcing_request_by_id')?['body/aia_s2c_sourcingrequestid']}\" />\n      <condition attribute=\"statuscode\" operator=\"eq\" value=\"1\" />\n    </filter>\n  </entity>\n</fetch>"
                },
                "authentication": {
                  "type": "Raw",
                  "value": "@json(decodeBase64(triggerOutputs().headers['X-MS-APIM-Tokens']))['$ConnectionKey']"
                }
              }
            },
            "Apply_all_supplier_name": {
              "foreach": "@outputs('Retrieve_supplier_by_sourcing_request_id')?['body/value']",
              "actions": {
                "Append_supplier_name_to_supplier_name_list": {
                  "runAfter": {},
                  "metadata": {
                    "operationMetadataId": "63a1e170-f803-4880-b30d-7dfc8d5036ce"
                  },
                  "type": "AppendToArrayVariable",
                  "inputs": {
                    "name": "SupplierNames",
                    "value": "@if(empty(items('Apply_all_supplier_name')?['aia_name']),'',items('Apply_all_supplier_name')?['aia_name'])"
                  }
                }
              },
              "runAfter": {
                "Retrieve_supplier_by_sourcing_request_id": [
                  "Succeeded"
                ]
              },
              "metadata": {
                "operationMetadataId": "a77979f0-1473-4d3c-b67e-92f6e9dce4fc"
              },
              "type": "Foreach"
            },
            "Retrieve_S2C_Sub_Deeplink_Request_from_configuration_table": {
              "runAfter": {
                "Apply_all_supplier_name": [
                  "Succeeded"
                ]
              },
              "metadata": {
                "operationMetadataId": "ae678f63-4caf-4ee5-8f3e-b48a70565957"
              },
              "type": "Workflow",
              "inputs": {
                "host": {
                  "workflowReferenceName": "cb8c7cef-6161-ec11-8f8f-000d3a80eca3"
                },
                "body": {
                  "text": "S2C_Sub_Deeplink_Request"
                }
              }
            },
            "If_sourcing_representative_is_null_or_not": {
              "actions": {
                "Append_representative_email_to_variable_CCUsers": {
                  "runAfter": {},
                  "metadata": {
                    "operationMetadataId": "22d654b9-417d-44d9-80ba-f891b260e143"
                  },
                  "type": "AppendToArrayVariable",
                  "inputs": {
                    "name": "CCUsers",
                    "value": "@outputs('Retrieve_sourcing_request_by_id')?['body/aia_sourcingrepresentative/internalemailaddress']"
                  }
                }
              },
              "runAfter": {
                "If_requestor_is_null_or_not": [
                  "Succeeded"
                ]
              },
              "expression": {
                "equals": [
                  "@not(empty(outputs('Retrieve_sourcing_request_by_id')?['body/_aia_sourcingrepresentative_value']))",
                  true
                ]
              },
              "metadata": {
                "operationMetadataId": "0bf790e5-2a49-4a80-9bfa-34f4f554eef0"
              },
              "type": "If"
            },
            "If_immediate_supervisor_is_null_or_not": {
              "actions": {
                "Append_immediate_supervisor_email_to_variable_ToUsers": {
                  "runAfter": {},
                  "metadata": {
                    "operationMetadataId": "c10ed482-ba5c-4505-972f-e7f0607109e7"
                  },
                  "type": "AppendToArrayVariable",
                  "inputs": {
                    "name": "ToUsers",
                    "value": "@first(outputs('Retrieve_immediate_supervisor_by_contract_owner_id')?['body/value'])?['user.internalemailaddress']"
                  }
                }
              },
              "runAfter": {
                "Retrieve_immediate_supervisor_by_contract_owner_id": [
                  "Succeeded"
                ]
              },
              "expression": {
                "and": [
                  {
                    "greater": [
                      "@length(outputs('Retrieve_immediate_supervisor_by_contract_owner_id')?['body/value'])",
                      0
                    ]
                  },
                  {
                    "equals": [
                      "@not(empty(first(outputs('Retrieve_immediate_supervisor_by_contract_owner_id')?['body/value'])?['_aia_immediate_supervisor_value']))",
                      true
                    ]
                  }
                ]
              },
              "metadata": {
                "operationMetadataId": "65a8097a-7032-41da-acea-db91062bb397"
              },
              "type": "If"
            },
            "If_contract_owner_is_null_or_not": {
              "actions": {
                "Append_contract_owner_email_to_variable_CCUsers": {
                  "runAfter": {},
                  "metadata": {
                    "operationMetadataId": "47e6fb61-8239-4ce8-9a90-2659b8468db1"
                  },
                  "type": "AppendToArrayVariable",
                  "inputs": {
                    "name": "CCUsers",
                    "value": "@outputs('Retrieve_sourcing_request_by_id')?['body/aia_contractowner/internalemailaddress']"
                  }
                }
              },
              "runAfter": {
                "If_immediate_supervisor_is_null_or_not": [
                  "Succeeded"
                ]
              },
              "expression": {
                "equals": [
                  "@not(empty(outputs('Retrieve_sourcing_request_by_id')?['body/_aia_contractowner_value']))",
                  true
                ]
              },
              "metadata": {
                "operationMetadataId": "0e4db1db-f39b-44dd-af91-86d5c3561cd5"
              },
              "type": "If"
            },
            "If_requestor_is_null_or_not": {
              "actions": {
                "Append_requestor_email_to_variable_CCUsers": {
                  "runAfter": {},
                  "metadata": {
                    "operationMetadataId": "ac848adc-d505-4ff3-9319-1d97b452964f"
                  },
                  "type": "AppendToArrayVariable",
                  "inputs": {
                    "name": "CCUsers",
                    "value": "@outputs('Retrieve_sourcing_request_by_id')?['body/aia_requestor/internalemailaddress']"
                  }
                }
              },
              "runAfter": {
                "If_contract_owner_is_null_or_not": [
                  "Succeeded"
                ]
              },
              "expression": {
                "equals": [
                  "@not(empty(outputs('Retrieve_sourcing_request_by_id')?['body/_aia_requestor_value']))",
                  true
                ]
              },
              "metadata": {
                "operationMetadataId": "6cd38d77-d9a9-4e5f-8fda-6d98f2e883d6"
              },
              "type": "If"
            },
            "S2C_Group_Sourcing_Email_Address": {
              "runAfter": {
                "Retrieve_S2C_Sub_Deeplink_Request_from_configuration_table": [
                  "Succeeded"
                ]
              },
              "metadata": {
                "operationMetadataId": "3f85489f-56fc-4e7d-a479-982e7017ee1e"
              },
              "type": "Workflow",
              "inputs": {
                "host": {
                  "workflowReferenceName": "cb8c7cef-6161-ec11-8f8f-000d3a80eca3"
                },
                "body": {
                  "text": "S2C_Group_Sourcing_Email_Address"
                }
              }
            },
            "if_gs_support_is_not_null": {
              "actions": {
                "Set_Comments_by_Group_Sourcing": {
                  "runAfter": {},
                  "metadata": {
                    "operationMetadataId": "e915a56d-e2b4-455f-8c6b-6c0af0157fa8"
                  },
                  "type": "SetVariable",
                  "inputs": {
                    "name": "Comments by Group Sourcing",
                    "value": "<tr>\n\t\t\t\t\t<td>\n\t\t\t\t\t\t<p class=\"MsoNormal\" style=\"margin-bottom:0cm;line-height:normal\"><b\n\t\t\t\t\t\t\t\tstyle=\"mso-bidi-font-weight:normal\"><span lang=\"EN-GB\"\n\t\t\t\t\t\t\t\t\tstyle=\"font-family:&quot;Arial&quot;,sans-serif; color:#D31145;mso-ansi-language:EN-GB\">Comments\n\t\t\t\t\t\t\t\t\tby Group Sourcing<o:p></o:p>\n\t\t\t\t\t\t\t\t</span></b></p>\n\t\t\t\t\t</td>\n\t\t\t\t</tr>\n\t\t\t\t<tr>\n\t\t\t\t\t<td>\n\t\t\t\t\t\t<p class=\"MsoNormal\" style=\"margin-bottom:0cm;line-height:normal\"><b\n\t\t\t\t\t\t\t\tstyle=\"mso-bidi-font-weight:normal\"><span lang=\"EN-GB\"\n\t\t\t\t\t\t\t\t\tstyle=\"font-family:&quot;Arial&quot;,sans-serif; color:#D31145;mso-ansi-language:EN-GB\">\n\t\t\t\t\t\t\t\t</span></b></p>\n\t\t\t\t\t</td>\n\t\t\t\t</tr>\n\t\t\t\t<tr>\n\t\t\t\t\t<td>\n\t\t\t\t\t\t<table class=\"MsoTableGrid\" border=\"0\" cellspacing=\"0\" cellpadding=\"0\"\n\t\t\t\t\t\t\tstyle=\"border-collapse:collapse;border:none;mso-yfti-tbllook:1184;\n                            mso-padding-alt:0cm 5.4pt 0cm 5.4pt;mso-border-insideh:none;mso-border-insidev:none;width: 100%;\">\n\t\t\t\t\t\t\t<tbody>\n\t\t\t\t\t\t\t\t<tr style=\"mso-yfti-irow:0;mso-yfti-firstrow:yes;\">\n\t\t\t\t\t\t\t\t\t<td width=\"145\" valign=\"top\" style=\"width:108.85pt;padding:0cm 5.4pt 0cm 5.4pt\">\n\t\t\t\t\t\t\t\t\t\t<p class=\"MsoNormal\" style=\"margin-bottom:0cm;line-height:normal\"><span\n\t\t\t\t\t\t\t\t\t\t\t\tlang=\"EN-GB\"\n\t\t\t\t\t\t\t\t\t\t\t\tstyle=\"font-size:9.0pt;font-family:&quot;Arial&quot;,sans-serif;\n                                            color:#595959;mso-themecolor:text1;mso-themetint:166;mso-ansi-language:EN-GB\">\n\t\t\t\t\t\t\t\t\t\t\t</span></p>\n\t\t\t\t\t\t\t\t\t</td>\n\t\t\t\t\t\t\t\t\t<td width=\"145\" valign=\"top\" style=\"width:108.75pt;padding:0cm 5.4pt 0cm 5.4pt\">\n\t\t\t\t\t\t\t\t\t\t<p class=\"MsoNormal\" align=\"center\" style=\"margin-bottom:0cm;text-align:center;\n                line-height:normal\"><span lang=\"EN-GB\" style=\"font-size:9.0pt;font-family:\n                &quot;Arial&quot;,sans-serif;color:#595959;mso-themecolor:text1;mso-themetint:166;\n                mso-ansi-language:EN-GB\">\n\t\t\t\t\t\t\t\t\t\t\t</span></p>\n\t\t\t\t\t\t\t\t\t</td>\n\t\t\t\t\t\t\t\t\t<td width=\"144\" valign=\"top\" style=\"width:108.25pt;padding:0cm 5.4pt 0cm 5.4pt\">\n\t\t\t\t\t\t\t\t\t\t<p class=\"MsoNormal\" align=\"center\" style=\"margin-bottom:0cm;text-align:center;\n                line-height:normal\"><span lang=\"EN-GB\" style=\"font-size:9.0pt;font-family:\n                &quot;Arial&quot;,sans-serif;color:#595959;mso-themecolor:text1;mso-themetint:166;\n                mso-ansi-language:EN-GB\">\n\t\t\t\t\t\t\t\t\t\t\t</span></p>\n\t\t\t\t\t\t\t\t\t</td>\n\t\t\t\t\t\t\t\t\t<td width=\"127\" valign=\"top\" style=\"width:95.1pt;padding:0cm 5.4pt 0cm 5.4pt\">\n\t\t\t\t\t\t\t\t\t\t<p class=\"MsoNormal\" align=\"center\" style=\"margin-bottom:0cm;text-align:center;\n                line-height:normal\"><span lang=\"EN-GB\" style=\"font-size:9.0pt;font-family:\n                &quot;Arial&quot;,sans-serif;color:#595959;mso-themecolor:text1;mso-themetint:166;\n                mso-ansi-language:EN-GB\">\n\t\t\t\t\t\t\t\t\t\t\t</span></p>\n\t\t\t\t\t\t\t\t\t</td>\n\t\t\t\t\t\t\t\t</tr>\n\t\t\t\t\t\t\t\t<tr style=\"mso-yfti-irow:1;mso-yfti-lastrow:yes;height:19.55pt;\">\n\t\t\t\t\t\t\t\t\t<td width=\"561\" colspan=\"4\" valign=\"top\" style=\"width:420.95pt;padding:0cm 5.4pt 0cm 5.4pt;\n                height:19.55pt\">\n\t\t\t\t\t\t\t\t\t\t<p class=\"MsoNormal\" style=\"margin-bottom:0cm;line-height:normal;tab-stops:\n                36.0pt\"><span lang=\"EN-US\" style=\"font-size:9.0pt;font-family:&quot;Arial&quot;,sans-serif\">@{outputs('Retrieve_sourcing_request_by_id')?['body/aia_sourcing_cover_notes_plain_text']}\n\t\t\t\t\t\t\t\t\t\t\t\t<o:p></o:p>\n\t\t\t\t\t\t\t\t\t\t\t</span></p>\n\t\t\t\t\t\t\t\t\t\t<p class=\"MsoNormal\" style=\"margin-bottom:0cm;line-height:normal;tab-stops:\n                36.0pt\"><span lang=\"EN-US\" style=\"font-size:9.0pt;font-family:&quot;Arial&quot;,sans-serif\">\n\t\t\t\t\t\t\t\t\t\t\t</span></p>\n\t\t\t\t\t\t\t\t\t</td>\n\t\t\t\t\t\t\t\t</tr>\n\t\t\t\t\t\t\t</tbody>\n\t\t\t\t\t\t</table>\n\t\t\t\t\t</td>\n\t\t\t\t</tr>\n\t\t\t\t"
                  }
                },
                "Set_Sourcing_Representative": {
                  "runAfter": {
                    "Set_Comments_by_Group_Sourcing": [
                      "Succeeded"
                    ]
                  },
                  "metadata": {
                    "operationMetadataId": "58b59a97-650a-410f-8072-316f5faf2bf3"
                  },
                  "type": "SetVariable",
                  "inputs": {
                    "name": "Sourcing Representative",
                    "value": "<tr style=\"mso-yfti-irow:7;mso-yfti-lastrow:yes;height:20.7pt;\">\n\t\t\t\t\t\t\t\t\t<td width=\"185\" valign=\"top\" style=\"width:138.55pt;border:solid #E7E6E6 1.0pt;\n                mso-border-themecolor:background2;border-top:none;mso-border-top-alt:solid #E7E6E6 .25pt;\n                mso-border-top-themecolor:background2;mso-border-alt:solid #E7E6E6 .25pt;\n                mso-border-themecolor:background2;mso-border-right-alt:solid #E7E6E6 .5pt;\n                mso-border-right-themecolor:background2;background:#F2F2F2;mso-background-themecolor:\n                background1;mso-background-themeshade:242;padding:0cm 5.4pt 0cm 5.4pt;\n                height:20.7pt\">\n\t\t\t\t\t\t\t\t\t\t<p class=\"MsoNormal\"><span lang=\"EN-GB\" style=\"font-size:9.0pt;line-height:\n                107%;font-family:&quot;Arial&quot;,sans-serif;color:black;mso-color-alt:windowtext;\n                mso-ansi-language:EN-GB\">Sourcing Representative</span><span lang=\"EN-GB\" style=\"font-size:9.0pt;\n                line-height:107%;font-family:&quot;Arial&quot;,sans-serif;mso-ansi-language:EN-GB\">\n\t\t\t\t\t\t\t\t\t\t\t\t<o:p></o:p>\n\t\t\t\t\t\t\t\t\t\t\t</span></p>\n\t\t\t\t\t\t\t\t\t</td>\n\t\t\t\t\t\t\t\t\t<td width=\"376\" valign=\"top\" style=\"width:281.9pt;border-top:none;border-left:\n                none;border-bottom:solid #E7E6E6 1.0pt;mso-border-bottom-themecolor:background2;\n                border-right:solid #E7E6E6 1.0pt;mso-border-right-themecolor:background2;\n                mso-border-top-alt:solid #E7E6E6 .5pt;mso-border-top-themecolor:background2;\n                mso-border-left-alt:solid #E7E6E6 .5pt;mso-border-left-themecolor:background2;\n                mso-border-alt:solid #E7E6E6 .5pt;mso-border-themecolor:background2;\n                padding:0cm 5.4pt 0cm 5.4pt;height:20.7pt\">\n\t\t\t\t\t\t\t\t\t\t<p class=\"MsoNormal\"><span lang=\"EN-GB\"\n\t\t\t\t\t\t\t\t\t\t\t\tstyle=\"font-size:9.0pt;line-height:\n                107%;font-family:&quot;Arial&quot;,sans-serif;mso-ansi-language:EN-GB\">@{outputs('Retrieve_sourcing_request_by_id')?['body/_aia_sourcingrepresentative_value@OData.Community.Display.V1.FormattedValue']}\n\t\t\t\t\t\t\t\t\t\t\t\t<o:p></o:p>\n\t\t\t\t\t\t\t\t\t\t\t</span></p>\n\t\t\t\t\t\t\t\t\t</td>\n\t\t\t\t\t\t\t\t</tr>"
                  }
                }
              },
              "runAfter": {
                "S2C_Group_Sourcing_Email_Address": [
                  "Succeeded"
                ]
              },
              "expression": {
                "and": [
                  {
                    "not": {
                      "equals": [
                        "@equals(outputs('Retrieve_sourcing_request_by_id')?['body/aia_gssupport'],null)",
                        true
                      ]
                    }
                  },
                  {
                    "not": {
                      "equals": [
                        "@outputs('Retrieve_sourcing_request_by_id')?['body/aia_gssupport']",
                        914710003
                      ]
                    }
                  }
                ]
              },
              "metadata": {
                "operationMetadataId": "3e468a09-5b0a-4bc3-af04-5c6107df347c"
              },
              "type": "If"
            }
          },
          "runAfter": {
            "Sourcing_Representative": [
              "Succeeded"
            ]
          },
          "expression": {
            "equals": [
              "@outputs('Retrieve_sourcing_request_by_id')?['body/aia_requeststatus']",
              914710003
            ]
          },
          "metadata": {
            "operationMetadataId": "54dee2e5-40d0-41e1-809b-50763a3777bd"
          },
          "type": "If"
        },
        "Email_context": {
          "runAfter": {
            "Supplier_name_list": [
              "Succeeded"
            ]
          },
          "metadata": {
            "operationMetadataId": "256a9c7b-17b5-4565-9370-773003717356"
          },
          "type": "InitializeVariable",
          "inputs": {
            "variables": [
              {
                "name": "EmailContext",
                "type": "string"
              }
            ]
          }
        },
        "Respond_to_a_PowerApp_or_flow": {
          "runAfter": {
            "If_request_status_is_equal_to_completed_or_not": [
              "Succeeded"
            ]
          },
          "metadata": {
            "operationMetadataId": "3c970550-f489-416a-a831-f6113869ace8"
          },
          "type": "Response",
          "kind": "PowerApp",
          "inputs": {
            "statusCode": 200,
            "body": {
              "result": "success"
            },
            "schema": {
              "type": "object",
              "properties": {
                "result": {
                  "title": "Result",
                  "x-ms-dynamically-added": true,
                  "type": "string"
                }
              }
            }
          }
        },
        "Supplier_name_list": {
          "runAfter": {
            "CC_user_list": [
              "Succeeded"
            ]
          },
          "metadata": {
            "operationMetadataId": "69c0c720-fda9-444d-a557-e247395333a8"
          },
          "type": "InitializeVariable",
          "inputs": {
            "variables": [
              {
                "name": "SupplierNames",
                "type": "array"
              }
            ]
          }
        },
        "Comments_by_Group_Sourcing": {
          "runAfter": {
            "Email_context": [
              "Succeeded"
            ]
          },
          "metadata": {
            "operationMetadataId": "2da74ea2-b441-4cd2-be70-c4576a0171bb"
          },
          "type": "InitializeVariable",
          "inputs": {
            "variables": [
              {
                "name": "Comments by Group Sourcing",
                "type": "string"
              }
            ]
          }
        },
        "Sourcing_Representative": {
          "runAfter": {
            "Comments_by_Group_Sourcing": [
              "Succeeded"
            ]
          },
          "metadata": {
            "operationMetadataId": "ce8bbecb-7c7e-41e0-a505-1c9d6a99ab50"
          },
          "type": "InitializeVariable",
          "inputs": {
            "variables": [
              {
                "name": "Sourcing Representative",
                "type": "string"
              }
            ]
          }
        }
      }
    },
    "templateName": ""
  },
  "schemaVersion": "1.0.0.0"
}