{
  "properties": {
    "connectionReferences": {
      "shared_office365": {
        "runtimeSource": "embedded",
        "connection": {
          "connectionReferenceLogicalName": "aia_sharedoffice365_705f6"
        },
        "api": {
          "name": "shared_office365"
        }
      },
      "shared_commondataserviceforapps_1": {
        "runtimeSource": "embedded",
        "connection": {
          "connectionReferenceLogicalName": "aia_sharedcommondataserviceforapps_1c6db"
        },
        "api": {
          "name": "shared_commondataserviceforapps"
        }
      },
      "shared_commondataserviceforapps": {
        "runtimeSource": "embedded",
        "connection": {
          "connectionReferenceLogicalName": "aia_sharedcommondataserviceforapps_dba9d"
        },
        "api": {
          "name": "shared_commondataserviceforapps"
        }
      }
    },
    "definition": {
      "$schema": "https://schema.management.azure.com/providers/Microsoft.Logic/schemas/2016-06-01/workflowdefinition.json#",
      "contentVersion": "1.0.0.0",
      "parameters": {
        "$connections": {
          "defaultValue": {},
          "type": "Object"
        },
        "$authentication": {
          "defaultValue": {},
          "type": "SecureObject"
        }
      },
      "triggers": {
        "When_a_row_is_added,_modified_or_deleted": {
          "metadata": {
            "operationMetadataId": "250598b7-47fe-4887-993d-581a258c3ea4"
          },
          "type": "OpenApiConnectionWebhook",
          "inputs": {
            "host": {
              "connectionName": "shared_commondataserviceforapps",
              "operationId": "SubscribeWebhookTrigger",
              "apiId": "/providers/Microsoft.PowerApps/apis/shared_commondataserviceforapps"
            },
            "parameters": {
              "subscriptionRequest/message": 4,
              "subscriptionRequest/entityname": "aia_s2c_sourcingrequest",
              "subscriptionRequest/scope": 4,
              "subscriptionRequest/filteringattributes": "aia_require_group_tax",
              "subscriptionRequest/filterexpression": "aia_require_group_tax eq true"
            },
            "authentication": "@parameters('$authentication')"
          }
        }
      },
      "actions": {
        "Condition": {
          "actions": {
            "Send_an_email_(V2)": {
              "runAfter": {
                "S2C_Sub_Deeplink_Request": [
                  "Succeeded"
                ]
              },
              "metadata": {
                "operationMetadataId": "759ce919-e493-4e6c-bef5-15e34bf680b0"
              },
              "type": "OpenApiConnection",
              "inputs": {
                "host": {
                  "connectionName": "shared_office365",
                  "operationId": "SendEmailV2",
                  "apiId": "/providers/Microsoft.PowerApps/apis/shared_office365"
                },
                "parameters": {
                  "emailMessage/To": "@join(union(variables('SendEmailAdress'), variables('SendEmailAdress')), ';')",
                  "emailMessage/Subject": "Group Tax Involvement Is Required - @{first(body('Find_Sourcing_Request')?['value'])?['aia_name']} @{first(body('Find_Sourcing_Request')?['value'])?['aia_requesttitle']}",
                  "emailMessage/Body": "<html xmlns:o=\"urn:schemas-microsoft-com:office:office\" xmlns:w=\"urn:schemas-microsoft-com:office:word\"\n    xmlns:dt=\"uuid:C2F41010-65B3-11d1-A29F-00AA00C14882\" xmlns=\"http://www.w3.org/TR/REC-html40\">\n\n<head>\n    <meta http-equiv=Content-Type content=\"text/html; charset=gb2312\">\n    <meta name=ProgId content=Word.Document>\n    <meta name=Generator content=\"Microsoft Word 14\">\n    <meta name=Originator content=\"Microsoft Word 14\">\n    <title></title>\n    <style>\n        @font-face {\n            font-family: \"Times New Roman\";\n        }\n\n        @font-face {\n            font-family: \"宋体\";\n        }\n\n        @font-face {\n            font-family: \"Calibri\";\n        }\n\n        @font-face {\n            font-family: \"Wingdings\";\n        }\n\n        @font-face {\n            font-family: \"Arial\";\n        }\n\n        p.MsoNormal {\n            mso-style-name: 正文;\n            mso-style-parent: \"\";\n            margin-bottom: 8.0000pt;\n            line-height: 107%;\n            font-family: Calibri;\n            mso-bidi-font-family: 'Times New Roman';\n            font-size: 11.0000pt;\n        }\n\n        span.10 {\n            font-family: Calibri;\n        }\n\n        span.15 {\n            font-family: Calibri;\n            font-size: 8.0000pt;\n        }\n\n        span.16 {\n            font-family: Calibri;\n            color: rgb(43, 87, 154);\n            background: rgb(230, 230, 230);\n            mso-shading: rgb(230, 230, 230);\n        }\n\n        p.MsoCommentText {\n            mso-style-name: 批注文字;\n            mso-style-noshow: yes;\n            margin-bottom: 8.0000pt;\n            font-family: Calibri;\n            mso-bidi-font-family: 'Times New Roman';\n            font-size: 10.0000pt;\n        }\n\n        span.msoIns {\n            mso-style-type: export-only;\n            mso-style-name: \"\";\n            text-decoration: underline;\n            text-underline: single;\n            color: blue;\n        }\n\n        span.msoDel {\n            mso-style-type: export-only;\n            mso-style-name: \"\";\n            text-decoration: line-through;\n            color: red;\n        }\n\n        table.MsoNormalTable {\n            mso-style-name: 普通表格;\n            mso-style-parent: \"\";\n            mso-style-noshow: yes;\n            mso-tstyle-rowband-size: 0;\n            mso-tstyle-colband-size: 0;\n            mso-padding-alt: 0.0000pt 5.4000pt 0.0000pt 5.4000pt;\n            mso-para-margin: 0pt;\n            mso-para-margin-bottom: .0001pt;\n            mso-pagination: widow-orphan;\n            font-family: 'Times New Roman';\n            font-size: 10.0000pt;\n            mso-ansi-language: #0400;\n            mso-fareast-language: #0400;\n            mso-bidi-language: #0400;\n        }\n\n        table.MsoTableGrid {\n            mso-style-name: 网格型;\n            mso-tstyle-rowband-size: 0;\n            mso-tstyle-colband-size: 0;\n            mso-padding-alt: 0.0000pt 5.4000pt 0.0000pt 5.4000pt;\n            mso-border-top-alt: 0.5000pt solid windowtext;\n            mso-border-left-alt: 0.5000pt solid windowtext;\n            mso-border-bottom-alt: 0.5000pt solid windowtext;\n            mso-border-right-alt: 0.5000pt solid windowtext;\n            mso-border-insideh: 0.5000pt solid windowtext;\n            mso-border-insidev: 0.5000pt solid windowtext;\n            mso-para-margin: 0pt;\n            mso-para-margin-bottom: .0001pt;\n            mso-pagination: widow-orphan;\n            font-family: 'Times New Roman';\n            font-size: 10.0000pt;\n            mso-ansi-language: #0400;\n            mso-fareast-language: #0400;\n            mso-bidi-language: #0400;\n        }\n\n        @page {\n            mso-page-border-surround-header: no;\n            mso-page-border-surround-footer: no;\n        }\n\n        @page Section0 {\n            margin-top: 72.0000pt;\n            margin-bottom: 72.0000pt;\n            margin-left: 90.0000pt;\n            margin-right: 90.0000pt;\n            size: 595.3000pt 841.9000pt;\n            layout-grid: 15.6000pt;\n            mso-header-margin: 42.5500pt;\n            mso-footer-margin: 49.6000pt;\n        }\n\n        div.Section0 {\n            page: Section0;\n        }\n    </style>\n</head>\n\n<body style=\"tab-interval:21pt;text-justify-trim:punctuation;\"><!--StartFragment-->\n    <div class=\"Section0\" style=\"layout-grid:15.6000pt;\">\n        <table style=\"width:700\">\n            <tr><td><p class=MsoNormal style=\"margin-bottom:0.0000pt;\"><span style=\"mso-spacerun:'yes';font-family:Arial;mso-fareast-font-family:Calibri;\n                font-size:11.0000pt;\">Hi @{body('AIA_|_S2C_Public._Get_Given_Name')?['givennames']}</span><span style=\"mso-spacerun:'yes';font-family:Arial;mso-fareast-font-family:Calibri;\n                font-size:11.0000pt;\">&nbsp;</span><span style=\"mso-spacerun:'yes';font-family:Arial;mso-fareast-font-family:Calibri;\n                font-size:11.0000pt;\">,</span><span style=\"mso-spacerun:'yes';font-family:Arial;mso-fareast-font-family:Calibri;\n                font-size:11.0000pt;\">\n                            <o:p></o:p>\n                        </span></p></td></tr>\n            <tr><td><p class=MsoNormal style=\"margin-bottom:0.0000pt;\"><span style=\"mso-spacerun:'yes';font-family:Arial;mso-fareast-font-family:Calibri;\n                font-size:11.0000pt;\">\n                            <o:p>&nbsp;</o:p>\n                        </span></p></td></tr>\n            <tr><td><p class=MsoNormal><span style=\"mso-spacerun:'yes';font-family:Arial;mso-fareast-font-family:Calibri;\n                font-size:11.0000pt;\">The below request may require structuring to minimise tax cost worth at least USD 50k,\n                            therefore, please contact </span><a\n                            href=\"mailto:@{body('S2C_Group_Tax_Email_Address')?['result']}\"><u><span style=\"mso-spacerun:'yes';font-family:Arial;mso-fareast-font-family:Calibri;\n                color:rgb(91,155,213);text-decoration:underline;text-underline:single;\n                font-size:11.0000pt;\">Group Tax</span></u></a><span style=\"mso-spacerun:'yes';font-family:Arial;mso-fareast-font-family:Calibri;\n                font-size:11.0000pt;\">&nbsp;as soon as possible. Your request may be halted during ROA approval if Group Tax advice\n                            was not appropriately sought. </span><span style=\"mso-spacerun:'yes';font-family:Calibri;mso-bidi-font-family:'Times New Roman';\n                font-size:11.0000pt;\">\n                            <o:p></o:p>\n                        </span></p></td></tr>\n            <tr><td><p class=MsoNormal style=\"margin-bottom:0.0000pt;\"><b style=\"mso-bidi-font-weight:normal\"><span style=\"mso-spacerun:'yes';font-family:Arial;mso-fareast-font-family:Calibri;\n                color:rgb(211,17,69);mso-ansi-font-weight:bold;font-size:11.0000pt;\">ROA Summary </span></b><b\n                            style=\"mso-bidi-font-weight:normal\"><span style=\"mso-spacerun:'yes';font-family:Arial;mso-fareast-font-family:Calibri;\n                color:rgb(211,17,69);mso-ansi-font-weight:bold;font-size:11.0000pt;\">\n                                <o:p></o:p>\n                            </span></b></p></td></tr>\n            <tr><td><p class=MsoNormal style=\"margin-bottom:0.0000pt;\"><b style=\"mso-bidi-font-weight:normal\"><span style=\"mso-spacerun:'yes';font-family:Arial;mso-fareast-font-family:Calibri;\n                color:rgb(211,17,69);mso-ansi-font-weight:bold;font-size:11.0000pt;\">\n                                <o:p>&nbsp;</o:p>\n                            </span></b></p></td></tr>\n            <tr><td><table class=MsoNormalTable border=1 cellspacing=0\n                style=\"border-collapse:collapse;border:none;mso-border-left-alt:0.5000pt solid windowtext;\n        mso-border-top-alt:0.5000pt solid windowtext;mso-border-right-alt:0.5000pt solid windowtext;mso-border-bottom-alt:0.5000pt solid windowtext;\n        mso-border-insideh:0.5000pt solid windowtext;mso-border-insidev:0.5000pt solid windowtext;mso-padding-alt:0.0000pt 5.4000pt 0.0000pt 5.4000pt ; width: 100%;\">\n                <tr style=\"height:20.7000pt;\">\n                    <td width=184 valign=top style=\"width:138.5500pt;padding:0.0000pt 5.4000pt 0.0000pt 5.4000pt ;border-left:1.0000pt solid rgb(231,230,230);\n        mso-border-left-alt:0.2500pt solid rgb(231,230,230);border-right:1.0000pt solid rgb(231,230,230);mso-border-right-alt:0.2500pt solid rgb(231,230,230);\n        border-top:1.0000pt solid rgb(231,230,230);mso-border-top-alt:0.2500pt solid rgb(231,230,230);border-bottom:1.0000pt solid rgb(231,230,230);\n        mso-border-bottom-alt:0.2500pt solid rgb(231,230,230);background:rgb(241,241,241);\">\n                        <p class=MsoNormal><span\n                                style=\"font-family:Arial;mso-fareast-font-family:Calibri;font-size:9.0000pt;\">Request\n                                Title</span><b style=\"mso-bidi-font-weight:normal\"><span style=\"font-family:Arial;mso-fareast-font-family:Calibri;mso-ansi-font-weight:bold;\n        font-size:11.0000pt;\">\n                                    <o:p></o:p>\n                                </span></b></p>\n                    </td>\n                    <td width=375 valign=top style=\"width:281.9000pt;padding:0.0000pt 5.4000pt 0.0000pt 5.4000pt ;border-left:none;\n        mso-border-left-alt:none;border-right:1.0000pt solid rgb(231,230,230);mso-border-right-alt:0.2500pt solid rgb(231,230,230);\n        border-top:1.0000pt solid rgb(231,230,230);mso-border-top-alt:0.2500pt solid rgb(231,230,230);border-bottom:1.0000pt solid rgb(231,230,230);\n        mso-border-bottom-alt:0.2500pt solid rgb(231,230,230);\">\n                        <p class=MsoNormal><span\n                                style=\"font-family:Arial;mso-fareast-font-family:Calibri;font-size:9.0000pt;\">@{first(body('Find_Sourcing_Request')?['value'])?['aia_requesttitle']}</span><b\n                                style=\"mso-bidi-font-weight:normal\"><span style=\"font-family:Arial;mso-fareast-font-family:Calibri;color:rgb(211,17,69);\n        mso-ansi-font-weight:bold;font-size:11.0000pt;\">\n                                    <o:p></o:p>\n                                </span></b></p>\n                    </td>\n                </tr>\n                <tr style=\"height:26.3000pt;\">\n                    <td width=184 valign=top style=\"width:138.5500pt;padding:0.0000pt 5.4000pt 0.0000pt 5.4000pt ;border-left:1.0000pt solid rgb(231,230,230);\n        mso-border-left-alt:0.2500pt solid rgb(231,230,230);border-right:1.0000pt solid rgb(231,230,230);mso-border-right-alt:0.2500pt solid rgb(231,230,230);\n        border-top:none;mso-border-top-alt:0.2500pt solid rgb(231,230,230);border-bottom:1.0000pt solid rgb(231,230,230);\n        mso-border-bottom-alt:0.2500pt solid rgb(231,230,230);background:rgb(241,241,241);\">\n                        <p class=MsoNormal><span\n                                style=\"font-family:Arial;mso-fareast-font-family:Calibri;font-size:9.0000pt;\">Estimated\n                                Contract Value</span><span\n                                style=\"font-family:Arial;mso-fareast-font-family:Calibri;font-size:9.0000pt;\">\n                                <o:p></o:p>\n                            </span></p>\n                    </td>\n                    <td width=375 valign=top style=\"width:281.9000pt;padding:0.0000pt 5.4000pt 0.0000pt 5.4000pt ;border-left:none;\n        mso-border-left-alt:none;border-right:1.0000pt solid rgb(231,230,230);mso-border-right-alt:0.2500pt solid rgb(231,230,230);\n        border-top:none;mso-border-top-alt:0.2500pt solid rgb(231,230,230);border-bottom:1.0000pt solid rgb(231,230,230);\n        mso-border-bottom-alt:0.2500pt solid rgb(231,230,230);\">\n                        <p class=MsoNormal><span\n                                style=\"font-family:Arial;mso-fareast-font-family:Calibri;font-size:9.0000pt;\">@{if(empty(first(body('Find_Sourcing_Request')?['value'])?['TC.isocurrencycode']),'',concat(first(body('Find_Sourcing_Request')?['value'])?['TC.isocurrencycode'],' ',substring(first(body('Find_Sourcing_Request')?['value'])?['aia_initialcostestimation@OData.Community.Display.V1.FormattedValue'],1,add(length(first(body('Find_Sourcing_Request')?['value'])?['aia_initialcostestimation@OData.Community.Display.V1.FormattedValue']),-1)),' (USD ',substring(first(body('Find_Sourcing_Request')?['value'])?['aia_initialcostestimationinusd@OData.Community.Display.V1.FormattedValue'],1,add(length(first(body('Find_Sourcing_Request')?['value'])?['aia_initialcostestimationinusd@OData.Community.Display.V1.FormattedValue']),-1)),')'))}</span><span\n                                style=\"font-family:Arial;mso-fareast-font-family:Calibri;font-size:9.0000pt;\">\n                                <o:p></o:p>\n                            </span></p>\n                    </td>\n                </tr>\n                <tr style=\"height:20.7000pt;\">\n                    <td width=184 valign=top style=\"width:138.5500pt;padding:0.0000pt 5.4000pt 0.0000pt 5.4000pt ;border-left:1.0000pt solid rgb(231,230,230);\n        mso-border-left-alt:0.2500pt solid rgb(231,230,230);border-right:1.0000pt solid rgb(231,230,230);mso-border-right-alt:0.2500pt solid rgb(231,230,230);\n        border-top:none;mso-border-top-alt:0.2500pt solid rgb(231,230,230);border-bottom:1.0000pt solid rgb(231,230,230);\n        mso-border-bottom-alt:0.2500pt solid rgb(231,230,230);background:rgb(241,241,241);\">\n                        <p class=MsoNormal><span\n                                style=\"font-family:Arial;mso-fareast-font-family:Calibri;font-size:9.0000pt;\">Does the\n                                project involve any of the following countries? </span><span\n                                style=\"font-family:Arial;mso-fareast-font-family:Calibri;font-size:9.0000pt;\">\n                                <o:p></o:p>\n                            </span></p>\n                    </td>\n                    <td width=375 valign=top style=\"width:281.9000pt;padding:0.0000pt 5.4000pt 0.0000pt 5.4000pt ;border-left:none;\n        mso-border-left-alt:none;border-right:1.0000pt solid rgb(231,230,230);mso-border-right-alt:0.2500pt solid rgb(231,230,230);\n        border-top:none;mso-border-top-alt:0.2500pt solid rgb(231,230,230);border-bottom:1.0000pt solid rgb(231,230,230);\n        mso-border-bottom-alt:0.2500pt solid rgb(231,230,230);\">\n                        <p class=MsoNormal><span\n                                style=\"font-family:Arial;mso-fareast-font-family:Calibri;font-size:9.0000pt;\">@{first(body('Find_Sourcing_Request')?['value'])?['aia_countries_involved@OData.Community.Display.V1.FormattedValue']}</span><span\n                                style=\"font-family:Arial;mso-fareast-font-family:Calibri;font-size:9.0000pt;\">\n                                <o:p></o:p>\n                            </span></p>\n                    </td>\n                </tr>\n                <tr style=\"height:20.7000pt;\">\n                    <td width=184 valign=top style=\"width:138.5500pt;padding:0.0000pt 5.4000pt 0.0000pt 5.4000pt ;border-left:1.0000pt solid rgb(231,230,230);\n        mso-border-left-alt:0.2500pt solid rgb(231,230,230);border-right:1.0000pt solid rgb(231,230,230);mso-border-right-alt:0.2500pt solid rgb(231,230,230);\n        border-top:none;mso-border-top-alt:0.2500pt solid rgb(231,230,230);border-bottom:1.0000pt solid rgb(231,230,230);\n        mso-border-bottom-alt:0.2500pt solid rgb(231,230,230);background:rgb(241,241,241);\">\n                        <p class=MsoNormal><span\n                                style=\"font-family:Arial;mso-fareast-font-family:Calibri;font-size:9.0000pt;\">Does the cost\n                                include any of the following? </span><span\n                                style=\"font-family:Arial;mso-fareast-font-family:Calibri;font-size:9.0000pt;\">\n                                <o:p></o:p>\n                            </span></p>\n                    </td>\n                    <td width=375 valign=top style=\"width:281.9000pt;padding:0.0000pt 5.4000pt 0.0000pt 5.4000pt ;border-left:none;\n        mso-border-left-alt:none;border-right:1.0000pt solid rgb(231,230,230);mso-border-right-alt:0.2500pt solid rgb(231,230,230);\n        border-top:none;mso-border-top-alt:0.2500pt solid rgb(231,230,230);border-bottom:1.0000pt solid rgb(231,230,230);\n        mso-border-bottom-alt:0.2500pt solid rgb(231,230,230);\">\n                        <p class=MsoNormal><span\n                                style=\"font-family:Arial;mso-fareast-font-family:Calibri;font-size:9.0000pt;\">@{first(body('Find_Sourcing_Request')?['value'])?['aia_cost_categories_involved@OData.Community.Display.V1.FormattedValue']}</span><span\n                                style=\"font-family:Arial;mso-fareast-font-family:Calibri;font-size:9.0000pt;\">\n                                <o:p></o:p>\n                            </span></p>\n                    </td>\n                </tr>\n                <tr style=\"height:20.7000pt;\">\n                    <td width=184 valign=top style=\"width:138.5500pt;padding:0.0000pt 5.4000pt 0.0000pt 5.4000pt ;border-left:1.0000pt solid rgb(231,230,230);\n        mso-border-left-alt:0.2500pt solid rgb(231,230,230);border-right:1.0000pt solid rgb(231,230,230);mso-border-right-alt:0.2500pt solid rgb(231,230,230);\n        border-top:none;mso-border-top-alt:0.2500pt solid rgb(231,230,230);border-bottom:1.0000pt solid rgb(231,230,230);\n        mso-border-bottom-alt:0.2500pt solid rgb(231,230,230);background:rgb(241,241,241);\">\n                        <p class=MsoNormal><span\n                                style=\"font-family:Arial;mso-fareast-font-family:Calibri;font-size:9.0000pt;\">Additional Tax\n                                Information (If Applicable) </span><span\n                                style=\"font-family:Arial;mso-fareast-font-family:Calibri;font-size:9.0000pt;\">\n                                <o:p></o:p>\n                            </span></p>\n                    </td>\n                    <td width=375 valign=top style=\"width:281.9000pt;padding:0.0000pt 5.4000pt 0.0000pt 5.4000pt ;border-left:none;\n        mso-border-left-alt:none;border-right:1.0000pt solid rgb(231,230,230);mso-border-right-alt:0.2500pt solid rgb(231,230,230);\n        border-top:none;mso-border-top-alt:0.2500pt solid rgb(231,230,230);border-bottom:1.0000pt solid rgb(231,230,230);\n        mso-border-bottom-alt:0.2500pt solid rgb(231,230,230);\">\n                        <p class=MsoNormal><span\n                                style=\"font-family:Arial;mso-fareast-font-family:Calibri;font-size:9.0000pt;\">@{first(body('Find_Sourcing_Request')?['value'])?['aia_additional_tax_information']}</span><span\n                                style=\"font-family:Arial;mso-fareast-font-family:Calibri;font-size:9.0000pt;\">\n                                <o:p></o:p>\n                            </span></p>\n                    </td>\n                </tr>\n                <tr style=\"height:20.7000pt;\">\n                    <td width=184 valign=top style=\"width:138.5500pt;padding:0.0000pt 5.4000pt 0.0000pt 5.4000pt ;border-left:1.0000pt solid rgb(231,230,230);\n        mso-border-left-alt:0.2500pt solid rgb(231,230,230);border-right:1.0000pt solid rgb(231,230,230);mso-border-right-alt:0.2500pt solid rgb(231,230,230);\n        border-top:none;mso-border-top-alt:0.2500pt solid rgb(231,230,230);border-bottom:1.0000pt solid rgb(231,230,230);\n        mso-border-bottom-alt:0.2500pt solid rgb(231,230,230);background:rgb(241,241,241);\">\n                        <p class=MsoNormal><span\n                                style=\"font-family:Arial;mso-fareast-font-family:Calibri;font-size:9.0000pt;\">Contract\n                                Owner</span><span\n                                style=\"font-family:Arial;mso-fareast-font-family:Calibri;font-size:9.0000pt;\">\n                                <o:p></o:p>\n                            </span></p>\n                    </td>\n                    <td width=375 valign=top style=\"width:281.9000pt;padding:0.0000pt 5.4000pt 0.0000pt 5.4000pt ;border-left:none;\n        mso-border-left-alt:none;border-right:1.0000pt solid rgb(231,230,230);mso-border-right-alt:0.2500pt solid rgb(231,230,230);\n        border-top:none;mso-border-top-alt:0.2500pt solid rgb(231,230,230);border-bottom:1.0000pt solid rgb(231,230,230);\n        mso-border-bottom-alt:0.2500pt solid rgb(231,230,230);\">\n                        <p class=MsoNormal><span\n                                style=\"font-family:Arial;mso-fareast-font-family:Calibri;font-size:9.0000pt;\">@{first(body('Find_Sourcing_Request')?['value'])?['CO.fullname']}</span><span\n                                style=\"font-family:Arial;mso-fareast-font-family:Calibri;font-size:9.0000pt;\">\n                                <o:p></o:p>\n                            </span></p>\n                    </td>\n                </tr>\n            </table></td></tr>\n            <tr><td><p class=MsoNormal style=\"margin-bottom:0.0000pt;\"><b style=\"mso-bidi-font-weight:normal\"><span style=\"mso-spacerun:'yes';font-family:Arial;mso-fareast-font-family:Calibri;\n                color:rgb(211,17,69);mso-ansi-font-weight:bold;font-size:11.0000pt;\">\n                                <o:p>&nbsp;</o:p>\n                            </span></b></p></td></tr>\n            <tr><td><p class=MsoNormal style=\"margin-top:10.0000pt;margin-bottom:12.0000pt;\"><span style=\"mso-spacerun:'yes';font-family:Arial;mso-fareast-font-family:Calibri;\n                font-size:11.0000pt;\">&nbsp;If you would like to view the full request details, please go to&nbsp;</span><span><a\n                                href=\"@{body('S2C_Sub_Deeplink_Request')?['result']}@{triggerOutputs()?['body/aia_s2c_sourcingrequestid']}\"><u><span\n                                        style=\"mso-spacerun:'yes';font-family:Arial;mso-fareast-font-family:Calibri;\n                color:rgb(91,155,213);text-decoration:underline;text-underline:single;\n                font-size:11.0000pt;\">SODA</span></u></a></span><span style=\"mso-spacerun:'yes';font-family:Arial;mso-fareast-font-family:Calibri;\n                font-size:11.0000pt;\">. Thank you for your attention. </span><span style=\"mso-spacerun:'yes';font-family:Calibri;mso-bidi-font-family:'Times New Roman';\n                font-size:11.0000pt;\">\n                            <o:p></o:p>\n                        </span></p></td></tr>\n            <tr><td><p class=MsoNormal align=center><i style=\"mso-bidi-font-style:normal\"><span style=\"mso-spacerun:'yes';font-family:Arial;mso-fareast-font-family:Calibri;\n                color:rgb(127,127,127);mso-ansi-font-style:italic;font-size:8.0000pt;\">This is a system-generated email.</span><span style=\"mso-spacerun:'yes';font-family:Calibri;mso-bidi-font-family:'Times New Roman';\n                font-size:11.0000pt;\">\n                                <o:p></o:p>\n            </span></i></p></td></tr>\n        </table>\n    </div><!--EndFragment-->\n</body>\n\n</html>",
                  "emailMessage/From": "@body('Find_Not_Reply_Email_Address')?['result']",
                  "emailMessage/Cc": "@join(union(variables('CCEmailAddress'),variables('CCEmailAddress')),';')",
                  "emailMessage/Importance": "Normal"
                },
                "authentication": "@parameters('$authentication')"
              }
            },
            "Find_Not_Reply_Email_Address": {
              "runAfter": {
                "AIA_|_S2C_Public._Get_Given_Name": [
                  "Succeeded"
                ]
              },
              "metadata": {
                "operationMetadataId": "3f85489f-56fc-4e7d-a479-982e7017ee1e"
              },
              "type": "Workflow",
              "inputs": {
                "host": {
                  "workflowReferenceName": "cb8c7cef-6161-ec11-8f8f-000d3a80eca3"
                },
                "body": {
                  "text": "Not_Reply_Email_Address"
                }
              }
            },
            "S2C_Sub_Deeplink_Request": {
              "runAfter": {
                "Find_Not_Reply_Email_Address": [
                  "Succeeded"
                ]
              },
              "metadata": {
                "operationMetadataId": "0648f45c-0627-45d7-84cf-1c2efcb74838"
              },
              "type": "Workflow",
              "inputs": {
                "host": {
                  "workflowReferenceName": "cb8c7cef-6161-ec11-8f8f-000d3a80eca3"
                },
                "body": {
                  "text": "S2C_Sub_Deeplink_Request"
                }
              }
            },
            "Append_to_array_variable_CO": {
              "runAfter": {
                "Find_Sourcing_Request": [
                  "Succeeded"
                ]
              },
              "metadata": {
                "operationMetadataId": "b4b6daf7-324e-451d-a91f-3a4c9c4446c0"
              },
              "type": "AppendToArrayVariable",
              "inputs": {
                "name": "SendEmailAdress",
                "value": "@first(body('Find_Sourcing_Request')?['value'])?['CO.internalemailaddress']"
              }
            },
            "Append_to_array_variable_requestor": {
              "runAfter": {
                "Append_to_array_variable_CO": [
                  "Succeeded"
                ]
              },
              "metadata": {
                "operationMetadataId": "b7da0b9a-992e-4831-a4a4-56ad66a1afe1"
              },
              "type": "AppendToArrayVariable",
              "inputs": {
                "name": "SendEmailAdress",
                "value": "@first(body('Find_Sourcing_Request')?['value'])?['requestor.internalemailaddress']"
              }
            },
            "AIA_|_S2C_Public._Get_Given_Name": {
              "runAfter": {
                "Condition_2": [
                  "Succeeded"
                ]
              },
              "metadata": {
                "operationMetadataId": "38c34a31-4374-4142-bf12-4e6eb8a43491"
              },
              "type": "Workflow",
              "inputs": {
                "host": {
                  "workflowReferenceName": "161d9f88-f8f1-ec11-bb3d-6045bd1bf92d"
                },
                "body": {
                  "text": "@join(union(variables('SendEmailAdress'), variables('SendEmailAdress')), ';')",
                  "text_1": ";",
                  "text_2": " , "
                }
              }
            },
            "Find_Sourcing_Request": {
              "runAfter": {},
              "metadata": {
                "operationMetadataId": "da0cf227-4cd9-47a5-997a-d54c611adbcd"
              },
              "type": "OpenApiConnection",
              "inputs": {
                "host": {
                  "connectionName": "shared_commondataserviceforapps_1",
                  "operationId": "ListRecords",
                  "apiId": "/providers/Microsoft.PowerApps/apis/shared_commondataserviceforapps"
                },
                "parameters": {
                  "entityName": "aia_s2c_sourcingrequests",
                  "fetchXml": "<fetch top=\"1\">\n  <entity name=\"aia_s2c_sourcingrequest\">\n    <attribute name=\"aia_name\" />\n    <attribute name=\"aia_requestor\" />\n    <attribute name=\"aia_contractowner\" />\n    <attribute name=\"aia_sourcingrepresentative\" />\n    <attribute name=\"aia_requesttitle\" />\n    <attribute name=\"aia_requeststatus\" />\n    <attribute name=\"aia_gsassignmentstatus\" />\n    <attribute name=\"aia_countries_involved\" />\n    <attribute name=\"aia_cost_categories_involved\" />\n    <attribute name=\"aia_additional_tax_information\" />\n    <attribute name=\"aia_expense_amount\" />\n    <attribute name=\"aia_expense_amount_in_usd\" />\n    <attribute name=\"aia_is_expense_approval\" />\n    <attribute name=\"transactioncurrencyid\" />\n    <attribute name=\"aia_initialcostestimation\" />\n    <attribute name=\"aia_initialcostestimationinusd\" />\n    <filter>\n      <condition attribute=\"aia_s2c_sourcingrequestid\" operator=\"eq\" value=\"@{triggerOutputs()?['body/aia_s2c_sourcingrequestid']}\" />\n    </filter>\n    <link-entity name=\"systemuser\" from=\"systemuserid\" to=\"aia_requestor\" link-type=\"inner\" alias=\"requestor\">\n      <attribute name=\"internalemailaddress\" />\n      <attribute name=\"fullname\" />\n    </link-entity>\n    <link-entity name=\"systemuser\" from=\"systemuserid\" to=\"aia_contractowner\" link-type=\"inner\" alias=\"CO\">\n      <attribute name=\"internalemailaddress\" />\n      <attribute name=\"fullname\" />\n    </link-entity>\n    <link-entity name=\"systemuser\" from=\"systemuserid\" to=\"aia_sourcingrepresentative\" link-type=\"outer\" alias=\"SR\">\n      <attribute name=\"internalemailaddress\" />\n      <attribute name=\"fullname\" />\n    </link-entity>\n    <link-entity name=\"transactioncurrency\" from=\"transactioncurrencyid\" to=\"transactioncurrencyid\" link-type=\"outer\" alias=\"TC\">\n      <attribute name=\"isocurrencycode\" />\n    </link-entity>\n  </entity>\n</fetch>"
                },
                "authentication": "@parameters('$authentication')"
              }
            },
            "S2C_Group_Tax_Email_Address": {
              "runAfter": {
                "Append_to_array_variable_requestor": [
                  "Succeeded"
                ]
              },
              "metadata": {
                "operationMetadataId": "3f85489f-56fc-4e7d-a479-982e7017ee1e"
              },
              "type": "Workflow",
              "inputs": {
                "host": {
                  "workflowReferenceName": "cb8c7cef-6161-ec11-8f8f-000d3a80eca3"
                },
                "body": {
                  "text": "S2C_Group_Tax_Email_Address"
                }
              }
            },
            "Condition_2": {
              "actions": {
                "Apply_to_each": {
                  "foreach": "@split(outputs('S2C_Group_Tax_Email_Address')?['Body']?['result'],';')",
                  "actions": {
                    "Condition_3": {
                      "actions": {
                        "Append_to_array_variable": {
                          "runAfter": {},
                          "metadata": {
                            "operationMetadataId": "5170a1c2-817e-4328-9624-9a780bb928fa"
                          },
                          "type": "AppendToArrayVariable",
                          "inputs": {
                            "name": "CCEmailAddress",
                            "value": "@items('Apply_to_each')"
                          }
                        }
                      },
                      "runAfter": {},
                      "expression": {
                        "not": {
                          "contains": [
                            "@variables('SendEmailAdress')",
                            "@items('Apply_to_each')"
                          ]
                        }
                      },
                      "metadata": {
                        "operationMetadataId": "32ed92c5-9d1a-4d91-ae7e-7f50265e3905"
                      },
                      "type": "If"
                    }
                  },
                  "runAfter": {},
                  "metadata": {
                    "operationMetadataId": "9088c5dc-ac75-45c7-a67e-c700b62b8065"
                  },
                  "type": "Foreach"
                }
              },
              "runAfter": {
                "S2C_Group_Tax_Email_Address": [
                  "Succeeded"
                ]
              },
              "expression": {
                "equals": [
                  "@contains(outputs('S2C_Group_Tax_Email_Address')?['Body']?['result'],'@')",
                  true
                ]
              },
              "metadata": {
                "operationMetadataId": "9a492daf-f604-4e95-8a64-403fa87c7246"
              },
              "type": "If"
            }
          },
          "runAfter": {
            "CC_Email_Address": [
              "Succeeded"
            ]
          },
          "expression": {
            "or": [
              {
                "equals": [
                  "@triggerOutputs()?['body/aia_requeststatus']",
                  914710002
                ]
              },
              {
                "equals": [
                  "@triggerOutputs()?['body/aia_requeststatus']",
                  914710001
                ]
              },
              {
                "equals": [
                  "@triggerOutputs()?['body/aia_requeststatus']",
                  914710005
                ]
              },
              {
                "equals": [
                  "@triggerOutputs()?['body/aia_requeststatus']",
                  914710006
                ]
              },
              {
                "equals": [
                  "@triggerOutputs()?['body/aia_requeststatus']",
                  914710007
                ]
              },
              {
                "equals": [
                  "@triggerOutputs()?['body/aia_requeststatus']",
                  914710008
                ]
              },
              {
                "equals": [
                  "@triggerOutputs()?['body/aia_requeststatus']",
                  914710000
                ]
              },
              {
                "equals": [
                  "@triggerOutputs()?['body/aia_requeststatus']",
                  914710009
                ]
              },
              {
                "equals": [
                  "@triggerOutputs()?['body/aia_requeststatus']",
                  914710014
                ]
              },
              {
                "equals": [
                  "@triggerOutputs()?['body/aia_requeststatus']",
                  914710011
                ]
              }
            ]
          },
          "metadata": {
            "operationMetadataId": "a4d02bcd-7b8f-499b-87cd-352f4c87ec1a"
          },
          "type": "If"
        },
        "Send_Email_Adress": {
          "runAfter": {},
          "metadata": {
            "operationMetadataId": "aa4b7048-68f8-45f8-8bd3-551fa0c11f9d"
          },
          "type": "InitializeVariable",
          "inputs": {
            "variables": [
              {
                "name": "SendEmailAdress",
                "type": "array"
              }
            ]
          }
        },
        "CC_Email_Address": {
          "runAfter": {
            "Send_Email_Adress": [
              "Succeeded"
            ]
          },
          "metadata": {
            "operationMetadataId": "ea7ab5d3-400a-4ba2-8937-48a980bc1e4e"
          },
          "type": "InitializeVariable",
          "inputs": {
            "variables": [
              {
                "name": "CCEmailAddress",
                "type": "array"
              }
            ]
          }
        }
      }
    },
    "templateName": ""
  },
  "schemaVersion": "1.0.0.0"
}