{
  "properties": {
    "connectionReferences": {
      "shared_commondataserviceforapps": {
        "runtimeSource": "embedded",
        "connection": {
          "connectionReferenceLogicalName": "aia_sharedcommondataserviceforapps_dba9d"
        },
        "api": {
          "name": "shared_commondataserviceforapps"
        }
      },
      "shared_sharepointonline": {
        "runtimeSource": "embedded",
        "connection": {
          "connectionReferenceLogicalName": "aia_sharedsharepointonline_5dfb7"
        },
        "api": {
          "name": "shared_sharepointonline"
        }
      }
    },
    "definition": {
      "$schema": "https://schema.management.azure.com/providers/Microsoft.Logic/schemas/2016-06-01/workflowdefinition.json#",
      "contentVersion": "1.0.0.0",
      "parameters": {
        "$connections": {
          "defaultValue": {},
          "type": "Object"
        },
        "$authentication": {
          "defaultValue": {},
          "type": "SecureObject"
        }
      },
      "triggers": {
        "When_a_row_is_added,_modified_or_deleted": {
          "metadata": {
            "operationMetadataId": "cfd484d4-f1d1-4889-af4c-78920e7892f6"
          },
          "type": "OpenApiConnectionWebhook",
          "inputs": {
            "host": {
              "connectionName": "shared_commondataserviceforapps",
              "operationId": "SubscribeWebhookTrigger",
              "apiId": "/providers/Microsoft.PowerApps/apis/shared_commondataserviceforapps"
            },
            "parameters": {
              "subscriptionRequest/message": 3,
              "subscriptionRequest/entityname": "aia_s2c_temp_uploaded_document",
              "subscriptionRequest/scope": 4,
              "subscriptionRequest/filteringattributes": "aia_file"
            },
            "authentication": "@parameters('$authentication')"
          }
        }
      },
      "actions": {
        "Get_a_row_by_ID:_Retrieve_temp_uploaded_documents": {
          "runAfter": {},
          "metadata": {
            "operationMetadataId": "0d9f5bfe-8e64-4020-b154-d548996da9e7"
          },
          "type": "OpenApiConnection",
          "inputs": {
            "host": {
              "connectionName": "shared_commondataserviceforapps",
              "operationId": "GetItem",
              "apiId": "/providers/Microsoft.PowerApps/apis/shared_commondataserviceforapps"
            },
            "parameters": {
              "entityName": "aia_s2c_temp_uploaded_documents",
              "recordId": "@triggerOutputs()?['body/aia_s2c_temp_uploaded_documentid']",
              "$select": "aia_s2c_temp_uploaded_documentid,aia_file,_aia_sourcing_request_value,_aia_supporting_document_value",
              "$expand": "aia_sourcing_request($select=aia_name,aia_requesttitle,aia_sharepoint_folder_name),aia_supporting_document($select=aia_upload_type)"
            },
            "authentication": "@parameters('$authentication')"
          }
        },
        "Initialize_variable:_S2C_SharePoint_URL": {
          "runAfter": {
            "Run_a_Child_Flow:_Retrieve_SharePoint_Site_Address": [
              "Succeeded"
            ]
          },
          "metadata": {
            "operationMetadataId": "655b3673-9219-4f3c-9f19-b6f82a314664"
          },
          "type": "InitializeVariable",
          "inputs": {
            "variables": [
              {
                "name": "S2C_SharePoint_URL",
                "type": "string",
                "value": "@body('Run_a_Child_Flow:_Retrieve_SharePoint_Site_Address')?['result']"
              }
            ]
          }
        },
        "Initialize_variable:_S2C_SharePoint_Sourcing_Request_Folder_Name": {
          "runAfter": {
            "Run_a_Child_Flow:_Retrieve_SharePoint_AIA_S2C_Folder_Path": [
              "Succeeded"
            ]
          },
          "metadata": {
            "operationMetadataId": "62f27f2b-d316-45c2-9570-31fb5df29d28"
          },
          "type": "InitializeVariable",
          "inputs": {
            "variables": [
              {
                "name": "S2C_SharePoint_Sourcing_Request_Folder_Name",
                "type": "string",
                "value": "@{body('Run_a_Child_Flow:_Retrieve_SharePoint_AIA_S2C_Folder_Path')?['result']}"
              }
            ]
          }
        },
        "Get_all_lists_and_libraries:_Retrieve_library_list_from_site": {
          "runAfter": {
            "Initialize_variable:_S2C_SharePoint_Sourcing_Request_Folder_Name": [
              "Succeeded"
            ]
          },
          "metadata": {
            "operationMetadataId": "e8bd7ba8-955d-4118-aca0-f66e46c72209"
          },
          "type": "OpenApiConnection",
          "inputs": {
            "host": {
              "connectionName": "shared_sharepointonline",
              "operationId": "GetAllTables",
              "apiId": "/providers/Microsoft.PowerApps/apis/shared_sharepointonline"
            },
            "parameters": {
              "dataset": "@variables('S2C_SharePoint_URL')"
            },
            "authentication": "@parameters('$authentication')"
          }
        },
        "Filter_array:_Find_the_library": {
          "runAfter": {
            "Get_all_lists_and_libraries:_Retrieve_library_list_from_site": [
              "Succeeded"
            ]
          },
          "metadata": {
            "operationMetadataId": "f57fbe98-291b-43eb-98e1-61dafdf3e100"
          },
          "type": "Query",
          "inputs": {
            "from": "@outputs('Get_all_lists_and_libraries:_Retrieve_library_list_from_site')?['body/value']",
            "where": "@equals(item()?['DisplayName'], split(variables('S2C_SharePoint_Sourcing_Request_Folder_Name'), '/')[0])"
          }
        },
        "Condition_2": {
          "actions": {
            "Condition": {
              "actions": {
                "Condition_3": {
                  "actions": {
                    "Append_to_string_variable:_Add_sourcing_request_id_and_title_to_folder_path": {
                      "runAfter": {},
                      "metadata": {
                        "operationMetadataId": "a54886fc-ccba-429c-9880-288f0237e63b"
                      },
                      "type": "AppendToStringVariable",
                      "inputs": {
                        "name": "S2C_SharePoint_Sourcing_Request_Folder_Name",
                        "value": "@trim(replace(replace(replace(replace(replace(replace(replace(replace(replace(replace(replace(replace(concat(outputs('Get_a_row_by_ID:_Retrieve_temp_uploaded_documents')?['body/aia_sourcing_request/aia_name'],'_',outputs('Get_a_row_by_ID:_Retrieve_temp_uploaded_documents')?['body/aia_sourcing_request/aia_requesttitle']),'*',' '),'.',' '),'\\',' '),'/',' '),'?',' '),'\"',' '),'<',' '),'>',' '),'|',' '),':',' '),'#',' '),'%',' '))"
                      }
                    },
                    "Create_new_folder:_Create_sourcing_request_folder": {
                      "runAfter": {
                        "Append_to_string_variable:_Add_sourcing_request_id_and_title_to_folder_path": [
                          "Succeeded"
                        ]
                      },
                      "metadata": {
                        "operationMetadataId": "52772db1-e2c3-428c-b87c-d7d7dd46c3bf"
                      },
                      "type": "OpenApiConnection",
                      "inputs": {
                        "host": {
                          "connectionName": "shared_sharepointonline",
                          "operationId": "CreateNewFolder",
                          "apiId": "/providers/Microsoft.PowerApps/apis/shared_sharepointonline"
                        },
                        "parameters": {
                          "dataset": "@variables('S2C_SharePoint_URL')",
                          "table": "@body('Filter_array:_Find_the_library')[0]['Name']",
                          "parameters/path": "@substring(variables('S2C_SharePoint_Sourcing_Request_Folder_Name'),add(indexOf(variables('S2C_SharePoint_Sourcing_Request_Folder_Name'),'/'),1))"
                        },
                        "authentication": "@parameters('$authentication')"
                      }
                    },
                    "Update_a_row:_Update_folder_name_to_sourcing_request": {
                      "runAfter": {
                        "Create_new_folder:_Create_sourcing_request_folder": [
                          "Succeeded"
                        ]
                      },
                      "metadata": {
                        "operationMetadataId": "d8741c11-8861-4594-99fd-b1e82efb293b"
                      },
                      "type": "OpenApiConnection",
                      "inputs": {
                        "host": {
                          "connectionName": "shared_commondataserviceforapps",
                          "operationId": "UpdateRecord",
                          "apiId": "/providers/Microsoft.PowerApps/apis/shared_commondataserviceforapps"
                        },
                        "parameters": {
                          "entityName": "aia_s2c_sourcingrequests",
                          "recordId": "@outputs('Get_a_row_by_ID:_Retrieve_temp_uploaded_documents')?['body/_aia_sourcing_request_value']",
                          "item/aia_sharepoint_folder_name": "@trim(replace(replace(replace(replace(replace(replace(replace(replace(replace(replace(replace(replace(concat(outputs('Get_a_row_by_ID:_Retrieve_temp_uploaded_documents')?['body/aia_sourcing_request/aia_name'],'_',outputs('Get_a_row_by_ID:_Retrieve_temp_uploaded_documents')?['body/aia_sourcing_request/aia_requesttitle']),'*',' '),'.',' '),'\\',' '),'/',' '),'?',' '),'\"',' '),'<',' '),'>',' '),'|',' '),':',' '),'#',' '),'%',' '))"
                        },
                        "authentication": "@parameters('$authentication')"
                      }
                    }
                  },
                  "runAfter": {},
                  "else": {
                    "actions": {
                      "Append_to_string_variable:_Add_old_folder_name_to_folder_path": {
                        "runAfter": {},
                        "metadata": {
                          "operationMetadataId": "f847be6d-a65b-489b-bb7d-746cb678ad6c"
                        },
                        "type": "AppendToStringVariable",
                        "inputs": {
                          "name": "S2C_SharePoint_Sourcing_Request_Folder_Name",
                          "value": "@outputs('Get_a_row_by_ID:_Retrieve_temp_uploaded_documents')?['body/aia_sourcing_request/aia_sharepoint_folder_name']"
                        }
                      }
                    }
                  },
                  "expression": {
                    "equals": [
                      "@outputs('Get_a_row_by_ID:_Retrieve_temp_uploaded_documents')?['body/aia_sourcing_request/aia_sharepoint_folder_name']",
                      null
                    ]
                  },
                  "metadata": {
                    "operationMetadataId": "7b4548f8-08bf-49b1-9962-54a78f64c05a"
                  },
                  "type": "If"
                },
                "Create_new_folder:_Create_DB_Reports_folder": {
                  "runAfter": {
                    "Condition_3": [
                      "Succeeded"
                    ]
                  },
                  "metadata": {
                    "operationMetadataId": "52772db1-e2c3-428c-b87c-d7d7dd46c3bf"
                  },
                  "type": "OpenApiConnection",
                  "inputs": {
                    "host": {
                      "connectionName": "shared_sharepointonline",
                      "operationId": "CreateNewFolder",
                      "apiId": "/providers/Microsoft.PowerApps/apis/shared_sharepointonline"
                    },
                    "parameters": {
                      "dataset": "@variables('S2C_SharePoint_URL')",
                      "table": "@body('Filter_array:_Find_the_library')[0]['Name']",
                      "parameters/path": "@{substring(variables('S2C_SharePoint_Sourcing_Request_Folder_Name'), add(indexOf(variables('S2C_SharePoint_Sourcing_Request_Folder_Name'), '/'), 1))}/D&B Reports"
                    },
                    "authentication": "@parameters('$authentication')",
                    "retryPolicy": {
                      "type": "none"
                    }
                  }
                },
                "Create_new_folder:_Create_Evaluation_folder": {
                  "runAfter": {
                    "Create_new_folder:_Create_DB_Reports_folder": [
                      "Succeeded"
                    ]
                  },
                  "metadata": {
                    "operationMetadataId": "52772db1-e2c3-428c-b87c-d7d7dd46c3bf"
                  },
                  "type": "OpenApiConnection",
                  "inputs": {
                    "host": {
                      "connectionName": "shared_sharepointonline",
                      "operationId": "CreateNewFolder",
                      "apiId": "/providers/Microsoft.PowerApps/apis/shared_sharepointonline"
                    },
                    "parameters": {
                      "dataset": "@variables('S2C_SharePoint_URL')",
                      "table": "@body('Filter_array:_Find_the_library')[0]['Name']",
                      "parameters/path": "@{substring(variables('S2C_SharePoint_Sourcing_Request_Folder_Name'), add(indexOf(variables('S2C_SharePoint_Sourcing_Request_Folder_Name'), '/'), 1))}/Evaluation"
                    },
                    "authentication": "@parameters('$authentication')"
                  }
                },
                "Create_new_folder:_Create_NDA_folder": {
                  "runAfter": {
                    "Create_new_folder:_Create_Evaluation_folder": [
                      "Succeeded"
                    ]
                  },
                  "metadata": {
                    "operationMetadataId": "52772db1-e2c3-428c-b87c-d7d7dd46c3bf"
                  },
                  "type": "OpenApiConnection",
                  "inputs": {
                    "host": {
                      "connectionName": "shared_sharepointonline",
                      "operationId": "CreateNewFolder",
                      "apiId": "/providers/Microsoft.PowerApps/apis/shared_sharepointonline"
                    },
                    "parameters": {
                      "dataset": "@variables('S2C_SharePoint_URL')",
                      "table": "@body('Filter_array:_Find_the_library')[0]['Name']",
                      "parameters/path": "@{substring(variables('S2C_SharePoint_Sourcing_Request_Folder_Name'), add(indexOf(variables('S2C_SharePoint_Sourcing_Request_Folder_Name'), '/'), 1))}/NDA"
                    },
                    "authentication": "@parameters('$authentication')"
                  }
                },
                "Create_new_folder:_Create_RFP_Document_folder": {
                  "runAfter": {
                    "Create_new_folder:_Create_NDA_folder": [
                      "Succeeded"
                    ]
                  },
                  "metadata": {
                    "operationMetadataId": "52772db1-e2c3-428c-b87c-d7d7dd46c3bf"
                  },
                  "type": "OpenApiConnection",
                  "inputs": {
                    "host": {
                      "connectionName": "shared_sharepointonline",
                      "operationId": "CreateNewFolder",
                      "apiId": "/providers/Microsoft.PowerApps/apis/shared_sharepointonline"
                    },
                    "parameters": {
                      "dataset": "@variables('S2C_SharePoint_URL')",
                      "table": "@body('Filter_array:_Find_the_library')[0]['Name']",
                      "parameters/path": "@{substring(variables('S2C_SharePoint_Sourcing_Request_Folder_Name'), add(indexOf(variables('S2C_SharePoint_Sourcing_Request_Folder_Name'), '/'), 1))}/RFP Document"
                    },
                    "authentication": "@parameters('$authentication')"
                  }
                },
                "Create_new_folder:_Create_RFP_Response_folder": {
                  "runAfter": {
                    "Create_new_folder:_Create_RFP_Document_folder": [
                      "Succeeded"
                    ]
                  },
                  "metadata": {
                    "operationMetadataId": "52772db1-e2c3-428c-b87c-d7d7dd46c3bf"
                  },
                  "type": "OpenApiConnection",
                  "inputs": {
                    "host": {
                      "connectionName": "shared_sharepointonline",
                      "operationId": "CreateNewFolder",
                      "apiId": "/providers/Microsoft.PowerApps/apis/shared_sharepointonline"
                    },
                    "parameters": {
                      "dataset": "@variables('S2C_SharePoint_URL')",
                      "table": "@body('Filter_array:_Find_the_library')[0]['Name']",
                      "parameters/path": "@{substring(variables('S2C_SharePoint_Sourcing_Request_Folder_Name'), add(indexOf(variables('S2C_SharePoint_Sourcing_Request_Folder_Name'), '/'), 1))}/RFP Response"
                    },
                    "authentication": "@parameters('$authentication')"
                  }
                },
                "Create_file:_Create_uploaded_documents_to_sharepoint": {
                  "runAfter": {
                    "If_upload_type_is_null_or_not": [
                      "Succeeded"
                    ]
                  },
                  "metadata": {
                    "operationMetadataId": "17d19f98-e0be-41fb-8c30-ff6257632810"
                  },
                  "type": "OpenApiConnection",
                  "inputs": {
                    "host": {
                      "connectionName": "shared_sharepointonline",
                      "operationId": "CreateFile",
                      "apiId": "/providers/Microsoft.PowerApps/apis/shared_sharepointonline"
                    },
                    "parameters": {
                      "dataset": "@variables('S2C_SharePoint_URL')",
                      "folderPath": "@variables('S2C_SharePoint_Sourcing_Request_Folder_Name')",
                      "name": "@variables('CreateFileName')",
                      "body": "@base64ToBinary(outputs('Download_a_file_or_an_image:_Download_file_from_temp_uploaded_document')?['body/$content'])"
                    },
                    "authentication": "@parameters('$authentication')"
                  },
                  "runtimeConfiguration": {
                    "contentTransfer": {
                      "transferMode": "Chunked"
                    }
                  }
                },
                "Update_a_row:_Update_SharePoint_URL_of_file_and_folder_to_supporting_document": {
                  "runAfter": {
                    "Update_temp_uploaded_document_status_to_inactive_by_id": [
                      "Succeeded"
                    ]
                  },
                  "metadata": {
                    "operationMetadataId": "f0d6b941-456b-48e4-b408-0f9362a132b9"
                  },
                  "type": "OpenApiConnection",
                  "inputs": {
                    "host": {
                      "connectionName": "shared_commondataserviceforapps",
                      "operationId": "UpdateRecord",
                      "apiId": "/providers/Microsoft.PowerApps/apis/shared_commondataserviceforapps"
                    },
                    "parameters": {
                      "entityName": "aia_s2c_supportingdocuments",
                      "recordId": "@outputs('Get_a_row_by_ID:_Retrieve_temp_uploaded_documents')?['body/_aia_supporting_document_value']",
                      "item/aia_filename": "@outputs('Create_file:_Create_uploaded_documents_to_sharepoint')?['body/DisplayName']",
                      "item/aia_sharepointurloffile": "@{variables('S2C_SharePoint_URL')}@{outputs('Create_file:_Create_uploaded_documents_to_sharepoint')?['body/Path']}",
                      "item/aia_sharepointurloffolder": "@{variables('S2C_SharePoint_URL')}@{variables('S2C_SharePoint_Sourcing_Request_Folder_Name')}"
                    },
                    "authentication": "@parameters('$authentication')"
                  }
                },
                "If_upload_type_is_null_or_not": {
                  "actions": {
                    "Append_upload_type_name_to_string_variable_folder_name": {
                      "runAfter": {},
                      "metadata": {
                        "operationMetadataId": "c1a78097-eb81-4d37-846c-857f9b8efcbb"
                      },
                      "type": "AppendToStringVariable",
                      "inputs": {
                        "name": "S2C_SharePoint_Sourcing_Request_Folder_Name",
                        "value": "/Attachments uploaded/@{outputs('Get_a_row_by_ID:_Retrieve_temp_uploaded_documents')?['body/aia_supporting_document/aia_upload_type@OData.Community.Display.V1.FormattedValue']}"
                      }
                    }
                  },
                  "runAfter": {
                    "Create_new_folder:_Create_RFP_Response_folder": [
                      "Succeeded"
                    ]
                  },
                  "else": {
                    "actions": {
                      "Append_Attachments_uploaded_to_string_variable_folder_name": {
                        "runAfter": {},
                        "metadata": {
                          "operationMetadataId": "350342f8-7e0a-4d72-8e20-10a6281f1b27"
                        },
                        "type": "AppendToStringVariable",
                        "inputs": {
                          "name": "S2C_SharePoint_Sourcing_Request_Folder_Name",
                          "value": "/Attachments uploaded"
                        }
                      }
                    }
                  },
                  "expression": {
                    "not": {
                      "equals": [
                        "@outputs('Get_a_row_by_ID:_Retrieve_temp_uploaded_documents')?['body/aia_supporting_document/aia_upload_type']",
                        ""
                      ]
                    }
                  },
                  "metadata": {
                    "operationMetadataId": "5ccdae9d-6190-4285-910f-bf1006b873db"
                  },
                  "type": "If"
                },
                "Update_temp_uploaded_document_status_to_inactive_by_id": {
                  "runAfter": {
                    "Create_file:_Create_uploaded_documents_to_sharepoint": [
                      "Succeeded"
                    ]
                  },
                  "metadata": {
                    "operationMetadataId": "6841dd25-08b5-4032-8a86-e6ca35b77e6e"
                  },
                  "type": "OpenApiConnection",
                  "inputs": {
                    "host": {
                      "connectionName": "shared_commondataserviceforapps",
                      "operationId": "UpdateRecord",
                      "apiId": "/providers/Microsoft.PowerApps/apis/shared_commondataserviceforapps"
                    },
                    "parameters": {
                      "entityName": "aia_s2c_temp_uploaded_documents",
                      "recordId": "@outputs('Get_a_row_by_ID:_Retrieve_temp_uploaded_documents')?['body/aia_s2c_temp_uploaded_documentid']",
                      "item/statecode": 1
                    },
                    "authentication": "@parameters('$authentication')"
                  }
                }
              },
              "runAfter": {},
              "else": {
                "actions": {
                  "Add_a_new_row:_Add_log_that_sourcing_request_is_null_to_flow_log": {
                    "runAfter": {},
                    "metadata": {
                      "operationMetadataId": "eafb668c-4334-429d-8a80-4ad8593a0e1a"
                    },
                    "type": "OpenApiConnection",
                    "inputs": {
                      "host": {
                        "connectionName": "shared_commondataserviceforapps",
                        "operationId": "CreateRecord",
                        "apiId": "/providers/Microsoft.PowerApps/apis/shared_commondataserviceforapps"
                      },
                      "parameters": {
                        "entityName": "aia_power_automate_flow_logs",
                        "item/aia_name": "AIA | S2C Upload Supporting Document to SharePoint",
                        "item/aia_message": "The sourcing request or id or title is null. Guid: @{outputs('Get_a_row_by_ID:_Retrieve_temp_uploaded_documents')?['body/aia_s2c_temp_uploaded_documentid']}."
                      },
                      "authentication": "@parameters('$authentication')"
                    }
                  }
                }
              },
              "expression": {
                "and": [
                  {
                    "not": {
                      "equals": [
                        "@outputs('Get_a_row_by_ID:_Retrieve_temp_uploaded_documents')?['body/_aia_sourcing_request_value']",
                        null
                      ]
                    }
                  },
                  {
                    "not": {
                      "equals": [
                        "@outputs('Get_a_row_by_ID:_Retrieve_temp_uploaded_documents')?['body/aia_sourcing_request/aia_name']",
                        ""
                      ]
                    }
                  },
                  {
                    "not": {
                      "equals": [
                        "@outputs('Get_a_row_by_ID:_Retrieve_temp_uploaded_documents')?['body/aia_sourcing_request/aia_requesttitle']",
                        ""
                      ]
                    }
                  }
                ]
              },
              "metadata": {
                "operationMetadataId": "1ca55b86-e71b-4a5f-bc87-0bf7417bcb75"
              },
              "type": "If"
            }
          },
          "runAfter": {
            "Filter_array:_Find_the_library": [
              "Succeeded"
            ]
          },
          "else": {
            "actions": {
              "Add_a_new_row:_Add_log_that_not_found_library_to_flow_log": {
                "runAfter": {},
                "metadata": {
                  "operationMetadataId": "eafb668c-4334-429d-8a80-4ad8593a0e1a"
                },
                "type": "OpenApiConnection",
                "inputs": {
                  "host": {
                    "connectionName": "shared_commondataserviceforapps",
                    "operationId": "CreateRecord",
                    "apiId": "/providers/Microsoft.PowerApps/apis/shared_commondataserviceforapps"
                  },
                  "parameters": {
                    "entityName": "aia_power_automate_flow_logs",
                    "item/aia_name": "AIA | S2C Upload Supporting Document to SharePoint",
                    "item/aia_message": "Not found library from sharepoint. Library name: @{split(variables('S2C_SharePoint_Sourcing_Request_Folder_Name'), '/')[0]}."
                  },
                  "authentication": "@parameters('$authentication')"
                }
              }
            }
          },
          "expression": {
            "greater": [
              "@length(body('Filter_array:_Find_the_library'))",
              0
            ]
          },
          "metadata": {
            "operationMetadataId": "565642d2-a3e6-48ba-b26d-e03cef6b706a"
          },
          "type": "If"
        },
        "Download_a_file_or_an_image:_Download_file_from_temp_uploaded_document": {
          "runAfter": {
            "Get_a_row_by_ID:_Retrieve_temp_uploaded_documents": [
              "Succeeded"
            ]
          },
          "metadata": {
            "operationMetadataId": "4fe7b4c0-3109-48f8-89fe-3e23db355ca3"
          },
          "type": "OpenApiConnection",
          "inputs": {
            "host": {
              "connectionName": "shared_commondataserviceforapps",
              "operationId": "GetEntityFileImageFieldContent",
              "apiId": "/providers/Microsoft.PowerApps/apis/shared_commondataserviceforapps"
            },
            "parameters": {
              "entityName": "aia_s2c_temp_uploaded_documents",
              "recordId": "@outputs('Get_a_row_by_ID:_Retrieve_temp_uploaded_documents')?['body/aia_s2c_temp_uploaded_documentid']",
              "fileImageFieldName": "aia_file"
            },
            "authentication": "@parameters('$authentication')"
          }
        },
        "Initialize_variable:_Create_file_name": {
          "runAfter": {
            "Download_a_file_or_an_image:_Download_file_from_temp_uploaded_document": [
              "Succeeded"
            ]
          },
          "metadata": {
            "operationMetadataId": "3b6be29d-8bd6-40f3-a146-f9b18723d5a8"
          },
          "type": "InitializeVariable",
          "inputs": {
            "variables": [
              {
                "name": "CreateFileName",
                "type": "string",
                "value": "@{outputs('Get_a_row_by_ID:_Retrieve_temp_uploaded_documents')?['body/aia_file_name']}"
              }
            ]
          }
        },
        "Run_a_Child_Flow:_Retrieve_SharePoint_Site_Address": {
          "runAfter": {
            "Initialize_variable:_Create_file_name": [
              "Succeeded"
            ]
          },
          "metadata": {
            "operationMetadataId": "b582c9fd-d23b-48f7-9c15-9ab503e22a31"
          },
          "type": "Workflow",
          "inputs": {
            "host": {
              "workflowReferenceName": "cb8c7cef-6161-ec11-8f8f-000d3a80eca3"
            },
            "body": {
              "text": "SharePoint_Site_Address"
            }
          }
        },
        "Run_a_Child_Flow:_Retrieve_SharePoint_AIA_S2C_Folder_Path": {
          "runAfter": {
            "Initialize_variable:_S2C_SharePoint_URL": [
              "Succeeded"
            ]
          },
          "metadata": {
            "operationMetadataId": "cc30b391-0009-40e0-8251-e2b3e63c3187"
          },
          "type": "Workflow",
          "inputs": {
            "host": {
              "workflowReferenceName": "cb8c7cef-6161-ec11-8f8f-000d3a80eca3"
            },
            "body": {
              "text": "SharePoint_AIA_S2C_Folder_Path"
            }
          }
        }
      },
      "outputs": {}
    },
    "templateName": ""
  },
  "schemaVersion": "1.0.0.0"
}