{
  "properties": {
    "connectionReferences": {
      "shared_commondataserviceforapps": {
        "runtimeSource": "embedded",
        "connection": {
          "connectionReferenceLogicalName": "aia_sharedcommondataserviceforapps_f04d4"
        },
        "api": {
          "name": "shared_commondataserviceforapps"
        }
      },
      "shared_office365": {
        "runtimeSource": "embedded",
        "connection": {
          "connectionReferenceLogicalName": "aia_sharedoffice365_b2416"
        },
        "api": {
          "name": "shared_office365"
        }
      },
      "shared_commondataserviceforapps_1": {
        "runtimeSource": "embedded",
        "connection": {
          "connectionReferenceLogicalName": "aia_sharedcommondataserviceforapps_1c6db"
        },
        "api": {
          "name": "shared_commondataserviceforapps"
        }
      }
    },
    "definition": {
      "$schema": "https://schema.management.azure.com/providers/Microsoft.Logic/schemas/2016-06-01/workflowdefinition.json#",
      "contentVersion": "1.0.0.0",
      "parameters": {
        "$connections": {
          "defaultValue": {},
          "type": "Object"
        },
        "$authentication": {
          "defaultValue": {},
          "type": "SecureObject"
        }
      },
      "triggers": {
        "manual": {
          "metadata": {
            "operationMetadataId": "576b7eb1-edd5-43d2-841c-3c5f5b85c7ce"
          },
          "type": "Request",
          "kind": "Button",
          "inputs": {
            "schema": {
              "type": "object",
              "properties": {
                "text": {
                  "title": "RequestID",
                  "type": "string",
                  "x-ms-dynamically-added": true,
                  "description": "Please enter your input",
                  "x-ms-content-hint": "TEXT"
                },
                "text_1": {
                  "title": "UserID",
                  "type": "string",
                  "x-ms-dynamically-added": true,
                  "description": "Please enter your input",
                  "x-ms-content-hint": "TEXT"
                }
              },
              "required": [
                "text",
                "text_1"
              ]
            }
          }
        }
      },
      "actions": {
        "Respond_to_a_PowerApp_or_flow": {
          "runAfter": {
            "Condition": [
              "Succeeded"
            ]
          },
          "metadata": {
            "operationMetadataId": "54850620-e6f1-4880-b773-6dd6edff7e6e"
          },
          "type": "Response",
          "kind": "PowerApp",
          "inputs": {
            "statusCode": 200,
            "body": {
              "response": "@variables('Result')"
            },
            "schema": {
              "type": "object",
              "properties": {
                "response": {
                  "title": "Response",
                  "x-ms-dynamically-added": true,
                  "type": "boolean"
                }
              }
            }
          }
        },
        "Condition": {
          "actions": {
            "NEW_List": {
              "runAfter": {
                "Condition_RoA_Approval_with_further_clarification_Length": [
                  "Succeeded"
                ]
              },
              "metadata": {
                "operationMetadataId": "d939c971-a62f-4888-8637-53ec0a74bbe6"
              },
              "type": "OpenApiConnection",
              "inputs": {
                "host": {
                  "connectionName": "shared_commondataserviceforapps",
                  "operationId": "ListRecords",
                  "apiId": "/providers/Microsoft.PowerApps/apis/shared_commondataserviceforapps"
                },
                "parameters": {
                  "entityName": "aia_news",
                  "$select": "aia_name,aia_individual_id,aia_newid,aia_last_name,aia_first_name",
                  "fetchXml": "<fetch top=\"5000\">\n  <entity name=\"aia_new\">\n    <attribute name=\"aia_name\" />\n    <attribute name=\"aia_individual_id\" />\n    <attribute name=\"aia_newid\" />\n    <attribute name=\"aia_last_name\" />\n    <attribute name=\"aia_first_name\" />\n    <filter>\n      <condition attribute=\"aia_roa\" operator=\"eq\" value=\"@{triggerBody()['text']}\" />\n      <condition attribute=\"statecode\" operator=\"ne\" value=\"1\" />\n    </filter>\n  </entity>\n</fetch>"
                },
                "authentication": {
                  "type": "Raw",
                  "value": "@json(decodeBase64(triggerOutputs().headers['X-MS-APIM-Tokens']))['$ConnectionKey']"
                }
              }
            },
            "Approval_Chains_List": {
              "runAfter": {
                "Condition_3": [
                  "Succeeded"
                ]
              },
              "metadata": {
                "operationMetadataId": "d1ffc4c1-bdfd-4576-b04c-f2505745e76d"
              },
              "type": "OpenApiConnection",
              "inputs": {
                "host": {
                  "connectionName": "shared_commondataserviceforapps",
                  "operationId": "ListRecords",
                  "apiId": "/providers/Microsoft.PowerApps/apis/shared_commondataserviceforapps"
                },
                "parameters": {
                  "entityName": "aia_approval_chains",
                  "$select": "aia_approval_chainid,aia_approval_chain_status,aia_name",
                  "fetchXml": "<fetch top=\"5000\">\n  <entity name=\"aia_approval_chain\">\n    <attribute name=\"aia_approval_chainid\" />\n    <attribute name=\"aia_approval_chain_status\" />\n    <attribute name=\"aia_name\" />\n    <filter>\n      <condition attribute=\"aia_roa\" operator=\"eq\" value=\"@{triggerBody()['text']}\" />\n      <condition attribute=\"statecode\" operator=\"eq\" value=\"0\" />\n    </filter>\n  </entity>\n</fetch>"
                },
                "authentication": {
                  "type": "Raw",
                  "value": "@json(decodeBase64(triggerOutputs().headers['X-MS-APIM-Tokens']))['$ConnectionKey']"
                }
              }
            },
            "Condition_RoA_Approval_Length": {
              "actions": {
                "Apply_to_each_Activity": {
                  "foreach": "@outputs('Get_RoA_Approval_List_By_RoAId')?['body/value']",
                  "actions": {
                    "Update_RoA_Approval_[Activity_Status]_=_“Cancelled”": {
                      "runAfter": {},
                      "metadata": {
                        "operationMetadataId": "ec05691e-6767-47fd-865d-6c8bf993c384"
                      },
                      "type": "OpenApiConnection",
                      "inputs": {
                        "host": {
                          "connectionName": "shared_commondataserviceforapps",
                          "operationId": "UpdateRecord",
                          "apiId": "/providers/Microsoft.PowerApps/apis/shared_commondataserviceforapps"
                        },
                        "parameters": {
                          "entityName": "aia_approval_activities",
                          "recordId": "@items('Apply_to_each_Activity')?['activityid']",
                          "item/statecode": 2
                        },
                        "authentication": {
                          "type": "Raw",
                          "value": "@json(decodeBase64(triggerOutputs().headers['X-MS-APIM-Tokens']))['$ConnectionKey']"
                        }
                      }
                    }
                  },
                  "runAfter": {},
                  "metadata": {
                    "operationMetadataId": "29a36360-6350-4476-b5f0-ec364b0ad99c"
                  },
                  "type": "Foreach"
                }
              },
              "runAfter": {
                "Get_RoA_Approval_List_By_RoAId": [
                  "Succeeded"
                ]
              },
              "expression": {
                "greaterOrEquals": [
                  "@length(outputs('Get_RoA_Approval_List_By_RoAId')?['body/value'])",
                  1
                ]
              },
              "metadata": {
                "operationMetadataId": "6b066e1a-2eb2-44c6-9b6e-2b2726ce95d0"
              },
              "type": "If"
            },
            "Condition_3": {
              "actions": {
                "Apply_to_each": {
                  "foreach": "@outputs('NEW_List')?['body/value']",
                  "actions": {
                    "Update_[New].[Individual_Status]_=_“Rejected”": {
                      "runAfter": {},
                      "metadata": {
                        "operationMetadataId": "4256e51a-98f8-456d-b74d-3581ed1e15d5"
                      },
                      "type": "OpenApiConnection",
                      "inputs": {
                        "host": {
                          "connectionName": "shared_commondataserviceforapps",
                          "operationId": "UpdateRecord",
                          "apiId": "/providers/Microsoft.PowerApps/apis/shared_commondataserviceforapps"
                        },
                        "parameters": {
                          "entityName": "aia_news",
                          "recordId": "@items('Apply_to_each')?['aia_newid']",
                          "item/aia_individual_status": 4
                        },
                        "authentication": {
                          "type": "Raw",
                          "value": "@json(decodeBase64(triggerOutputs().headers['X-MS-APIM-Tokens']))['$ConnectionKey']"
                        }
                      }
                    },
                    "Individual_ID_is_Not_empty": {
                      "actions": {
                        "Append_to_IndividualIDs": {
                          "runAfter": {},
                          "metadata": {
                            "operationMetadataId": "2190f535-ba21-4cf3-921e-5c9dc63b622d"
                          },
                          "type": "AppendToArrayVariable",
                          "inputs": {
                            "name": "IndividualIDs",
                            "value": "@items('Apply_to_each')?['aia_individual_id']"
                          }
                        }
                      },
                      "runAfter": {
                        "Update_[New].[Individual_Status]_=_“Rejected”": [
                          "Succeeded"
                        ]
                      },
                      "expression": {
                        "equals": [
                          "@not(empty(items('Apply_to_each')?['aia_individual_id']))",
                          true
                        ]
                      },
                      "metadata": {
                        "operationMetadataId": "82e5d4df-f518-489d-ab6f-7c5c8f61399c"
                      },
                      "type": "If"
                    },
                    "Individual_name_is_Not_empty": {
                      "actions": {
                        "Append_to_IndividualNames": {
                          "runAfter": {},
                          "metadata": {
                            "operationMetadataId": "0601246a-5435-42f7-8e84-5f816f771b15"
                          },
                          "type": "AppendToArrayVariable",
                          "inputs": {
                            "name": "IndividualNames",
                            "value": "@{items('Apply_to_each')?['aia_first_name']} @{items('Apply_to_each')?['aia_last_name']}"
                          }
                        }
                      },
                      "runAfter": {
                        "Individual_ID_is_Not_empty": [
                          "Succeeded"
                        ]
                      },
                      "expression": {
                        "equals": [
                          "@not(empty(concat(items('Apply_to_each')?['aia_first_name'],items('Apply_to_each')?['aia_last_name'])))",
                          true
                        ]
                      },
                      "metadata": {
                        "operationMetadataId": "a611167b-c959-421c-a317-5bbc249612bb"
                      },
                      "type": "If"
                    }
                  },
                  "runAfter": {},
                  "metadata": {
                    "operationMetadataId": "e7f2230b-e193-4d9a-933d-d5ba3f826ae1"
                  },
                  "type": "Foreach"
                }
              },
              "runAfter": {
                "NEW_List": [
                  "Succeeded"
                ]
              },
              "expression": {
                "greaterOrEquals": [
                  "@length(outputs('NEW_List')?['body/value'])",
                  1
                ]
              },
              "metadata": {
                "operationMetadataId": "73c40654-f673-4f04-8d58-b8de1a73a168"
              },
              "type": "If"
            },
            "Condition_4": {
              "actions": {
                "Apply_to_each_[Approval_Chain].[Approval_Chain_Status]_=_Rejected_": {
                  "foreach": "@outputs('Approval_Chains_List')?['body/value']",
                  "actions": {
                    "Update_[Approval_Chain].[Approval_Chain_Status]_=_Rejected_": {
                      "runAfter": {},
                      "metadata": {
                        "operationMetadataId": "127e5b10-2b49-42e4-add1-07aee8df4d28"
                      },
                      "type": "OpenApiConnection",
                      "inputs": {
                        "host": {
                          "connectionName": "shared_commondataserviceforapps",
                          "operationId": "UpdateRecord",
                          "apiId": "/providers/Microsoft.PowerApps/apis/shared_commondataserviceforapps"
                        },
                        "parameters": {
                          "entityName": "aia_approval_chains",
                          "recordId": "@items('Apply_to_each_[Approval_Chain].[Approval_Chain_Status]_=_Rejected_')?['aia_approval_chainid']",
                          "item/aia_approval_chain_status": 4
                        },
                        "authentication": {
                          "type": "Raw",
                          "value": "@json(decodeBase64(triggerOutputs().headers['X-MS-APIM-Tokens']))['$ConnectionKey']"
                        }
                      }
                    },
                    "Find_Approval_Chain_Approver": {
                      "runAfter": {
                        "Update_[Approval_Chain].[Approval_Chain_Status]_=_Rejected_": [
                          "Succeeded"
                        ]
                      },
                      "metadata": {
                        "operationMetadataId": "84f2efc8-529c-4940-bb7d-64c9b61c5709"
                      },
                      "type": "OpenApiConnection",
                      "inputs": {
                        "host": {
                          "connectionName": "shared_commondataserviceforapps",
                          "operationId": "ListRecords",
                          "apiId": "/providers/Microsoft.PowerApps/apis/shared_commondataserviceforapps"
                        },
                        "parameters": {
                          "entityName": "aia_approval_chain_approvers",
                          "$select": "aia_approval_chain_approverid",
                          "fetchXml": "<fetch top=\"5000\">\n  <entity name=\"aia_approval_chain_approver\">\n    <attribute name=\"aia_approval_chain_approverid\" />\n    <attribute name=\"aia_approval_chain\" />\n    <filter>\n      <condition attribute=\"aia_approval_chain\" operator=\"eq\" value=\"@{items('Apply_to_each_[Approval_Chain].[Approval_Chain_Status]_=_Rejected_')?['aia_approval_chainid']}\" />\n      <condition attribute=\"statecode\" operator=\"eq\" value=\"0\" />\n      <filter type=\"or\">\n        <condition attribute=\"aia_approval_status\" operator=\"eq\" value=\"2\" />\n        <condition attribute=\"aia_approval_status\" operator=\"eq\" value=\"1\" />\n      </filter>\n    </filter>\n  </entity>\n</fetch>"
                        },
                        "authentication": {
                          "type": "Raw",
                          "value": "@json(decodeBase64(triggerOutputs().headers['X-MS-APIM-Tokens']))['$ConnectionKey']"
                        }
                      }
                    },
                    "Condition_2": {
                      "actions": {
                        "Apply_Approval_Chain_Approver_to_Rejected": {
                          "foreach": "@outputs('Find_Approval_Chain_Approver')?['body/value']",
                          "actions": {
                            "Update_[Approval_Chain].[Approval_Chain_Approver].[Approval_Status]_Rejected_": {
                              "runAfter": {},
                              "metadata": {
                                "operationMetadataId": "b1f596ab-3f4f-45de-bfa5-8b48d324b01b"
                              },
                              "type": "OpenApiConnection",
                              "inputs": {
                                "host": {
                                  "connectionName": "shared_commondataserviceforapps",
                                  "operationId": "UpdateRecord",
                                  "apiId": "/providers/Microsoft.PowerApps/apis/shared_commondataserviceforapps"
                                },
                                "parameters": {
                                  "entityName": "aia_approval_chain_approvers",
                                  "recordId": "@items('Apply_Approval_Chain_Approver_to_Rejected')?['aia_approval_chain_approverid']",
                                  "item/aia_approval_status": 4
                                },
                                "authentication": {
                                  "type": "Raw",
                                  "value": "@json(decodeBase64(triggerOutputs().headers['X-MS-APIM-Tokens']))['$ConnectionKey']"
                                }
                              }
                            }
                          },
                          "runAfter": {},
                          "metadata": {
                            "operationMetadataId": "af884b2f-7f85-4d94-b604-6a9a113633d6"
                          },
                          "type": "Foreach"
                        }
                      },
                      "runAfter": {
                        "Find_Approval_Chain_Approver": [
                          "Succeeded"
                        ]
                      },
                      "expression": {
                        "greaterOrEquals": [
                          "@length(outputs('Find_Approval_Chain_Approver')?['body/value'])",
                          1
                        ]
                      },
                      "metadata": {
                        "operationMetadataId": "822c40f2-5853-4f95-bd23-f33ea4139ef8"
                      },
                      "type": "If"
                    }
                  },
                  "runAfter": {},
                  "metadata": {
                    "operationMetadataId": "1f5bbe9f-4522-4f09-90fc-58d2c74bbcb9"
                  },
                  "type": "Foreach"
                }
              },
              "runAfter": {
                "Approval_Chains_List": [
                  "Succeeded"
                ]
              },
              "expression": {
                "greaterOrEquals": [
                  "@length(outputs('Approval_Chains_List')?['body/value'])",
                  1
                ]
              },
              "metadata": {
                "operationMetadataId": "0328ee90-91bb-422e-b333-3a55b7bd24a8"
              },
              "type": "If"
            },
            "Approval_Feedback_Histories": {
              "runAfter": {
                "Add_Actityty_Log": [
                  "Succeeded"
                ]
              },
              "metadata": {
                "operationMetadataId": "c120b935-3efe-461c-a2a5-12a7582c3cb8"
              },
              "type": "OpenApiConnection",
              "inputs": {
                "host": {
                  "connectionName": "shared_commondataserviceforapps",
                  "operationId": "ListRecords",
                  "apiId": "/providers/Microsoft.PowerApps/apis/shared_commondataserviceforapps"
                },
                "parameters": {
                  "entityName": "aia_approval_feedback_histories",
                  "fetchXml": "<fetch top=\"1\" >\n  <entity name=\"aia_approval_feedback_history\" >\n    <attribute name=\"aia_feedback\" />\n    <attribute name=\"ownerid\" />\n    <order attribute=\"createdon\" descending=\"true\" />\n    <link-entity name=\"aia_approval_chain\" from=\"aia_approval_chainid\" to=\"aia_approval_chain\" link-type=\"inner\" >\n      <filter type=\"and\" >\n        <condition attribute=\"aia_roa\" operator=\"eq\" value=\"@{triggerBody()['text']}\" />\n        <condition attribute=\"aia_approval_chain_status\" operator=\"eq\" value=\"4\" />\n      </filter>\n    </link-entity>\n  </entity>\n</fetch>",
                  "$top": 1
                },
                "authentication": {
                  "type": "Raw",
                  "value": "@json(decodeBase64(triggerOutputs().headers['X-MS-APIM-Tokens']))['$ConnectionKey']"
                }
              }
            },
            "Find_Config": {
              "runAfter": {
                "Approval_Feedback_Histories": [
                  "Succeeded"
                ]
              },
              "metadata": {
                "operationMetadataId": "e173303e-d66a-42fb-ba19-7d77c183b556"
              },
              "type": "Workflow",
              "inputs": {
                "host": {
                  "workflowReferenceName": "cb8c7cef-6161-ec11-8f8f-000d3a80eca3"
                },
                "body": {
                  "text": "Actionable_Email_Provider_Id"
                }
              }
            },
            "List_Users": {
              "runAfter": {
                "Condition_4": [
                  "Succeeded"
                ]
              },
              "metadata": {
                "operationMetadataId": "1de083c0-5030-4c20-8697-21fbec881dcc"
              },
              "type": "OpenApiConnection",
              "inputs": {
                "host": {
                  "connectionName": "shared_commondataserviceforapps",
                  "operationId": "ListRecords",
                  "apiId": "/providers/Microsoft.PowerApps/apis/shared_commondataserviceforapps"
                },
                "parameters": {
                  "entityName": "systemusers",
                  "fetchXml": "<fetch top=\"1\">\n  <entity name=\"systemuser\">\n    <attribute name=\"fullname\" />\n    <filter>\n      <condition attribute=\"systemuserid\" operator=\"eq\" value=\"@{triggerBody()['text_1']}\" />\n    </filter>\n  </entity>\n</fetch>"
                },
                "authentication": {
                  "type": "Raw",
                  "value": "@json(decodeBase64(triggerOutputs().headers['X-MS-APIM-Tokens']))['$ConnectionKey']"
                }
              }
            },
            "Get_RoA_Clarifications_List_By_RoAId": {
              "runAfter": {
                "Condition_RoA_Approval_Length": [
                  "Succeeded"
                ]
              },
              "metadata": {
                "operationMetadataId": "ccf9392e-d1f2-43ed-b5f6-1f3eb02aa59f"
              },
              "type": "OpenApiConnection",
              "inputs": {
                "host": {
                  "connectionName": "shared_commondataserviceforapps",
                  "operationId": "ListRecords",
                  "apiId": "/providers/Microsoft.PowerApps/apis/shared_commondataserviceforapps"
                },
                "parameters": {
                  "entityName": "aia_approval_clarification_notices",
                  "$select": "activityid",
                  "fetchXml": "<fetch top=\"5000\">\n  <entity name=\"aia_approval_clarification_notice\">\n    <attribute name=\"activityid\" />\n    <filter>\n      <condition attribute=\"regardingobjectid\" operator=\"eq\" value=\"@{triggerBody()['text']}\" />\n      <condition attribute=\"statuscode\" operator=\"eq\" value=\"1\" />\n    </filter>\n  </entity>\n</fetch>"
                },
                "authentication": {
                  "type": "Raw",
                  "value": "@json(decodeBase64(triggerOutputs().headers['X-MS-APIM-Tokens']))['$ConnectionKey']"
                }
              }
            },
            "Get_RoA_Approval_-_with_further_clarification_List_By_RoAId": {
              "runAfter": {
                "Condition_RoA_Clarifications_Length": [
                  "Succeeded"
                ]
              },
              "metadata": {
                "operationMetadataId": "ccf9392e-d1f2-43ed-b5f6-1f3eb02aa59f"
              },
              "type": "OpenApiConnection",
              "inputs": {
                "host": {
                  "connectionName": "shared_commondataserviceforapps",
                  "operationId": "ListRecords",
                  "apiId": "/providers/Microsoft.PowerApps/apis/shared_commondataserviceforapps"
                },
                "parameters": {
                  "entityName": "aia_clarification_submitted_notices",
                  "$select": "activityid",
                  "fetchXml": "<fetch top=\"5000\">\n  <entity name=\"aia_clarification_submitted_notice\">\n    <attribute name=\"activityid\" />\n    <filter>\n      <condition attribute=\"regardingobjectid\" operator=\"eq\" value=\"@{triggerBody()['text']}\" />\n      <condition attribute=\"statuscode\" operator=\"eq\" value=\"1\" />\n    </filter>\n  </entity>\n</fetch>"
                },
                "authentication": {
                  "type": "Raw",
                  "value": "@json(decodeBase64(triggerOutputs().headers['X-MS-APIM-Tokens']))['$ConnectionKey']"
                }
              }
            },
            "Condition_RoA_Clarifications_Length": {
              "actions": {
                "Apply_to_each_RoA_Clarifications": {
                  "foreach": "@outputs('Get_RoA_Clarifications_List_By_RoAId')?['body/value']",
                  "actions": {
                    "Update_RoA_Clarifications_[Activity_Status]_=_“Cancelled”": {
                      "runAfter": {},
                      "metadata": {
                        "operationMetadataId": "ec05691e-6767-47fd-865d-6c8bf993c384"
                      },
                      "type": "OpenApiConnection",
                      "inputs": {
                        "host": {
                          "connectionName": "shared_commondataserviceforapps",
                          "operationId": "UpdateRecord",
                          "apiId": "/providers/Microsoft.PowerApps/apis/shared_commondataserviceforapps"
                        },
                        "parameters": {
                          "entityName": "aia_approval_clarification_notices",
                          "recordId": "@items('Apply_to_each_RoA_Clarifications')?['activityid']",
                          "item/statecode": 2
                        },
                        "authentication": {
                          "type": "Raw",
                          "value": "@json(decodeBase64(triggerOutputs().headers['X-MS-APIM-Tokens']))['$ConnectionKey']"
                        }
                      }
                    }
                  },
                  "runAfter": {},
                  "metadata": {
                    "operationMetadataId": "29a36360-6350-4476-b5f0-ec364b0ad99c"
                  },
                  "type": "Foreach"
                }
              },
              "runAfter": {
                "Get_RoA_Clarifications_List_By_RoAId": [
                  "Succeeded"
                ]
              },
              "expression": {
                "greaterOrEquals": [
                  "@length(outputs('Get_RoA_Clarifications_List_By_RoAId')?['body/value'])",
                  1
                ]
              },
              "metadata": {
                "operationMetadataId": "6b066e1a-2eb2-44c6-9b6e-2b2726ce95d0"
              },
              "type": "If"
            },
            "Condition_RoA_Approval_with_further_clarification_Length": {
              "actions": {
                "Apply_to_each_RoA_Approval_with_further_clarification_": {
                  "foreach": "@outputs('Get_RoA_Approval_-_with_further_clarification_List_By_RoAId')?['body/value']",
                  "actions": {
                    "Update_RoA_Approval_with_further_clarification_[Activity_Status]_=_“Cancelled”": {
                      "runAfter": {},
                      "metadata": {
                        "operationMetadataId": "ec05691e-6767-47fd-865d-6c8bf993c384"
                      },
                      "type": "OpenApiConnection",
                      "inputs": {
                        "host": {
                          "connectionName": "shared_commondataserviceforapps",
                          "operationId": "UpdateRecord",
                          "apiId": "/providers/Microsoft.PowerApps/apis/shared_commondataserviceforapps"
                        },
                        "parameters": {
                          "entityName": "aia_clarification_submitted_notices",
                          "recordId": "@items('Apply_to_each_RoA_Approval_with_further_clarification_')?['activityid']",
                          "item/statecode": 2
                        },
                        "authentication": {
                          "type": "Raw",
                          "value": "@json(decodeBase64(triggerOutputs().headers['X-MS-APIM-Tokens']))['$ConnectionKey']"
                        }
                      }
                    }
                  },
                  "runAfter": {},
                  "metadata": {
                    "operationMetadataId": "29a36360-6350-4476-b5f0-ec364b0ad99c"
                  },
                  "type": "Foreach"
                }
              },
              "runAfter": {
                "Get_RoA_Approval_-_with_further_clarification_List_By_RoAId": [
                  "Succeeded"
                ]
              },
              "expression": {
                "greaterOrEquals": [
                  "@length(outputs('Get_RoA_Approval_-_with_further_clarification_List_By_RoAId')?['body/value'])",
                  1
                ]
              },
              "metadata": {
                "operationMetadataId": "6b066e1a-2eb2-44c6-9b6e-2b2726ce95d0"
              },
              "type": "If"
            },
            "Find_Not_Reply_Email_Address": {
              "runAfter": {
                "Find_Config": [
                  "Succeeded"
                ]
              },
              "metadata": {
                "operationMetadataId": "07559b3c-0ea0-4240-a79e-aaab727dfea2"
              },
              "type": "Workflow",
              "inputs": {
                "host": {
                  "workflowReferenceName": "cb8c7cef-6161-ec11-8f8f-000d3a80eca3"
                },
                "body": {
                  "text": "Not_Reply_Email_Address"
                }
              }
            },
            "Update_[Request].[Request_Status]_=_“Rejected”": {
              "runAfter": {},
              "metadata": {
                "operationMetadataId": "2167ab99-8602-426f-91f9-d03e9a3f497d"
              },
              "type": "OpenApiConnection",
              "inputs": {
                "host": {
                  "connectionName": "shared_commondataserviceforapps",
                  "operationId": "UpdateRecord",
                  "apiId": "/providers/Microsoft.PowerApps/apis/shared_commondataserviceforapps"
                },
                "parameters": {
                  "entityName": "aia_roas",
                  "recordId": "@triggerBody()['text']",
                  "item/aia_roa_stage": 6,
                  "item/aia_roa_status": 4
                },
                "authentication": {
                  "type": "Raw",
                  "value": "@json(decodeBase64(triggerOutputs().headers['X-MS-APIM-Tokens']))['$ConnectionKey']"
                }
              }
            },
            "Get_RoA_Approval_List_By_RoAId": {
              "runAfter": {
                "Check_exist_Initiate_New_Supplier_Contract_Reviews": [
                  "Succeeded"
                ]
              },
              "metadata": {
                "operationMetadataId": "ccf9392e-d1f2-43ed-b5f6-1f3eb02aa59f"
              },
              "type": "OpenApiConnection",
              "inputs": {
                "host": {
                  "connectionName": "shared_commondataserviceforapps",
                  "operationId": "ListRecords",
                  "apiId": "/providers/Microsoft.PowerApps/apis/shared_commondataserviceforapps"
                },
                "parameters": {
                  "entityName": "aia_approval_activities",
                  "$select": "activityid",
                  "fetchXml": "<fetch top=\"5000\">\n  <entity name=\"aia_approval_activity\">\n    <attribute name=\"activityid\" />\n    <filter>\n      <condition attribute=\"regardingobjectid\" operator=\"eq\" value=\"@{triggerBody()['text']}\" />\n      <condition attribute=\"statuscode\" operator=\"eq\" value=\"1\" />\n    </filter>\n  </entity>\n</fetch>"
                },
                "authentication": {
                  "type": "Raw",
                  "value": "@json(decodeBase64(triggerOutputs().headers['X-MS-APIM-Tokens']))['$ConnectionKey']"
                }
              }
            },
            "Find_Canvas_DeepLink_URL": {
              "runAfter": {
                "Find_Not_Reply_Email_Address": [
                  "Succeeded"
                ]
              },
              "metadata": {
                "operationMetadataId": "eff08ab9-a107-4a18-a721-3fb3a33ab3e9"
              },
              "type": "Workflow",
              "inputs": {
                "host": {
                  "workflowReferenceName": "cb8c7cef-6161-ec11-8f8f-000d3a80eca3"
                },
                "body": {
                  "text": "Canvas_DeepLink_URL"
                }
              }
            },
            "Check_Email_To_address_is_not_empty": {
              "actions": {
                "Compose_email_Content": {
                  "runAfter": {},
                  "metadata": {
                    "operationMetadataId": "64640ff5-256f-4056-865a-4d51ea97284d"
                  },
                  "type": "Compose",
                  "inputs": {
                    "type": "AdaptiveCard",
                    "body": [
                      {
                        "type": "ColumnSet",
                        "style": "emphasis",
                        "columns": [
                          {
                            "type": "Column",
                            "items": [
                              {
                                "type": "TextBlock",
                                "text": "Hi @{body('Run_Concatenate_Email_To_Address_and_Name')?['names']}",
                                "wrap": true
                              }
                            ],
                            "width": "stretch",
                            "padding": "None"
                          }
                        ],
                        "padding": "Default",
                        "spacing": "None"
                      },
                      {
                        "type": "Container",
                        "items": [
                          {
                            "type": "TextBlock",
                            "text": "The captioned request has been rejected by @{first(body('List_Users')?['value'])?['fullname']}. ",
                            "wrap": true
                          }
                        ],
                        "padding": "Default",
                        "spacing": "None",
                        "separator": true
                      },
                      {
                        "type": "Container",
                        "id": "7d00f965-40bb-9fc3-ff7b-a9b82a09ead4",
                        "padding": "Default",
                        "items": [
                          {
                            "type": "TextBlock",
                            "id": "d43c22dd-22b2-af25-da2b-e3ee1089c81b",
                            "text": "Request details",
                            "wrap": true,
                            "size": "Large",
                            "weight": "Bolder"
                          },
                          {
                            "type": "FactSet",
                            "id": "3410ff08-44e0-1669-b22a-2e24c7159482",
                            "facts": [
                              {
                                "title": "ROA ID/ Request ID",
                                "value": "@{first(body('Get_Request_By_ID')?['value'])?['aia_name']}"
                              },
                              {
                                "title": "Individual ID(s)",
                                "value": "@{join(variables('IndividualIDs'),',')}"
                              },
                              {
                                "title": "Individual Name(s)",
                                "value": "@{join(variables('IndividualNames'),',')}"
                              },
                              {
                                "title": "Supplier Name",
                                "value": "@{first(body('Get_Request_By_ID')?['value'])?['aia_supplier_name_for_search']}"
                              },
                              {
                                "title": "Request Submission Date",
                                "value": "@{if(not(empty(first(body('Get_Request_By_ID')?['value'])?['aia_submit_date'])),convertTimeZone(first(body('Get_Request_By_ID')?['value'])?['aia_submit_date'], 'UTC', 'China Standard Time', 'dd-MMM-yyyy'),' ')}"
                              },
                              {
                                "title": "Approver’s Feedback",
                                "value": "@{if(not(empty(first(body('Approval_Feedback_Histories')?['value'])?['aia_feedback'])), first(body('Approval_Feedback_Histories')?['value'])?['aia_feedback'], ' ')}"
                              }
                            ]
                          }
                        ],
                        "spacing": "None",
                        "separator": true
                      },
                      {
                        "type": "Container",
                        "items": [
                          {
                            "type": "TextBlock",
                            "id": "6e737abb-2087-ded6-d788-abead3668dda",
                            "text": "Please log in to SODA Portal  to review more details regarding the request or to raise another request. Thank you!",
                            "wrap": true
                          }
                        ],
                        "padding": "Default",
                        "spacing": "None",
                        "separator": true
                      },
                      {
                        "type": "Container",
                        "id": "353b659f-b668-fac0-5b7f-5d2f1bdb46ac",
                        "padding": "Default",
                        "items": [
                          {
                            "type": "TextBlock",
                            "id": "3cf334f9-66a5-e0ab-cb3c-959cd7ab4c83",
                            "text": "Best Regards,\n\n",
                            "wrap": true
                          },
                          {
                            "type": "TextBlock",
                            "id": "09f00921-5a58-c4d4-00d9-d82f4a69ca87",
                            "text": "Group Sourcing ",
                            "wrap": true,
                            "spacing": "None"
                          }
                        ],
                        "spacing": "None",
                        "separator": true
                      }
                    ],
                    "$schema": "http://adaptivecards.io/schemas/adaptive-card.json",
                    "version": "1.0",
                    "padding": "None",
                    "hideOriginalBody": true,
                    "originator": "@{body('Find_Config')?['result']}"
                  }
                },
                "Compose_Script": {
                  "runAfter": {
                    "Compose_email_Content": [
                      "Succeeded"
                    ]
                  },
                  "metadata": {
                    "operationMetadataId": "497bd7e4-c92c-49b5-8f61-7837bf044d9d"
                  },
                  "type": "Compose",
                  "inputs": "<script type=\"application/adaptivecard+json\">\n@{outputs('Compose_email_Content')}\n</script>"
                },
                "Send_an_email_2.8_Notification:_Request_rejected_notification": {
                  "runAfter": {
                    "Compose_Script": [
                      "Succeeded"
                    ]
                  },
                  "metadata": {
                    "operationMetadataId": "dc3b95ab-8389-4cb1-90c3-a130deb0e5e4"
                  },
                  "type": "OpenApiConnection",
                  "inputs": {
                    "host": {
                      "connectionName": "shared_office365",
                      "operationId": "SendEmailV2",
                      "apiId": "/providers/Microsoft.PowerApps/apis/shared_office365"
                    },
                    "parameters": {
                      "emailMessage/To": "@body('Run_Concatenate_Email_To_Address_and_Name')?['emails']",
                      "emailMessage/Subject": "[Notification] Request rejected_@{first(body('Get_Request_By_ID')?['value'])?['aia_name']}",
                      "emailMessage/Body": "<div class=\"Section0\" style=\"layout-grid:15.6000pt;\">\n\t<p class=MsoNormal style=\"margin-top:0.0000pt;margin-right:0.0000pt;margin-bottom:10.0000pt;\nmargin-left:0.0000pt;mso-pagination:widow-orphan;text-align:left;\nline-height:114%;\"><span style=\"mso-spacerun:'yes';font-family:Arial;mso-fareast-font-family:'Times New Roman';\nmso-bidi-font-family:'Times New Roman';line-height:114%;font-size:11.0000pt;\nmso-font-kerning:6.0000pt;\">Hi @{body('Run_Concatenate_Email_To_Address_and_Name')?['names']},</span><span style=\"mso-spacerun:'yes';font-family:Calibri;mso-fareast-font-family:??;\nmso-bidi-font-family:'Times New Roman';font-size:11.0000pt;mso-font-kerning:1.0000pt;\">\n\t\t\t<o:p></o:p>\n\t\t</span></p>\n\t<p class=MsoNormal style=\"margin-top:0.0000pt;margin-right:0.0000pt;margin-bottom:10.0000pt;\nmargin-left:0.0000pt;mso-pagination:widow-orphan;text-align:left;\nline-height:114%;\"><span style=\"mso-spacerun:'yes';font-family:Arial;mso-fareast-font-family:'Times New Roman';\nmso-bidi-font-family:'Times New Roman';line-height:114%;font-size:11.0000pt;\nmso-font-kerning:6.0000pt;\">Your request below has been rejected by @{first(body('List_Users')?['value'])?['fullname']}. </span><span style=\"mso-spacerun:'yes';font-family:Calibri;mso-fareast-font-family:??;\nmso-bidi-font-family:'Times New Roman';font-size:11.0000pt;mso-font-kerning:1.0000pt;\">\n\t\t\t<o:p></o:p>\n\t\t</span></p>\n\t<table class=MsoTableGrid border=1 cellspacing=0 style=\"border-collapse:collapse;border:none;mso-border-left-alt:none;\nmso-border-top-alt:none;mso-border-right-alt:none;mso-border-bottom-alt:none;\nmso-border-insideh:none;mso-border-insidev:none;mso-padding-alt:0.0000pt 5.4000pt 0.0000pt 5.4000pt ;\">\n\t\t<tr>\n\t\t\t<td width=560 valign=top colspan=2 style=\"width:420.4500pt;padding:0.0000pt 5.4000pt 0.0000pt 5.4000pt ;border-left:none;\nmso-border-left-alt:none;border-right:none;mso-border-right-alt:none;\nborder-top:none;mso-border-top-alt:none;border-bottom:none;\nmso-border-bottom-alt:none;background:rgb(217,217,217);\">\n\t\t\t\t<p class=MsoNormal style=\"margin-top:0.0000pt;margin-right:0.0000pt;margin-bottom:3.0000pt;\nmargin-left:0.0000pt;mso-pagination:widow-orphan;text-align:left;\"><b><span style=\"font-family:Arial;mso-fareast-font-family:'Times New Roman';mso-bidi-font-family:'Times New Roman';\nfont-weight:bold;font-size:11.0000pt;mso-font-kerning:6.0000pt;\">R</span></b><b><span style=\"font-family:Arial;mso-fareast-font-family:'Times New Roman';mso-bidi-font-family:'Times New Roman';\nfont-weight:bold;font-size:11.0000pt;mso-font-kerning:6.0000pt;\">equest details</span></b><b><span style=\"font-family:Calibri;mso-fareast-font-family:??;mso-bidi-font-family:'Times New Roman';\nfont-weight:bold;font-size:11.0000pt;mso-font-kerning:1.0000pt;\">\n\t\t\t\t\t\t\t<o:p></o:p>\n\t\t\t\t\t\t</span></b></p>\n\t\t\t</td>\n\t\t</tr>\n\t\t<tr>\n\t\t\t<td width=166 valign=top style=\"width:124.9500pt;padding:0.0000pt 5.4000pt 0.0000pt 5.4000pt ;border-left:none;\nmso-border-left-alt:none;border-right:none;mso-border-right-alt:none;\nborder-top:none;mso-border-top-alt:none;border-bottom:none;\nmso-border-bottom-alt:none;\">\n\t\t\t\t<p class=MsoNormal style=\"margin-top:0.0000pt;margin-right:0.0000pt;margin-bottom:6.0000pt;\nmargin-left:0.0000pt;mso-pagination:widow-orphan;text-align:left;\"><span style=\"font-family:Arial;mso-fareast-font-family:'Times New Roman';mso-bidi-font-family:'Times New Roman';\nfont-size:11.0000pt;mso-font-kerning:6.0000pt;\">ROA ID/ Request ID</span><span style=\"font-family:Calibri;mso-fareast-font-family:??;mso-bidi-font-family:'Times New Roman';\nfont-size:11.0000pt;mso-font-kerning:1.0000pt;\">\n\t\t\t\t\t\t<o:p></o:p>\n\t\t\t\t\t</span></p>\n\t\t\t</td>\n\t\t\t<td width=394 valign=top style=\"width:295.5000pt;padding:0.0000pt 5.4000pt 0.0000pt 5.4000pt ;border-left:none;\nmso-border-left-alt:none;border-right:none;mso-border-right-alt:none;\nborder-top:none;mso-border-top-alt:none;border-bottom:none;\nmso-border-bottom-alt:none;\">\n\t\t\t\t<p class=MsoNormal style=\"margin-top:3.0000pt;margin-right:0.0000pt;margin-bottom:6.0000pt;\nmargin-left:0.0000pt;mso-pagination:widow-orphan;text-align:left;\"><span style=\"font-family:Arial;mso-fareast-font-family:'Times New Roman';mso-bidi-font-family:'Times New Roman';\nfont-size:11.0000pt;mso-font-kerning:6.0000pt;background:rgb(192,192,192);\nmso-highlight:rgb(192,192,192);\">@{first(body('Get_Request_By_ID')?['value'])?['aia_name']}</span><span style=\"font-family:Calibri;mso-fareast-font-family:??;mso-bidi-font-family:'Times New Roman';\nfont-size:11.0000pt;mso-font-kerning:1.0000pt;background:rgb(192,192,192);\nmso-highlight:rgb(192,192,192);\">\n\t\t\t\t\t\t<o:p></o:p>\n\t\t\t\t\t</span></p>\n\t\t\t</td>\n\t\t</tr>\n\t\t<tr>\n\t\t\t<td width=166 valign=top style=\"width:124.9500pt;padding:0.0000pt 5.4000pt 0.0000pt 5.4000pt ;border-left:none;\nmso-border-left-alt:none;border-right:none;mso-border-right-alt:none;\nborder-top:none;mso-border-top-alt:none;border-bottom:none;\nmso-border-bottom-alt:none;\">\n\t\t\t\t<p class=MsoNormal style=\"margin-top:0.0000pt;margin-right:0.0000pt;margin-bottom:6.0000pt;\nmargin-left:0.0000pt;mso-pagination:widow-orphan;text-align:left;\"><span style=\"font-family:Arial;mso-fareast-font-family:'Times New Roman';mso-bidi-font-family:'Times New Roman';\nfont-size:11.0000pt;mso-font-kerning:6.0000pt;\">Individual ID(s)</span><span style=\"font-family:Calibri;mso-fareast-font-family:??;mso-bidi-font-family:'Times New Roman';\nfont-size:11.0000pt;mso-font-kerning:1.0000pt;\">\n\t\t\t\t\t\t<o:p></o:p>\n\t\t\t\t\t</span></p>\n\t\t\t</td>\n\t\t\t<td width=394 valign=top style=\"width:295.5000pt;padding:0.0000pt 5.4000pt 0.0000pt 5.4000pt ;border-left:none;\nmso-border-left-alt:none;border-right:none;mso-border-right-alt:none;\nborder-top:none;mso-border-top-alt:none;border-bottom:none;\nmso-border-bottom-alt:none;\">\n\t\t\t\t<p class=MsoNormal style=\"margin-top:0.0000pt;margin-right:0.0000pt;margin-bottom:6.0000pt;\nmargin-left:0.0000pt;mso-pagination:widow-orphan;text-align:left;\"><span style=\"font-family:Arial;mso-fareast-font-family:'Times New Roman';mso-bidi-font-family:'Times New Roman';\nfont-size:11.0000pt;mso-font-kerning:6.0000pt;background:rgb(192,192,192);\nmso-highlight:rgb(192,192,192);\">@{join(variables('IndividualIDs'),',')}</span><span style=\"font-family:Calibri;mso-fareast-font-family:??;mso-bidi-font-family:'Times New Roman';\nfont-size:11.0000pt;mso-font-kerning:1.0000pt;background:rgb(192,192,192);\nmso-highlight:rgb(192,192,192);\">\n\t\t\t\t\t\t<o:p></o:p>\n\t\t\t\t\t</span></p>\n\t\t\t</td>\n\t\t</tr>\n\t\t<tr>\n\t\t\t<td width=166 valign=top style=\"width:124.9500pt;padding:0.0000pt 5.4000pt 0.0000pt 5.4000pt ;border-left:none;\nmso-border-left-alt:none;border-right:none;mso-border-right-alt:none;\nborder-top:none;mso-border-top-alt:none;border-bottom:none;\nmso-border-bottom-alt:none;\">\n\t\t\t\t<p class=MsoNormal style=\"margin-top:0.0000pt;margin-right:0.0000pt;margin-bottom:6.0000pt;\nmargin-left:0.0000pt;mso-pagination:widow-orphan;text-align:left;\"><span style=\"font-family:Arial;mso-fareast-font-family:'Times New Roman';mso-bidi-font-family:'Times New Roman';\nfont-size:11.0000pt;mso-font-kerning:6.0000pt;\">Individual Name(s)</span><span style=\"font-family:Calibri;mso-fareast-font-family:??;mso-bidi-font-family:'Times New Roman';\nfont-size:11.0000pt;mso-font-kerning:1.0000pt;\">\n\t\t\t\t\t\t<o:p></o:p>\n\t\t\t\t\t</span></p>\n\t\t\t</td>\n\t\t\t<td width=394 valign=top style=\"width:295.5000pt;padding:0.0000pt 5.4000pt 0.0000pt 5.4000pt ;border-left:none;\nmso-border-left-alt:none;border-right:none;mso-border-right-alt:none;\nborder-top:none;mso-border-top-alt:none;border-bottom:none;\nmso-border-bottom-alt:none;\">\n\t\t\t\t<p class=MsoNormal style=\"margin-top:0.0000pt;margin-right:0.0000pt;margin-bottom:6.0000pt;\nmargin-left:0.0000pt;mso-pagination:widow-orphan;text-align:left;\"><span style=\"font-family:Arial;mso-fareast-font-family:'Times New Roman';mso-bidi-font-family:'Times New Roman';\nfont-size:11.0000pt;mso-font-kerning:6.0000pt;background:rgb(192,192,192);\nmso-highlight:rgb(192,192,192);\">@{join(variables('IndividualNames'),',')}</span><span style=\"font-family:Calibri;mso-fareast-font-family:??;mso-bidi-font-family:'Times New Roman';\nfont-size:11.0000pt;mso-font-kerning:1.0000pt;background:rgb(192,192,192);\nmso-highlight:rgb(192,192,192);\">\n\t\t\t\t\t\t<o:p></o:p>\n\t\t\t\t\t</span></p>\n\t\t\t</td>\n\t\t</tr>\n\t\t<tr>\n\t\t\t<td width=166 valign=top style=\"width:124.9500pt;padding:0.0000pt 5.4000pt 0.0000pt 5.4000pt ;border-left:none;\nmso-border-left-alt:none;border-right:none;mso-border-right-alt:none;\nborder-top:none;mso-border-top-alt:none;border-bottom:none;\nmso-border-bottom-alt:none;\">\n\t\t\t\t<p class=MsoNormal style=\"margin-top:0.0000pt;margin-right:0.0000pt;margin-bottom:6.0000pt;\nmargin-left:0.0000pt;mso-pagination:widow-orphan;text-align:left;\"><span style=\"font-family:Arial;mso-fareast-font-family:'Times New Roman';mso-bidi-font-family:'Times New Roman';\nfont-size:11.0000pt;mso-font-kerning:6.0000pt;\">Supplier Name</span><span style=\"font-family:Calibri;mso-fareast-font-family:??;mso-bidi-font-family:'Times New Roman';\nfont-size:11.0000pt;mso-font-kerning:1.0000pt;\">\n\t\t\t\t\t\t<o:p></o:p>\n\t\t\t\t\t</span></p>\n\t\t\t</td>\n\t\t\t<td width=394 valign=top style=\"width:295.5000pt;padding:0.0000pt 5.4000pt 0.0000pt 5.4000pt ;border-left:none;\nmso-border-left-alt:none;border-right:none;mso-border-right-alt:none;\nborder-top:none;mso-border-top-alt:none;border-bottom:none;\nmso-border-bottom-alt:none;\">\n\t\t\t\t<p class=MsoNormal style=\"margin-top:0.0000pt;margin-right:0.0000pt;margin-bottom:6.0000pt;\nmargin-left:0.0000pt;mso-pagination:widow-orphan;text-align:left;\"><span style=\"font-family:Arial;mso-fareast-font-family:'Times New Roman';mso-bidi-font-family:'Times New Roman';\nfont-size:11.0000pt;mso-font-kerning:6.0000pt;background:rgb(192,192,192);\nmso-highlight:rgb(192,192,192);\">@{first(body('Get_Request_By_ID')?['value'])?['aia_supplier_name_for_search']}</span><span style=\"font-family:Calibri;mso-fareast-font-family:??;mso-bidi-font-family:'Times New Roman';\nfont-size:11.0000pt;mso-font-kerning:1.0000pt;background:rgb(192,192,192);\nmso-highlight:rgb(192,192,192);\">\n\t\t\t\t\t\t<o:p></o:p>\n\t\t\t\t\t</span></p>\n\t\t\t</td>\n\t\t</tr>\n\t\t<tr>\n\t\t\t<td width=166 valign=top style=\"width:124.9500pt;padding:0.0000pt 5.4000pt 0.0000pt 5.4000pt ;border-left:none;\nmso-border-left-alt:none;border-right:none;mso-border-right-alt:none;\nborder-top:none;mso-border-top-alt:none;border-bottom:none;\nmso-border-bottom-alt:none;\">\n\t\t\t\t<p class=MsoNormal style=\"margin-top:0.0000pt;margin-right:0.0000pt;margin-bottom:6.0000pt;\nmargin-left:0.0000pt;mso-pagination:widow-orphan;text-align:left;\"><span style=\"font-family:Arial;mso-fareast-font-family:'Times New Roman';mso-bidi-font-family:'Times New Roman';\nfont-size:11.0000pt;mso-font-kerning:6.0000pt;\">Request Submission Date</span><span style=\"font-family:Calibri;mso-fareast-font-family:??;mso-bidi-font-family:'Times New Roman';\ncolor:rgb(211,17,69);font-size:11.0000pt;mso-font-kerning:1.0000pt;\">\n\t\t\t\t\t\t<o:p></o:p>\n\t\t\t\t\t</span></p>\n\t\t\t</td>\n\t\t\t<td width=394 valign=top style=\"width:295.5000pt;padding:0.0000pt 5.4000pt 0.0000pt 5.4000pt ;border-left:none;\nmso-border-left-alt:none;border-right:none;mso-border-right-alt:none;\nborder-top:none;mso-border-top-alt:none;border-bottom:none;\nmso-border-bottom-alt:none;\">\n\t\t\t\t<p class=MsoNormal style=\"margin-top:0.0000pt;margin-right:0.0000pt;margin-bottom:6.0000pt;\nmargin-left:0.0000pt;mso-pagination:widow-orphan;text-align:left;\"><span style=\"font-family:Arial;mso-fareast-font-family:'Times New Roman';mso-bidi-font-family:'Times New Roman';\nfont-size:11.0000pt;mso-font-kerning:6.0000pt;background:rgb(192,192,192);\nmso-highlight:rgb(192,192,192);\">@{if(not(empty(first(body('Get_Request_By_ID')?['value'])?['aia_submit_date'])),convertTimeZone(first(body('Get_Request_By_ID')?['value'])?['aia_submit_date'], 'UTC', 'China Standard Time', 'dd-MMM-yyyy'),' ')}</span><span style=\"font-family:Calibri;mso-fareast-font-family:??;mso-bidi-font-family:'Times New Roman';\nfont-size:11.0000pt;mso-font-kerning:1.0000pt;background:rgb(192,192,192);\nmso-highlight:rgb(192,192,192);\">\n\t\t\t\t\t\t<o:p></o:p>\n\t\t\t\t\t</span></p>\n\t\t\t</td>\n\t\t</tr>\n\t\t<tr>\n\t\t\t<td width=166 valign=top style=\"width:124.9500pt;padding:0.0000pt 5.4000pt 0.0000pt 5.4000pt ;border-left:none;\nmso-border-left-alt:none;border-right:none;mso-border-right-alt:none;\nborder-top:none;mso-border-top-alt:none;border-bottom:none;\nmso-border-bottom-alt:none;\">\n\t\t\t\t<p class=MsoNormal style=\"margin-top:0.0000pt;margin-right:0.0000pt;margin-bottom:6.0000pt;\nmargin-left:0.0000pt;mso-pagination:widow-orphan;text-align:left;\"><span style=\"font-family:Arial;mso-fareast-font-family:'Times New Roman';mso-bidi-font-family:'Times New Roman';\nfont-size:11.0000pt;mso-font-kerning:6.0000pt;\">Approver’s Feedback</span><span style=\"font-family:Calibri;mso-fareast-font-family:??;mso-bidi-font-family:'Times New Roman';\nfont-size:11.0000pt;mso-font-kerning:1.0000pt;\">\n\t\t\t\t\t\t<o:p></o:p>\n\t\t\t\t\t</span></p>\n\t\t\t</td>\n\t\t\t<td width=394 valign=top style=\"width:295.5000pt;padding:0.0000pt 5.4000pt 0.0000pt 5.4000pt ;border-left:none;\nmso-border-left-alt:none;border-right:none;mso-border-right-alt:none;\nborder-top:none;mso-border-top-alt:none;border-bottom:none;\nmso-border-bottom-alt:none;\">\n\t\t\t\t<p class=MsoNormal style=\"margin-top:0.0000pt;margin-right:0.0000pt;margin-bottom:6.0000pt;\nmargin-left:0.0000pt;mso-pagination:widow-orphan;text-align:left;\"><span style=\"font-family:Arial;mso-fareast-font-family:'Times New Roman';mso-bidi-font-family:'Times New Roman';\nfont-size:11.0000pt;mso-font-kerning:6.0000pt;background:rgb(192,192,192);\nmso-highlight:rgb(192,192,192);\">@{if(not(empty(first(body('Approval_Feedback_Histories')?['value'])?['aia_feedback'])), first(body('Approval_Feedback_Histories')?['value'])?['aia_feedback'], ' ')}</span><span style=\"font-family:Calibri;mso-fareast-font-family:??;mso-bidi-font-family:'Times New Roman';\nfont-size:11.0000pt;mso-font-kerning:1.0000pt;background:rgb(192,192,192);\nmso-highlight:rgb(192,192,192);\">\n\t\t\t\t\t\t<o:p></o:p>\n\t\t\t\t\t</span></p>\n\t\t\t</td>\n\t\t</tr>\n\t</table>\n\t<p class=MsoNormal style=\"margin-top:0.0000pt;margin-right:0.0000pt;margin-bottom:10.0000pt;\nmargin-left:0.0000pt;mso-pagination:widow-orphan;text-align:left;\nline-height:114%;\"><span style=\"mso-spacerun:'yes';font-family:Calibri;mso-fareast-font-family:??;\nmso-bidi-font-family:'Times New Roman';font-size:11.0000pt;mso-font-kerning:1.0000pt;\">\n\t\t\t<o:p>&nbsp;</o:p>\n\t\t</span></p>\n\t<p class=MsoNormal style=\"margin-top:0.0000pt;margin-right:0.0000pt;margin-bottom:10.0000pt;\nmargin-left:0.0000pt;mso-pagination:widow-orphan;text-align:left;\nline-height:114%;\"><span style=\"mso-spacerun:'yes';font-family:Arial;mso-fareast-font-family:'Times New Roman';\nmso-bidi-font-family:'Times New Roman';line-height:114%;font-size:11.0000pt;\nmso-font-kerning:6.0000pt;\">Please log in to <a href=\"@{concat(outputs('Find_Canvas_DeepLink_URL')?['Body']?['result'],'&RequestGUID=',triggerBody()['text'],'&Screen=1')}\">PowerApp</a> if you need more details</span><span style=\"mso-spacerun:'yes';font-family:'Times New Roman';mso-ascii-font-family:Arial;\nmso-hansi-font-family:Arial;line-height:114%;font-size:11.0000pt;\nmso-font-kerning:6.0000pt;\">&nbsp;</span><span style=\"mso-spacerun:'yes';font-family:Arial;mso-fareast-font-family:'Times New Roman';\nmso-bidi-font-family:'Times New Roman';line-height:114%;font-size:11.0000pt;\nmso-font-kerning:6.0000pt;\">of the request or</span><span style=\"mso-spacerun:'yes';font-family:Arial;mso-fareast-font-family:'Times New Roman';\nmso-bidi-font-family:'Times New Roman';line-height:114%;font-size:11.0000pt;\nmso-font-kerning:6.0000pt;\">&nbsp;raise another request. Thank you!</span><span style=\"mso-spacerun:'yes';font-family:Calibri;mso-fareast-font-family:??;\nmso-bidi-font-family:'Times New Roman';font-size:11.0000pt;mso-font-kerning:1.0000pt;\">\n\t\t\t<o:p></o:p>\n\t\t</span></p>\n\t<p class=MsoNormal style=\"mso-pagination:widow-orphan;text-align:left;\"><span style=\"mso-spacerun:'yes';font-family:Arial;mso-fareast-font-family:'Times New Roman';\nmso-bidi-font-family:'Times New Roman';font-size:11.0000pt;mso-font-kerning:6.0000pt;\">Best Regards,</span><span style=\"mso-spacerun:'yes';font-family:Arial;mso-fareast-font-family:'Times New Roman';\nmso-bidi-font-family:'Times New Roman';font-size:11.0000pt;mso-font-kerning:6.0000pt;\"><br></span><span style=\"mso-spacerun:'yes';font-family:Arial;mso-fareast-font-family:??;\nmso-bidi-font-family:'Times New Roman';font-size:11.0000pt;mso-font-kerning:6.0000pt;\">Group Sourcing </span><span\n\t\t\tstyle=\"mso-spacerun:'yes';font-family:Calibri;mso-fareast-font-family:??;\nmso-bidi-font-family:'Times New Roman';font-size:11.0000pt;mso-font-kerning:1.0000pt;\">\n\t\t\t<o:p></o:p>\n\t\t</span></p>\n\t<p class=MsoNormal><span style=\"mso-spacerun:'yes';font-family:Calibri;mso-fareast-font-family:??;\nmso-bidi-font-family:'Times New Roman';font-size:11.0000pt;mso-font-kerning:1.0000pt;\">\n\t\t\t<o:p>&nbsp;</o:p>\n\t\t</span></p>\n</div>\n",
                      "emailMessage/From": "@body('Find_Not_Reply_Email_Address')?['result']"
                    },
                    "authentication": {
                      "type": "Raw",
                      "value": "@json(decodeBase64(triggerOutputs().headers['X-MS-APIM-Tokens']))['$ConnectionKey']"
                    }
                  }
                }
              },
              "runAfter": {
                "Run_Concatenate_Email_To_Address_and_Name": [
                  "Succeeded"
                ]
              },
              "expression": {
                "equals": [
                  "@body('Run_Concatenate_Email_To_Address_and_Name')?['result']",
                  true
                ]
              },
              "metadata": {
                "operationMetadataId": "ae7da671-2606-45d8-8ccf-a901c1e02381"
              },
              "type": "If"
            },
            "Add_Actityty_Log": {
              "runAfter": {
                "List_Users": [
                  "Succeeded"
                ]
              },
              "metadata": {
                "operationMetadataId": "dea5e517-9300-4f4b-9f98-46868eddd6af"
              },
              "type": "OpenApiConnection",
              "inputs": {
                "host": {
                  "connectionName": "shared_commondataserviceforapps",
                  "operationId": "CreateRecord",
                  "apiId": "/providers/Microsoft.PowerApps/apis/shared_commondataserviceforapps"
                },
                "parameters": {
                  "entityName": "aia_activity_logs",
                  "item/aia_name": "Reject By @{first(body('List_Users')?['value'])?['fullname']}",
                  "item/aia_activity_completion_date": "@utcNow()",
                  "item/aia_activity_type": 20,
                  "item/ownerid@odata.bind": "/systemusers/@{triggerBody()['text_1']}",
                  "item/aia_roa@odata.bind": "/aia_roas/@{triggerBody()['text']}"
                },
                "authentication": {
                  "type": "Raw",
                  "value": "@json(decodeBase64(triggerOutputs().headers['X-MS-APIM-Tokens']))['$ConnectionKey']"
                }
              }
            },
            "Find_Define_Approval_Chains": {
              "runAfter": {
                "Update_[Request].[Request_Status]_=_“Rejected”": [
                  "Succeeded"
                ]
              },
              "metadata": {
                "operationMetadataId": "caf5dd4f-092e-4f44-96c8-42421fce7fe2"
              },
              "type": "OpenApiConnection",
              "inputs": {
                "host": {
                  "connectionName": "shared_commondataserviceforapps",
                  "operationId": "ListRecords",
                  "apiId": "/providers/Microsoft.PowerApps/apis/shared_commondataserviceforapps"
                },
                "parameters": {
                  "entityName": "aia_activityapprovalchains",
                  "$select": "activityid",
                  "$filter": "_aia_roa_value eq '@{triggerBody()['text']}' and statuscode eq 1"
                },
                "authentication": {
                  "type": "Raw",
                  "value": "@json(decodeBase64(triggerOutputs().headers['X-MS-APIM-Tokens']))['$ConnectionKey']"
                }
              }
            },
            "Check_exist_Define_Approval_Chains": {
              "actions": {
                "Apply_to_each_Find_Define_Approval_Chains": {
                  "foreach": "@outputs('Find_Define_Approval_Chains')?['body/value']",
                  "actions": {
                    "Update_[Define_Approval_Chains].status_=_closed": {
                      "runAfter": {},
                      "metadata": {
                        "operationMetadataId": "2dd74044-7b0a-497c-82d3-afed3533e4a9"
                      },
                      "type": "OpenApiConnection",
                      "inputs": {
                        "host": {
                          "connectionName": "shared_commondataserviceforapps",
                          "operationId": "UpdateRecord",
                          "apiId": "/providers/Microsoft.PowerApps/apis/shared_commondataserviceforapps"
                        },
                        "parameters": {
                          "entityName": "aia_activityapprovalchains",
                          "recordId": "@items('Apply_to_each_Find_Define_Approval_Chains')?['activityid']",
                          "item/statecode": 2,
                          "item/statuscode": 3
                        },
                        "authentication": {
                          "type": "Raw",
                          "value": "@json(decodeBase64(triggerOutputs().headers['X-MS-APIM-Tokens']))['$ConnectionKey']"
                        }
                      }
                    }
                  },
                  "runAfter": {},
                  "metadata": {
                    "operationMetadataId": "ea9c98fe-3760-46cd-b4ea-c5506bf82bb9"
                  },
                  "type": "Foreach"
                }
              },
              "runAfter": {
                "Find_Define_Approval_Chains": [
                  "Succeeded"
                ]
              },
              "expression": {
                "greaterOrEquals": [
                  "@length(outputs('Find_Define_Approval_Chains')?['body/value'])",
                  1
                ]
              },
              "metadata": {
                "operationMetadataId": "a494961f-e5b2-4092-bb96-4fa523a43131"
              },
              "type": "If"
            },
            "Find_Update_Sanction_Check_Results": {
              "runAfter": {
                "Check_exist_Define_Approval_Chains": [
                  "Succeeded"
                ]
              },
              "metadata": {
                "operationMetadataId": "69d518f7-d6d3-434b-9d3a-020a2bd5016d"
              },
              "type": "OpenApiConnection",
              "inputs": {
                "host": {
                  "connectionName": "shared_commondataserviceforapps",
                  "operationId": "ListRecords",
                  "apiId": "/providers/Microsoft.PowerApps/apis/shared_commondataserviceforapps"
                },
                "parameters": {
                  "entityName": "aia_sanctionchecks",
                  "$select": "activityid",
                  "$filter": "_aia_roa_value eq '@{triggerBody()['text']}' and statuscode eq 1"
                },
                "authentication": {
                  "type": "Raw",
                  "value": "@json(decodeBase64(triggerOutputs().headers['X-MS-APIM-Tokens']))['$ConnectionKey']"
                }
              }
            },
            "Check_exist_Update_Sanction_Check_Results": {
              "actions": {
                "Apply_to_each_Update_Sanction_Check_Results": {
                  "foreach": "@outputs('Find_Update_Sanction_Check_Results')?['body/value']",
                  "actions": {
                    "Update_[Update_Sanction_Check_Results].status_=_cancel": {
                      "runAfter": {},
                      "metadata": {
                        "operationMetadataId": "7607ad32-a04d-4dd5-918b-50a2a1eb854d"
                      },
                      "type": "OpenApiConnection",
                      "inputs": {
                        "host": {
                          "connectionName": "shared_commondataserviceforapps",
                          "operationId": "UpdateRecord",
                          "apiId": "/providers/Microsoft.PowerApps/apis/shared_commondataserviceforapps"
                        },
                        "parameters": {
                          "entityName": "aia_sanctionchecks",
                          "recordId": "@items('Apply_to_each_Update_Sanction_Check_Results')?['activityid']",
                          "item/statecode": 2,
                          "item/statuscode": 3
                        },
                        "authentication": {
                          "type": "Raw",
                          "value": "@json(decodeBase64(triggerOutputs().headers['X-MS-APIM-Tokens']))['$ConnectionKey']"
                        }
                      }
                    }
                  },
                  "runAfter": {},
                  "metadata": {
                    "operationMetadataId": "a4c06fdb-8bf0-44ea-9b2c-caf4a0906b16"
                  },
                  "type": "Foreach"
                }
              },
              "runAfter": {
                "Find_Update_Sanction_Check_Results": [
                  "Succeeded"
                ]
              },
              "expression": {
                "greaterOrEquals": [
                  "@length(outputs('Find_Update_Sanction_Check_Results')?['body/value'])",
                  1
                ]
              },
              "metadata": {
                "operationMetadataId": "689e0e70-076c-4259-b4d4-475c58802b4e"
              },
              "type": "If"
            },
            "Find_Initiate_New_Supplier_Contract_Reviews": {
              "runAfter": {
                "Check_exist_Update_Sanction_Check_Results": [
                  "Succeeded"
                ]
              },
              "metadata": {
                "operationMetadataId": "f9018369-48b1-494b-a156-0a47ef4f3bfd"
              },
              "type": "OpenApiConnection",
              "inputs": {
                "host": {
                  "connectionName": "shared_commondataserviceforapps",
                  "operationId": "ListRecords",
                  "apiId": "/providers/Microsoft.PowerApps/apis/shared_commondataserviceforapps"
                },
                "parameters": {
                  "entityName": "aia_new_supplier_requests",
                  "$select": "activityid",
                  "$filter": "_aia_roa_value eq '@{triggerBody()['text']}' and statuscode eq 1"
                },
                "authentication": {
                  "type": "Raw",
                  "value": "@json(decodeBase64(triggerOutputs().headers['X-MS-APIM-Tokens']))['$ConnectionKey']"
                }
              }
            },
            "Check_exist_Initiate_New_Supplier_Contract_Reviews": {
              "actions": {
                "Apply_to_each_Initiate_New_Supplier_Contract_Reviews": {
                  "foreach": "@outputs('Find_Initiate_New_Supplier_Contract_Reviews')?['body/value']",
                  "actions": {
                    "Update_[Initiate_New_Supplier_Contract_Reviews].status_=_canceled": {
                      "runAfter": {},
                      "metadata": {
                        "operationMetadataId": "8fc8e1fc-beac-4e11-8c7d-585d6bf9939c"
                      },
                      "type": "OpenApiConnection",
                      "inputs": {
                        "host": {
                          "connectionName": "shared_commondataserviceforapps",
                          "operationId": "UpdateRecord",
                          "apiId": "/providers/Microsoft.PowerApps/apis/shared_commondataserviceforapps"
                        },
                        "parameters": {
                          "entityName": "aia_new_supplier_requests",
                          "recordId": "@items('Apply_to_each_Initiate_New_Supplier_Contract_Reviews')?['activityid']",
                          "item/statecode": 2,
                          "item/statuscode": 3
                        },
                        "authentication": {
                          "type": "Raw",
                          "value": "@json(decodeBase64(triggerOutputs().headers['X-MS-APIM-Tokens']))['$ConnectionKey']"
                        }
                      }
                    }
                  },
                  "runAfter": {},
                  "metadata": {
                    "operationMetadataId": "ef397a78-38c1-4879-9a7b-6cda51b3cf8c"
                  },
                  "type": "Foreach"
                }
              },
              "runAfter": {
                "Find_Initiate_New_Supplier_Contract_Reviews": [
                  "Succeeded"
                ]
              },
              "expression": {
                "greaterOrEquals": [
                  "@length(outputs('Find_Initiate_New_Supplier_Contract_Reviews')?['body/value'])",
                  1
                ]
              },
              "metadata": {
                "operationMetadataId": "8b6e1ace-53cc-4e6a-a911-7c86359bce53"
              },
              "type": "If"
            },
            "Find_All_Approval_Chain_Approver": {
              "runAfter": {
                "Append_Requestor_to_array_variable": [
                  "Succeeded"
                ]
              },
              "metadata": {
                "operationMetadataId": "3d73599f-1c82-41de-a819-ab483476f4a0"
              },
              "type": "OpenApiConnection",
              "inputs": {
                "host": {
                  "connectionName": "shared_commondataserviceforapps_1",
                  "operationId": "ListRecords",
                  "apiId": "/providers/Microsoft.PowerApps/apis/shared_commondataserviceforapps"
                },
                "parameters": {
                  "entityName": "aia_approval_chain_approvers",
                  "fetchXml": "<fetch>\n  <entity name=\"aia_approval_chain_approver\">\n    <attribute name=\"aia_approval_chain_approverid\" />\n    <attribute name=\"aia_approval_chain\" />\n    <attribute name=\"aia_approver\" />\n    <attribute name=\"aia_approval_team\" />\n    <filter>\n      <condition attribute=\"statecode\" operator=\"eq\" value=\"0\" />\n      <filter type=\"or\">\n        <condition attribute=\"aia_approval_status\" operator=\"eq\" value=\"3\" />\n        <condition attribute=\"aia_approval_status\" operator=\"eq\" value=\"4\" />\n        <condition attribute=\"aia_approval_status\" operator=\"eq\" value=\"1\" />\n      </filter>\n    </filter>\n    <link-entity name=\"aia_approval_chain\" from=\"aia_approval_chainid\" to=\"aia_approval_chain\" link-type=\"inner\" alias=\"approvalChain\">\n      <filter>\n        <condition attribute=\"aia_roa\" operator=\"eq\" value=\"@{triggerBody()['text']}\" />\n        <condition attribute=\"statecode\" operator=\"eq\" value=\"0\" />\n      </filter>\n    </link-entity>\n    <link-entity name=\"systemuser\" from=\"systemuserid\" to=\"aia_approver\" link-type=\"outer\" alias=\"approver\">\n      <attribute name=\"internalemailaddress\" />\n      <attribute name=\"fullname\" />\n    </link-entity>\n  </entity>\n</fetch>"
                },
                "authentication": {
                  "type": "Raw",
                  "value": "@json(decodeBase64(triggerOutputs().headers['X-MS-APIM-Tokens']))['$ConnectionKey']"
                }
              }
            },
            "Apply_to_each_approver": {
              "foreach": "@outputs('Find_All_Approval_Chain_Approver')?['body/value']",
              "actions": {
                "Condition_5": {
                  "actions": {
                    "Apply_to_each_VCM": {
                      "foreach": "@split(outputs('VCM_Team_Email_Address')?['Body']?['result'],';')",
                      "actions": {
                        "if_vcm_is_not_empty": {
                          "actions": {
                            "Append_to_array_variable_2": {
                              "runAfter": {},
                              "metadata": {
                                "operationMetadataId": "2e729dd4-2174-4b2e-9217-b2c4908fd544"
                              },
                              "type": "AppendToArrayVariable",
                              "inputs": {
                                "name": "GivenNames",
                                "value": {
                                  "emailaddress": "@{items('Apply_to_each_VCM')}",
                                  "fullname": "VCM"
                                }
                              }
                            }
                          },
                          "runAfter": {},
                          "expression": {
                            "equals": [
                              "@not(empty(items('Apply_to_each_VCM')))",
                              true
                            ]
                          },
                          "metadata": {
                            "operationMetadataId": "f9e4e4b4-ecbe-4150-855a-c24d234d6536"
                          },
                          "type": "If"
                        }
                      },
                      "runAfter": {},
                      "metadata": {
                        "operationMetadataId": "d289c0cb-6670-4049-a501-d7f0f524f210"
                      },
                      "type": "Foreach"
                    }
                  },
                  "runAfter": {},
                  "else": {
                    "actions": {
                      "if_approver_email_is_not_empty": {
                        "actions": {
                          "Append_to_array_variable": {
                            "runAfter": {},
                            "metadata": {
                              "operationMetadataId": "624d02ef-c249-4457-95f4-64e1740b37b2"
                            },
                            "type": "AppendToArrayVariable",
                            "inputs": {
                              "name": "GivenNames",
                              "value": {
                                "emailaddress": "@{items('Apply_to_each_approver')?['approver.internalemailaddress']}",
                                "fullname": "@{items('Apply_to_each_approver')?['approver.fullname']}"
                              }
                            }
                          }
                        },
                        "runAfter": {},
                        "expression": {
                          "equals": [
                            "@not(empty(items('Apply_to_each_approver')?['approver.internalemailaddress']))",
                            true
                          ]
                        },
                        "metadata": {
                          "operationMetadataId": "52b41ad9-f395-4f23-9d19-2185241d47bb"
                        },
                        "type": "If"
                      }
                    }
                  },
                  "expression": {
                    "equals": [
                      "@not(empty(items('Apply_to_each_approver')?['_aia_approval_team_value']))",
                      true
                    ]
                  },
                  "metadata": {
                    "operationMetadataId": "d94ff3ff-1c2a-4bb2-9dc7-4ab34c6d117e"
                  },
                  "type": "If"
                }
              },
              "runAfter": {
                "Find_All_Approval_Chain_Approver": [
                  "Succeeded"
                ]
              },
              "metadata": {
                "operationMetadataId": "7684181d-de1f-4492-b8e2-50cbabbb05e9"
              },
              "type": "Foreach"
            },
            "Run_Concatenate_Email_To_Address_and_Name": {
              "runAfter": {
                "Apply_to_each_approver": [
                  "Succeeded"
                ]
              },
              "metadata": {
                "operationMetadataId": "a56c9658-34c5-432e-aaee-0d29b5b7b558"
              },
              "type": "Workflow",
              "inputs": {
                "host": {
                  "workflowReferenceName": "69869d17-d175-ec11-8943-000d3ac7467e"
                },
                "body": {
                  "text": "@string(variables('GivenNames'))",
                  "text_1": "/"
                }
              }
            },
            "Append_HM_to_array_variable": {
              "runAfter": {
                "VCM_Team_Email_Address": [
                  "Succeeded"
                ]
              },
              "metadata": {
                "operationMetadataId": "925f45c8-f892-4e08-b503-55fa76f52b32"
              },
              "type": "AppendToArrayVariable",
              "inputs": {
                "name": "GivenNames",
                "value": {
                  "emailaddress": "@{if(not(empty(first(body('Get_Request_By_ID')?['value'])?['hiringmanager.internalemailaddress'])),first(body('Get_Request_By_ID')?['value'])?['hiringmanager.internalemailaddress'],'')}",
                  "fullname": "@{if(not(empty(first(body('Get_Request_By_ID')?['value'])?['hiringmanager.fullname'])),first(body('Get_Request_By_ID')?['value'])?['hiringmanager.fullname'],'')}"
                }
              }
            },
            "Append_Requestor_to_array_variable": {
              "runAfter": {
                "Append_HM_to_array_variable": [
                  "Succeeded"
                ]
              },
              "metadata": {
                "operationMetadataId": "69cbe2ef-3170-4fc6-94ae-1bf112aab9a5"
              },
              "type": "AppendToArrayVariable",
              "inputs": {
                "name": "GivenNames",
                "value": {
                  "emailaddress": "@{if(not(empty(first(body('Get_Request_By_ID')?['value'])?['requestor.internalemailaddress'])),first(body('Get_Request_By_ID')?['value'])?['requestor.internalemailaddress'],'')}",
                  "fullname": "@{if(not(empty(first(body('Get_Request_By_ID')?['value'])?['requestor.fullname'])),first(body('Get_Request_By_ID')?['value'])?['requestor.fullname'],'')}"
                }
              }
            },
            "VCM_Team_Email_Address": {
              "runAfter": {
                "Find_Canvas_DeepLink_URL": [
                  "Succeeded"
                ]
              },
              "metadata": {
                "operationMetadataId": "80cbebde-a92f-4a1d-a06b-352aa05e8100"
              },
              "type": "Workflow",
              "inputs": {
                "host": {
                  "workflowReferenceName": "cb8c7cef-6161-ec11-8f8f-000d3a80eca3"
                },
                "body": {
                  "text": "VCM_Team_Email_Address"
                }
              }
            }
          },
          "runAfter": {
            "Given_Names": [
              "Succeeded"
            ]
          },
          "else": {
            "actions": {
              "Create_Flow_Log": {
                "runAfter": {},
                "metadata": {
                  "operationMetadataId": "e6595344-28c3-4fa6-8754-f965c0c03d08"
                },
                "type": "OpenApiConnection",
                "inputs": {
                  "host": {
                    "connectionName": "shared_commondataserviceforapps",
                    "operationId": "CreateRecord",
                    "apiId": "/providers/Microsoft.PowerApps/apis/shared_commondataserviceforapps"
                  },
                  "parameters": {
                    "entityName": "aia_power_automate_flow_logs",
                    "item/aia_name": "B4. Trigger – CAT 1 RoA Rejection",
                    "item/aia_message": "Missing or not found request from Approval Activity:@{triggerBody()['text']}"
                  },
                  "authentication": {
                    "type": "Raw",
                    "value": "@json(decodeBase64(triggerOutputs().headers['X-MS-APIM-Tokens']))['$ConnectionKey']"
                  }
                }
              },
              "Set_variable": {
                "runAfter": {
                  "Create_Flow_Log": [
                    "Succeeded"
                  ]
                },
                "metadata": {
                  "operationMetadataId": "03ef7c0d-7d79-44e2-879d-7b938280b608"
                },
                "type": "SetVariable",
                "inputs": {
                  "name": "Result",
                  "value": false
                }
              }
            }
          },
          "expression": {
            "greaterOrEquals": [
              "@length(outputs('Get_Request_By_ID')?['body/value'])",
              1
            ]
          },
          "metadata": {
            "operationMetadataId": "28c062ce-4a5e-4720-9cde-9511f256b4eb"
          },
          "type": "If"
        },
        "Initialize_variable": {
          "runAfter": {
            "Get_Request_By_ID": [
              "Succeeded"
            ]
          },
          "metadata": {
            "operationMetadataId": "ef0488c1-28bd-4f58-a7fc-a2c489789af9"
          },
          "type": "InitializeVariable",
          "inputs": {
            "variables": [
              {
                "name": "Result",
                "type": "boolean",
                "value": true
              }
            ]
          }
        },
        "Get_Request_By_ID": {
          "runAfter": {},
          "metadata": {
            "operationMetadataId": "0224e01b-0b2d-43cb-93ae-1b206035321d"
          },
          "type": "OpenApiConnection",
          "inputs": {
            "host": {
              "connectionName": "shared_commondataserviceforapps",
              "operationId": "ListRecords",
              "apiId": "/providers/Microsoft.PowerApps/apis/shared_commondataserviceforapps"
            },
            "parameters": {
              "entityName": "aia_roas",
              "fetchXml": "<fetch top=\"1\">\n  <entity name=\"aia_roa\">\n    <attribute name=\"aia_roaid\" />\n    <attribute name=\"aia_form_type\" />\n    <attribute name=\"aia_name\" />\n    <attribute name=\"aia_supplier_name\" />\n    <attribute name=\"aia_supplier_email\" />\n    <attribute name=\"aia_contract_start_date\" />\n    <attribute name=\"aia_requestor\" />\n    <attribute name=\"aia_submit_date\" />\n    <attribute name=\"aia_supplier_name_for_search\" />\n    <filter>\n      <condition attribute=\"aia_roaid\" operator=\"eq\" value=\"@{triggerBody()['text']}\" />\n      <condition attribute=\"aia_roa_status\" operator=\"eq\" value=\"2\" />\n    </filter>\n    <link-entity name=\"systemuser\" from=\"systemuserid\" to=\"aia_hiring_manager\" link-type=\"outer\" alias=\"hiringmanager\">\n      <attribute name=\"internalemailaddress\" />\n      <attribute name=\"fullname\" />\n    </link-entity>\n    <link-entity name=\"systemuser\" from=\"systemuserid\" to=\"owninguser\" link-type=\"outer\" alias=\"requestor\">\n      <attribute name=\"internalemailaddress\" />\n      <attribute name=\"fullname\" />\n    </link-entity>\n  </entity>\n</fetch>"
            },
            "authentication": {
              "type": "Raw",
              "value": "@json(decodeBase64(triggerOutputs().headers['X-MS-APIM-Tokens']))['$ConnectionKey']"
            }
          }
        },
        "IndividualIDs": {
          "runAfter": {
            "Initialize_variable": [
              "Succeeded"
            ]
          },
          "metadata": {
            "operationMetadataId": "a96ea459-7650-44c7-a0d9-d3f923f0b53c"
          },
          "type": "InitializeVariable",
          "inputs": {
            "variables": [
              {
                "name": "IndividualIDs",
                "type": "array"
              }
            ]
          }
        },
        "IndividualNames": {
          "runAfter": {
            "IndividualIDs": [
              "Succeeded"
            ]
          },
          "metadata": {
            "operationMetadataId": "cd8dccc9-7447-4af0-bc38-8a61fc391bf9"
          },
          "type": "InitializeVariable",
          "inputs": {
            "variables": [
              {
                "name": "IndividualNames",
                "type": "array"
              }
            ]
          }
        },
        "Given_Names": {
          "runAfter": {
            "IndividualNames": [
              "Succeeded"
            ]
          },
          "metadata": {
            "operationMetadataId": "b12e7ef5-710b-4e9c-bf6d-4445a091e1b1"
          },
          "type": "InitializeVariable",
          "inputs": {
            "variables": [
              {
                "name": "GivenNames",
                "type": "array"
              }
            ]
          }
        }
      }
    },
    "templateName": ""
  },
  "schemaVersion": "1.0.0.0"
}