{
  "properties": {
    "connectionReferences": {
      "shared_sharepointonline": {
        "runtimeSource": "embedded",
        "connection": {
          "connectionReferenceLogicalName": "aia_sharedsharepointonline_5dfb7"
        },
        "api": {
          "name": "shared_sharepointonline"
        }
      },
      "shared_commondataserviceforapps": {
        "runtimeSource": "embedded",
        "connection": {
          "connectionReferenceLogicalName": "aia_sharedcommondataserviceforapps_dba9d"
        },
        "api": {
          "name": "shared_commondataserviceforapps"
        }
      }
    },
    "definition": {
      "$schema": "https://schema.management.azure.com/providers/Microsoft.Logic/schemas/2016-06-01/workflowdefinition.json#",
      "contentVersion": "1.0.0.0",
      "parameters": {
        "$connections": {
          "defaultValue": {},
          "type": "Object"
        },
        "$authentication": {
          "defaultValue": {},
          "type": "SecureObject"
        }
      },
      "triggers": {
        "When_a_row_is_added,_modified_or_deleted": {
          "metadata": {
            "operationMetadataId": "8419a6e0-57de-4f98-8b8d-969b8c72608a"
          },
          "type": "OpenApiConnectionWebhook",
          "inputs": {
            "host": {
              "connectionName": "shared_commondataserviceforapps",
              "operationId": "SubscribeWebhookTrigger",
              "apiId": "/providers/Microsoft.PowerApps/apis/shared_commondataserviceforapps"
            },
            "parameters": {
              "subscriptionRequest/message": 1,
              "subscriptionRequest/entityname": "aia_s2c_teammember",
              "subscriptionRequest/scope": 4
            },
            "authentication": "@parameters('$authentication')"
          }
        }
      },
      "actions": {
        "Share_read_folder_to_group:_Add_role_assignment": {
          "runAfter": {
            "Send_an_HTTP_request_to_SharePoint:_Break_role_inheritance": [
              "Succeeded"
            ]
          },
          "metadata": {
            "operationMetadataId": "151dc891-dc55-4645-8bd3-d3aa02756fb6"
          },
          "type": "OpenApiConnection",
          "inputs": {
            "host": {
              "connectionName": "shared_sharepointonline",
              "operationId": "HttpRequest",
              "apiId": "/providers/Microsoft.PowerApps/apis/shared_sharepointonline"
            },
            "parameters": {
              "dataset": "@body('Run_a_Child_Flow:_Retrieve_SharePoint_Site_Address')?['result']",
              "parameters/method": "POST",
              "parameters/uri": "/_api/web/lists/getbytitle('@{split(outputs('Run_a_Child_Flow:_Retrieve_SharePoint_AIA_S2C_Folder_Path')?['Body']?['result'], '/')[0]}')/items(@{variables('FolderName')})/roleassignments/addroleassignment(principalid='@{variables('PrincipalId')}',roledefid='@{body('Retrieve_role_definitions')['d']['id']}')'",
              "parameters/headers": {
                "accept": "application/json;odata=verbose",
                "content-type": "application/json;odata=verbose"
              }
            },
            "authentication": "@parameters('$authentication')"
          }
        },
        "Retrieve_role_definitions": {
          "runAfter": {
            "Set_variable:_Set_old_id_to_folder_name": [
              "Succeeded"
            ]
          },
          "metadata": {
            "operationMetadataId": "47415ebb-9d00-4085-849a-a4a4c18d753b"
          },
          "type": "OpenApiConnection",
          "inputs": {
            "host": {
              "connectionName": "shared_sharepointonline",
              "operationId": "HttpRequest",
              "apiId": "/providers/Microsoft.PowerApps/apis/shared_sharepointonline"
            },
            "parameters": {
              "dataset": "@body('Run_a_Child_Flow:_Retrieve_SharePoint_Site_Address')?['result']",
              "parameters/method": "GET",
              "parameters/uri": "/_api/web/roledefinitions/getbyname('@{variables('AccessType')}')/id",
              "parameters/headers": {
                "accept": "application/json;odata=verbose"
              }
            },
            "authentication": "@parameters('$authentication')"
          }
        },
        "Get_folder_metadata:_Retrieve_list_metadata": {
          "runAfter": {
            "Create_new_folder:_Create_sourcing_request_folder": [
              "Succeeded"
            ]
          },
          "metadata": {
            "operationMetadataId": "daeabdca-29e2-4d52-9666-68a9db5883a6"
          },
          "type": "OpenApiConnection",
          "inputs": {
            "host": {
              "connectionName": "shared_sharepointonline",
              "operationId": "GetFolderMetadata",
              "apiId": "/providers/Microsoft.PowerApps/apis/shared_sharepointonline"
            },
            "parameters": {
              "dataset": "@body('Run_a_Child_Flow:_Retrieve_SharePoint_Site_Address')?['result']",
              "id": "/@{body('Run_a_Child_Flow:_Retrieve_SharePoint_AIA_S2C_Folder_Path')?['result']}@{variables('FolderName')}"
            },
            "authentication": "@parameters('$authentication')"
          }
        },
        "Run_a_Child_Flow:_Retrieve_SharePoint_AIA_S2C_Folder_Path": {
          "runAfter": {
            "Run_a_Child_Flow:_Retrieve_SharePoint_Site_Address": [
              "Succeeded"
            ]
          },
          "metadata": {
            "operationMetadataId": "e416a0ad-4fd0-4ca8-b682-9fd7916a1ee2"
          },
          "type": "Workflow",
          "inputs": {
            "host": {
              "workflowReferenceName": "cb8c7cef-6161-ec11-8f8f-000d3a80eca3"
            },
            "body": {
              "text": "SharePoint_AIA_S2C_Folder_Path"
            }
          }
        },
        "Initialize_variable:_Access_type": {
          "runAfter": {
            "List_rows:_Retrieve_team_member_by_id": [
              "Succeeded"
            ]
          },
          "metadata": {
            "operationMetadataId": "365155e1-e174-45ac-bf13-56f3d3a0f81d"
          },
          "type": "InitializeVariable",
          "inputs": {
            "variables": [
              {
                "name": "AccessType",
                "type": "string",
                "value": "Read"
              }
            ]
          }
        },
        "Initialize_variable:_Group_Name": {
          "runAfter": {
            "Initialize_variable:_Folder_Name": [
              "Succeeded"
            ]
          },
          "metadata": {
            "operationMetadataId": "61af0eb9-033e-4c3c-9fd1-a1de15ba797e"
          },
          "type": "InitializeVariable",
          "inputs": {
            "variables": [
              {
                "name": "GroupName",
                "type": "string"
              }
            ]
          }
        },
        "Initialize_variable:_Principal_Id": {
          "runAfter": {
            "Initialize_variable:_Group_Name": [
              "Succeeded"
            ]
          },
          "metadata": {
            "operationMetadataId": "e885dada-2860-4372-be30-97a17c4335b2"
          },
          "type": "InitializeVariable",
          "inputs": {
            "variables": [
              {
                "name": "PrincipalId",
                "type": "string",
                "value": "@{first(outputs('List_rows:_Retrieve_team_member_by_id')?['body/value'])['User.internalemailaddress']}"
              }
            ]
          }
        },
        "List_rows:_Retrieve_team_member_by_id": {
          "runAfter": {},
          "metadata": {
            "operationMetadataId": "3af440c2-c422-4f9d-8637-ee68e64c4787"
          },
          "type": "OpenApiConnection",
          "inputs": {
            "host": {
              "connectionName": "shared_commondataserviceforapps",
              "operationId": "ListRecords",
              "apiId": "/providers/Microsoft.PowerApps/apis/shared_commondataserviceforapps"
            },
            "parameters": {
              "entityName": "aia_s2c_teammembers",
              "fetchXml": "<fetch top=\"1\">\n  <entity name=\"aia_s2c_teammember\">\n    <attribute name=\"aia_sourcingrequest\" />\n    <attribute name=\"aia_role\" />\n    <attribute name=\"aia_teammember\" />\n    <filter>\n      <condition attribute=\"aia_s2c_teammemberid\" operator=\"eq\" value=\"@{triggerOutputs()?['body/aia_s2c_teammemberid']}\" />\n      <condition attribute=\"statecode\" operator=\"eq\" value=\"0\" />\n    </filter>\n    <link-entity name=\"aia_s2c_sourcingrequest\" from=\"aia_s2c_sourcingrequestid\" to=\"aia_sourcingrequest\" alias=\"SourcingRequest\">\n      <attribute name=\"aia_aialegalentity\" />\n      <attribute name=\"aia_name\" />\n      <attribute name=\"aia_requesttitle\" />\n      <attribute name=\"aia_sharepoint_folder_name\" />\n      <link-entity name=\"aia_aialegalentity\" from=\"aia_aialegalentityid\" to=\"aia_aialegalentity\">\n        <attribute name=\"aia_team\" />\n      </link-entity>\n    </link-entity>\n    <link-entity name=\"systemuser\" from=\"systemuserid\" to=\"aia_teammember\" alias=\"User\">\n      <attribute name=\"internalemailaddress\" />\n    </link-entity>\n  </entity>\n</fetch>"
            },
            "authentication": "@parameters('$authentication')"
          }
        },
        "Condition": {
          "actions": {
            "Retrieve_share_point_user_id": {
              "runAfter": {},
              "metadata": {
                "operationMetadataId": "d521ee69-fc45-4177-949e-73c2169e2232"
              },
              "type": "OpenApiConnection",
              "inputs": {
                "host": {
                  "connectionName": "shared_sharepointonline",
                  "operationId": "HttpRequest",
                  "apiId": "/providers/Microsoft.PowerApps/apis/shared_sharepointonline"
                },
                "parameters": {
                  "dataset": "https://microsoftapc.sharepoint.com/teams/AIAProjectSODADEVENV",
                  "parameters/method": "GET",
                  "parameters/uri": "/_api/web/Siteusers/getbyemail('@{variables('PrincipalId')}')/id"
                },
                "authentication": "@parameters('$authentication')"
              }
            },
            "Set_variable:_Set_user_id": {
              "runAfter": {
                "Retrieve_share_point_user_id": [
                  "Succeeded"
                ]
              },
              "metadata": {
                "operationMetadataId": "710c6ee4-3acf-4b14-bae2-cc2c8404c8dd"
              },
              "type": "SetVariable",
              "inputs": {
                "name": "PrincipalId",
                "value": "@{body('Retrieve_share_point_user_id')['d']['id']}"
              }
            }
          },
          "runAfter": {
            "Retrieve_role_definitions": [
              "Succeeded"
            ]
          },
          "else": {
            "actions": {
              "Retrieve_SharePoint_group_id": {
                "runAfter": {},
                "metadata": {
                  "operationMetadataId": "024e588e-29f3-4bb8-b692-74e386e21d15"
                },
                "type": "OpenApiConnection",
                "inputs": {
                  "host": {
                    "connectionName": "shared_sharepointonline",
                    "operationId": "HttpRequest",
                    "apiId": "/providers/Microsoft.PowerApps/apis/shared_sharepointonline"
                  },
                  "parameters": {
                    "dataset": "https://microsoftapc.sharepoint.com/teams/AIAProjectSODADEVENV",
                    "parameters/method": "GET",
                    "parameters/uri": "/_api/web/SiteGroups/getbyname('@{variables('GroupName')}')/id",
                    "parameters/headers": {
                      "accept": "application/json;odata=verbose",
                      "content-type": "application/json;odata=verbose"
                    }
                  },
                  "authentication": "@parameters('$authentication')"
                }
              },
              "Set_variable:_Set_group_id": {
                "runAfter": {
                  "Retrieve_SharePoint_group_id": [
                    "Succeeded"
                  ]
                },
                "metadata": {
                  "operationMetadataId": "b5f73e26-b415-4dbc-939d-e3ccf2fda470"
                },
                "type": "SetVariable",
                "inputs": {
                  "name": "PrincipalId",
                  "value": "@{body('Retrieve_SharePoint_group_id')['d']['id']}"
                }
              }
            }
          },
          "expression": {
            "equals": [
              1,
              1
            ]
          },
          "metadata": {
            "operationMetadataId": "478968b4-0d9f-4875-8773-6ab88bb8c373"
          },
          "type": "If"
        },
        "Initialize_variable:_Folder_Name": {
          "runAfter": {
            "Initialize_variable:_Access_type": [
              "Succeeded"
            ]
          },
          "metadata": {
            "operationMetadataId": "7d414c35-5d5e-450d-9bd1-76b394b46b47"
          },
          "type": "InitializeVariable",
          "inputs": {
            "variables": [
              {
                "name": "FolderName",
                "type": "string",
                "value": "@{first(outputs('List_rows:_Retrieve_team_member_by_id')?['body/value'])['SourcingRequest.aia_requesttitle']}_@{first(outputs('List_rows:_Retrieve_team_member_by_id')?['body/value'])['SourcingRequest.aia_name']}/"
              }
            ]
          }
        },
        "Run_a_Child_Flow:_Retrieve_SharePoint_Site_Address": {
          "runAfter": {
            "Initialize_variable:_Principal_Id": [
              "Succeeded"
            ]
          },
          "metadata": {
            "operationMetadataId": "b582c9fd-d23b-48f7-9c15-9ab503e22a31"
          },
          "type": "Workflow",
          "inputs": {
            "host": {
              "workflowReferenceName": "cb8c7cef-6161-ec11-8f8f-000d3a80eca3"
            },
            "body": {
              "text": "SharePoint_Site_Address"
            }
          }
        },
        "Create_new_folder:_Create_sourcing_request_folder": {
          "runAfter": {
            "Run_a_Child_Flow:_Retrieve_SharePoint_AIA_S2C_Folder_Path": [
              "Succeeded"
            ]
          },
          "metadata": {
            "operationMetadataId": "eee2d64b-a822-4104-b657-99583df6ed5d"
          },
          "type": "OpenApiConnection",
          "inputs": {
            "host": {
              "connectionName": "shared_sharepointonline",
              "operationId": "CreateNewFolder",
              "apiId": "/providers/Microsoft.PowerApps/apis/shared_sharepointonline"
            },
            "parameters": {
              "dataset": "@body('Run_a_Child_Flow:_Retrieve_SharePoint_Site_Address')?['result']",
              "table": "@split(outputs('Run_a_Child_Flow:_Retrieve_SharePoint_AIA_S2C_Folder_Path')?['Body']?['result'],'/')[0]",
              "parameters/path": "/@{substring(body('Run_a_Child_Flow:_Retrieve_SharePoint_AIA_S2C_Folder_Path')?['result'], add(indexOf(body('Run_a_Child_Flow:_Retrieve_SharePoint_AIA_S2C_Folder_Path')?['result'], '/'), 1))}/@{variables('FolderName')}"
            },
            "authentication": "@parameters('$authentication')"
          }
        },
        "Set_variable:_Set_old_id_to_folder_name": {
          "runAfter": {
            "Get_folder_metadata:_Retrieve_list_metadata": [
              "Succeeded"
            ]
          },
          "metadata": {
            "operationMetadataId": "d37fa40a-3d6d-4e4b-bee8-634a7721eba5"
          },
          "type": "SetVariable",
          "inputs": {
            "name": "FolderName",
            "value": "@{outputs('Get_folder_metadata:_Retrieve_list_metadata')?['body/ItemId']}"
          }
        },
        "Send_an_HTTP_request_to_SharePoint:_Break_role_inheritance": {
          "runAfter": {
            "Condition": [
              "Succeeded"
            ]
          },
          "metadata": {
            "operationMetadataId": "174755ea-1fbb-4ac3-a45e-f77bb283b003"
          },
          "type": "OpenApiConnection",
          "inputs": {
            "host": {
              "connectionName": "shared_sharepointonline",
              "operationId": "HttpRequest",
              "apiId": "/providers/Microsoft.PowerApps/apis/shared_sharepointonline"
            },
            "parameters": {
              "dataset": "@body('Run_a_Child_Flow:_Retrieve_SharePoint_Site_Address')?['result']",
              "parameters/method": "POST",
              "parameters/uri": "/_api/web/lists/getbytitle('@{split(outputs('Run_a_Child_Flow:_Retrieve_SharePoint_AIA_S2C_Folder_Path')?['Body']?['result'], '/')[0]}')/items(@{variables('FolderName')})/breakroleinheritance(true)"
            },
            "authentication": "@parameters('$authentication')"
          }
        }
      }
    },
    "templateName": ""
  },
  "schemaVersion": "1.0.0.0"
}