{
  "properties": {
    "connectionReferences": {
      "shared_commondataserviceforapps": {
        "impersonation": {},
        "runtimeSource": "embedded",
        "connection": {
          "connectionReferenceLogicalName": "aia_sharedcommondataserviceforapps_dba9d"
        },
        "api": {
          "name": "shared_commondataserviceforapps"
        }
      }
    },
    "definition": {
      "$schema": "https://schema.management.azure.com/providers/Microsoft.Logic/schemas/2016-06-01/workflowdefinition.json#",
      "contentVersion": "1.0.0.0",
      "parameters": {
        "$connections": {
          "defaultValue": {},
          "type": "Object"
        },
        "$authentication": {
          "defaultValue": {},
          "type": "SecureObject"
        }
      },
      "triggers": {
        "When_a_row_is_added,_modified_or_deleted": {
          "metadata": {
            "operationMetadataId": "d10c4a52-b250-4c0f-b74a-e8dbc6bf5f15"
          },
          "type": "OpenApiConnectionWebhook",
          "inputs": {
            "host": {
              "apiId": "/providers/Microsoft.PowerApps/apis/shared_commondataserviceforapps",
              "connectionName": "shared_commondataserviceforapps",
              "operationId": "SubscribeWebhookTrigger"
            },
            "parameters": {
              "subscriptionRequest/message": 4,
              "subscriptionRequest/entityname": "aia_s2c_approval_member",
              "subscriptionRequest/scope": 4,
              "subscriptionRequest/filteringattributes": "aia_approval_status",
              "subscriptionRequest/filterexpression": "aia_approval_status eq 914710001",
              "subscriptionRequest/name": "b556a686-126b-ed11-81ac-002248593e63"
            },
            "authentication": "@parameters('$authentication')"
          }
        }
      },
      "actions": {
        "AIA_|_S2C_Generate_approval_ROA_and_Endorse_ROAactivity": {
          "runAfter": {},
          "metadata": {
            "operationMetadataId": "a0b2d97f-0f84-4eb0-ba99-9b9b62a76590"
          },
          "type": "Workflow",
          "inputs": {
            "host": {
              "workflowReferenceName": "dde0b067-7dae-ed11-83ff-002248593e63"
            },
            "body": {
              "text": "@triggerOutputs()?['body/_aia_approval_value']",
              "text_1": "@triggerOutputs()?['body/aia_s2c_approval_memberid']",
              "text_2": "false"
            },
            "retryPolicy": {
              "type": "none"
            }
          }
        }
      }
    },
    "templateName": null
  },
  "schemaVersion": "1.0.0.0"
}