{
  "properties": {
    "connectionReferences": {
      "shared_commondataserviceforapps": {
        "runtimeSource": "embedded",
        "connection": {
          "connectionReferenceLogicalName": "aia_sharedcommondataserviceforapps_fce10"
        },
        "api": {
          "name": "shared_commondataserviceforapps"
        }
      }
    },
    "definition": {
      "$schema": "https://schema.management.azure.com/providers/Microsoft.Logic/schemas/2016-06-01/workflowdefinition.json#",
      "contentVersion": "1.0.0.0",
      "parameters": {
        "$connections": {
          "defaultValue": {},
          "type": "Object"
        },
        "$authentication": {
          "defaultValue": {},
          "type": "SecureObject"
        }
      },
      "triggers": {
        "manual": {
          "metadata": {
            "operationMetadataId": "f7196ce4-b0f0-4f85-b82a-1ff7d09eb70c"
          },
          "type": "Request",
          "kind": "Button",
          "inputs": {
            "schema": {
              "type": "object",
              "properties": {
                "text": {
                  "title": "roaRequest",
                  "type": "string",
                  "x-ms-dynamically-added": true,
                  "description": "request json",
                  "x-ms-content-hint": "TEXT"
                },
                "number": {
                  "title": "chainIndex",
                  "type": "number",
                  "x-ms-dynamically-added": true,
                  "description": "1",
                  "x-ms-content-hint": "NUMBER"
                },
                "text_1": {
                  "title": "chainId",
                  "type": "string",
                  "x-ms-dynamically-added": true,
                  "description": "id",
                  "x-ms-content-hint": "TEXT"
                },
                "number_1": {
                  "title": "approverIndex",
                  "type": "number",
                  "x-ms-dynamically-added": true,
                  "description": "1",
                  "x-ms-content-hint": "NUMBER"
                }
              },
              "required": [
                "text",
                "number",
                "text_1",
                "number_1"
              ]
            }
          }
        }
      },
      "actions": {
        "Apply_to_each_costAllocation": {
          "foreach": "@body('roaRequestJson')?['aia_aia_roa_aia_roa_cost_centre_roa']",
          "actions": {
            "aia_wbs_code": {
              "runAfter": {},
              "metadata": {
                "operationMetadataId": "96d467d0-03ab-4a78-a6c5-7fc3a7a3c469"
              },
              "type": "Compose",
              "inputs": "@items('Apply_to_each_costAllocation')['aia_wbs_code']"
            },
            "List_SAP_WBS": {
              "runAfter": {
                "Set_tempAllocationAmount": [
                  "Succeeded"
                ]
              },
              "metadata": {
                "operationMetadataId": "7f39d0d6-7825-4135-821a-59a5e51a38fe"
              },
              "type": "OpenApiConnection",
              "inputs": {
                "host": {
                  "connectionName": "shared_commondataserviceforapps",
                  "operationId": "ListRecords",
                  "apiId": "/providers/Microsoft.PowerApps/apis/shared_commondataserviceforapps"
                },
                "parameters": {
                  "entityName": "aia_sap_wbses",
                  "$select": "aia_applicant_apporval_limit,_aia_applicant_user_value,aia_approval_limit,aia_person_responsible_approval_limit,_aia_person_responsible_user_value,aia_project_controller_approval_limit,_aia_project_controller_user_value",
                  "$filter": "aia_wbs_code eq '@{outputs('aia_wbs_code')}'",
                  "$top": 1
                },
                "authentication": {
                  "type": "Raw",
                  "value": "@json(decodeBase64(triggerOutputs().headers['X-MS-APIM-Tokens']))['$ConnectionKey']"
                }
              }
            },
            "checkisblank": {
              "actions": {
                "Condition": {
                  "actions": {
                    "Set_variable": {
                      "runAfter": {},
                      "metadata": {
                        "operationMetadataId": "5c849216-f6e0-4422-820d-0f5efb48dd8c"
                      },
                      "type": "SetVariable",
                      "inputs": {
                        "name": "hasHiringChain",
                        "value": "@true"
                      }
                    }
                  },
                  "runAfter": {},
                  "expression": {
                    "equals": [
                      "@variables('hasHiringChain')",
                      "@false"
                    ]
                  },
                  "metadata": {
                    "operationMetadataId": "33338dab-8de4-425f-9097-8dd1488b8303"
                  },
                  "type": "If"
                }
              },
              "runAfter": {
                "SAP_WBS_Count": [
                  "Succeeded"
                ]
              },
              "else": {
                "actions": {
                  "set_tempApprovalLimt": {
                    "runAfter": {
                      "Increment_approver_index_1": [
                        "Succeeded"
                      ]
                    },
                    "metadata": {
                      "operationMetadataId": "6075e3f3-60ef-4c92-93a8-55fdf11c7e1f"
                    },
                    "type": "SetVariable",
                    "inputs": {
                      "name": "tempApprovalLimt",
                      "value": "@outputs('List_SAP_WBS')?['body/value'][0]['aia_person_responsible_approval_limit']"
                    }
                  },
                  "check_project_manager_approval_limit_greater_than_allocation_amount": {
                    "actions": {},
                    "runAfter": {
                      "Set_Sponsor_Approval_Limit": [
                        "Succeeded"
                      ]
                    },
                    "else": {
                      "actions": {
                        "Add_Project_Manager_Sponsor": {
                          "runAfter": {},
                          "metadata": {
                            "operationMetadataId": "20cdd397-1a07-4f4c-a301-0cc0ec061bcc"
                          },
                          "type": "OpenApiConnection",
                          "inputs": {
                            "host": {
                              "connectionName": "shared_commondataserviceforapps",
                              "operationId": "CreateRecord",
                              "apiId": "/providers/Microsoft.PowerApps/apis/shared_commondataserviceforapps"
                            },
                            "parameters": {
                              "entityName": "aia_approval_chain_approvers",
                              "item/aia_name": "@variables('vcmApproverIndex')",
                              "item/aia_approval_chain@odata.bind": "/aia_approval_chains(@{variables('chainId')})",
                              "item/aia_approver@odata.bind": "/systemusers(@{outputs('List_SAP_WBS')?['body/value'][0]['_aia_applicant_user_value']})"
                            },
                            "authentication": {
                              "type": "Raw",
                              "value": "@json(decodeBase64(triggerOutputs().headers['X-MS-APIM-Tokens']))['$ConnectionKey']"
                            }
                          }
                        },
                        "check_project_sponsor_approval_limit_greater_than_allocation_amount": {
                          "actions": {},
                          "runAfter": {
                            "Increment_approver_index_2": [
                              "Succeeded"
                            ]
                          },
                          "else": {
                            "actions": {
                              "Add_Project_Controller": {
                                "runAfter": {},
                                "metadata": {
                                  "operationMetadataId": "20cdd397-1a07-4f4c-a301-0cc0ec061bcc"
                                },
                                "type": "OpenApiConnection",
                                "inputs": {
                                  "host": {
                                    "connectionName": "shared_commondataserviceforapps",
                                    "operationId": "CreateRecord",
                                    "apiId": "/providers/Microsoft.PowerApps/apis/shared_commondataserviceforapps"
                                  },
                                  "parameters": {
                                    "entityName": "aia_approval_chain_approvers",
                                    "item/aia_name": "@variables('vcmApproverIndex')",
                                    "item/aia_approval_chain@odata.bind": "/aia_approval_chains(@{variables('chainId')})",
                                    "item/aia_approver@odata.bind": "/systemusers(@{outputs('List_SAP_WBS')?['body/value'][0]['_aia_project_controller_user_value']})"
                                  },
                                  "authentication": {
                                    "type": "Raw",
                                    "value": "@json(decodeBase64(triggerOutputs().headers['X-MS-APIM-Tokens']))['$ConnectionKey']"
                                  }
                                }
                              },
                              "Increment_approver_index_3": {
                                "runAfter": {
                                  "Add_Project_Controller": [
                                    "Succeeded"
                                  ]
                                },
                                "metadata": {
                                  "operationMetadataId": "13a6245c-b373-4878-adcf-9396efef3bfd"
                                },
                                "type": "IncrementVariable",
                                "inputs": {
                                  "name": "vcmApproverIndex",
                                  "value": 1
                                }
                              }
                            }
                          },
                          "expression": {
                            "greaterOrEquals": [
                              "@variables('tempSponsorApprovalLimt')",
                              "@variables('tempAllocationAmount')"
                            ]
                          },
                          "metadata": {
                            "operationMetadataId": "3e26808f-e25f-43b8-82b0-2b246e81ac80"
                          },
                          "type": "If"
                        },
                        "Increment_approver_index_2": {
                          "runAfter": {
                            "Add_Project_Manager_Sponsor": [
                              "Succeeded"
                            ]
                          },
                          "metadata": {
                            "operationMetadataId": "e4f09e7e-931d-4f70-979c-fa6c0159a94d"
                          },
                          "type": "IncrementVariable",
                          "inputs": {
                            "name": "vcmApproverIndex",
                            "value": 1
                          }
                        }
                      }
                    },
                    "expression": {
                      "greaterOrEquals": [
                        "@variables('tempApprovalLimt')",
                        "@variables('tempAllocationAmount')"
                      ]
                    },
                    "metadata": {
                      "operationMetadataId": "dfb0e80a-e023-4288-8818-d0adaed3e3ae"
                    },
                    "type": "If"
                  },
                  "Add_Project_Manger": {
                    "runAfter": {
                      "Increment_chain_index": [
                        "Succeeded"
                      ]
                    },
                    "metadata": {
                      "operationMetadataId": "20cdd397-1a07-4f4c-a301-0cc0ec061bcc"
                    },
                    "type": "OpenApiConnection",
                    "inputs": {
                      "host": {
                        "connectionName": "shared_commondataserviceforapps",
                        "operationId": "CreateRecord",
                        "apiId": "/providers/Microsoft.PowerApps/apis/shared_commondataserviceforapps"
                      },
                      "parameters": {
                        "entityName": "aia_approval_chain_approvers",
                        "item/aia_name": "@variables('vcmApproverIndex')",
                        "item/aia_approval_chain@odata.bind": "/aia_approval_chains(@{variables('chainId')})",
                        "item/aia_approver@odata.bind": "/systemusers(@{outputs('List_SAP_WBS')?['body/value'][0]['_aia_person_responsible_user_value']})"
                      },
                      "authentication": {
                        "type": "Raw",
                        "value": "@json(decodeBase64(triggerOutputs().headers['X-MS-APIM-Tokens']))['$ConnectionKey']"
                      }
                    }
                  },
                  "Increment_approver_index_1": {
                    "runAfter": {
                      "Add_Project_Manger": [
                        "Succeeded"
                      ]
                    },
                    "metadata": {
                      "operationMetadataId": "9aab8d74-1e15-4cf5-a1fd-14d4a7278a31"
                    },
                    "type": "IncrementVariable",
                    "inputs": {
                      "name": "vcmApproverIndex",
                      "value": 1
                    }
                  },
                  "Set_Sponsor_Approval_Limit": {
                    "runAfter": {
                      "set_tempApprovalLimt": [
                        "Succeeded"
                      ]
                    },
                    "metadata": {
                      "operationMetadataId": "103aad70-cbad-46bc-a576-c8cbded88171"
                    },
                    "type": "SetVariable",
                    "inputs": {
                      "name": "tempSponsorApprovalLimt",
                      "value": "@outputs('List_SAP_WBS')?['body/value'][0]['aia_applicant_apporval_limit']"
                    }
                  },
                  "Is_Request_great_than_1_Mill_USD_(Skiped)": {
                    "actions": {
                      "Head_of_GS": {
                        "runAfter": {},
                        "metadata": {
                          "operationMetadataId": "6c7ebb91-570d-4c42-8abd-1a4804f45b0a"
                        },
                        "type": "Workflow",
                        "inputs": {
                          "host": {
                            "workflowReferenceName": "cb8c7cef-6161-ec11-8f8f-000d3a80eca3"
                          },
                          "body": {
                            "text": "Head_of_GS"
                          }
                        }
                      },
                      "Retrieve_user_by_user_email": {
                        "runAfter": {
                          "Head_of_GS": [
                            "Succeeded"
                          ]
                        },
                        "metadata": {
                          "operationMetadataId": "2f9b89a5-72b6-4444-b8aa-4a96aeb20b07"
                        },
                        "type": "OpenApiConnection",
                        "inputs": {
                          "host": {
                            "connectionName": "shared_commondataserviceforapps",
                            "operationId": "ListRecords",
                            "apiId": "/providers/Microsoft.PowerApps/apis/shared_commondataserviceforapps"
                          },
                          "parameters": {
                            "entityName": "systemusers",
                            "$select": "fullname,systemuserid",
                            "$filter": "internalemailaddress eq '@{body('Head_of_GS')?['result']}'"
                          },
                          "authentication": {
                            "type": "Raw",
                            "value": "@json(decodeBase64(triggerOutputs().headers['X-MS-APIM-Tokens']))['$ConnectionKey']"
                          }
                        }
                      },
                      "Add_Approval_Chain_Approver_Head_of_GS": {
                        "runAfter": {
                          "Retrieve_user_by_user_email": [
                            "Succeeded"
                          ]
                        },
                        "metadata": {
                          "operationMetadataId": "20cdd397-1a07-4f4c-a301-0cc0ec061bcc"
                        },
                        "type": "OpenApiConnection",
                        "inputs": {
                          "host": {
                            "connectionName": "shared_commondataserviceforapps",
                            "operationId": "CreateRecord",
                            "apiId": "/providers/Microsoft.PowerApps/apis/shared_commondataserviceforapps"
                          },
                          "parameters": {
                            "entityName": "aia_approval_chain_approvers",
                            "item/aia_name": "@variables('vcmApproverIndex')",
                            "item/aia_approval_chain@odata.bind": "/aia_approval_chains(@{variables('chainId')})",
                            "item/aia_approver@odata.bind": "/systemusers(@{first(outputs('Retrieve_user_by_user_email')?['body/value'])['systemuserid']})"
                          },
                          "authentication": {
                            "type": "Raw",
                            "value": "@json(decodeBase64(triggerOutputs().headers['X-MS-APIM-Tokens']))['$ConnectionKey']"
                          }
                        }
                      },
                      "Increment_vcmApproverIndex_5": {
                        "runAfter": {
                          "Add_Approval_Chain_Approver_Head_of_GS": [
                            "Succeeded"
                          ]
                        },
                        "metadata": {
                          "operationMetadataId": "1bcfe35f-63ee-4961-bd01-3ad825f5d809"
                        },
                        "type": "IncrementVariable",
                        "inputs": {
                          "name": "vcmApproverIndex",
                          "value": 1
                        }
                      }
                    },
                    "runAfter": {
                      "Estimated": [
                        "Succeeded"
                      ]
                    },
                    "expression": {
                      "greater": [
                        0,
                        1
                      ]
                    },
                    "metadata": {
                      "operationMetadataId": "183f0ea3-2e33-4c86-9627-2ce06f93001b"
                    },
                    "type": "If"
                  },
                  "Legal_Entity_Name": {
                    "runAfter": {
                      "Is_Request_great_than_1_Mill_USD_(Skiped)": [
                        "Succeeded"
                      ]
                    },
                    "metadata": {
                      "operationMetadataId": "1ac9d286-0916-41d0-8ff3-6f511384fe4e"
                    },
                    "type": "Compose",
                    "inputs": "@body('roaRequestJson')['aia_aia_contracting_entity@OData.Community.Display.V1.FormattedValue']"
                  },
                  "Is_Request_great_than_60k_USD_And_SSHK": {
                    "actions": {
                      "Group_Chief_Technology_and_Life_Operations_Officer": {
                        "runAfter": {},
                        "metadata": {
                          "operationMetadataId": "030fc438-b7c5-473a-a024-5c26b9d49c52"
                        },
                        "type": "Workflow",
                        "inputs": {
                          "host": {
                            "workflowReferenceName": "cb8c7cef-6161-ec11-8f8f-000d3a80eca3"
                          },
                          "body": {
                            "text": "Group_Chief_Technology_and_Life_Operations_Officer"
                          }
                        }
                      },
                      "Add_Approval_Chain_Approver_Group_Chief_Technology_and_Life_Operations_Officer": {
                        "runAfter": {
                          "Retrieve_user_by_user_email_2": [
                            "Succeeded"
                          ]
                        },
                        "metadata": {
                          "operationMetadataId": "20cdd397-1a07-4f4c-a301-0cc0ec061bcc"
                        },
                        "type": "OpenApiConnection",
                        "inputs": {
                          "host": {
                            "connectionName": "shared_commondataserviceforapps",
                            "operationId": "CreateRecord",
                            "apiId": "/providers/Microsoft.PowerApps/apis/shared_commondataserviceforapps"
                          },
                          "parameters": {
                            "entityName": "aia_approval_chain_approvers",
                            "item/aia_name": "@variables('vcmApproverIndex')",
                            "item/aia_approval_chain@odata.bind": "/aia_approval_chains(@{variables('chainId')})",
                            "item/aia_approver@odata.bind": "/systemusers(@{first(outputs('Retrieve_user_by_user_email_2')?['body/value'])['systemuserid']})"
                          },
                          "authentication": {
                            "type": "Raw",
                            "value": "@json(decodeBase64(triggerOutputs().headers['X-MS-APIM-Tokens']))['$ConnectionKey']"
                          }
                        }
                      },
                      "Retrieve_user_by_user_email_2": {
                        "runAfter": {
                          "Group_Chief_Technology_and_Life_Operations_Officer": [
                            "Succeeded"
                          ]
                        },
                        "metadata": {
                          "operationMetadataId": "2f9b89a5-72b6-4444-b8aa-4a96aeb20b07"
                        },
                        "type": "OpenApiConnection",
                        "inputs": {
                          "host": {
                            "connectionName": "shared_commondataserviceforapps",
                            "operationId": "ListRecords",
                            "apiId": "/providers/Microsoft.PowerApps/apis/shared_commondataserviceforapps"
                          },
                          "parameters": {
                            "entityName": "systemusers",
                            "$select": "fullname,systemuserid",
                            "$filter": "internalemailaddress eq '@{body('Group_Chief_Technology_and_Life_Operations_Officer')?['result']}'"
                          },
                          "authentication": {
                            "type": "Raw",
                            "value": "@json(decodeBase64(triggerOutputs().headers['X-MS-APIM-Tokens']))['$ConnectionKey']"
                          }
                        }
                      },
                      "Increment_approver_index": {
                        "runAfter": {
                          "Add_Approval_Chain_Approver_Group_Chief_Technology_and_Life_Operations_Officer": [
                            "Succeeded"
                          ]
                        },
                        "metadata": {
                          "operationMetadataId": "e4f09e7e-931d-4f70-979c-fa6c0159a94d"
                        },
                        "type": "IncrementVariable",
                        "inputs": {
                          "name": "vcmApproverIndex",
                          "value": 1
                        }
                      }
                    },
                    "runAfter": {
                      "Legal_Entity_Name": [
                        "Succeeded"
                      ]
                    },
                    "expression": {
                      "equals": [
                        "@and(greater(outputs('Estimated'), 60000), equals(outputs('Legal_Entity_Name'), 'AIA Shared Services (HK) Ltd'))",
                        "@true"
                      ]
                    },
                    "metadata": {
                      "operationMetadataId": "c750d119-f910-4cae-a547-cac1dad0f4ad"
                    },
                    "type": "If"
                  },
                  "Estimated": {
                    "runAfter": {
                      "check_project_manager_approval_limit_greater_than_allocation_amount": [
                        "Succeeded"
                      ]
                    },
                    "metadata": {
                      "operationMetadataId": "7cc80f88-d27b-47d6-b0fa-a677b121129f"
                    },
                    "type": "Compose",
                    "inputs": "@items('Apply_to_each_costAllocation')['aia_cost_allocation_amount_usd']"
                  },
                  "Increment_chain_index": {
                    "runAfter": {
                      "Check_Legal_Entity_equal_SSHK": [
                        "Succeeded"
                      ]
                    },
                    "metadata": {
                      "operationMetadataId": "134a9abc-3c5a-4c63-b280-ce0a614c0aab"
                    },
                    "type": "IncrementVariable",
                    "inputs": {
                      "name": "approvalChainIndex",
                      "value": 1
                    }
                  },
                  "check_hiring_manager_equal_requestor": {
                    "actions": {},
                    "runAfter": {
                      "Set_Chainid": [
                        "Succeeded"
                      ]
                    },
                    "else": {
                      "actions": {
                        "Add_Approval_Chain_Approver": {
                          "runAfter": {},
                          "metadata": {
                            "operationMetadataId": "20cdd397-1a07-4f4c-a301-0cc0ec061bcc"
                          },
                          "type": "OpenApiConnection",
                          "inputs": {
                            "host": {
                              "connectionName": "shared_commondataserviceforapps",
                              "operationId": "CreateRecord",
                              "apiId": "/providers/Microsoft.PowerApps/apis/shared_commondataserviceforapps"
                            },
                            "parameters": {
                              "entityName": "aia_approval_chain_approvers",
                              "item/aia_name": "@variables('vcmApproverIndex')",
                              "item/aia_approval_chain@odata.bind": "/aia_approval_chains(@{variables('chainId')})",
                              "item/aia_approver@odata.bind": "/systemusers(@{body('roaRequestJson')._aia_hiring_manager_value})"
                            },
                            "authentication": {
                              "type": "Raw",
                              "value": "@json(decodeBase64(triggerOutputs().headers['X-MS-APIM-Tokens']))['$ConnectionKey']"
                            }
                          }
                        },
                        "Increment_vcmApproverIndex_2": {
                          "runAfter": {
                            "Add_Approval_Chain_Approver": [
                              "Succeeded"
                            ]
                          },
                          "metadata": {
                            "operationMetadataId": "1bcfe35f-63ee-4961-bd01-3ad825f5d809"
                          },
                          "type": "IncrementVariable",
                          "inputs": {
                            "name": "vcmApproverIndex",
                            "value": 1
                          }
                        }
                      }
                    },
                    "expression": {
                      "equals": [
                        "@body('roaRequestJson')._aia_hiring_manager_value",
                        "@body('roaRequestJson')._aia_requestor_value"
                      ]
                    },
                    "metadata": {
                      "operationMetadataId": "3af15d0c-7407-40ca-b5a2-51caf2f45c3f"
                    },
                    "type": "If"
                  },
                  "Check_Legal_Entity_equal_SSHK": {
                    "actions": {
                      "VCM_Team_teamid": {
                        "runAfter": {
                          "Increment_vcmApproverIndex_3": [
                            "Succeeded"
                          ]
                        },
                        "metadata": {
                          "operationMetadataId": "474e0d5c-fef5-4538-946c-9fa969572308"
                        },
                        "type": "Workflow",
                        "inputs": {
                          "host": {
                            "workflowReferenceName": "cb8c7cef-6161-ec11-8f8f-000d3a80eca3"
                          },
                          "body": {
                            "text": "VCM_Team_teamid"
                          }
                        }
                      },
                      "Add_Approval_Chain_Approver_VCM_Team": {
                        "runAfter": {
                          "VCM_Team_teamid": [
                            "Succeeded"
                          ]
                        },
                        "metadata": {
                          "operationMetadataId": "20cdd397-1a07-4f4c-a301-0cc0ec061bcc"
                        },
                        "type": "OpenApiConnection",
                        "inputs": {
                          "host": {
                            "connectionName": "shared_commondataserviceforapps",
                            "operationId": "CreateRecord",
                            "apiId": "/providers/Microsoft.PowerApps/apis/shared_commondataserviceforapps"
                          },
                          "parameters": {
                            "entityName": "aia_approval_chain_approvers",
                            "item/aia_name": "@variables('vcmApproverIndex')",
                            "item/aia_approval_chain@odata.bind": "/aia_approval_chains(@{variables('chainId')})",
                            "item/aia_approval_team@odata.bind": "/teams(@{body('VCM_Team_teamid')?['result']})"
                          },
                          "authentication": {
                            "type": "Raw",
                            "value": "@json(decodeBase64(triggerOutputs().headers['X-MS-APIM-Tokens']))['$ConnectionKey']"
                          }
                        }
                      },
                      "Retrieve_Head_of_Group_IT_Finance_from_configuration_table": {
                        "runAfter": {},
                        "metadata": {
                          "operationMetadataId": "2d8bf757-bebc-4163-b76f-9e264cb10d6b"
                        },
                        "type": "Workflow",
                        "inputs": {
                          "host": {
                            "workflowReferenceName": "cb8c7cef-6161-ec11-8f8f-000d3a80eca3"
                          },
                          "body": {
                            "text": "Head_of_Group_IT_Finance"
                          }
                        }
                      },
                      "Add_Approval_Chain_Approver_Head_of_Group_IT_Finance": {
                        "runAfter": {
                          "Retrieve_Head_of_Group_IT_Finance_by_user_email": [
                            "Succeeded"
                          ]
                        },
                        "metadata": {
                          "operationMetadataId": "20cdd397-1a07-4f4c-a301-0cc0ec061bcc"
                        },
                        "type": "OpenApiConnection",
                        "inputs": {
                          "host": {
                            "connectionName": "shared_commondataserviceforapps",
                            "operationId": "CreateRecord",
                            "apiId": "/providers/Microsoft.PowerApps/apis/shared_commondataserviceforapps"
                          },
                          "parameters": {
                            "entityName": "aia_approval_chain_approvers",
                            "item/aia_name": "@variables('vcmApproverIndex')",
                            "item/aia_approval_chain@odata.bind": "/aia_approval_chains(@{variables('chainId')})",
                            "item/aia_approver@odata.bind": "/systemusers(@{first(outputs('Retrieve_Head_of_Group_IT_Finance_by_user_email')?['body/value'])['systemuserid']})"
                          },
                          "authentication": {
                            "type": "Raw",
                            "value": "@json(decodeBase64(triggerOutputs().headers['X-MS-APIM-Tokens']))['$ConnectionKey']"
                          }
                        }
                      },
                      "Retrieve_Head_of_Group_IT_Finance_by_user_email": {
                        "runAfter": {
                          "Retrieve_Head_of_Group_IT_Finance_from_configuration_table": [
                            "Succeeded"
                          ]
                        },
                        "metadata": {
                          "operationMetadataId": "2f9b89a5-72b6-4444-b8aa-4a96aeb20b07"
                        },
                        "type": "OpenApiConnection",
                        "inputs": {
                          "host": {
                            "connectionName": "shared_commondataserviceforapps",
                            "operationId": "ListRecords",
                            "apiId": "/providers/Microsoft.PowerApps/apis/shared_commondataserviceforapps"
                          },
                          "parameters": {
                            "entityName": "systemusers",
                            "$filter": "internalemailaddress eq '@{body('Retrieve_Head_of_Group_IT_Finance_from_configuration_table')?['result']}'"
                          },
                          "authentication": {
                            "type": "Raw",
                            "value": "@json(decodeBase64(triggerOutputs().headers['X-MS-APIM-Tokens']))['$ConnectionKey']"
                          }
                        }
                      },
                      "Increment_vcmApproverIndex_3": {
                        "runAfter": {
                          "Add_Approval_Chain_Approver_Head_of_Group_IT_Finance": [
                            "Succeeded"
                          ]
                        },
                        "metadata": {
                          "operationMetadataId": "1bcfe35f-63ee-4961-bd01-3ad825f5d809"
                        },
                        "type": "IncrementVariable",
                        "inputs": {
                          "name": "vcmApproverIndex",
                          "value": 1
                        }
                      },
                      "Increment_vcmApproverIndex": {
                        "runAfter": {
                          "Add_Approval_Chain_Approver_VCM_Team": [
                            "Succeeded"
                          ]
                        },
                        "metadata": {
                          "operationMetadataId": "1bcfe35f-63ee-4961-bd01-3ad825f5d809"
                        },
                        "type": "IncrementVariable",
                        "inputs": {
                          "name": "vcmApproverIndex",
                          "value": 1
                        }
                      }
                    },
                    "runAfter": {
                      "check_hiring_manager_equal_requestor": [
                        "Succeeded"
                      ]
                    },
                    "expression": {
                      "equals": [
                        "@body('roaRequestJson').aia_aia_contracting_entity",
                        1
                      ]
                    },
                    "metadata": {
                      "operationMetadataId": "a954b295-938d-4acc-9667-e5fa0d161a0f"
                    },
                    "type": "If"
                  },
                  "Set_Chainid": {
                    "runAfter": {
                      "Add_Approval_Chain": [
                        "Succeeded"
                      ]
                    },
                    "metadata": {
                      "operationMetadataId": "eee919ce-6319-4102-885c-b7c8555127c5"
                    },
                    "type": "SetVariable",
                    "inputs": {
                      "name": "chainId",
                      "value": "@outputs('Add_Approval_Chain')?['body/aia_approval_chainid']"
                    }
                  },
                  "Add_Approval_Chain": {
                    "runAfter": {},
                    "metadata": {
                      "operationMetadataId": "d47f53a9-55c8-4617-b5c3-4ac9bdfbbf8f"
                    },
                    "type": "OpenApiConnection",
                    "inputs": {
                      "host": {
                        "connectionName": "shared_commondataserviceforapps",
                        "operationId": "CreateRecord",
                        "apiId": "/providers/Microsoft.PowerApps/apis/shared_commondataserviceforapps"
                      },
                      "parameters": {
                        "entityName": "aia_approval_chains",
                        "item/aia_name": "Approval Chains @{variables('approvalChainIndex')}",
                        "item/aia_approval_chain_status": 0,
                        "item/aia_cost_allocation_id@odata.bind": "/aia_roa_cost_centres(@{items('Apply_to_each_costAllocation')['aia_roa_cost_centreid']})",
                        "item/aia_roa@odata.bind": "/aia_roas(@{body('roaRequestJson').aia_roaid})"
                      },
                      "authentication": {
                        "type": "Raw",
                        "value": "@json(decodeBase64(triggerOutputs().headers['X-MS-APIM-Tokens']))['$ConnectionKey']"
                      }
                    }
                  },
                  "AIA_|_ROA_Approve_Chain_Approver_Duplication_Detection": {
                    "runAfter": {
                      "Is_Request_great_than_60k_USD_And_SSHK": [
                        "Succeeded"
                      ]
                    },
                    "metadata": {
                      "operationMetadataId": "74c53534-881d-4c54-91b7-8bf48c91bc4e"
                    },
                    "type": "Workflow",
                    "inputs": {
                      "host": {
                        "workflowReferenceName": "f73b7730-b590-ed11-aad0-0022485672d2"
                      },
                      "body": {
                        "text": "@outputs('Add_Approval_Chain')?['body/aia_approval_chainid']"
                      }
                    }
                  }
                }
              },
              "expression": {
                "or": [
                  {
                    "equals": [
                      "@or( equals( length(outputs('List_SAP_WBS')?['body/value']),0),variables('isBlankAndStop'))",
                      "@true"
                    ]
                  },
                  {
                    "equals": [
                      "@not(contains(first(outputs('List_SAP_WBS')?['body/value']),'_aia_person_responsible_user_value'))",
                      true
                    ]
                  }
                ]
              },
              "metadata": {
                "operationMetadataId": "68ac703a-dceb-4720-bc21-213887af3a1c"
              },
              "type": "If"
            },
            "Set_tempAllocationAmount": {
              "runAfter": {
                "Reset_approver_index": [
                  "Succeeded"
                ]
              },
              "metadata": {
                "operationMetadataId": "4c8d4426-5053-4760-ad64-c9329ca97ec4"
              },
              "type": "SetVariable",
              "inputs": {
                "name": "tempAllocationAmount",
                "value": "@items('Apply_to_each_costAllocation')['aia_cost_allocation_amount_usd']"
              }
            },
            "SAP_WBS_Count": {
              "runAfter": {
                "List_SAP_WBS": [
                  "Succeeded"
                ]
              },
              "metadata": {
                "operationMetadataId": "441f701e-e841-4951-8e76-fe76e67c9b69"
              },
              "type": "Compose",
              "inputs": "@length(outputs('List_SAP_WBS')?['body/value'])"
            },
            "Reset_approver_index": {
              "runAfter": {
                "aia_wbs_code": [
                  "Succeeded"
                ]
              },
              "metadata": {
                "operationMetadataId": "5bc3695e-44c0-4757-bc71-1414ba90f3b8"
              },
              "type": "SetVariable",
              "inputs": {
                "name": "vcmApproverIndex",
                "value": 1
              }
            }
          },
          "runAfter": {
            "chainid": [
              "Succeeded"
            ]
          },
          "metadata": {
            "operationMetadataId": "1b4766f9-9dc5-4fb2-844b-501ed1dd5794"
          },
          "type": "Foreach"
        },
        "isBlankAndStop": {
          "runAfter": {
            "roaRequestJson": [
              "Succeeded"
            ]
          },
          "metadata": {
            "operationMetadataId": "8e2a832d-9d45-4b1a-a245-9eb303a42933"
          },
          "type": "InitializeVariable",
          "inputs": {
            "variables": [
              {
                "name": "isBlankAndStop",
                "type": "boolean",
                "value": "@false"
              }
            ]
          }
        },
        "hasHiringChain": {
          "runAfter": {
            "isBlankAndStop": [
              "Succeeded"
            ]
          },
          "metadata": {
            "operationMetadataId": "e1c233fd-95fe-46f5-bca1-087128349cf6"
          },
          "type": "InitializeVariable",
          "inputs": {
            "variables": [
              {
                "name": "hasHiringChain",
                "type": "boolean",
                "value": false
              }
            ]
          }
        },
        "Initialize_approvalChainIndex": {
          "runAfter": {
            "hasHiringChain": [
              "Succeeded"
            ]
          },
          "metadata": {
            "operationMetadataId": "037fbdf7-bcda-4ab8-87c3-49ca1ad8d54d"
          },
          "type": "InitializeVariable",
          "inputs": {
            "variables": [
              {
                "name": "approvalChainIndex",
                "type": "integer",
                "value": "@triggerBody()['number']"
              }
            ]
          }
        },
        "tempApprovalLimt": {
          "runAfter": {
            "Initialize_vcmApproverIndex": [
              "Succeeded"
            ]
          },
          "metadata": {
            "operationMetadataId": "cc537517-79ac-4070-b1a4-ff5f86b08059"
          },
          "type": "InitializeVariable",
          "inputs": {
            "variables": [
              {
                "name": "tempApprovalLimt",
                "type": "float",
                "value": 0
              }
            ]
          }
        },
        "tempAllocationAmount": {
          "runAfter": {
            "tempSponsorApprovalLimt": [
              "Succeeded"
            ]
          },
          "metadata": {
            "operationMetadataId": "fcca6efe-f2ee-4a11-b2e0-f87e4700ac0f"
          },
          "type": "InitializeVariable",
          "inputs": {
            "variables": [
              {
                "name": "tempAllocationAmount",
                "type": "float",
                "value": 0
              }
            ]
          }
        },
        "tempSponsorApprovalLimt": {
          "runAfter": {
            "tempApprovalLimt": [
              "Succeeded"
            ]
          },
          "metadata": {
            "operationMetadataId": "68e47d3a-f3b3-4d81-95c1-40bfaf311fbd"
          },
          "type": "InitializeVariable",
          "inputs": {
            "variables": [
              {
                "name": "tempSponsorApprovalLimt",
                "type": "float",
                "value": 0
              }
            ]
          }
        },
        "Initialize_vcmApproverIndex": {
          "runAfter": {
            "Initialize_approvalChainIndex": [
              "Succeeded"
            ]
          },
          "metadata": {
            "operationMetadataId": "fa373533-7c53-4b9c-b125-f1e0c22ab770"
          },
          "type": "InitializeVariable",
          "inputs": {
            "variables": [
              {
                "name": "vcmApproverIndex",
                "type": "integer",
                "value": "@triggerBody()['number_1']"
              }
            ]
          }
        },
        "roaRequestJson": {
          "runAfter": {},
          "metadata": {
            "operationMetadataId": "6e79d4ad-45a7-4659-8044-aaab2ff9fff9"
          },
          "type": "ParseJson",
          "inputs": {
            "content": "@triggerBody()['text']",
            "schema": {
              "type": "object",
              "properties": {
                "aia_aia_roa_aia_roa_cost_centre_roa": {
                  "type": "array",
                  "items": {
                    "type": "object"
                  }
                }
              }
            }
          }
        },
        "Respond_to_a_PowerApp_or_flow": {
          "runAfter": {
            "Apply_to_each_costAllocation": [
              "Succeeded"
            ]
          },
          "metadata": {
            "operationMetadataId": "cc5b7823-c943-4b3f-befd-3c08f0bdae04"
          },
          "type": "Response",
          "kind": "PowerApp",
          "inputs": {
            "statusCode": 200,
            "body": {
              "result": "success"
            },
            "schema": {
              "type": "object",
              "properties": {
                "result": {
                  "title": "Result",
                  "x-ms-dynamically-added": true,
                  "type": "string"
                }
              }
            }
          }
        },
        "chainid": {
          "runAfter": {
            "tempAllocationAmount": [
              "Succeeded"
            ]
          },
          "metadata": {
            "operationMetadataId": "0eb0d9ba-4ba2-4dd7-843a-c9cc55506700"
          },
          "type": "InitializeVariable",
          "inputs": {
            "variables": [
              {
                "name": "chainId",
                "type": "string"
              }
            ]
          }
        }
      }
    },
    "templateName": ""
  },
  "schemaVersion": "1.0.0.0"
}