{
  "properties": {
    "connectionReferences": {
      "shared_commondataserviceforapps": {
        "runtimeSource": "embedded",
        "connection": {
          "connectionReferenceLogicalName": "aia_sharedcommondataserviceforapps_dba9d"
        },
        "api": {
          "name": "shared_commondataserviceforapps"
        }
      }
    },
    "definition": {
      "$schema": "https://schema.management.azure.com/providers/Microsoft.Logic/schemas/2016-06-01/workflowdefinition.json#",
      "contentVersion": "1.0.0.0",
      "parameters": {
        "$connections": {
          "defaultValue": {},
          "type": "Object"
        },
        "$authentication": {
          "defaultValue": {},
          "type": "SecureObject"
        }
      },
      "triggers": {
        "manual": {
          "metadata": {
            "operationMetadataId": "f48ebf66-ff2b-4f3e-9f26-ab3c61a87307"
          },
          "type": "Request",
          "kind": "Button",
          "inputs": {
            "schema": {
              "type": "object",
              "properties": {
                "text": {
                  "title": "SourcingRequestId",
                  "type": "string",
                  "x-ms-dynamically-added": true,
                  "description": "Please enter your input",
                  "x-ms-content-hint": "TEXT"
                },
                "text_1": {
                  "title": "ApprovalMatrixId",
                  "type": "string",
                  "x-ms-dynamically-added": true,
                  "description": "Please enter your input",
                  "x-ms-content-hint": "TEXT"
                }
              },
              "required": [
                "text",
                "text_1"
              ]
            }
          }
        }
      },
      "actions": {
        "Retrieve_sourcing_request_by_id": {
          "runAfter": {},
          "metadata": {
            "operationMetadataId": "d7b79df3-7f11-4d9f-bfce-1dce992ebd26"
          },
          "type": "OpenApiConnection",
          "inputs": {
            "host": {
              "connectionName": "shared_commondataserviceforapps",
              "operationId": "GetItem",
              "apiId": "/providers/Microsoft.PowerApps/apis/shared_commondataserviceforapps"
            },
            "parameters": {
              "entityName": "aia_s2c_sourcingrequests",
              "recordId": "@triggerBody()['text']"
            },
            "authentication": {
              "type": "Raw",
              "value": "@json(decodeBase64(triggerOutputs().headers['X-MS-APIM-Tokens']))['$ConnectionKey']"
            }
          }
        },
        "Respond_to_a_PowerApp_or_flow": {
          "runAfter": {
            "If_expense_approval_is_equal_to_yes": [
              "Succeeded"
            ]
          },
          "metadata": {
            "operationMetadataId": "a27fcf92-6ccd-488f-befc-d8952a6a390a"
          },
          "type": "Response",
          "kind": "PowerApp",
          "inputs": {
            "statusCode": 200,
            "body": {
              "result": "success"
            },
            "schema": {
              "type": "object",
              "properties": {
                "result": {
                  "title": "Result",
                  "x-ms-dynamically-added": true,
                  "type": "string"
                }
              }
            }
          }
        },
        "Retrieve_approval_matrix_by_id": {
          "runAfter": {
            "Retrieve_sourcing_request_by_id": [
              "Succeeded"
            ]
          },
          "metadata": {
            "operationMetadataId": "617ad0a8-b663-4146-ab42-f4f0a73e2d53"
          },
          "type": "OpenApiConnection",
          "inputs": {
            "host": {
              "connectionName": "shared_commondataserviceforapps",
              "operationId": "GetItem",
              "apiId": "/providers/Microsoft.PowerApps/apis/shared_commondataserviceforapps"
            },
            "parameters": {
              "entityName": "aia_s2c_approvals",
              "recordId": "@triggerBody()['text_1']"
            },
            "authentication": {
              "type": "Raw",
              "value": "@json(decodeBase64(triggerOutputs().headers['X-MS-APIM-Tokens']))['$ConnectionKey']"
            }
          }
        },
        "If_any_risks_hit": {
          "actions": {
            "Retrieve_Contract_Value_from_configuration_table": {
              "runAfter": {},
              "metadata": {
                "operationMetadataId": "1643ac04-6efc-4b66-9da2-1c516098fba2"
              },
              "type": "Workflow",
              "inputs": {
                "host": {
                  "workflowReferenceName": "a87a92b0-d56b-ed11-81ac-002248593e63"
                },
                "body": {
                  "text": "AIA_S2C_ContractValue_List",
                  "text_1": "<60k"
                }
              }
            },
            "Split_min_value_and_max_value": {
              "runAfter": {
                "Retrieve_Contract_Value_from_configuration_table": [
                  "Succeeded"
                ]
              },
              "metadata": {
                "operationMetadataId": "f8dcb24f-8598-4596-a28f-05b6eef11206"
              },
              "type": "Compose",
              "inputs": "@split(outputs('Retrieve_Contract_Value_from_configuration_table')?['Body']?['result'],'-')"
            },
            "If_contract_value_greater_than_60_thousand": {
              "actions": {
                "Retrieve_user_by_user_email": {
                  "runAfter": {
                    "Retrieve_head_of_GS_email_from_configuration_variable": [
                      "Succeeded"
                    ]
                  },
                  "metadata": {
                    "operationMetadataId": "2f9b89a5-72b6-4444-b8aa-4a96aeb20b07"
                  },
                  "type": "OpenApiConnection",
                  "inputs": {
                    "host": {
                      "connectionName": "shared_commondataserviceforapps",
                      "operationId": "ListRecords",
                      "apiId": "/providers/Microsoft.PowerApps/apis/shared_commondataserviceforapps"
                    },
                    "parameters": {
                      "entityName": "systemusers",
                      "$filter": "internalemailaddress eq '@{body('Retrieve_head_of_GS_email_from_configuration_variable')?['result']}'"
                    },
                    "authentication": {
                      "type": "Raw",
                      "value": "@json(decodeBase64(triggerOutputs().headers['X-MS-APIM-Tokens']))['$ConnectionKey']"
                    }
                  }
                },
                "Retrieve_head_of_GS_email_from_configuration_variable": {
                  "runAfter": {},
                  "metadata": {
                    "operationMetadataId": "c504aff1-3ee6-4037-9878-afbdc0b1c37f"
                  },
                  "type": "Workflow",
                  "inputs": {
                    "host": {
                      "workflowReferenceName": "cb8c7cef-6161-ec11-8f8f-000d3a80eca3"
                    },
                    "body": {
                      "text": "Head_of_GS"
                    }
                  }
                },
                "Create_approver_base_on_head_of_GS": {
                  "runAfter": {
                    "Retrieve_user_by_user_email": [
                      "Succeeded"
                    ]
                  },
                  "metadata": {
                    "operationMetadataId": "f9e463db-a2b0-441c-b3c5-4415f4a9ff72"
                  },
                  "type": "OpenApiConnection",
                  "inputs": {
                    "host": {
                      "connectionName": "shared_commondataserviceforapps",
                      "operationId": "CreateRecord",
                      "apiId": "/providers/Microsoft.PowerApps/apis/shared_commondataserviceforapps"
                    },
                    "parameters": {
                      "entityName": "aia_s2c_approval_members",
                      "item/aia_approval@odata.bind": "/aia_s2c_approvals(@{outputs('Retrieve_approval_matrix_by_id')?['body/aia_s2c_approvalid']})",
                      "item/aia_approval_status": 914710000,
                      "item/aia_generation_type": 914710000,
                      "item/aia_name": "@first(outputs('Retrieve_user_by_user_email')?['body/value'])['fullname']",
                      "item/aia_user@odata.bind": "/systemusers(@{first(outputs('Retrieve_user_by_user_email')?['body/value'])['systemuserid']})",
                      "item/aia_user_role": 914710000,
                      "item/aia_approval_layer@odata.bind": "/aia_s2c_approval_layers(@{outputs('Create_approval_layer_1_for_approval_matrix')?['body/aia_s2c_approval_layerid']})"
                    },
                    "authentication": {
                      "type": "Raw",
                      "value": "@json(decodeBase64(triggerOutputs().headers['X-MS-APIM-Tokens']))['$ConnectionKey']"
                    }
                  }
                }
              },
              "runAfter": {
                "Split_min_value_and_max_value": [
                  "Succeeded"
                ]
              },
              "expression": {
                "greater": [
                  "@outputs('Retrieve_sourcing_request_by_id')?['body/aia_initialcostestimationinusd']",
                  "@int(outputs('Split_min_value_and_max_value')[1])"
                ]
              },
              "metadata": {
                "operationMetadataId": "7cc93eb6-a18f-4a90-824f-d894601c5c2c"
              },
              "type": "If"
            }
          },
          "runAfter": {
            "Create_approval_layer_1_for_approval_matrix": [
              "Succeeded"
            ]
          },
          "expression": {
            "or": [
              {
                "equals": [
                  "@outputs('Retrieve_sourcing_request_by_id')?['body/aia_dataprivacyrisk']",
                  1
                ]
              },
              {
                "equals": [
                  "@outputs('Retrieve_sourcing_request_by_id')?['body/aia_informationsecurityrisk']",
                  1
                ]
              },
              {
                "equals": [
                  "@outputs('Retrieve_sourcing_request_by_id')?['body/aia_businesscontinuityrisk']",
                  1
                ]
              }
            ]
          },
          "metadata": {
            "operationMetadataId": "179da97d-b65d-42b9-a20d-7f0cee808f31"
          },
          "type": "If"
        },
        "Create_approval_layer_1_for_approval_matrix": {
          "runAfter": {
            "Retrieve_approval_matrix_by_id": [
              "Succeeded"
            ]
          },
          "metadata": {
            "operationMetadataId": "b759a3fd-eb95-4a5d-aacb-edbc60f4f0a9"
          },
          "type": "OpenApiConnection",
          "inputs": {
            "host": {
              "connectionName": "shared_commondataserviceforapps",
              "operationId": "CreateRecord",
              "apiId": "/providers/Microsoft.PowerApps/apis/shared_commondataserviceforapps"
            },
            "parameters": {
              "entityName": "aia_s2c_approval_layers",
              "item/aia_name": "Approval Layer 1 - @{outputs('Retrieve_sourcing_request_by_id')?['body/aia_requesttitle']}",
              "item/aia_approval@odata.bind": "/aia_s2c_approvals(@{outputs('Retrieve_approval_matrix_by_id')?['body/aia_s2c_approvalid']})",
              "item/aia_approval_status": 914710000,
              "item/aia_generation_type": 914710000,
              "item/aia_sequence": 1
            },
            "authentication": {
              "type": "Raw",
              "value": "@json(decodeBase64(triggerOutputs().headers['X-MS-APIM-Tokens']))['$ConnectionKey']"
            }
          }
        },
        "WBS_Approval_Identification_(ROA_Business_Approver)": {
          "runAfter": {
            "WBS_or_CO": [
              "Succeeded"
            ]
          },
          "metadata": {
            "operationMetadataId": "f6b66f60-bbf9-4bce-abe3-4d3f5b61ad5b"
          },
          "type": "Workflow",
          "inputs": {
            "host": {
              "workflowReferenceName": "50471fb8-1360-ed11-9562-002248593e63"
            },
            "body": {
              "text": "@outputs('Retrieve_sourcing_request_by_id')?['body/aia_s2c_sourcingrequestid']",
              "text_1": "@outputs('Retrieve_approval_matrix_by_id')?['body/aia_s2c_approvalid']",
              "text_2": "@outputs('Create_approval_layer_1_for_approval_matrix')?['body/aia_s2c_approval_layerid']",
              "text_3": "@variables('WBSorCO')",
              "text_4": "false"
            },
            "retryPolicy": {
              "type": "none"
            }
          }
        },
        "WBS_or_CO": {
          "actions": {
            "Set_WBS": {
              "runAfter": {},
              "metadata": {
                "operationMetadataId": "59b89c55-f36b-4fdc-9a8d-248026052a68"
              },
              "type": "SetVariable",
              "inputs": {
                "name": "WBSorCO",
                "value": "WBS"
              }
            }
          },
          "runAfter": {
            "Defined_WBS_or_CO": [
              "Succeeded"
            ]
          },
          "else": {
            "actions": {
              "Set_CO": {
                "runAfter": {},
                "metadata": {
                  "operationMetadataId": "6af84947-183d-4acb-a3b8-92137ab2e105"
                },
                "type": "SetVariable",
                "inputs": {
                  "name": "WBSorCO",
                  "value": "CO"
                }
              }
            }
          },
          "expression": {
            "and": [
              {
                "not": {
                  "equals": [
                    "@outputs('Retrieve_sourcing_request_by_id')?['body/aia_wbs_code']",
                    null
                  ]
                }
              },
              {
                "equals": [
                  "@startsWith(outputs('Retrieve_sourcing_request_by_id')?['body/aia_wbs_code'],'R1')",
                  true
                ]
              }
            ]
          },
          "metadata": {
            "operationMetadataId": "9f6819c8-e14e-4eb7-9db3-bc9653caf06e"
          },
          "type": "If"
        },
        "Defined_WBS_or_CO": {
          "runAfter": {
            "If_any_risks_hit": [
              "Succeeded"
            ]
          },
          "metadata": {
            "operationMetadataId": "043fa744-c156-4822-8ec4-53e2bf73b102"
          },
          "type": "InitializeVariable",
          "inputs": {
            "variables": [
              {
                "name": "WBSorCO",
                "type": "string"
              }
            ]
          }
        },
        "If_expense_approval_is_equal_to_yes": {
          "actions": {
            "Expense_Approver_Matrix": {
              "runAfter": {},
              "metadata": {
                "operationMetadataId": "1c988b1c-ab9a-4b1d-9f75-cbb0219651bd"
              },
              "type": "Workflow",
              "inputs": {
                "host": {
                  "workflowReferenceName": "76b17a56-1560-ed11-9562-002248593e63"
                },
                "body": {
                  "text": "@outputs('Retrieve_sourcing_request_by_id')?['body/aia_s2c_sourcingrequestid']",
                  "text_1": "@outputs('Retrieve_approval_matrix_by_id')?['body/aia_s2c_approvalid']",
                  "text_2": "@outputs('Create_approval_layer_1_for_approval_matrix')?['body/aia_s2c_approval_layerid']",
                  "text_3": "@variables('WBSorCO')"
                },
                "retryPolicy": {
                  "type": "none"
                }
              }
            }
          },
          "runAfter": {
            "WBS_Approval_Identification_(ROA_Business_Approver)": [
              "Succeeded"
            ]
          },
          "expression": {
            "and": [
              {
                "equals": [
                  "@outputs('Retrieve_sourcing_request_by_id')?['body/aia_is_expense_approval']",
                  1
                ]
              },
              {
                "not": {
                  "equals": [
                    "@outputs('Retrieve_sourcing_request_by_id')?['body/aia_expense_amount_in_usd']",
                    null
                  ]
                }
              }
            ]
          },
          "metadata": {
            "operationMetadataId": "d1896b4a-ce2b-4e3b-84c9-771ee63b6764"
          },
          "type": "If"
        }
      },
      "outputs": {}
    },
    "templateName": ""
  },
  "schemaVersion": "1.0.0.0"
}