{
  "properties": {
    "connectionReferences": {
      "shared_commondataserviceforapps": {
        "runtimeSource": "embedded",
        "connection": {
          "connectionReferenceLogicalName": "aia_sharedcommondataserviceforapps_1c6db"
        },
        "api": {
          "name": "shared_commondataserviceforapps"
        }
      }
    },
    "definition": {
      "$schema": "https://schema.management.azure.com/providers/Microsoft.Logic/schemas/2016-06-01/workflowdefinition.json#",
      "contentVersion": "1.0.0.0",
      "parameters": {
        "$connections": {
          "defaultValue": {},
          "type": "Object"
        },
        "$authentication": {
          "defaultValue": {},
          "type": "SecureObject"
        }
      },
      "triggers": {
        "When_a_row_is_added,_modified_or_deleted": {
          "metadata": {
            "operationMetadataId": "ac1f0bcb-d51c-40c6-94d1-f5569b65c34e"
          },
          "type": "OpenApiConnectionWebhook",
          "inputs": {
            "host": {
              "connectionName": "shared_commondataserviceforapps",
              "operationId": "SubscribeWebhookTrigger",
              "apiId": "/providers/Microsoft.PowerApps/apis/shared_commondataserviceforapps"
            },
            "parameters": {
              "subscriptionRequest/message": 3,
              "subscriptionRequest/entityname": "aia_s2c_sourcingrequest",
              "subscriptionRequest/scope": 4,
              "subscriptionRequest/filteringattributes": "aia_requeststatus"
            },
            "authentication": "@parameters('$authentication')"
          }
        }
      },
      "actions": {
        "check_Request_status_is_Sourcing_Review": {
          "actions": {
            "check_GS_Support_is_mandatory_and_non_campliance_is_yes": {
              "actions": {
                "Find_S2C_Sourcing_Request_Non_Campliance": {
                  "runAfter": {},
                  "metadata": {
                    "operationMetadataId": "47a2f3f5-a4a1-47bc-b4db-c0c6c61b0607"
                  },
                  "type": "OpenApiConnection",
                  "inputs": {
                    "host": {
                      "connectionName": "shared_commondataserviceforapps",
                      "operationId": "ListRecords",
                      "apiId": "/providers/Microsoft.PowerApps/apis/shared_commondataserviceforapps"
                    },
                    "parameters": {
                      "entityName": "aia_s2csourcingrequestnoncampliances",
                      "fetchXml": "<fetch top=\"1\">\n  <entity name=\"aia_s2csourcingrequestnoncampliance\">\n    <attribute name=\"activityid\" />\n    <filter>\n      <condition attribute=\"aia_aias2csourcingrequest\" operator=\"eq\" value=\"@{triggerOutputs()?['body/aia_s2c_sourcingrequestid']}\" />\n    </filter>\n  </entity>\n</fetch>",
                      "$top": 1
                    },
                    "authentication": "@parameters('$authentication')"
                  }
                },
                "check_activity_length_is_less_than_or_equal_to_0": {
                  "actions": {
                    "Add_S2C_Sourcing_Request_Non_Campliance": {
                      "runAfter": {},
                      "metadata": {
                        "operationMetadataId": "55c744ee-be58-415d-8982-6b3037f5ac52"
                      },
                      "type": "OpenApiConnection",
                      "inputs": {
                        "host": {
                          "connectionName": "shared_commondataserviceforapps",
                          "operationId": "CreateRecord",
                          "apiId": "/providers/Microsoft.PowerApps/apis/shared_commondataserviceforapps"
                        },
                        "parameters": {
                          "entityName": "aia_s2csourcingrequestnoncampliances",
                          "item/aia_aias2cnoncampliance": "@triggerOutputs()?['body/aia_noncompliance']",
                          "item/aia_AIAS2CSourcingRequest_aia_s2csourcingrequestnoncampliance@odata.bind": "/aia_s2c_sourcingrequests/@{triggerOutputs()?['body/aia_s2c_sourcingrequestid']}",
                          "item/subject": "Review Non-compliance Sourcing Request - @{triggerOutputs()?['body/aia_name']}",
                          "item/aia_ncnote": "@triggerOutputs()?['body/aia_ncnote']",
                          "item/aia_aias2cnoncampliancereason": "@triggerOutputs()?['body/aia_otherreasonofnoncompliance']"
                        },
                        "authentication": "@parameters('$authentication')"
                      }
                    }
                  },
                  "runAfter": {
                    "Find_S2C_Sourcing_Request_Non_Campliance": [
                      "Succeeded"
                    ]
                  },
                  "expression": {
                    "lessOrEquals": [
                      "@length(outputs('Find_S2C_Sourcing_Request_Non_Campliance')?['body/value'])",
                      0
                    ]
                  },
                  "metadata": {
                    "operationMetadataId": "b6f1e13c-2977-48b2-9f10-bbd406ac1f3f"
                  },
                  "type": "If"
                }
              },
              "runAfter": {},
              "expression": {
                "and": [
                  {
                    "equals": [
                      "@triggerOutputs()?['body/aia_gssupport']",
                      914710002
                    ]
                  },
                  {
                    "equals": [
                      "@triggerOutputs()?['body/aia_noncompliance']",
                      true
                    ]
                  },
                  {
                    "equals": [
                      "@triggerOutputs()?['body/aia_requeststatus']",
                      914710001
                    ]
                  },
                  {
                    "equals": [
                      "@not(empty(triggerOutputs()?['body/aia_name']))",
                      true
                    ]
                  }
                ]
              },
              "metadata": {
                "operationMetadataId": "18ebb0ac-a620-41f1-a9ff-e12b838fe466"
              },
              "type": "If"
            },
            "if_[Sourcing_Request].[Submission_Date]_is_null": {
              "actions": {
                "Update_[Sourcing_Request].[Submission_Date]_=_utcNow": {
                  "runAfter": {},
                  "metadata": {
                    "operationMetadataId": "7e645595-1ee0-42f9-9344-943d7b3c3f94"
                  },
                  "type": "OpenApiConnection",
                  "inputs": {
                    "host": {
                      "connectionName": "shared_commondataserviceforapps",
                      "operationId": "UpdateRecord",
                      "apiId": "/providers/Microsoft.PowerApps/apis/shared_commondataserviceforapps"
                    },
                    "parameters": {
                      "entityName": "aia_s2c_sourcingrequests",
                      "recordId": "@triggerOutputs()?['body/aia_s2c_sourcingrequestid']",
                      "item/aia_submissiondate": "@utcNow()"
                    },
                    "authentication": "@parameters('$authentication')"
                  }
                }
              },
              "runAfter": {
                "check_GS_Support_is_mandatory_and_non_campliance_is_yes": [
                  "Succeeded"
                ]
              },
              "expression": {
                "equals": [
                  "@equals(triggerOutputs()?['body/aia_submissiondate'],null)",
                  true
                ]
              },
              "metadata": {
                "operationMetadataId": "b038c6af-d7c5-4f5b-9e7d-29f15668c6f9"
              },
              "type": "If"
            },
            "AIA_|_S2C_Trigger_Notification_Email_of_Sourcing_Request_Submission_1.3_to_1.4": {
              "runAfter": {
                "if_[Sourcing_Request].[Submission_Date]_is_null": [
                  "Succeeded"
                ]
              },
              "metadata": {
                "operationMetadataId": "542c4d3a-7166-442e-935e-cd01bfde2d61"
              },
              "type": "Workflow",
              "inputs": {
                "host": {
                  "workflowReferenceName": "69fd2fa0-03f2-ec11-bb3d-6045bd1bf92d"
                },
                "body": {
                  "text": "@triggerOutputs()?['body/aia_s2c_sourcingrequestid']"
                }
              }
            }
          },
          "runAfter": {},
          "expression": {
            "or": [
              {
                "equals": [
                  "@triggerOutputs()?['body/aia_requeststatus']",
                  914710001
                ]
              },
              {
                "equals": [
                  "@triggerOutputs()?['body/aia_requeststatus']",
                  914710000
                ]
              }
            ]
          },
          "metadata": {
            "operationMetadataId": "2c448998-06d0-4790-8475-acc1e49da588"
          },
          "type": "If"
        },
        "check_Request_Status_is_Approved": {
          "actions": {
            "AIA_|_S2C_Map_between_[Supplier]_and_[S2C_Supplier_Sourcing_Request_Data_Map]": {
              "runAfter": {},
              "metadata": {
                "operationMetadataId": "e2076cf0-f4c1-4c49-9de0-dbb93bcd0588"
              },
              "type": "Workflow",
              "inputs": {
                "host": {
                  "workflowReferenceName": "c8d44de3-c384-ed11-81ad-002248593e63"
                },
                "body": {
                  "text": "@triggerOutputs()?['body/aia_s2c_sourcingrequestid']"
                }
              }
            },
            "AIA_|_S2C_Approved_ROA_PDF_Generation": {
              "runAfter": {
                "AIA_|_S2C_Map_between_[Supplier]_and_[S2C_Supplier_Sourcing_Request_Data_Map]": [
                  "Succeeded"
                ]
              },
              "metadata": {
                "operationMetadataId": "bff22cbb-c04f-4624-a99a-e8f92b4e812d"
              },
              "type": "Workflow",
              "inputs": {
                "host": {
                  "workflowReferenceName": "2c5468d3-986c-ed11-81ac-002248593e63"
                },
                "body": {
                  "text": "@triggerOutputs()?['body/aia_s2c_sourcingrequestid']"
                }
              }
            }
          },
          "runAfter": {
            "If_request_status_is_equal_to_pending_approval_or_not": [
              "Succeeded"
            ]
          },
          "expression": {
            "equals": [
              "@triggerOutputs()?['body/aia_requeststatus']",
              914710010
            ]
          },
          "metadata": {
            "operationMetadataId": "956beb5d-cf7d-4bc7-ba19-6a874751c6fe"
          },
          "type": "If"
        },
        "If_request_status_is_equal_to_complete_or_not": {
          "actions": {
            "AIA_|_S2C_Non-Compliance_PDF_Generation": {
              "runAfter": {
                "Email_8.6_Trigger_NC_when_request_status_change_to_completed": [
                  "Succeeded"
                ]
              },
              "metadata": {
                "operationMetadataId": "0f73d94e-f337-4177-ac71-5d180103cbe0"
              },
              "type": "Workflow",
              "inputs": {
                "host": {
                  "workflowReferenceName": "4b59486d-d097-ed11-aad1-002248593e63"
                },
                "body": {
                  "text": "@triggerOutputs()?['body/aia_s2c_sourcingrequestid']"
                }
              }
            },
            "AIA_|_S2C_Map_between_[Supplier]_and_[S2C_Supplier_Sourcing_Request_Data_Map]_2": {
              "runAfter": {},
              "metadata": {
                "operationMetadataId": "e2076cf0-f4c1-4c49-9de0-dbb93bcd0588"
              },
              "type": "Workflow",
              "inputs": {
                "host": {
                  "workflowReferenceName": "c8d44de3-c384-ed11-81ad-002248593e63"
                },
                "body": {
                  "text": "@triggerOutputs()?['body/aia_s2c_sourcingrequestid']"
                }
              }
            },
            "Email_8.6_Trigger_NC_when_request_status_change_to_completed": {
              "runAfter": {
                "AIA_|_S2C_Map_between_[Supplier]_and_[S2C_Supplier_Sourcing_Request_Data_Map]_2": [
                  "Succeeded"
                ]
              },
              "metadata": {
                "operationMetadataId": "799524c7-f0af-432d-9e98-9641fdc7d2b0"
              },
              "type": "Workflow",
              "inputs": {
                "host": {
                  "workflowReferenceName": "4f0b9801-2e96-ed11-aad0-0022485672d2"
                },
                "body": {
                  "text": "@triggerOutputs()?['body/aia_s2c_sourcingrequestid']"
                },
                "retryPolicy": {
                  "type": "none"
                }
              }
            }
          },
          "runAfter": {
            "check_Request_Status_is_Approved": [
              "Succeeded"
            ]
          },
          "expression": {
            "equals": [
              "@triggerOutputs()?['body/aia_requeststatus']",
              914710003
            ]
          },
          "metadata": {
            "operationMetadataId": "e3e5b123-63bf-4797-8337-08d9c87c097d"
          },
          "type": "If"
        },
        "If_request_status_is_equal_to_pending_approval_or_not": {
          "actions": {
            "Retrieve_confirm_ROA_by_sourcing_request_id": {
              "runAfter": {},
              "metadata": {
                "operationMetadataId": "d76dd5c1-9c94-466c-b673-78d683915e94"
              },
              "type": "OpenApiConnection",
              "inputs": {
                "host": {
                  "connectionName": "shared_commondataserviceforapps",
                  "operationId": "ListRecords",
                  "apiId": "/providers/Microsoft.PowerApps/apis/shared_commondataserviceforapps"
                },
                "parameters": {
                  "entityName": "aia_s2c_confirm_roa_activities",
                  "$select": "activityid",
                  "$filter": "_regardingobjectid_value eq @{triggerOutputs()?['body/aia_s2c_sourcingrequestid']} and statecode eq 0",
                  "$top": 1
                },
                "authentication": "@parameters('$authentication')"
              }
            },
            "If_existing_confirm_ROA_or_not": {
              "actions": {
                "Set_activity_status_to_completed": {
                  "runAfter": {},
                  "metadata": {
                    "operationMetadataId": "86770752-1de8-4f24-b822-ad3f93102ceb"
                  },
                  "type": "OpenApiConnection",
                  "inputs": {
                    "host": {
                      "connectionName": "shared_commondataserviceforapps",
                      "operationId": "UpdateRecord",
                      "apiId": "/providers/Microsoft.PowerApps/apis/shared_commondataserviceforapps"
                    },
                    "parameters": {
                      "entityName": "aia_s2c_confirm_roa_activities",
                      "recordId": "@first(outputs('Retrieve_confirm_ROA_by_sourcing_request_id')?['body/value'])['activityid']",
                      "item/statecode": 1,
                      "item/statuscode": 2
                    },
                    "authentication": "@parameters('$authentication')"
                  }
                }
              },
              "runAfter": {
                "Retrieve_confirm_ROA_by_sourcing_request_id": [
                  "Succeeded"
                ]
              },
              "expression": {
                "greaterOrEquals": [
                  "@length(outputs('Retrieve_confirm_ROA_by_sourcing_request_id')?['body/value'])",
                  1
                ]
              },
              "metadata": {
                "operationMetadataId": "16dfaeb8-47db-4902-b959-8972333968b6"
              },
              "type": "If"
            }
          },
          "runAfter": {
            "check_Request_status_is_Sourcing_Review": [
              "Succeeded"
            ]
          },
          "expression": {
            "equals": [
              "@triggerOutputs()?['body/aia_requeststatus']",
              914710011
            ]
          },
          "metadata": {
            "operationMetadataId": "3010a83b-cb97-4f10-b705-0451860f6b25"
          },
          "type": "If"
        },
        "if_is_resubmit": {
          "actions": {
            "AIA_|_Trigger_By_Sourcing_Request_Update": {
              "runAfter": {},
              "metadata": {
                "operationMetadataId": "542c4d3a-7166-442e-935e-cd01bfde2d61"
              },
              "type": "Workflow",
              "inputs": {
                "host": {
                  "workflowReferenceName": "7cba8822-7e71-ed11-81ac-002248593fc2"
                },
                "body": {
                  "text": "@triggerOutputs()?['body/aia_s2c_sourcingrequestid']",
                  "text_1": "@triggerOutputs()?['body/_modifiedby_value']",
                  "text_2": "@string(triggerOutputs()?['body/aia_requeststatus'])"
                }
              }
            }
          },
          "runAfter": {
            "If_request_status_is_equal_to_complete_or_not": [
              "Succeeded"
            ]
          },
          "expression": {
            "equals": [
              "@triggerOutputs()?['body/aia_isresubmit']",
              true
            ]
          },
          "metadata": {
            "operationMetadataId": "362a9364-5035-4c16-9ccb-a4e15e57aab6"
          },
          "type": "If"
        }
      }
    },
    "templateName": ""
  },
  "schemaVersion": "1.0.0.0"
}