{
  "properties": {
    "connectionReferences": {
      "shared_commondataserviceforapps": {
        "runtimeSource": "embedded",
        "connection": {
          "connectionReferenceLogicalName": "aia_sharedcommondataserviceforapps_dba9d"
        },
        "api": {
          "name": "shared_commondataserviceforapps"
        }
      },
      "shared_commondataserviceforapps_1": {
        "runtimeSource": "embedded",
        "connection": {
          "connectionReferenceLogicalName": "aia_sharedcommondataserviceforapps_f1fd0"
        },
        "api": {
          "name": "shared_commondataserviceforapps"
        }
      }
    },
    "definition": {
      "$schema": "https://schema.management.azure.com/providers/Microsoft.Logic/schemas/2016-06-01/workflowdefinition.json#",
      "contentVersion": "1.0.0.0",
      "parameters": {
        "$connections": {
          "defaultValue": {},
          "type": "Object"
        },
        "$authentication": {
          "defaultValue": {},
          "type": "SecureObject"
        }
      },
      "triggers": {
        "manual": {
          "metadata": {
            "operationMetadataId": "d9dba1b9-889c-420d-8ead-54505aa31d46"
          },
          "type": "Request",
          "kind": "Button",
          "inputs": {
            "schema": {
              "type": "object",
              "properties": {
                "text": {
                  "title": "SourcingRequestId",
                  "type": "string",
                  "x-ms-dynamically-added": true,
                  "description": "Please enter your input",
                  "x-ms-content-hint": "TEXT"
                },
                "text_1": {
                  "title": "ApprovalMatrixId",
                  "type": "string",
                  "x-ms-dynamically-added": true,
                  "description": "Please enter your input",
                  "x-ms-content-hint": "TEXT"
                }
              },
              "required": [
                "text",
                "text_1"
              ]
            }
          }
        }
      },
      "actions": {
        "Retrieve_approval_member_list_by_approval_matrix_id": {
          "runAfter": {},
          "metadata": {
            "operationMetadataId": "c0e3254d-4e8b-41e7-a54b-56fb5b0f062f"
          },
          "type": "OpenApiConnection",
          "inputs": {
            "host": {
              "connectionName": "shared_commondataserviceforapps",
              "operationId": "ListRecords",
              "apiId": "/providers/Microsoft.PowerApps/apis/shared_commondataserviceforapps"
            },
            "parameters": {
              "entityName": "aia_s2c_approval_members",
              "$filter": "_aia_approval_value eq @{triggerBody()['text_1']} and statecode eq 0",
              "$orderby": "aia_user_role asc,createdon asc"
            },
            "authentication": {
              "type": "Raw",
              "value": "@json(decodeBase64(triggerOutputs().headers['X-MS-APIM-Tokens']))['$ConnectionKey']"
            }
          }
        },
        "Apply_to_each": {
          "foreach": "@outputs('Retrieve_approval_member_list_by_approval_matrix_id')?['body/value']",
          "actions": {
            "If_user_is_processed_or_not": {
              "actions": {
                "Add_user_id_to_processed_user": {
                  "runAfter": {},
                  "metadata": {
                    "operationMetadataId": "383ccd3e-591b-41a6-a658-4c392bb0a4cb"
                  },
                  "type": "AppendToArrayVariable",
                  "inputs": {
                    "name": "ProcessedUser",
                    "value": "@items('Apply_to_each')?['_aia_user_value']"
                  }
                },
                "Apply_to_each_2": {
                  "foreach": "@outputs('Retrieve_duplicate_member_list_by_user_id')?['body/value']",
                  "actions": {
                    "Update_duplicate_member_status_to_inactive": {
                      "runAfter": {},
                      "metadata": {
                        "operationMetadataId": "92343719-1b58-4085-90e0-dad1b217d503"
                      },
                      "type": "OpenApiConnection",
                      "inputs": {
                        "host": {
                          "connectionName": "shared_commondataserviceforapps",
                          "operationId": "UpdateRecord",
                          "apiId": "/providers/Microsoft.PowerApps/apis/shared_commondataserviceforapps"
                        },
                        "parameters": {
                          "entityName": "aia_s2c_approval_members",
                          "recordId": "@items('Apply_to_each_2')?['aia_s2c_approval_memberid']",
                          "item/statecode": 1
                        },
                        "authentication": {
                          "type": "Raw",
                          "value": "@json(decodeBase64(triggerOutputs().headers['X-MS-APIM-Tokens']))['$ConnectionKey']"
                        }
                      }
                    },
                    "Check_has_approval_type_need_to_merge": {
                      "actions": {
                        "If_original_approval_type_is_empty": {
                          "actions": {
                            "Update_Approval_Type": {
                              "runAfter": {},
                              "metadata": {
                                "operationMetadataId": "22200a74-4541-4144-9aec-795303d1d1b5"
                              },
                              "type": "OpenApiConnection",
                              "inputs": {
                                "host": {
                                  "connectionName": "shared_commondataserviceforapps_1",
                                  "operationId": "UpdateRecord",
                                  "apiId": "/providers/Microsoft.PowerApps/apis/shared_commondataserviceforapps"
                                },
                                "parameters": {
                                  "entityName": "aia_s2c_approval_members",
                                  "recordId": "@items('Apply_to_each')?['aia_s2c_approval_memberid']",
                                  "item/aia_approvertype": "@items('Apply_to_each_2')?['aia_approvertype']"
                                },
                                "authentication": {
                                  "type": "Raw",
                                  "value": "@json(decodeBase64(triggerOutputs().headers['X-MS-APIM-Tokens']))['$ConnectionKey']"
                                }
                              }
                            }
                          },
                          "runAfter": {},
                          "else": {
                            "actions": {
                              "Check_if_contains": {
                                "actions": {},
                                "runAfter": {},
                                "else": {
                                  "actions": {
                                    "Merge_Approval_Type": {
                                      "runAfter": {},
                                      "metadata": {
                                        "operationMetadataId": "0a5476fe-4e95-4549-9465-d2757d05363e"
                                      },
                                      "type": "OpenApiConnection",
                                      "inputs": {
                                        "host": {
                                          "connectionName": "shared_commondataserviceforapps_1",
                                          "operationId": "UpdateRecord",
                                          "apiId": "/providers/Microsoft.PowerApps/apis/shared_commondataserviceforapps"
                                        },
                                        "parameters": {
                                          "entityName": "aia_s2c_approval_members",
                                          "recordId": "@items('Apply_to_each')?['aia_s2c_approval_memberid']",
                                          "item/aia_approvertype": "@{items('Apply_to_each')?['aia_approvertype']},@{items('Apply_to_each_2')?['aia_approvertype']}"
                                        },
                                        "authentication": {
                                          "type": "Raw",
                                          "value": "@json(decodeBase64(triggerOutputs().headers['X-MS-APIM-Tokens']))['$ConnectionKey']"
                                        }
                                      }
                                    }
                                  }
                                },
                                "expression": {
                                  "contains": [
                                    "@items('Apply_to_each')?['aia_approvertype']",
                                    "@items('Apply_to_each_2')?['aia_approvertype']"
                                  ]
                                },
                                "metadata": {
                                  "operationMetadataId": "a5ead2bb-cf55-4d4d-86f5-ea6b0e24c840"
                                },
                                "type": "If"
                              }
                            }
                          },
                          "expression": {
                            "equals": [
                              "@empty(items('Apply_to_each')?['aia_approvertype'])",
                              "@true"
                            ]
                          },
                          "metadata": {
                            "operationMetadataId": "f0cf1bea-a0a3-46e5-a769-26c244a926b6"
                          },
                          "type": "If"
                        }
                      },
                      "runAfter": {
                        "Update_duplicate_member_status_to_inactive": [
                          "Succeeded"
                        ]
                      },
                      "expression": {
                        "equals": [
                          "@empty(items('Apply_to_each_2')?['aia_approvertype'])",
                          "@false"
                        ]
                      },
                      "metadata": {
                        "operationMetadataId": "7575f244-43f7-42de-a58c-3679a47769ee"
                      },
                      "type": "If"
                    }
                  },
                  "runAfter": {
                    "Retrieve_duplicate_member_list_by_user_id": [
                      "Succeeded"
                    ]
                  },
                  "metadata": {
                    "operationMetadataId": "78ecdd57-98f1-438a-94f0-813333fcecc1"
                  },
                  "type": "Foreach"
                },
                "Retrieve_duplicate_member_list_by_user_id": {
                  "runAfter": {
                    "Add_user_id_to_processed_user": [
                      "Succeeded"
                    ]
                  },
                  "metadata": {
                    "operationMetadataId": "b9e716e2-c05a-4fc0-b2c7-f381aba4ebdd"
                  },
                  "type": "OpenApiConnection",
                  "inputs": {
                    "host": {
                      "connectionName": "shared_commondataserviceforapps",
                      "operationId": "ListRecords",
                      "apiId": "/providers/Microsoft.PowerApps/apis/shared_commondataserviceforapps"
                    },
                    "parameters": {
                      "entityName": "aia_s2c_approval_members",
                      "$filter": "_aia_approval_value eq @{triggerBody()['text_1']} and _aia_user_value eq @{items('Apply_to_each')?['_aia_user_value']} and aia_s2c_approval_memberid ne @{items('Apply_to_each')?['aia_s2c_approval_memberid']} and statecode eq 0"
                    },
                    "authentication": {
                      "type": "Raw",
                      "value": "@json(decodeBase64(triggerOutputs().headers['X-MS-APIM-Tokens']))['$ConnectionKey']"
                    }
                  }
                }
              },
              "runAfter": {},
              "expression": {
                "not": {
                  "equals": [
                    "@contains(variables('ProcessedUser'),items('Apply_to_each')?['_aia_user_value'])",
                    true
                  ]
                }
              },
              "metadata": {
                "operationMetadataId": "d229932f-94fa-48b8-8cac-4baab42433e0"
              },
              "type": "If"
            }
          },
          "runAfter": {
            "Initialize_variable:_approval_layer_id": [
              "Succeeded"
            ]
          },
          "metadata": {
            "operationMetadataId": "7c5f2af1-8708-4f7a-8873-7f32ff1a61b7"
          },
          "type": "Foreach"
        },
        "Respond_to_a_PowerApp_or_flow": {
          "runAfter": {
            "Apply_to_each_approval_layer": [
              "Succeeded"
            ]
          },
          "metadata": {
            "operationMetadataId": "da077e57-5fed-41b7-93a0-f4711eec69a8"
          },
          "type": "Response",
          "kind": "PowerApp",
          "inputs": {
            "statusCode": 200,
            "body": {
              "result": "success"
            },
            "schema": {
              "type": "object",
              "properties": {
                "result": {
                  "title": "Result",
                  "x-ms-dynamically-added": true,
                  "type": "string"
                }
              }
            }
          }
        },
        "Processed_user_id": {
          "runAfter": {
            "Retrieve_approval_member_list_by_approval_matrix_id": [
              "Succeeded"
            ]
          },
          "metadata": {
            "operationMetadataId": "83042472-2702-4d0c-9300-0a736d604d45"
          },
          "type": "InitializeVariable",
          "inputs": {
            "variables": [
              {
                "name": "ProcessedUser",
                "type": "array"
              }
            ]
          }
        },
        "Retrieve_all_approval_layer_by_approval_matrix_id": {
          "runAfter": {
            "Apply_to_each": [
              "Succeeded"
            ]
          },
          "metadata": {
            "operationMetadataId": "48c4371e-1d71-4fb9-8c49-56e8d8c383ed"
          },
          "type": "OpenApiConnection",
          "inputs": {
            "host": {
              "connectionName": "shared_commondataserviceforapps",
              "operationId": "ListRecords",
              "apiId": "/providers/Microsoft.PowerApps/apis/shared_commondataserviceforapps"
            },
            "parameters": {
              "entityName": "aia_s2c_approval_layers",
              "$select": "aia_s2c_approval_layerid,_aia_next_approval_layer_value",
              "$filter": "_aia_approval_value eq @{triggerBody()['text_1']} and statecode eq 0",
              "$orderby": "aia_sequence asc"
            },
            "authentication": {
              "type": "Raw",
              "value": "@json(decodeBase64(triggerOutputs().headers['X-MS-APIM-Tokens']))['$ConnectionKey']"
            }
          }
        },
        "Apply_to_each_approval_layer": {
          "foreach": "@outputs('Retrieve_all_approval_layer_by_approval_matrix_id')?['body/value']",
          "actions": {
            "If_existing_approval_member_under_approval_layer_or_not": {
              "actions": {
                "Update_approval_layer_status_to_inactive": {
                  "runAfter": {
                    "If_existing_next_approval_layer_or_not": [
                      "Succeeded"
                    ]
                  },
                  "metadata": {
                    "operationMetadataId": "a0fb49fe-5c3a-4a6f-bb0a-182b9092b998"
                  },
                  "type": "OpenApiConnection",
                  "inputs": {
                    "host": {
                      "connectionName": "shared_commondataserviceforapps",
                      "operationId": "UpdateRecord",
                      "apiId": "/providers/Microsoft.PowerApps/apis/shared_commondataserviceforapps"
                    },
                    "parameters": {
                      "entityName": "aia_s2c_approval_layers",
                      "recordId": "@items('Apply_to_each_approval_layer')?['aia_s2c_approval_layerid']",
                      "item/statecode": 1
                    },
                    "authentication": {
                      "type": "Raw",
                      "value": "@json(decodeBase64(triggerOutputs().headers['X-MS-APIM-Tokens']))['$ConnectionKey']"
                    }
                  }
                },
                "If_existing_next_approval_layer_or_not": {
                  "actions": {
                    "Update_next_approval_layer_to_previous_approval_layer": {
                      "runAfter": {},
                      "metadata": {
                        "operationMetadataId": "78798e8c-d105-4cb7-9e4c-82374e42d02f"
                      },
                      "type": "OpenApiConnection",
                      "inputs": {
                        "host": {
                          "connectionName": "shared_commondataserviceforapps",
                          "operationId": "UpdateRecord",
                          "apiId": "/providers/Microsoft.PowerApps/apis/shared_commondataserviceforapps"
                        },
                        "parameters": {
                          "entityName": "aia_s2c_approval_layers",
                          "recordId": "@variables('arrayApprrovalLayeriId')[outputs('Length_of_approval_layer_id_-_1')]",
                          "item/aia_next_approval_layer@odata.bind": "/aia_s2c_approval_layers(@{items('Apply_to_each_approval_layer')?['_aia_next_approval_layer_value']})"
                        },
                        "authentication": {
                          "type": "Raw",
                          "value": "@json(decodeBase64(triggerOutputs().headers['X-MS-APIM-Tokens']))['$ConnectionKey']"
                        }
                      }
                    }
                  },
                  "runAfter": {
                    "Length_of_approval_layer_id_-_1": [
                      "Succeeded"
                    ]
                  },
                  "else": {
                    "actions": {
                      "If_first_approval_layer_is_null_or_not": {
                        "actions": {
                          "Update_null_to_previous_approval_layer": {
                            "runAfter": {},
                            "metadata": {
                              "operationMetadataId": "78798e8c-d105-4cb7-9e4c-82374e42d02f"
                            },
                            "type": "OpenApiConnection",
                            "inputs": {
                              "host": {
                                "connectionName": "shared_commondataserviceforapps",
                                "operationId": "UpdateRecord",
                                "apiId": "/providers/Microsoft.PowerApps/apis/shared_commondataserviceforapps"
                              },
                              "parameters": {
                                "entityName": "aia_s2c_approval_layers",
                                "recordId": "@variables('arrayApprrovalLayeriId')[outputs('Length_of_approval_layer_id_-_1')]",
                                "item/aia_next_approval_layer@odata.bind": "@null"
                              },
                              "authentication": {
                                "type": "Raw",
                                "value": "@json(decodeBase64(triggerOutputs().headers['X-MS-APIM-Tokens']))['$ConnectionKey']"
                              }
                            }
                          }
                        },
                        "runAfter": {},
                        "expression": {
                          "greater": [
                            "@length(variables('arrayApprrovalLayeriId'))",
                            0
                          ]
                        },
                        "metadata": {
                          "operationMetadataId": "cd6222ed-fc63-4667-bf52-eea13cfece4f"
                        },
                        "type": "If"
                      }
                    }
                  },
                  "expression": {
                    "and": [
                      {
                        "equals": [
                          "@not(empty(items('Apply_to_each_approval_layer')?['_aia_next_approval_layer_value']))",
                          true
                        ]
                      },
                      {
                        "greater": [
                          "@length(variables('arrayApprrovalLayeriId'))",
                          0
                        ]
                      }
                    ]
                  },
                  "metadata": {
                    "operationMetadataId": "a344112a-303c-4f03-89ff-a2dd8ce1a1c8"
                  },
                  "type": "If"
                },
                "Length_of_approval_layer_id_-_1": {
                  "runAfter": {},
                  "metadata": {
                    "operationMetadataId": "71f1b216-6a52-4be7-87db-29b4a278f28d"
                  },
                  "type": "Compose",
                  "inputs": "@add(length(variables('arrayApprrovalLayeriId')),-1)"
                }
              },
              "runAfter": {
                "Retrieve_approval_member_by_approval_layer_id": [
                  "Succeeded"
                ]
              },
              "else": {
                "actions": {
                  "Append_approval_layer_id_to_array": {
                    "runAfter": {},
                    "metadata": {
                      "operationMetadataId": "fdfdb7a9-d93d-442e-a6dc-1f71f86f1570"
                    },
                    "type": "AppendToArrayVariable",
                    "inputs": {
                      "name": "arrayApprrovalLayeriId",
                      "value": "@items('Apply_to_each_approval_layer')?['aia_s2c_approval_layerid']"
                    }
                  }
                }
              },
              "expression": {
                "lessOrEquals": [
                  "@length(outputs('Retrieve_approval_member_by_approval_layer_id')?['body/value'])",
                  0
                ]
              },
              "metadata": {
                "operationMetadataId": "61874bd7-9469-4254-9792-7118afc491e3"
              },
              "type": "If"
            },
            "Retrieve_approval_member_by_approval_layer_id": {
              "runAfter": {},
              "metadata": {
                "operationMetadataId": "b0236ef3-bab6-4385-936a-a02ed72d1673"
              },
              "type": "OpenApiConnection",
              "inputs": {
                "host": {
                  "connectionName": "shared_commondataserviceforapps",
                  "operationId": "ListRecords",
                  "apiId": "/providers/Microsoft.PowerApps/apis/shared_commondataserviceforapps"
                },
                "parameters": {
                  "entityName": "aia_s2c_approval_members",
                  "$select": "aia_s2c_approval_memberid",
                  "$filter": "_aia_approval_layer_value eq @{items('Apply_to_each_approval_layer')?['aia_s2c_approval_layerid']} and statecode eq 0"
                },
                "authentication": {
                  "type": "Raw",
                  "value": "@json(decodeBase64(triggerOutputs().headers['X-MS-APIM-Tokens']))['$ConnectionKey']"
                }
              }
            }
          },
          "runAfter": {
            "Retrieve_all_approval_layer_by_approval_matrix_id": [
              "Succeeded"
            ]
          },
          "metadata": {
            "operationMetadataId": "064ff68f-eb28-4f1f-ac10-ac26c782da3d"
          },
          "type": "Foreach"
        },
        "Initialize_variable:_approval_layer_id": {
          "runAfter": {
            "Processed_user_id": [
              "Succeeded"
            ]
          },
          "metadata": {
            "operationMetadataId": "05f858bb-63c9-46b0-8f46-f1c38f011176"
          },
          "type": "InitializeVariable",
          "inputs": {
            "variables": [
              {
                "name": "arrayApprrovalLayeriId",
                "type": "array"
              }
            ]
          }
        }
      },
      "outputs": {}
    },
    "templateName": ""
  },
  "schemaVersion": "1.0.0.0"
}