{
  "properties": {
    "connectionReferences": {
      "shared_commondataserviceforapps": {
        "runtimeSource": "embedded",
        "connection": {
          "connectionReferenceLogicalName": "aia_sharedcommondataserviceforapps_f04d4"
        },
        "api": {
          "name": "shared_commondataserviceforapps"
        }
      },
      "shared_office365": {
        "runtimeSource": "embedded",
        "connection": {
          "connectionReferenceLogicalName": "aia_sharedoffice365_9ed7c"
        },
        "api": {
          "name": "shared_office365"
        }
      }
    },
    "definition": {
      "$schema": "https://schema.management.azure.com/providers/Microsoft.Logic/schemas/2016-06-01/workflowdefinition.json#",
      "contentVersion": "1.0.0.0",
      "parameters": {
        "$connections": {
          "defaultValue": {},
          "type": "Object"
        },
        "$authentication": {
          "defaultValue": {},
          "type": "SecureObject"
        }
      },
      "triggers": {
        "manual": {
          "metadata": {
            "operationMetadataId": "99a25a28-7459-49fa-b982-bed04894a1f9"
          },
          "type": "Request",
          "kind": "Button",
          "inputs": {
            "schema": {
              "type": "object",
              "properties": {
                "text": {
                  "title": "completeOffboardingChecklistActivityID",
                  "type": "string",
                  "x-ms-dynamically-added": true,
                  "description": "Please enter your input",
                  "x-ms-content-hint": "TEXT"
                }
              },
              "required": [
                "text"
              ]
            }
          }
        }
      },
      "actions": {
        "Find_Offboarding_Checklist_Activity": {
          "runAfter": {},
          "metadata": {
            "operationMetadataId": "03f74081-b1a3-43c1-b27e-631007f8b098"
          },
          "type": "OpenApiConnection",
          "inputs": {
            "host": {
              "connectionName": "shared_commondataserviceforapps",
              "operationId": "ListRecords",
              "apiId": "/providers/Microsoft.PowerApps/apis/shared_commondataserviceforapps"
            },
            "parameters": {
              "entityName": "aia_offboarding_checklists",
              "fetchXml": "<fetch>\n  <entity name=\"aia_offboarding_checklist\" >\n    <attribute name=\"activityid\" />\n    <filter>\n      <condition attribute=\"activityid\" operator=\"eq\" value=\"@{triggerBody()['text']}\" />\n    </filter>\n    <link-entity name=\"aia_new\" from=\"aia_newid\" to=\"aia_new\" link-type=\"inner\" alias=\"new\" >\n      <attribute name=\"aia_last_name\" />\n      <attribute name=\"aia_first_name\" />\n      <attribute name=\"aia_offboarding_date\" />\n      <attribute name=\"aia_individual_id\" />\n    </link-entity>\n    <link-entity name=\"aia_roa\" from=\"aia_roaid\" to=\"aia_roa\" link-type=\"inner\" alias=\"roa\" >\n      <attribute name=\"aia_name\" />\n      <link-entity name=\"systemuser\" from=\"systemuserid\" to=\"owninguser\" link-type=\"outer\" alias=\"requester\" >\n        <attribute name=\"internalemailaddress\" />\n        <attribute name=\"fullname\" />\n        <attribute name=\"firstname\" />\n      </link-entity>\n      <link-entity name=\"systemuser\" from=\"systemuserid\" to=\"aia_hiring_manager\" link-type=\"outer\" alias=\"hiringmanager\" >\n        <attribute name=\"internalemailaddress\" />\n        <attribute name=\"fullname\" />\n        <attribute name=\"title\" />\n        <attribute name=\"firstname\" />\n      </link-entity>\n      <link-entity name=\"account\" from=\"accountid\" to=\"aia_supplier\" link-type=\"outer\" alias=\"supplier\" >\n        <attribute name=\"name\" />\n      </link-entity>\n    </link-entity>\n  </entity>\n</fetch>",
              "$top": 1
            },
            "authentication": {
              "type": "Raw",
              "value": "@json(decodeBase64(triggerOutputs().headers['X-MS-APIM-Tokens']))['$ConnectionKey']"
            }
          }
        },
        "Condition": {
          "actions": {
            "Find_Config": {
              "runAfter": {},
              "metadata": {
                "operationMetadataId": "e173303e-d66a-42fb-ba19-7d77c183b556"
              },
              "type": "Workflow",
              "inputs": {
                "host": {
                  "workflowReferenceName": "cb8c7cef-6161-ec11-8f8f-000d3a80eca3"
                },
                "body": {
                  "text": "Actionable_Email_Provider_Id"
                }
              }
            },
            "Find_Target_URL": {
              "runAfter": {
                "Find_Config": [
                  "Succeeded"
                ]
              },
              "metadata": {
                "operationMetadataId": "7d387579-f37d-4450-8525-ed695fec213d"
              },
              "type": "Workflow",
              "inputs": {
                "host": {
                  "workflowReferenceName": "cb8c7cef-6161-ec11-8f8f-000d3a80eca3"
                },
                "body": {
                  "text": "Actionable_Email_Target_URL"
                }
              }
            },
            "Find_Not_Reply_Email_Address": {
              "runAfter": {
                "Find_Target_URL": [
                  "Succeeded"
                ]
              },
              "metadata": {
                "operationMetadataId": "1ede7fc6-a81e-495e-a51f-a4dbd56db6e0"
              },
              "type": "Workflow",
              "inputs": {
                "host": {
                  "workflowReferenceName": "cb8c7cef-6161-ec11-8f8f-000d3a80eca3"
                },
                "body": {
                  "text": "Not_Reply_Email_Address"
                }
              }
            },
            "Run_Concatenate_Email_To_Address_and_Name": {
              "runAfter": {
                "Find_Not_Reply_Email_Address": [
                  "Succeeded"
                ]
              },
              "metadata": {
                "operationMetadataId": "d63e843c-8c7e-4e4c-b084-01b7931efb86"
              },
              "type": "Workflow",
              "inputs": {
                "host": {
                  "workflowReferenceName": "69869d17-d175-ec11-8943-000d3ac7467e"
                },
                "body": {
                  "text": "[\n{\"emailaddress\":\"@{if(not(empty(first(body('Find_Offboarding_Checklist_Activity')?['value'])?['hiringmanager.internalemailaddress'])),first(body('Find_Offboarding_Checklist_Activity')?['value'])?['hiringmanager.internalemailaddress'],'')}\",\"fullname\":\"@{if(not(empty(first(body('Find_Offboarding_Checklist_Activity')?['value'])?['hiringmanager.firstname'])),first(body('Find_Offboarding_Checklist_Activity')?['value'])?['hiringmanager.firstname'],'')}\"},\n{\"emailaddress\":\"@{if(not(empty(first(body('Find_Offboarding_Checklist_Activity')?['value'])?['requester.internalemailaddress'])),first(body('Find_Offboarding_Checklist_Activity')?['value'])?['requester.internalemailaddress'],'')}\",\"fullname\":\"@{if(not(empty(first(body('Find_Offboarding_Checklist_Activity')?['value'])?['requester.firstname'])),first(body('Find_Offboarding_Checklist_Activity')?['value'])?['requester.firstname'],'')}\"}\n]",
                  "text_1": "/"
                }
              }
            },
            "Check_Email_To_address_is_not_empty": {
              "actions": {
                "Compose_Actionable_email_json_data": {
                  "runAfter": {},
                  "metadata": {
                    "operationMetadataId": "31056fb7-3bfd-42b1-bd48-692b419f103a"
                  },
                  "type": "Compose",
                  "inputs": {
                    "type": "AdaptiveCard",
                    "body": [
                      {
                        "type": "ColumnSet",
                        "style": "emphasis",
                        "columns": [
                          {
                            "type": "Column",
                            "items": [
                              {
                                "type": "TextBlock",
                                "text": "Hi @{body('Run_Concatenate_Email_To_Address_and_Name')?['names']},",
                                "wrap": true
                              }
                            ],
                            "width": "stretch",
                            "padding": "None"
                          }
                        ],
                        "padding": "Default",
                        "spacing": "None"
                      },
                      {
                        "type": "Container",
                        "items": [
                          {
                            "type": "TextBlock",
                            "text": "According to our record, the captioned individual will be offboarding soon.  \n\n",
                            "wrap": true
                          },
                          {
                            "type": "TextBlock",
                            "text": "Please be reminded to complete the tasks as per the Offboarding Checklist and once completed, confirm completion by clicking on the button below.",
                            "wrap": true,
                            "spacing": "Small",
                            "weight": "Bolder",
                            "horizontalAlignment": "Left",
                            "color": "Dark"
                          }
                        ],
                        "padding": "Default",
                        "spacing": "None",
                        "separator": true
                      },
                      {
                        "type": "Container",
                        "id": "7d00f965-40bb-9fc3-ff7b-a9b82a09ead4",
                        "padding": "Default",
                        "items": [
                          {
                            "type": "TextBlock",
                            "id": "653961d1-3bff-3346-7786-f4e79c7a86b5",
                            "text": "NEW Details",
                            "wrap": true,
                            "size": "Large",
                            "color": "Attention",
                            "weight": "Bolder"
                          },
                          {
                            "type": "FactSet",
                            "id": "f54570ab-82c1-e8e4-b3bc-7db45ef2ac0f",
                            "facts": [
                              {
                                "title": "ROA ID/Request ID",
                                "value": "@{first(body('Find_Offboarding_Checklist_Activity')?['value'])?['roa.aia_name']}"
                              },
                              {
                                "title": "Individual ID",
                                "value": "@{first(body('Find_Offboarding_Checklist_Activity')?['value'])?['new.aia_individual_id']}"
                              },
                              {
                                "title": "Individual Name",
                                "value": "@{first(body('Find_Offboarding_Checklist_Activity')?['value'])?['new.aia_first_name']} @{first(body('Find_Offboarding_Checklist_Activity')?['value'])?['new.aia_last_name']}"
                              },
                              {
                                "title": "Supplier Name",
                                "value": "@{first(body('Find_Offboarding_Checklist_Activity')?['value'])?['supplier.name']}"
                              },
                              {
                                "title": "Last Date of Service",
                                "value": "@{if(not(empty(first(body('Find_Offboarding_Checklist_Activity')?['value'])?['new.aia_offboarding_date'])),convertTimeZone(first(body('Find_Offboarding_Checklist_Activity')?['value'])?['new.aia_offboarding_date'], 'UTC', 'China Standard Time', 'dd-MMM-yyyy'),' ')}"
                              }
                            ]
                          }
                        ],
                        "spacing": "None",
                        "separator": true
                      },
                      {
                        "type": "Container",
                        "items": [
                          {
                            "type": "TextBlock",
                            "id": "689f0166-d29f-953f-2f60-a71a95c37a29",
                            "text": "Offboarding Checklist",
                            "wrap": true,
                            "weight": "Bolder",
                            "size": "Large"
                          }
                        ],
                        "padding": "Default",
                        "spacing": "None",
                        "separator": true
                      },
                      {
                        "type": "Container",
                        "items": [
                          {
                            "type": "ColumnSet",
                            "columns": [
                              {
                                "type": "Column",
                                "padding": "None",
                                "width": "auto",
                                "items": [
                                  {
                                    "type": "TextBlock",
                                    "id": "e5dd3eca-b548-ebfb-ee06-fb1ac24bd380",
                                    "text": "1.",
                                    "wrap": true
                                  }
                                ]
                              },
                              {
                                "type": "Column",
                                "padding": "None",
                                "width": "stretch",
                                "items": [
                                  {
                                    "type": "TextBlock",
                                    "id": "001f1ae9-5b09-4f32-2813-f6da803dd365",
                                    "text": "Return Access Card",
                                    "wrap": true
                                  },
                                  {
                                    "type": "TextBlock",
                                    "id": "9691a333-679b-f320-e192-f8a6ddb201d3",
                                    "text": "•\tReturn Access Card to Corporate Facility Services, Room 2716, 27/F, Hopewell Centre",
                                    "wrap": true,
                                    "spacing": "None"
                                  }
                                ]
                              }
                            ],
                            "padding": "None",
                            "spacing": "None"
                          },
                          {
                            "type": "ColumnSet",
                            "columns": [
                              {
                                "type": "Column",
                                "padding": "None",
                                "width": "auto",
                                "items": [
                                  {
                                    "type": "TextBlock",
                                    "id": "6231caa9-8154-f257-a00b-60b046cab0b3",
                                    "text": "2.",
                                    "wrap": true
                                  }
                                ]
                              },
                              {
                                "type": "Column",
                                "padding": "None",
                                "width": "stretch",
                                "items": [
                                  {
                                    "type": "TextBlock",
                                    "id": "b4aa72c3-afcc-7b67-6d57-53db1133f7b7",
                                    "text": "Revoke LAN ID Access ",
                                    "wrap": true
                                  },
                                  {
                                    "type": "TextBlock",
                                    "id": "6eed82c0-c052-d85a-894d-89b00ce89ba1",
                                    "text": "•\tRefer to the Account Expiry notification email from aia-iam-notification-donotreply@aia.com",
                                    "wrap": true,
                                    "spacing": "None"
                                  },
                                  {
                                    "type": "TextBlock",
                                    "id": "4e083a31-226e-be36-9687-9cd20d91971f",
                                    "text": "•\tFor early termination, please revoke access by raising a request via SailPoint",
                                    "wrap": true,
                                    "spacing": "None"
                                  },
                                  {
                                    "type": "TextBlock",
                                    "id": "389f4cca-1b3c-12f2-74c5-426c85ebbd90",
                                    "text": "•\tFor any queries, please reach out to (IAM.UserAdmin@aia.com)",
                                    "wrap": true,
                                    "spacing": "None"
                                  }
                                ]
                              }
                            ],
                            "padding": "None",
                            "spacing": "None"
                          },
                          {
                            "type": "ColumnSet",
                            "columns": [
                              {
                                "type": "Column",
                                "padding": "None",
                                "width": "auto",
                                "items": [
                                  {
                                    "type": "TextBlock",
                                    "id": "595bc15b-f623-faa7-f0b0-bc5276f44f8e",
                                    "text": "3.",
                                    "wrap": true
                                  }
                                ]
                              },
                              {
                                "type": "Column",
                                "padding": "None",
                                "width": "stretch",
                                "items": [
                                  {
                                    "type": "TextBlock",
                                    "id": "56bd7f3e-f46d-6956-6ae2-e5d77c7214ad",
                                    "text": "Return AIA Assets (laptop, charger, mobile phones, iPads, etc.) ",
                                    "wrap": true
                                  },
                                  {
                                    "type": "TextBlock",
                                    "id": "2afeaec2-d7fa-442b-b72c-768440f5350b",
                                    "text": "•\tReturn AIA Assets to Group Technology End User Services Helpdesk on the 31/F, Hopewell Centre",
                                    "wrap": true,
                                    "spacing": "None"
                                  }
                                ]
                              }
                            ],
                            "padding": "None",
                            "spacing": "None"
                          },
                          {
                            "type": "ColumnSet",
                            "columns": [
                              {
                                "type": "Column",
                                "padding": "None",
                                "width": "auto",
                                "items": [
                                  {
                                    "type": "TextBlock",
                                    "id": "d8109c52-cfa3-4083-6b0a-bdcfb488260e",
                                    "text": "4.",
                                    "wrap": true
                                  }
                                ]
                              },
                              {
                                "type": "Column",
                                "padding": "None",
                                "width": "stretch",
                                "items": [
                                  {
                                    "type": "TextBlock",
                                    "id": "af2c4347-7dc8-6ae0-f5a4-4e79a0f705b8",
                                    "text": "Send completed Offboarding Checklist",
                                    "wrap": true
                                  },
                                  {
                                    "type": "TextBlock",
                                    "id": "fc052357-0706-d37f-c38e-cfb2f4c2876e",
                                    "text": "•\tRespond to this actionable email by clicking \"Confirm\" within ",
                                    "wrap": true,
                                    "spacing": "None"
                                  },
                                  {
                                    "type": "TextBlock",
                                    "id": "84caa98a-e5d4-84ee-9cbb-d00b3a1b8df9",
                                    "text": "5 days of the last working day",
                                    "wrap": true,
                                    "spacing": "None",
                                    "weight": "Bolder"
                                  },
                                  {
                                    "type": "TextBlock",
                                    "id": "f646324f-9e23-1c92-b0e1-bbe5635c16a6",
                                    "text": "of the last working day of the departing Individual Contingent/ Consultant",
                                    "wrap": true,
                                    "spacing": "None"
                                  }
                                ]
                              }
                            ],
                            "padding": "None",
                            "spacing": "None"
                          }
                        ],
                        "padding": "Default",
                        "spacing": "None",
                        "separator": true
                      },
                      {
                        "type": "Container",
                        "id": "353b659f-b668-fac0-5b7f-5d2f1bdb46ac",
                        "padding": "Default",
                        "items": [
                          {
                            "type": "TextBlock",
                            "id": "3d194a03-af8f-53d1-30b4-4ae91dfafebf",
                            "text": "--------------------",
                            "wrap": true
                          },
                          {
                            "type": "TextBlock",
                            "id": "2b23c8cb-c1da-788f-0107-f1aa3286c0cc",
                            "text": "I hereby confirm that I have completed the offboarding tasks outlined above.",
                            "wrap": true
                          },
                          {
                            "type": "ActionSet",
                            "actions": [
                              {
                                "type": "Action.Http",
                                "id": "Confirm",
                                "title": "Confirm",
                                "method": "POST",
                                "url": "@{body('Find_Target_URL')?['result']}",
                                "body": "{\"eMailType\":\"OFFBOARDING_CHECKLIST\",\t\"completeOffboardingChecklistActivityID\":\"@{first(body('Find_Offboarding_Checklist_Activity')?['value'])?['activityid']}\"}",
                                "isPrimary": true,
                                "style": "positive",
                                "headers": [
                                  {
                                    "name": "Authorization",
                                    "value": ""
                                  },
                                  {
                                    "name": "Content-Type",
                                    "value": "application/json"
                                  }
                                ]
                              }
                            ],
                            "spacing": "Small"
                          },
                          {
                            "type": "TextBlock",
                            "id": "44e3945d-c8f3-495c-2d2b-1e48daef0c27",
                            "text": "--------------------",
                            "wrap": true
                          },
                          {
                            "type": "TextBlock",
                            "id": "d53c818c-6008-7730-e171-b65e7272078d",
                            "text": "Thanks.",
                            "wrap": true
                          },
                          {
                            "type": "TextBlock",
                            "id": "1f7c527f-2790-f17c-4210-1a61e9c22ca1",
                            "text": "Best Regards,",
                            "wrap": true
                          },
                          {
                            "type": "TextBlock",
                            "id": "d173219c-bc3d-ce5a-367d-d3bc9df18846",
                            "text": "Group Sourcing ",
                            "wrap": true,
                            "spacing": "None"
                          }
                        ],
                        "spacing": "None",
                        "separator": true
                      }
                    ],
                    "$schema": "http://adaptivecards.io/schemas/adaptive-card.json",
                    "version": "1.0",
                    "padding": "None",
                    "hideOriginalBody": true,
                    "originator": "@{body('Find_Config')?['result']}"
                  }
                },
                "Send_an_email_5.1_Actionable_email:_Offboarding_checklist_email": {
                  "runAfter": {
                    "Compose_Actionable_email_json_data": [
                      "Succeeded"
                    ]
                  },
                  "metadata": {
                    "operationMetadataId": "8c66c989-22c0-45c5-9a5f-866b2b0de522"
                  },
                  "type": "OpenApiConnection",
                  "inputs": {
                    "host": {
                      "connectionName": "shared_office365",
                      "operationId": "SendEmailV2",
                      "apiId": "/providers/Microsoft.PowerApps/apis/shared_office365"
                    },
                    "parameters": {
                      "emailMessage/To": "@body('Run_Concatenate_Email_To_Address_and_Name')?['emails']",
                      "emailMessage/Subject": "[Action Required] Offboarding Checklist for @{first(body('Find_Offboarding_Checklist_Activity')?['value'])?['new.aia_first_name']} @{first(body('Find_Offboarding_Checklist_Activity')?['value'])?['new.aia_last_name']} under @{first(body('Find_Offboarding_Checklist_Activity')?['value'])?['roa.aia_name']}_@{first(body('Find_Offboarding_Checklist_Activity')?['value'])?['supplier.name']}",
                      "emailMessage/Body": "<html>\n<head> <meta http-equiv=\"Content-Type\" content=\"text/html; charset=us-ascii\">\n<script type=\"application/adaptivecard+json\">\n@{outputs('Compose_Actionable_email_json_data')}\n</script>\n</head>\n<body>\n<div style=\"display:none\">\nHi @{body('Run_Concatenate_Email_To_Address_and_Name')?['names']},\nAccording to our record, the captioned individual will be offboarding soon.  \\n\\n\nPlease be reminded to complete the tasks as per the Offboarding Checklist and once completed, confirm completion by clicking on the button below.\n</div>\n</body>\n</html>",
                      "emailMessage/From": "@body('Find_Not_Reply_Email_Address')?['result']"
                    },
                    "authentication": {
                      "type": "Raw",
                      "value": "@json(decodeBase64(triggerOutputs().headers['X-MS-APIM-Tokens']))['$ConnectionKey']"
                    }
                  }
                }
              },
              "runAfter": {
                "Run_Concatenate_Email_To_Address_and_Name": [
                  "Succeeded"
                ]
              },
              "expression": {
                "equals": [
                  "@body('Run_Concatenate_Email_To_Address_and_Name')?['result']",
                  true
                ]
              },
              "metadata": {
                "operationMetadataId": "f4480557-29d4-49ad-b212-8b8766b2e4d5"
              },
              "type": "If"
            }
          },
          "runAfter": {
            "Find_Offboarding_Checklist_Activity": [
              "Succeeded"
            ]
          },
          "else": {
            "actions": {
              "Create_Flow_Log": {
                "runAfter": {},
                "metadata": {
                  "operationMetadataId": "5cfb5814-4648-45b3-9471-d649a89e1e0a"
                },
                "type": "OpenApiConnection",
                "inputs": {
                  "host": {
                    "connectionName": "shared_commondataserviceforapps",
                    "operationId": "CreateRecord",
                    "apiId": "/providers/Microsoft.PowerApps/apis/shared_commondataserviceforapps"
                  },
                  "parameters": {
                    "entityName": "aia_power_automate_flow_logs",
                    "item/aia_name": "ActMail.5.1 Actionable email: Confirm Offboarding Checklist",
                    "item/aia_message": "Missing Or not found Offboarding Checklist ID"
                  },
                  "authentication": {
                    "type": "Raw",
                    "value": "@json(decodeBase64(triggerOutputs().headers['X-MS-APIM-Tokens']))['$ConnectionKey']"
                  }
                }
              },
              "Respond_to_a_PowerApp_or_flow": {
                "runAfter": {
                  "Create_Flow_Log": [
                    "Succeeded"
                  ]
                },
                "metadata": {
                  "operationMetadataId": "5e7230e5-cb13-42c4-bceb-e663bc8f7a57"
                },
                "type": "Response",
                "kind": "PowerApp",
                "inputs": {
                  "statusCode": 200,
                  "body": {
                    "result": false
                  },
                  "schema": {
                    "type": "object",
                    "properties": {
                      "result": {
                        "title": "Result",
                        "x-ms-dynamically-added": true,
                        "type": "boolean"
                      }
                    }
                  }
                }
              }
            }
          },
          "expression": {
            "greaterOrEquals": [
              "@length(outputs('Find_Offboarding_Checklist_Activity')?['body/value'])",
              1
            ]
          },
          "metadata": {
            "operationMetadataId": "d45dd96f-867c-4246-8e24-cf641f8246b4"
          },
          "type": "If"
        },
        "Respond_to_a_PowerApp_or_flow_2": {
          "runAfter": {
            "Condition": [
              "Succeeded"
            ]
          },
          "metadata": {
            "operationMetadataId": "dc1f5200-2c4e-4789-83e1-e18ab782ad14"
          },
          "type": "Response",
          "kind": "PowerApp",
          "inputs": {
            "statusCode": 200,
            "body": {
              "result": true
            },
            "schema": {
              "type": "object",
              "properties": {
                "result": {
                  "title": "Result",
                  "x-ms-dynamically-added": true,
                  "type": "boolean"
                }
              }
            }
          }
        }
      }
    },
    "templateName": ""
  },
  "schemaVersion": "1.0.0.0"
}