{
  "properties": {
    "connectionReferences": {
      "shared_commondataserviceforapps": {
        "runtimeSource": "embedded",
        "connection": {
          "connectionReferenceLogicalName": "aia_sharedcommondataserviceforapps_1c6db"
        },
        "api": {
          "name": "shared_commondataserviceforapps"
        }
      },
      "shared_office365": {
        "runtimeSource": "embedded",
        "connection": {
          "connectionReferenceLogicalName": "aia_sharedoffice365_b2416"
        },
        "api": {
          "name": "shared_office365"
        }
      }
    },
    "definition": {
      "$schema": "https://schema.management.azure.com/providers/Microsoft.Logic/schemas/2016-06-01/workflowdefinition.json#",
      "contentVersion": "1.0.0.0",
      "parameters": {
        "$connections": {
          "defaultValue": {},
          "type": "Object"
        },
        "$authentication": {
          "defaultValue": {},
          "type": "SecureObject"
        }
      },
      "triggers": {
        "manual": {
          "metadata": {
            "operationMetadataId": "35029c82-0d08-4e04-93b1-cd790f9fbffa"
          },
          "type": "Request",
          "kind": "Button",
          "inputs": {
            "schema": {
              "type": "object",
              "properties": {
                "text": {
                  "title": "SourcingRequestGuid",
                  "type": "string",
                  "x-ms-dynamically-added": true,
                  "description": "Please enter your input",
                  "x-ms-content-hint": "TEXT"
                },
                "text_1": {
                  "title": "EmailType",
                  "type": "string",
                  "x-ms-dynamically-added": true,
                  "description": "Please enter your input",
                  "x-ms-content-hint": "TEXT"
                },
                "text_2": {
                  "title": "ApproverGuid",
                  "type": "string",
                  "x-ms-dynamically-added": true,
                  "description": "Please enter your input",
                  "x-ms-content-hint": "TEXT"
                },
                "text_3": {
                  "title": "ActivityGuid",
                  "type": "string",
                  "x-ms-dynamically-added": true,
                  "description": "Please enter your input",
                  "x-ms-content-hint": "TEXT"
                }
              },
              "required": [
                "text",
                "text_1",
                "text_2",
                "text_3"
              ]
            }
          }
        }
      },
      "actions": {
        "Respond_to_a_PowerApp_or_flow": {
          "runAfter": {
            "Condition": [
              "Succeeded"
            ]
          },
          "metadata": {
            "operationMetadataId": "e41280f2-e2c8-4ff9-b3df-ceb8a54f4384"
          },
          "type": "Response",
          "kind": "PowerApp",
          "inputs": {
            "statusCode": 200,
            "body": {
              "result": "true"
            },
            "schema": {
              "type": "object",
              "properties": {
                "result": {
                  "title": "result",
                  "x-ms-dynamically-added": true,
                  "type": "string"
                }
              }
            }
          }
        },
        "Find_Sourcing_Requests": {
          "runAfter": {},
          "metadata": {
            "operationMetadataId": "6a9745be-6faf-4e20-907c-eef9a437e7e4"
          },
          "type": "OpenApiConnection",
          "inputs": {
            "host": {
              "connectionName": "shared_commondataserviceforapps",
              "operationId": "ListRecords",
              "apiId": "/providers/Microsoft.PowerApps/apis/shared_commondataserviceforapps"
            },
            "parameters": {
              "entityName": "aia_s2c_sourcingrequests",
              "fetchXml": "<fetch top=\"1\">\n  <entity name=\"aia_s2c_sourcingrequest\">\n    <attribute name=\"aia_targetstartdate\" />\n    <attribute name=\"aia_requesttitle\" />\n    <attribute name=\"aia_supplier_name_txt\" />\n    <attribute name=\"aia_currency_of_estimated_contract_value\" />\n    <attribute name=\"aia_contractduration\" />\n    <attribute name=\"aia_contractowner\" />\n    <attribute name=\"aia_briefdescription\" />\n    <attribute name=\"aia_sourcing_cover_note\" />\n    <attribute name=\"aia_initialcostestimationinusd\" />\n    <attribute name=\"transactioncurrencyid\" />\n    <attribute name=\"aia_initialcostestimation\" />\n    <attribute name=\"aia_expense_amount\" />\n    <attribute name=\"aia_expense_amount_in_usd\" />\n    <attribute name=\"aia_is_expense_approval\" />\n    <attribute name=\"aia_is_competivitively_bid\" />\n    <attribute name=\"aia_contractdurationunit\" />\n    <attribute name=\"aia_name\" />\n    <attribute name=\"aia_current_approval_matrix\" />\n    <attribute name=\"aia_sourcing_cover_notes_plain_text\" />\n    <attribute name=\"aia_gssupport\" />\n    <filter>\n      <condition attribute=\"aia_s2c_sourcingrequestid\" operator=\"eq\" value=\"@{triggerBody()['text']}\" />\n      <condition attribute=\"statecode\" operator=\"eq\" value=\"0\" />\n    </filter>\n    <link-entity name=\"systemuser\" from=\"systemuserid\" to=\"aia_contractowner\" link-type=\"inner\" alias=\"CO\">\n      <attribute name=\"internalemailaddress\" />\n      <attribute name=\"fullname\" />\n    </link-entity>\n    <link-entity name=\"systemuser\" from=\"systemuserid\" to=\"aia_requestor\" link-type=\"inner\" alias=\"requestor\">\n      <attribute name=\"internalemailaddress\" />\n      <attribute name=\"fullname\" />\n    </link-entity>\n    <link-entity name=\"systemuser\" from=\"systemuserid\" to=\"aia_sourcingrepresentative\" link-type=\"outer\" alias=\"sourcingrepresentative\">\n      <attribute name=\"internalemailaddress\" />\n      <attribute name=\"fullname\" />\n    </link-entity>\n    <link-entity name=\"transactioncurrency\" from=\"transactioncurrencyid\" to=\"transactioncurrencyid\" link-type=\"outer\" alias=\"transactioncurrency\">\n      <attribute name=\"isocurrencycode\" />\n    </link-entity>\n  </entity>\n</fetch>"
            },
            "authentication": {
              "type": "Raw",
              "value": "@json(decodeBase64(triggerOutputs().headers['X-MS-APIM-Tokens']))['$ConnectionKey']"
            }
          }
        },
        "Find_S2C_Approval_Members": {
          "runAfter": {
            "Find_Sourcing_Requests": [
              "Succeeded"
            ]
          },
          "metadata": {
            "operationMetadataId": "115ea9fe-aaa6-488a-b18e-64c690c97778"
          },
          "type": "OpenApiConnection",
          "inputs": {
            "host": {
              "connectionName": "shared_commondataserviceforapps",
              "operationId": "ListRecords",
              "apiId": "/providers/Microsoft.PowerApps/apis/shared_commondataserviceforapps"
            },
            "parameters": {
              "entityName": "aia_s2c_approval_members",
              "fetchXml": "<fetch>\n  <entity name=\"aia_s2c_approval_member\">\n    <attribute name=\"aia_user\" />\n    <attribute name=\"aia_user_role\" />\n    <attribute name=\"aia_approval_status\" />\n    <attribute name=\"aia_approvertype\" />\n    <filter>\n      <condition attribute=\"aia_s2c_approval_memberid\" operator=\"eq\" value=\"@{triggerBody()['text_2']}\" />\n      <condition attribute=\"statecode\" operator=\"eq\" value=\"0\" />\n      <condition attribute=\"aia_approval_status\" operator=\"eq\" value=\"914710001\" />\n    </filter>\n    <order attribute=\"modifiedon\" descending=\"true\" />\n    <link-entity name=\"systemuser\" from=\"systemuserid\" to=\"aia_user\" link-type=\"inner\" alias=\"user\">\n      <attribute name=\"internalemailaddress\" />\n      <attribute name=\"fullname\" />\n    </link-entity>\n    <link-entity name=\"aia_s2c_approval_layer\" from=\"aia_s2c_approval_layerid\" to=\"aia_approval_layer\" link-type=\"inner\" alias=\"layer\">\n      <link-entity name=\"aia_s2c_approval\" from=\"aia_s2c_approvalid\" to=\"aia_approval\" link-type=\"inner\" alias=\"approval\">\n        <filter>\n          <condition attribute=\"aia_s2c_approvalid\" operator=\"eq\" value=\"@{if(equals(first(body('Find_Sourcing_Requests')?['value'])?['_aia_current_approval_matrix_value'],null),guid(),first(body('Find_Sourcing_Requests')?['value'])?['_aia_current_approval_matrix_value'])}\" />\n        </filter>\n        <link-entity name=\"aia_s2c_sourcingrequest\" from=\"aia_s2c_sourcingrequestid\" to=\"aia_sourcing_request\" link-type=\"inner\" alias=\"sourcingRequest\">\n          <filter>\n            <condition attribute=\"aia_s2c_sourcingrequestid\" operator=\"eq\" value=\"@{triggerBody()['text']}\" />\n          </filter>\n        </link-entity>\n      </link-entity>\n    </link-entity>\n  </entity>\n</fetch>"
            },
            "authentication": {
              "type": "Raw",
              "value": "@json(decodeBase64(triggerOutputs().headers['X-MS-APIM-Tokens']))['$ConnectionKey']"
            }
          }
        },
        "Initialize_variable": {
          "runAfter": {
            "Find_S2C_Approvals_History": [
              "Succeeded"
            ]
          },
          "metadata": {
            "operationMetadataId": "74ad0192-8d7d-47d6-9b45-13e7c15dfaa6"
          },
          "type": "InitializeVariable",
          "inputs": {
            "variables": [
              {
                "name": "EndorserEmailAddress",
                "type": "array"
              }
            ]
          }
        },
        "ROA_approval_for": {
          "runAfter": {
            "CC_Email": [
              "Succeeded"
            ]
          },
          "metadata": {
            "operationMetadataId": "7b272a1e-be32-4efd-832c-ae4b092f6919"
          },
          "type": "InitializeVariable",
          "inputs": {
            "variables": [
              {
                "name": "ROAApprovalFor",
                "type": "string"
              }
            ]
          }
        },
        "Expense_approval_for": {
          "runAfter": {
            "ROA_approval_for": [
              "Succeeded"
            ]
          },
          "metadata": {
            "operationMetadataId": "0afe42a0-387a-43af-8261-2b595b8ea7dc"
          },
          "type": "InitializeVariable",
          "inputs": {
            "variables": [
              {
                "name": "ExpenseApprovalFor",
                "type": "string"
              }
            ]
          }
        },
        "ActionAble_Email_Json": {
          "runAfter": {
            "Expense_approval_for": [
              "Succeeded"
            ]
          },
          "metadata": {
            "operationMetadataId": "fd8f9bff-0aa6-4a1d-8d2b-b7f692e4cda1"
          },
          "type": "InitializeVariable",
          "inputs": {
            "variables": [
              {
                "name": "AcEmailJson",
                "type": "string"
              }
            ]
          }
        },
        "Condition": {
          "actions": {
            "Apply_to_each": {
              "foreach": "@outputs('Find_S2C_Approvals_History')?['body/value']",
              "actions": {
                "Switch": {
                  "runAfter": {},
                  "cases": {
                    "approver": {
                      "case": 914710000,
                      "actions": {
                        "Append_to_array_approval_history": {
                          "runAfter": {},
                          "type": "AppendToArrayVariable",
                          "inputs": {
                            "name": "ApprovalHistory",
                            "value": {
                              "type": "ColumnSet",
                              "columns": [
                                {
                                  "type": "Column",
                                  "width": 1,
                                  "items": [
                                    {
                                      "type": "TextBlock",
                                      "text": "@{items('Apply_to_each')?['user.fullname']}",
                                      "isSubtle": true
                                    }
                                  ],
                                  "padding": "None"
                                },
                                {
                                  "type": "Column",
                                  "width": 1,
                                  "items": [
                                    {
                                      "type": "TextBlock",
                                      "text": " @{if(equals(items('Apply_to_each')?['aia_approval_status'],914710002),'Approved',if(equals(items('Apply_to_each')?['aia_approval_status'],914710004),'No Decision',items('Apply_to_each')?['aia_approval_status@OData.Community.Display.V1.FormattedValue']))}",
                                      "isSubtle": true
                                    }
                                  ],
                                  "padding": "None"
                                }
                              ],
                              "padding": "None",
                              "horizontalAlignment": "Center",
                              "spacing": "None",
                              "style": "default"
                            }
                          }
                        }
                      }
                    },
                    "endorser": {
                      "case": 914710001,
                      "actions": {
                        "Append_to_array_endorser": {
                          "runAfter": {},
                          "type": "AppendToArrayVariable",
                          "inputs": {
                            "name": "EndorserHistory",
                            "value": {
                              "type": "ColumnSet",
                              "columns": [
                                {
                                  "type": "Column",
                                  "width": 1,
                                  "items": [
                                    {
                                      "type": "TextBlock",
                                      "text": "@{items('Apply_to_each')?['user.fullname']}",
                                      "isSubtle": true
                                    }
                                  ],
                                  "padding": "None"
                                },
                                {
                                  "type": "Column",
                                  "width": 1,
                                  "items": [
                                    {
                                      "type": "TextBlock",
                                      "text": "@{if(equals(items('Apply_to_each')?['aia_approval_status'],914710002),'Endorsed',if(equals(items('Apply_to_each')?['aia_approval_status'],914710004),'No Decision',items('Apply_to_each')?['aia_approval_status@OData.Community.Display.V1.FormattedValue']))}",
                                      "isSubtle": true
                                    }
                                  ],
                                  "padding": "None"
                                }
                              ],
                              "padding": "None",
                              "horizontalAlignment": "Center",
                              "spacing": "None",
                              "style": "default"
                            }
                          }
                        }
                      }
                    }
                  },
                  "default": {
                    "actions": {}
                  },
                  "expression": "@items('Apply_to_each')?['aia_user_role']",
                  "metadata": {
                    "operationMetadataId": "e68f713d-3913-4ff2-92ba-dbe734513970"
                  },
                  "type": "Switch"
                }
              },
              "runAfter": {},
              "metadata": {
                "operationMetadataId": "c0d2eb2c-e0fa-4a36-bfd3-986b1d6c12aa"
              },
              "type": "Foreach"
            },
            "AIA_|_S2C_Public._Get_Given_Name": {
              "runAfter": {
                "Set_Recommendation_Comments_by_Group_Sourcing": [
                  "Succeeded"
                ]
              },
              "metadata": {
                "operationMetadataId": "38c34a31-4374-4142-bf12-4e6eb8a43491"
              },
              "type": "Workflow",
              "inputs": {
                "host": {
                  "workflowReferenceName": "161d9f88-f8f1-ec11-bb3d-6045bd1bf92d"
                },
                "body": {
                  "text": "@join(union(variables('EndorserEmailAddress'),variables('EndorserEmailAddress')), ';')",
                  "text_1": ";",
                  "text_2": " , "
                }
              }
            },
            "S2C_Sub_Deeplink_Request": {
              "runAfter": {
                "AIA_|_S2C_Public._Get_Given_Name": [
                  "Succeeded"
                ]
              },
              "metadata": {
                "operationMetadataId": "0648f45c-0627-45d7-84cf-1c2efcb74838"
              },
              "type": "Workflow",
              "inputs": {
                "host": {
                  "workflowReferenceName": "cb8c7cef-6161-ec11-8f8f-000d3a80eca3"
                },
                "body": {
                  "text": "S2C_Sub_Deeplink_Approval_Page"
                }
              }
            },
            "Set_Expense_Approval_For": {
              "runAfter": {
                "Set_for_your_approval_for": [
                  "Succeeded"
                ]
              },
              "metadata": {
                "operationMetadataId": "705a2e5d-112c-448f-b760-a7fcff39bb83"
              },
              "type": "SetVariable",
              "inputs": {
                "name": "ExpenseApprovalFor",
                "value": "@{if(and(equals(first(body('Find_Sourcing_Requests')?['value'])?['aia_is_expense_approval'],1),not(empty(first(body('Find_S2C_Approval_Members')?['value'])?['aia_approvertype'])),contains(first(body('Find_S2C_Approval_Members')?['value'])?['aia_approvertype'],'914710001')),concat(',{\"type\":\"TextBlock\",\"text\":\"*   **Expense Approval: ',first(body('Find_Sourcing_Requests')?['value'])?['transactioncurrency.isocurrencycode'],' ',if(not(equals(first(body('Find_Sourcing_Requests')?['value'])?['aia_expense_amount'],null)),if(greaterOrEquals(first(body('Find_Sourcing_Requests')?['value'])?['aia_expense_amount'],1),formatNumber(first(body('Find_Sourcing_Requests')?['value'])?['aia_expense_amount'], '###,###,###.00'),formatNumber(first(body('Find_Sourcing_Requests')?['value'])?['aia_expense_amount'], 'F2')),'0.00'),' (USD ',if(not(equals(first(body('Find_Sourcing_Requests')?['value'])?['aia_expense_amount_in_usd'],null)),if(greaterOrEquals(first(body('Find_Sourcing_Requests')?['value'])?['aia_expense_amount_in_usd'],1),formatNumber(first(body('Find_Sourcing_Requests')?['value'])?['aia_expense_amount_in_usd'], '###,###,###.00'),formatNumber(first(body('Find_Sourcing_Requests')?['value'])?['aia_expense_amount_in_usd'], 'F2')),'0.00'),')** \",\"wrap\":true,\"weight\":\"Bolder\",\"spacing\":\"None\",\"color\":\"Dark\"}'),'')}"
              }
            },
            "Set_ROA_Approval_For": {
              "runAfter": {
                "Set_Expense_Approval_For": [
                  "Succeeded"
                ]
              },
              "metadata": {
                "operationMetadataId": "b9930514-8ed3-4eb0-a563-62edcde47a86"
              },
              "type": "SetVariable",
              "inputs": {
                "name": "ROAApprovalFor",
                "value": "@{concat(first(body('Find_Sourcing_Requests')?['value'])?['transactioncurrency.isocurrencycode'],' ',if(not(equals(first(body('Find_Sourcing_Requests')?['value'])?['aia_initialcostestimation'],null)),if(greaterOrEquals(first(body('Find_Sourcing_Requests')?['value'])?['aia_initialcostestimation'],1),formatNumber(first(body('Find_Sourcing_Requests')?['value'])?['aia_initialcostestimation'], '###,###,###.00'),formatNumber(first(body('Find_Sourcing_Requests')?['value'])?['aia_initialcostestimation'], 'F2')),'0.00'),' (USD ',if(not(equals(first(body('Find_Sourcing_Requests')?['value'])?['aia_initialcostestimationinusd'],null)),if(greaterOrEquals(first(body('Find_Sourcing_Requests')?['value'])?['aia_initialcostestimationinusd'],1),formatNumber(first(body('Find_Sourcing_Requests')?['value'])?['aia_initialcostestimationinusd'], '###,###,###.00'),formatNumber(first(body('Find_Sourcing_Requests')?['value'])?['aia_initialcostestimationinusd'], 'F2')),'0.00'),')')}"
              }
            },
            "Find_Target_URL": {
              "runAfter": {
                "Find_Config": [
                  "Succeeded"
                ]
              },
              "metadata": {
                "operationMetadataId": "7d387579-f37d-4450-8525-ed695fec213d"
              },
              "type": "Workflow",
              "inputs": {
                "host": {
                  "workflowReferenceName": "cb8c7cef-6161-ec11-8f8f-000d3a80eca3"
                },
                "body": {
                  "text": "Actionable_Email_Target_URL"
                }
              }
            },
            "Find_Config": {
              "runAfter": {
                "S2C_Sub_Deeplink_Request": [
                  "Succeeded"
                ]
              },
              "metadata": {
                "operationMetadataId": "e173303e-d66a-42fb-ba19-7d77c183b556"
              },
              "type": "Workflow",
              "inputs": {
                "host": {
                  "workflowReferenceName": "cb8c7cef-6161-ec11-8f8f-000d3a80eca3"
                },
                "body": {
                  "text": "Actionable_Email_Provider_Id"
                }
              }
            },
            "Send_an_email_(V2)": {
              "runAfter": {
                "Condition_2": [
                  "Succeeded"
                ]
              },
              "metadata": {
                "operationMetadataId": "3ea8c69f-551e-456d-a9f7-a39356778ea1"
              },
              "type": "OpenApiConnection",
              "inputs": {
                "host": {
                  "connectionName": "shared_office365",
                  "operationId": "SendEmailV2",
                  "apiId": "/providers/Microsoft.PowerApps/apis/shared_office365"
                },
                "parameters": {
                  "emailMessage/To": "@join(union(variables('EndorserEmailAddress'),variables('EndorserEmailAddress')), ';')",
                  "emailMessage/Subject": "[Action required] Request for ROA Approval - @{first(body('Find_Sourcing_Requests')?['value'])?['aia_name']} @{first(body('Find_Sourcing_Requests')?['value'])?['aia_requesttitle']}",
                  "emailMessage/Body": "<html>\n<head> <meta http-equiv=\"Content-Type\" content=\"text/html; charset=us-ascii\">\n<script type=\"application/adaptivecard+json\">\n@{variables('AcEmailJson')}\n</script>\n</head>\n<body>\n<div style=\"display:none\">\nHi @{body('AIA_|_S2C_Public._Get_Given_Name')?['givennames']},\n@{variables('foryourapprovalfor')}\n@{first(body('Find_Sourcing_Requests')?['value'])?['aia_sourcing_cover_notes_plain_text']}\n@{first(body('Find_Sourcing_Requests')?['value'])?['aia_briefdescription']}\n@{join(variables('Question'),',')}\n@{if(empty(variables('EndorserHistory')),'',concat(',', join(variables('EndorserHistory'),',')))}\n@{if(empty(variables('ApprovalHistory')),'',concat(',', join(variables('ApprovalHistory'),',')))}\n@{first(body('Find_Sourcing_Requests')?['value'])?['aia_supplier_name_txt']}\n@{first(body('Find_Sourcing_Requests')?['value'])?['aia_requesttitle']}\n</div>\n</body>\n</html>",
                  "emailMessage/From": "@body('Find_Not_Reply_Email_Address')?['result']",
                  "emailMessage/Importance": "Normal"
                },
                "authentication": {
                  "type": "Raw",
                  "value": "@json(decodeBase64(triggerOutputs().headers['X-MS-APIM-Tokens']))['$ConnectionKey']"
                }
              }
            },
            "Append__CO_to_array_variable": {
              "runAfter": {
                "Set_variable": [
                  "Succeeded"
                ]
              },
              "metadata": {
                "operationMetadataId": "c148609e-df53-4ccd-81ac-c03e29c03a5f"
              },
              "type": "AppendToArrayVariable",
              "inputs": {
                "name": "CCEmail",
                "value": "@first(body('Find_Sourcing_Requests')?['value'])?['CO.internalemailaddress']"
              }
            },
            "Append_Requestor_to_array_variable": {
              "runAfter": {
                "Append__CO_to_array_variable": [
                  "Succeeded"
                ]
              },
              "metadata": {
                "operationMetadataId": "037bb3a4-1bfb-49d9-871f-bbbd74ddf7ca"
              },
              "type": "AppendToArrayVariable",
              "inputs": {
                "name": "CCEmail",
                "value": "@first(body('Find_Sourcing_Requests')?['value'])?['requestor.internalemailaddress']"
              }
            },
            "Apply_to_each_2": {
              "foreach": "@outputs('Find_S2C_Comments')?['body/value']",
              "actions": {
                "Append_to_array_variable_2": {
                  "runAfter": {},
                  "metadata": {
                    "operationMetadataId": "1bec363d-7024-40b5-b3d5-13d46d06aeb5"
                  },
                  "type": "AppendToArrayVariable",
                  "inputs": {
                    "name": "Question",
                    "value": {
                      "type": "ColumnSet",
                      "columns": [
                        {
                          "type": "Column",
                          "width": 1,
                          "items": [
                            {
                              "type": "TextBlock",
                              "text": "**@{items('Apply_to_each_2')?['comment.fullname']}**    ",
                              "isSubtle": true
                            },
                            {
                              "type": "TextBlock",
                              "text": "@{items('Apply_to_each_2')?['aia_comment_content']}",
                              "isSubtle": true,
                              "weight": "Bolder"
                            }
                          ],
                          "padding": "None"
                        }
                      ],
                      "padding": "Small",
                      "horizontalAlignment": "Center",
                      "spacing": "Small",
                      "style": "emphasis",
                      "separator": true
                    }
                  }
                }
              },
              "runAfter": {
                "Apply_to_each_3": [
                  "Succeeded"
                ]
              },
              "metadata": {
                "operationMetadataId": "5fd7a087-d3aa-4b93-8317-f88247975db5"
              },
              "type": "Foreach"
            },
            "Find_Not_Reply_Email_Address": {
              "runAfter": {
                "S2C_Group_Sourcing_Email_Address": [
                  "Succeeded"
                ]
              },
              "metadata": {
                "operationMetadataId": "1ede7fc6-a81e-495e-a51f-a4dbd56db6e0"
              },
              "type": "Workflow",
              "inputs": {
                "host": {
                  "workflowReferenceName": "cb8c7cef-6161-ec11-8f8f-000d3a80eca3"
                },
                "body": {
                  "text": "Not_Reply_Email_Address"
                }
              }
            },
            "Condition_2": {
              "actions": {
                "Append_SourcingRepresentative_to_array_variable": {
                  "runAfter": {},
                  "metadata": {
                    "operationMetadataId": "575d5c1d-4730-4ed4-b556-e35ee3d7139e"
                  },
                  "type": "AppendToArrayVariable",
                  "inputs": {
                    "name": "CCEmail",
                    "value": "@first(body('Find_Sourcing_Requests')?['value'])?['sourcingrepresentative.internalemailaddress']"
                  }
                }
              },
              "runAfter": {
                "Append_Requestor_to_array_variable": [
                  "Succeeded"
                ]
              },
              "expression": {
                "equals": [
                  "@equals(first(body('Find_Sourcing_Requests')?['value'])?['sourcingrepresentative.internalemailaddress'],null)",
                  "@false"
                ]
              },
              "metadata": {
                "operationMetadataId": "2d9a5387-7790-43d4-8d58-73a4fe9287e4"
              },
              "type": "If"
            },
            "Apply_to_each_3": {
              "foreach": "@outputs('Find_S2C_Approval_Members')?['body/value']",
              "actions": {
                "Append_to_array_variable_3": {
                  "runAfter": {},
                  "metadata": {
                    "operationMetadataId": "a9c8627d-02aa-4ba2-853d-1f58cffcba68"
                  },
                  "type": "AppendToArrayVariable",
                  "inputs": {
                    "name": "EndorserEmailAddress",
                    "value": "@items('Apply_to_each_3')?['user.internalemailaddress']"
                  }
                }
              },
              "runAfter": {
                "Apply_to_each": [
                  "Succeeded"
                ]
              },
              "metadata": {
                "operationMetadataId": "7db78dda-dbc4-40aa-89cb-6be888cebfd0"
              },
              "type": "Foreach"
            },
            "Update_[Approve_ROAS].[Has_Approval_Email_Sent]_=_Yes": {
              "runAfter": {
                "Send_an_email_(V2)": [
                  "Succeeded"
                ]
              },
              "metadata": {
                "operationMetadataId": "af2b6a14-2015-41ad-a5e6-040f7de305e1"
              },
              "type": "OpenApiConnection",
              "inputs": {
                "host": {
                  "connectionName": "shared_commondataserviceforapps",
                  "operationId": "UpdateRecord",
                  "apiId": "/providers/Microsoft.PowerApps/apis/shared_commondataserviceforapps"
                },
                "parameters": {
                  "entityName": "aia_s2c_approval_activities",
                  "recordId": "@triggerBody()['text_3']",
                  "item/scheduledend": "@utcNow()",
                  "item/aia_has_approval_email_sent": true,
                  "item/aia_lastsendemaildate": "@utcNow()"
                },
                "authentication": {
                  "type": "Raw",
                  "value": "@json(decodeBase64(triggerOutputs().headers['X-MS-APIM-Tokens']))['$ConnectionKey']"
                }
              }
            },
            "Set_for_your_approval_for": {
              "runAfter": {
                "Apply_to_each_2": [
                  "Succeeded"
                ]
              },
              "metadata": {
                "operationMetadataId": "e014e75e-2f65-4c73-ac21-e334f4a25dc6"
              },
              "type": "SetVariable",
              "inputs": {
                "name": "foryourapprovalfor",
                "value": "@{if(equals(triggerBody()['text_1'],'10.1'),concat('ROA for ',first(body('Find_Sourcing_Requests')?['value'])?['aia_requesttitle'],' has been submitted for your approval:'),'Warm reminder that the below ROA is still pending for your approval for:')}"
              }
            },
            "Set_variable": {
              "runAfter": {
                "Find_Not_Reply_Email_Address": [
                  "Succeeded"
                ]
              },
              "metadata": {
                "operationMetadataId": "e8fb8c83-5c1d-400c-b0ef-50835dc9ef32"
              },
              "type": "SetVariable",
              "inputs": {
                "name": "AcEmailJson",
                "value": "{\n    \"$schema\": \"http://adaptivecards.io/schemas/adaptive-card.json\",\n    \"type\": \"AdaptiveCard\",\n    \"version\": \"1.0\",\n    \"body\": [\n        {\n            \"type\": \"ColumnSet\",\n            \"id\": \"b14ba8d0-a670-bacf-f1b4-ebe818981075\",\n            \"columns\": [\n                {\n                    \"type\": \"Column\",\n                    \"id\": \"d5dadd66-7159-ac64-a570-d41d249c2c7c\",\n                    \"padding\": \"None\",\n                    \"width\": \"auto\",\n                    \"items\": [\n                        {\n                            \"type\": \"TextBlock\",\n                            \"id\": \"a5e0078b-1e59-d48a-b644-3c8027d2c888\",\n                            \"text\": \"Hi @{body('AIA_|_S2C_Public._Get_Given_Name')?['givennames']},\",\n                            \"wrap\": true\n                        }\n                    ]\n                }\n            ],\n            \"padding\": \"Default\",\n            \"style\": \"emphasis\"\n        },\n        {\n            \"type\": \"Container\",\n            \"id\": \"ae8db803-7200-ce20-14aa-071e686ec5d1\",\n            \"padding\": \"Default\",\n            \"items\": [\n                {\n                    \"type\": \"TextBlock\",\n                    \"id\": \"c6359d7c-3f5b-0433-2792-762cd7137642\",\n                    \"text\": \"@{variables('foryourapprovalfor')}\",\n                    \"wrap\": true\n                },\n                {\n                    \"type\": \"Container\",\n                    \"id\": \"0db36ef3-161b-8bde-a5a6-020f2b14c2f8\",\n                    \"padding\": \"None\",\n                    \"items\": [\n                       {\n                            \"type\": \"TextBlock\",\n                            \"id\": \"6cf70ff4-907d-ec08-3890-5768f2cfd3ee\",\n                            \"text\": \"@{if(and(not(empty(first(body('Find_S2C_Approval_Members')?['value'])?['aia_approvertype'])),contains(first(body('Find_S2C_Approval_Members')?['value'])?['aia_approvertype'],'914710000')),concat('*   **ROA Approval: ', variables('ROAApprovalFor'), '**'),'')}\",\n                            \"wrap\": true,\n                            \"weight\": \"Bolder\",\n                            \"spacing\": \"None\"\n                       }@{variables('ExpenseApprovalFor')}\n                    ],\n                    \"spacing\": \"Small\"\n                },\n                {\n                    \"type\": \"Container\",\n                    \"id\": \"7975a16e-5c33-af95-cd51-5f0daf0df5ed\",\n                    \"padding\": \"None\",\n                    \"items\": [\n                        {\n                            \"type\": \"TextBlock\",\n                            \"id\": \"5aa57ea9-1a41-1f41-5756-93e07f9c3eb3\",\n                            \"text\": \"ROA Summary\",\n                            \"weight\": \"Bolder\",\n                            \"color\": \"Attention\",\n                            \"size\": \"Medium\",\n                            \"spacing\": \"Small\",\n                            \"wrap\": true\n                        },\n                        {\n                            \"type\": \"FactSet\",\n                            \"id\": \"ce033b10-cd3e-5ad2-1338-e0d48822112a\",\n                            \"facts\": [\n                                {\n                                    \"title\": \"Supplier Name\",\n                                    \"value\": \"@{first(body('Find_Sourcing_Requests')?['value'])?['aia_supplier_name_txt']}\"\n                                },\n                                {\n                                    \"title\": \"Request Title\",\n                                    \"value\": \"@{first(body('Find_Sourcing_Requests')?['value'])?['aia_requesttitle']}\"\n                                },\n                                {\n                                    \"title\": \"Target Contract Start Date\",\n                                    \"value\": \"@{if(equals(first(body('Find_Sourcing_Requests')?['value'])?['aia_targetstartdate'], null), ' ', formatDateTime(first(body('Find_Sourcing_Requests')?['value'])?['aia_targetstartdate'], 'dd-MMM-yyyy'))}\"\n                                },\n                                {\n                                    \"title\": \"Contract Duration\",\n                                    \"value\": \"@{concat(first(body('Find_Sourcing_Requests')?['value'])?['aia_contractduration'], ' ', first(body('Find_Sourcing_Requests')?['value'])?['aia_contractdurationunit@OData.Community.Display.V1.FormattedValue'], '(s)')}\"\n                                },\n                                {\n                                    \"title\": \"ROA Approval\",\n                                    \"value\": \"@{variables('ROAApprovalFor')}\"\n                                },\n                                {\n                                    \"title\": \"Sourcing Strategy\",\n                                    \"value\": \"@{if(equals(first(body('Find_Sourcing_Requests')?['value'])?['aia_is_competivitively_bid'], true), 'Competitive Bid', 'Direct Negotiation')}\"\n                                },\n                                {\n                                    \"title\": \"Contract Owner\",\n                                    \"value\": \"@{first(body('Find_Sourcing_Requests')?['value'])?['CO.fullname']} \"\n                                }@{if(empty(first(body('Find_Sourcing_Requests')?['value'])?['sourcingrepresentative.fullname']),'',concat(',{\"title\": \"Sourcing Representative\",\"value\":\"',first(body('Find_Sourcing_Requests')?['value'])?['sourcingrepresentative.fullname'],'\"}'))}\n                            ],\n                            \"spacing\": \"Small\"\n                        },\n                        {\n                            \"type\": \"TextBlock\",\n                            \"id\": \"8d27a582-177e-5bf4-fa48-13aaf1be558d\",\n                            \"text\": \"Description/ Business Need\",\n                            \"weight\": \"Bolder\",\n                            \"color\": \"Attention\",\n                            \"size\": \"Medium\",\n                            \"wrap\": true,\n                            \"spacing\": \"Small\"\n                        },\n                        {\n                            \"type\": \"TextBlock\",\n                            \"id\": \"e291842c-65e8-97d5-6a6b-531720e10fb9\",\n                            \"text\": \"@{if(equals(first(body('Find_Sourcing_Requests')?['value'])?['aia_briefdescription'], null), '', replace(first(body('Find_Sourcing_Requests')?['value'])?['aia_briefdescription'], '\"', '\\\"'))}\",\n                            \"wrap\": true,\n                            \"horizontalAlignment\": \"Left\",\n                            \"spacing\": \"Small\"\n                        },\n                      @{if(or(equals(first(body('Find_Sourcing_Requests')?['value'])?['aia_gssupport'],914710003),empty(first(body('Find_Sourcing_Requests')?['value'])?['aia_sourcing_cover_notes_plain_text'])),'',variables('Recommendation or Comments by Group Sourcing'))}\n\t\t\t\t\t\t{\n                            \"type\": \"TextBlock\",\n                            \"id\": \"4ddce85c-e787-e82f-f473-85a7a5d64532\",\n                            \"text\": \"Your Comments\",\n                            \"weight\": \"Bolder\",\n                            \"color\": \"Attention\",\n                            \"size\": \"Medium\",\n                            \"wrap\": true\n                        },\n                        {\n                            \"type\": \"Input.Text\",\n                            \"id\": \"Comment\",\n                            \"placeholder\": \"'Send Comment' - your questions will be sent to Contract Owner and/or Sourcing Representative to follow up                                                                                                                         'Approve' - your comments will be sent along with your approval.\",\n                            \"isMultiline\": true,\n                            \"maxLength\": 150\n                        },\n                        {\n                            \"type\": \"Container\",\n                            \"id\": \"8bdde19e-5b63-7558-de2d-d16b2b438bf0\",\n                            \"padding\": \"Small\",\n                            \"items\": [\n                                {\n                                    \"type\": \"ActionSet\",\n                                    \"id\": \"01efab2c-8ee3-ea7e-a72f-4a06b6f3888e\",\n                                    \"actions\": [\n                                       {\n                                            \"type\": \"Action.Http\",\n                                            \"method\": \"POST\",\n                                            \"title\": \"Send Comment\",\n                                            \"style\": \"positive\",\n                                            \"isPrimary\": true,\n                                            \"url\": \"@{body('Find_Target_URL')?['result']}\",\n                                            \"body\": \"{\\\"eMailType\\\":\\\"ROA_APPROVAL\\\",\\\"actionType\\\":\\\"comment\\\",\\\"feedBack\\\": \\\"{{Comment.value}}\\\",\\\"approvalChainId\\\":\\\"@{first(body('Find_Sourcing_Requests')?['value'])?['_aia_current_approval_matrix_value']}\\\",\\\"ROAGuid\\\":\\\"@{triggerBody()['text']}\\\",\\\"approvalChainApproverId\\\":\\\"@{triggerBody()['text_2']}\\\"}\",\n                                            \"headers\": [\n                                                {\n                                                    \"name\": \"Authorization\",\n\t\t\t\t\t\t\t\t\t  \t  \t\t    \"value\": \"\"\n                                                },\n                                                {\n                                                    \"name\": \"Content-Type\",\n                                                    \"value\": \"application/json\"\n                                                }\n                                            ],\n                                            \"style\": \"positive\",\n                                            \"isPrimary\": true\n                                        },\n                                        {\n                                            \"type\": \"Action.Http\",\n                                            \"id\": \"b556e2d6-65ec-ecc9-99bb-ac2f38a03b5c\",\n                                            \"title\": \"Approve\",\n                                            \"method\": \"POST\",\n                                            \"url\": \"@{body('Find_Target_URL')?['result']}\",\n                                            \"body\": \"{\\\"eMailType\\\":\\\"ROA_APPROVAL\\\",\\\"actionType\\\":\\\"s2capprove\\\",\\\"feedBack\\\": \\\"{{Comment.value}}\\\",\\\"approvalChainId\\\":\\\"@{first(body('Find_Sourcing_Requests')?['value'])?['_aia_current_approval_matrix_value']}\\\",\\\"ROAGuid\\\":\\\"@{triggerBody()['text']}\\\",\\\"approvalChainApproverId\\\":\\\"@{triggerBody()['text_2']}\\\"}\",\n                                            \"headers\": [\n                                                {\n                                                    \"name\": \"Authorization\",\n                                                    \"value\": \"\"\n                                                },\n                                                {\n                                                    \"name\": \"Content-Type\",\n                                                    \"value\": \"application/json\"\n                                                }\n                                            ],\n                                            \"style\": \"positive\",\n                                            \"isPrimary\": true\n                                        }\n                                    ],\n                                    \"horizontalAlignment\": \"Right\",\n                                    \"spacing\": \"None\"\n                                }\n                            ],\n                            \"spacing\": \"Small\"\n                        }\n                    ],\n                    \"spacing\": \"Small\"\n                },\n                {\n                    \"type\": \"TextBlock\",\n                    \"text\": \"If you would like to reject this ROA or view the full request, please go to [SODA](@{body('S2C_Sub_Deeplink_Request')?['result']}@{triggerBody()['text']}). Thank you for your attention. \",\n                    \"wrap\": true,\n                    \"spacing\": \"None\",\n                    \"horizontalAlignment\": \"Left\"\n                },\n                {\n                    \"type\": \"TextBlock\",\n                    \"id\": \"f26daeb6-b8d0-256a-2a87-74b95cffa99d\",\n                    \"text\": \"*This is a system generated email.*\",\n                    \"wrap\": true,\n                    \"spacing\": \"Small\",\n                    \"horizontalAlignment\": \"Center\",\n                    \"size\": \"Small\"\n                },\n                {\n                    \"type\": \"TextBlock\",\n                    \"id\": \"7c6c1f79-7dd2-088a-04ad-45d53060eb0e\",\n                    \"text\": \"-------------------------------\",\n                    \"wrap\": true,\n                    \"weight\": \"Bolder\",\n                    \"spacing\": \"Large\"\n                },\n                {\n                    \"type\": \"TextBlock\",\n                    \"text\": \"Supplementary Information\",\n                    \"weight\": \"Bolder\",\n                    \"color\": \"Attention\",\n                    \"size\": \"Medium\",\n                    \"wrap\": true,\n                    \"spacing\": \"Large\"\n                },\n                {\n                    \"type\": \"Container\",\n                    \"id\": \"bdc40e52-3319-5802-d127-a289458a6def\",\n                    \"padding\": \"None\",\n                    \"items\": [\n                        {\n                            \"type\": \"TextBlock\",\n                            \"id\": \"0b692d1a-004c-1b21-17cb-99502f5703a5\",\n                            \"text\": \"Comments/Questions\",\n                            \"weight\": \"Bolder\",\n                            \"color\": \"Dark\",\n                            \"size\": \"Medium\",\n                            \"wrap\": true,\n                            \"spacing\": \"None\"\n                        },\n                        {\n                            \"type\": \"TextBlock\",\n                            \"id\": \"39d5b45e-1441-6076-97eb-173f5cb8b357\",\n                            \"text\": \"Below are questions/comments raised by other parties.  If you would like to read the full conversations, please go to [SODA](@{body('S2C_Sub_Deeplink_Request')?['result']}@{triggerBody()['text']}). \",\n                            \"wrap\": true,\n                            \"spacing\": \"None\"\n                        },\n                        {\n                            \"type\": \"Container\",\n                            \"id\": \"f482d39f-7321-028a-0d6d-a489607ef5a0\",\n                            \"padding\": \"None\",\n                            \"items\": [@{join(variables('Question'), ',')}],\n                            \"spacing\": \"Small\"\n                        }\n                    ],\n                    \"style\": \"default\",\n                    \"spacing\": \"Small\"\n                },\n\t\t\t\t{\n\t\t\t\t\t\"type\": \"Container\",\n\t\t\t\t\t\"id\": \"d6d98b3d-0b2c-92f4-a7ee-ff89b2803996\",\n\t\t\t\t\t\"padding\": \"None\",\n\t\t\t\t\t\"items\": [\n\t\t\t\t\t\t{\n\t\t\t\t\t\t\t\"type\": \"TextBlock\",\n\t\t\t\t\t\t\t\"id\": \"1e4f2f0c-4b91-163b-0577-ca5369a90e87\",\n\t\t\t\t\t\t\t\"text\": \"Approval History\",\n\t\t\t\t\t\t\t\"weight\": \"Bolder\",\n\t\t\t\t\t\t\t\"color\": \"Dark\",\n\t\t\t\t\t\t\t\"size\": \"Medium\",\n\t\t\t\t\t\t\t\"wrap\": true,\n                            \"spacing\": \"None\"\n\t\t\t\t\t\t},\n\t\t\t\t\t\t{\n\t\t\t\t\t\t\t\"type\": \"Container\",\n\t\t\t\t\t\t\t\"id\": \"e7d97325-4699-cd26-d672-028db33720b3\",\n\t\t\t\t\t\t\t\"padding\": \"None\",\n\t\t\t\t\t\t\t\"items\": [\n\t\t\t\t\t\t\t\t{\n\t\t\t\t\t\t\t\t\t\"type\": \"ColumnSet\",\n\t\t\t\t\t\t\t\t\t\"columns\": [\n\t\t\t\t\t\t\t\t\t\t{\n\t\t\t\t\t\t\t\t\t\t\t\"type\": \"Column\",\n\t\t\t\t\t\t\t\t\t\t\t\"width\": 1,\n\t\t\t\t\t\t\t\t\t\t\t\"items\": [\n\t\t\t\t\t\t\t\t\t\t\t\t{\n                                                    \"type\": \"TextBlock\",\n                                                    \"text\": \"Approver\",\n                                                    \"isSubtle\": true,\n                                                    \"weight\": \"Bolder\",\n                                                    \"color\": \"Dark\"\n\t\t\t\t\t\t\t\t\t\t\t\t}\n\t\t\t\t\t\t\t\t\t\t\t],\n\t\t\t\t\t\t\t\t\t\t\t\"padding\": \"None\"\n\t\t\t\t\t\t\t\t\t\t},\n\t\t\t\t\t\t\t\t\t\t{\n\t\t\t\t\t\t\t\t\t\t\t\"type\": \"Column\",\n\t\t\t\t\t\t\t\t\t\t\t\"width\": 1,\n\t\t\t\t\t\t\t\t\t\t\t\"items\": [\n\t\t\t\t\t\t\t\t\t\t\t\t{\n                                                    \"type\": \"TextBlock\",\n                                                    \"text\": \"Approval Decision\",\n                                                    \"isSubtle\": true,\n                                                    \"color\": \"Dark\",\n                                                    \"weight\": \"Bolder\"\n\t\t\t\t\t\t\t\t\t\t\t\t}\n\t\t\t\t\t\t\t\t\t\t\t],\n\t\t\t\t\t\t\t\t\t\t\t\"padding\": \"None\"\n\t\t\t\t\t\t\t\t\t\t}\n\t\t\t\t\t\t\t\t\t],\n\t\t\t\t\t\t\t\t\t\"padding\": \"None\",\n\t\t\t\t\t\t\t\t\t\"horizontalAlignment\": \"Center\",\n\t\t\t\t\t\t\t\t\t\"spacing\": \"None\",\n\t\t\t\t\t\t\t\t\t\"style\": \"emphasis\"\n\t\t\t\t\t\t\t\t}@{if(empty(variables('ApprovalHistory')), '', concat(',', join(variables('ApprovalHistory'), ',')))}\n\t\t\t\t\t\t\t],\n                            \"spacing\": \"Small\"\n\t\t\t\t\t\t}\n\t\t\t\t\t],\n                    \"spacing\": \"Small\"\n\t\t\t\t},\n\t\t\t\t{\n\t\t\t\t\t\"type\": \"Container\",\n\t\t\t\t\t\"id\": \"50c0038c-e812-15c4-0bc5-3c07f76e747e\",\n\t\t\t\t\t\"padding\": \"None\",\n\t\t\t\t\t\"items\": [\n\t\t\t\t\t\t{\n\t\t\t\t\t\t\t\"type\": \"TextBlock\",\n\t\t\t\t\t\t\t\"id\": \"defcd7b2-498d-6a9d-3df2-04f1eaf20daa\",\n\t\t\t\t\t\t\t\"text\": \"Endorsement History\",\n\t\t\t\t\t\t\t\"weight\": \"Bolder\",\n\t\t\t\t\t\t\t\"color\": \"Dark\",\n\t\t\t\t\t\t\t\"size\": \"Medium\",\n\t\t\t\t\t\t\t\"wrap\": true,\n                            \"spacing\": \"None\"\n\t\t\t\t\t\t},\n\t\t\t\t\t\t{\n\t\t\t\t\t\t\t\"type\": \"Container\",\n\t\t\t\t\t\t\t\"id\": \"c8bb45f3-0858-cf58-f5dc-7410c05cecde\",\n\t\t\t\t\t\t\t\"padding\": \"None\",\n\t\t\t\t\t\t\t\"items\": [\n\t\t\t\t\t\t\t\t{\n\t\t\t\t\t\t\t\t\t\"type\": \"ColumnSet\",\n\t\t\t\t\t\t\t\t\t\"columns\": [\n\t\t\t\t\t\t\t\t\t\t{\n\t\t\t\t\t\t\t\t\t\t\t\"type\": \"Column\",\n\t\t\t\t\t\t\t\t\t\t\t\"width\": 1,\n\t\t\t\t\t\t\t\t\t\t\t\"items\": [\n\t\t\t\t\t\t\t\t\t\t\t\t{\n                                                    \"type\": \"TextBlock\",\n                                                    \"text\": \"Endorser\",\n                                                    \"isSubtle\": true,\n                                                    \"weight\": \"Bolder\"\n\t\t\t\t\t\t\t\t\t\t\t\t}\n\t\t\t\t\t\t\t\t\t\t\t],\n\t\t\t\t\t\t\t\t\t\t\t\"padding\": \"None\"\n\t\t\t\t\t\t\t\t\t\t},\n\t\t\t\t\t\t\t\t\t\t{\n\t\t\t\t\t\t\t\t\t\t\t\"type\": \"Column\",\n\t\t\t\t\t\t\t\t\t\t\t\"width\": 1,\n\t\t\t\t\t\t\t\t\t\t\t\"items\": [\n\t\t\t\t\t\t\t\t\t\t\t\t{\n                                                    \"type\": \"TextBlock\",\n                                                    \"text\": \"Approval Decision\",\n                                                    \"isSubtle\": true,\n                                                    \"weight\": \"Bolder\"\n\t\t\t\t\t\t\t\t\t\t\t\t}\n\t\t\t\t\t\t\t\t\t\t\t],\n\t\t\t\t\t\t\t\t\t\t\t\"padding\": \"None\"\n\t\t\t\t\t\t\t\t\t\t}\n\t\t\t\t\t\t\t\t\t],\n\t\t\t\t\t\t\t\t\t\"padding\": \"None\",\n\t\t\t\t\t\t\t\t\t\"horizontalAlignment\": \"Center\",\n\t\t\t\t\t\t\t\t\t\"spacing\": \"None\",\n\t\t\t\t\t\t\t\t\t\"style\": \"emphasis\"\n\t\t\t\t\t\t\t\t}@{if(empty(variables('EndorserHistory')), '', concat(',', join(variables('EndorserHistory'), ',')))}\n\t\t\t\t\t\t\t],\n                            \"spacing\": \"Small\"\n\t\t\t\t\t\t}\n\t\t\t\t\t],\n                     \"spacing\": \"Small\"\n\t\t\t\t}\n            ],\n            \"spacing\": \"None\"\n        }\n    ],\n    \"padding\": \"None\",\n    \"hideOriginalBody\": true,\n    \"originator\": \"@{body('Find_Config')?['result']}\"\n}"
              }
            },
            "Set_Recommendation_Comments_by_Group_Sourcing": {
              "runAfter": {
                "Set_ROA_Approval_For": [
                  "Succeeded"
                ]
              },
              "metadata": {
                "operationMetadataId": "8e9a3591-ebea-4bef-8873-9e8b30bae746"
              },
              "type": "SetVariable",
              "inputs": {
                "name": "Recommendation or Comments by Group Sourcing",
                "value": " {\n                            \"type\": \"TextBlock\",\n                            \"id\": \"a7fc1389-236c-ac95-e9eb-dadaba75a855\",\n                            \"text\": \"Recommendation/Comments by Group Sourcing\",\n                            \"weight\": \"Bolder\",\n                            \"color\": \"Attention\",\n                            \"size\": \"Medium\",\n                            \"wrap\": true,\n                            \"spacing\": \"Small\"\n                        },\n                        {\n                            \"type\": \"TextBlock\",\n                            \"id\": \"d46e929b-cf83-9600-ec26-ddcfcfe2d1f0\",\n                            \"text\": \"@{if(equals(first(body('Find_Sourcing_Requests')?['value'])?['aia_sourcing_cover_notes_plain_text'], null), '', replace(first(body('Find_Sourcing_Requests')?['value'])?['aia_sourcing_cover_notes_plain_text'], '\"', '\\\"'))}\",\n                            \"wrap\": true,\n                            \"spacing\": \"Small\"\n                        },"
              }
            },
            "S2C_Group_Sourcing_Email_Address": {
              "runAfter": {
                "Find_Target_URL": [
                  "Succeeded"
                ]
              },
              "metadata": {
                "operationMetadataId": "3f85489f-56fc-4e7d-a479-982e7017ee1e"
              },
              "type": "Workflow",
              "inputs": {
                "host": {
                  "workflowReferenceName": "cb8c7cef-6161-ec11-8f8f-000d3a80eca3"
                },
                "body": {
                  "text": "S2C_Group_Sourcing_Email_Address"
                }
              }
            }
          },
          "runAfter": {
            "Recommendation_or_Comments_by_Group_Sourcing": [
              "Succeeded"
            ]
          },
          "expression": {
            "and": [
              {
                "greaterOrEquals": [
                  "@length(outputs('Find_S2C_Approval_Members')?['body/value'])",
                  1
                ]
              },
              {
                "greaterOrEquals": [
                  "@length(outputs('Find_Sourcing_Requests')?['body/value'])",
                  1
                ]
              }
            ]
          },
          "metadata": {
            "operationMetadataId": "d6294d99-6dbe-44a3-b473-5527f1576c6b"
          },
          "type": "If"
        },
        "for_your_approval_for_text": {
          "runAfter": {
            "ActionAble_Email_Json": [
              "Succeeded"
            ]
          },
          "metadata": {
            "operationMetadataId": "464e0d04-8d11-48f7-8c56-8bd08dc54028"
          },
          "type": "InitializeVariable",
          "inputs": {
            "variables": [
              {
                "name": "foryourapprovalfor",
                "type": "string"
              }
            ]
          }
        },
        "Find_S2C_Comments": {
          "runAfter": {
            "Find_S2C_Approval_Members": [
              "Succeeded"
            ]
          },
          "metadata": {
            "operationMetadataId": "667dd06f-a0a3-4745-95e1-f587c3b9f61f"
          },
          "type": "OpenApiConnection",
          "inputs": {
            "host": {
              "connectionName": "shared_commondataserviceforapps",
              "operationId": "ListRecords",
              "apiId": "/providers/Microsoft.PowerApps/apis/shared_commondataserviceforapps"
            },
            "parameters": {
              "entityName": "aia_s2c_comments",
              "fetchXml": "<fetch>\n  <entity name=\"aia_s2c_comment\">\n    <attribute name=\"aia_comment_status\" />\n    <attribute name=\"aia_s2c_commentid\" />\n    <attribute name=\"aia_comment_type\" />\n    <attribute name=\"ownerid\" />\n    <attribute name=\"aia_comment_content\" />\n    <attribute name=\"createdon\" />\n    <attribute name=\"aia_main_comment\" />\n    <filter>\n      <condition attribute=\"aia_sourcingrequest\" operator=\"eq\" value=\"@{triggerBody()['text']}\" />\n      <condition attribute=\"aia_comment_type\" operator=\"eq\" value=\"914710000\" />\n<condition attribute=\"statecode\" operator=\"eq\" value=\"0\" />\n    </filter>\n    <order attribute=\"createdon\" descending=\"true\" />\n    <link-entity name=\"systemuser\" from=\"systemuserid\" to=\"ownerid\" link-type=\"inner\" alias=\"comment\">\n      <attribute name=\"internalemailaddress\" />\n      <attribute name=\"fullname\" />\n    </link-entity>\n  </entity>\n</fetch>"
            },
            "authentication": {
              "type": "Raw",
              "value": "@json(decodeBase64(triggerOutputs().headers['X-MS-APIM-Tokens']))['$ConnectionKey']"
            }
          }
        },
        "Find_S2C_Approvals_History": {
          "runAfter": {
            "Find_S2C_Comments": [
              "Succeeded"
            ]
          },
          "metadata": {
            "operationMetadataId": "e1cc923e-f322-4fcb-8fca-7b28eac56ded"
          },
          "type": "OpenApiConnection",
          "inputs": {
            "host": {
              "connectionName": "shared_commondataserviceforapps",
              "operationId": "ListRecords",
              "apiId": "/providers/Microsoft.PowerApps/apis/shared_commondataserviceforapps"
            },
            "parameters": {
              "entityName": "aia_s2c_approval_members",
              "fetchXml": "<fetch>\n  <entity name=\"aia_s2c_approval_member\">\n    <attribute name=\"createdon\" />\n    <attribute name=\"modifiedon\" />\n    <attribute name=\"aia_approvertype\" />\n    <attribute name=\"aia_user_role\" />\n    <attribute name=\"aia_approval_status\" />\n    <attribute name=\"aia_user\" />\n    <attribute name=\"aia_remark\" />\n    <attribute name=\"aia_action_time\" />\n    <attribute name=\"aia_s2c_approval_memberid\" />\n    <filter>\n      <condition attribute=\"statecode\" operator=\"eq\" value=\"0\" />\n      <filter type=\"or\">\n        <condition attribute=\"aia_approval_status\" operator=\"eq\" value=\"914710002\" />\n        <condition attribute=\"aia_approval_status\" operator=\"eq\" value=\"914710004\" />\n      </filter>\n    </filter>\n    <order attribute=\"aia_action_time\" />\n    <link-entity name=\"aia_s2c_approval\" from=\"aia_s2c_approvalid\" to=\"aia_approval\" link-type=\"inner\" alias=\"approval\">\n      <filter>\n        <condition attribute=\"aia_sourcing_request\" operator=\"eq\" value=\"@{triggerBody()['text']}\" />\n        <condition attribute=\"aia_s2c_approvalid\" operator=\"eq\" value=\"@{if(equals(first(body('Find_Sourcing_Requests')?['value'])?['_aia_current_approval_matrix_value'],null),guid(),first(body('Find_Sourcing_Requests')?['value'])?['_aia_current_approval_matrix_value'])}\" />\n      </filter>\n    </link-entity>\n    <link-entity name=\"systemuser\" from=\"systemuserid\" to=\"aia_user\" link-type=\"inner\" alias=\"user\">\n      <attribute name=\"internalemailaddress\" />\n      <attribute name=\"fullname\" />\n    </link-entity>\n  </entity>\n</fetch>"
            },
            "authentication": {
              "type": "Raw",
              "value": "@json(decodeBase64(triggerOutputs().headers['X-MS-APIM-Tokens']))['$ConnectionKey']"
            }
          }
        },
        "CC_Email": {
          "runAfter": {
            "Initialize_variable": [
              "Succeeded"
            ]
          },
          "metadata": {
            "operationMetadataId": "0da78c5f-98fb-4c42-b40d-f0b44edbc361"
          },
          "type": "InitializeVariable",
          "inputs": {
            "variables": [
              {
                "name": "CCEmail",
                "type": "array"
              }
            ]
          }
        },
        "Question": {
          "runAfter": {
            "for_your_approval_for_text": [
              "Succeeded"
            ]
          },
          "metadata": {
            "operationMetadataId": "751aed82-02ec-4fb4-ac2d-36b31cdb1b05"
          },
          "type": "InitializeVariable",
          "inputs": {
            "variables": [
              {
                "name": "Question",
                "type": "array"
              }
            ]
          }
        },
        "Approval_History": {
          "runAfter": {
            "Question": [
              "Succeeded"
            ]
          },
          "metadata": {
            "operationMetadataId": "f80f4d0f-ac68-41d6-af01-8763cdb15f40"
          },
          "type": "InitializeVariable",
          "inputs": {
            "variables": [
              {
                "name": "ApprovalHistory",
                "type": "array"
              }
            ]
          }
        },
        "Endorser_History": {
          "runAfter": {
            "Approval_History": [
              "Succeeded"
            ]
          },
          "metadata": {
            "operationMetadataId": "36da4335-2e35-4498-b8f7-437faef64ab0"
          },
          "type": "InitializeVariable",
          "inputs": {
            "variables": [
              {
                "name": "EndorserHistory",
                "type": "array"
              }
            ]
          }
        },
        "Recommendation_or_Comments_by_Group_Sourcing": {
          "runAfter": {
            "Endorser_History": [
              "Succeeded"
            ]
          },
          "metadata": {
            "operationMetadataId": "2c86911c-ea86-4705-a88a-2aece4aae601"
          },
          "type": "InitializeVariable",
          "inputs": {
            "variables": [
              {
                "name": "Recommendation or Comments by Group Sourcing",
                "type": "string"
              }
            ]
          }
        }
      }
    },
    "templateName": ""
  },
  "schemaVersion": "1.0.0.0"
}