{
  "properties": {
    "connectionReferences": {
      "shared_commondataserviceforapps": {
        "runtimeSource": "embedded",
        "connection": {
          "connectionReferenceLogicalName": "aia_sharedcommondataserviceforapps_fce10"
        },
        "api": {
          "name": "shared_commondataserviceforapps"
        }
      }
    },
    "definition": {
      "$schema": "https://schema.management.azure.com/providers/Microsoft.Logic/schemas/2016-06-01/workflowdefinition.json#",
      "contentVersion": "1.0.0.0",
      "parameters": {
        "$connections": {
          "defaultValue": {},
          "type": "Object"
        },
        "$authentication": {
          "defaultValue": {},
          "type": "SecureObject"
        }
      },
      "triggers": {
        "Define_Approval_Chains_Added": {
          "metadata": {
            "operationMetadataId": "5524f39e-74b7-422f-aa3f-487fe0546dac"
          },
          "type": "OpenApiConnectionWebhook",
          "inputs": {
            "host": {
              "connectionName": "shared_commondataserviceforapps",
              "operationId": "SubscribeWebhookTrigger",
              "apiId": "/providers/Microsoft.PowerApps/apis/shared_commondataserviceforapps"
            },
            "parameters": {
              "subscriptionRequest/message": 1,
              "subscriptionRequest/entityname": "aia_activityapprovalchain",
              "subscriptionRequest/scope": 4
            },
            "authentication": "@parameters('$authentication')"
          }
        }
      },
      "actions": {
        "Initialize_roaid": {
          "runAfter": {
            "regardingtablename": [
              "Succeeded"
            ]
          },
          "metadata": {
            "operationMetadataId": "e48bcc72-72db-4ba0-a7fc-82c33fb639ba"
          },
          "type": "InitializeVariable",
          "inputs": {
            "variables": [
              {
                "name": "roaid",
                "type": "string",
                "value": "@triggerOutputs()?['body/_regardingobjectid_value']"
              }
            ]
          }
        },
        "regardingtablename": {
          "runAfter": {
            "Initialize_variable": [
              "Succeeded"
            ]
          },
          "metadata": {
            "operationMetadataId": "1529c6db-2b9f-4997-9580-8e7a274e7c69"
          },
          "type": "InitializeVariable",
          "inputs": {
            "variables": [
              {
                "name": "tablename",
                "type": "string",
                "value": "@triggerOutputs()?['body/_regardingobjectid_type']"
              }
            ]
          }
        },
        "check_regarding_table_is_aia_roa": {
          "actions": {
            "Get_Requests_by_ID": {
              "runAfter": {},
              "metadata": {
                "operationMetadataId": "cd2b3441-5c7e-4e2d-9210-cbd20ec54334"
              },
              "type": "OpenApiConnection",
              "inputs": {
                "host": {
                  "connectionName": "shared_commondataserviceforapps",
                  "operationId": "GetItem",
                  "apiId": "/providers/Microsoft.PowerApps/apis/shared_commondataserviceforapps"
                },
                "parameters": {
                  "entityName": "aia_roas",
                  "recordId": "@variables('roaid')",
                  "$select": "aia_form_type,_ownerid_value,_aia_hiring_manager_value"
                },
                "authentication": "@parameters('$authentication')"
              }
            },
            "Retrieve_Approval_Chinas_By_Reqeustid": {
              "runAfter": {
                "Get_Requests_by_ID": [
                  "Succeeded"
                ]
              },
              "metadata": {
                "operationMetadataId": "c2f99d47-ab55-464c-ba3c-c5301c18a32e"
              },
              "type": "OpenApiConnection",
              "inputs": {
                "host": {
                  "connectionName": "shared_commondataserviceforapps",
                  "operationId": "ListRecords",
                  "apiId": "/providers/Microsoft.PowerApps/apis/shared_commondataserviceforapps"
                },
                "parameters": {
                  "entityName": "aia_approval_chains",
                  "$select": "aia_name",
                  "$filter": "_aia_roa_value eq @{variables('roaid')} and statecode eq 0",
                  "$top": 1
                },
                "authentication": "@parameters('$authentication')"
              }
            },
            "Check_Active_Chain_exists": {
              "actions": {},
              "runAfter": {
                "Retrieve_Approval_Chinas_By_Reqeustid": [
                  "Succeeded"
                ]
              },
              "else": {
                "actions": {
                  "check_form_type_is_Cat2": {
                    "actions": {
                      "Add_Approval_Chain": {
                        "runAfter": {},
                        "metadata": {
                          "operationMetadataId": "718f3970-6acc-4418-bba6-42d9a860c611"
                        },
                        "type": "OpenApiConnection",
                        "inputs": {
                          "host": {
                            "connectionName": "shared_commondataserviceforapps",
                            "operationId": "CreateRecord",
                            "apiId": "/providers/Microsoft.PowerApps/apis/shared_commondataserviceforapps"
                          },
                          "parameters": {
                            "entityName": "aia_approval_chains",
                            "item/aia_name": "Approval Chain 1",
                            "item/aia_approval_chain_status": 0,
                            "item/aia_roa@odata.bind": "/aia_roas(@{variables('roaid')})"
                          },
                          "authentication": "@parameters('$authentication')"
                        }
                      },
                      "Retrive_SAP_Employees_by_Hiring_Manager": {
                        "runAfter": {
                          "Add_Approval_Chain": [
                            "Succeeded"
                          ]
                        },
                        "metadata": {
                          "operationMetadataId": "7417457f-7744-4b1d-ad6f-4279b60584e4"
                        },
                        "type": "OpenApiConnection",
                        "inputs": {
                          "host": {
                            "connectionName": "shared_commondataserviceforapps",
                            "operationId": "ListRecords",
                            "apiId": "/providers/Microsoft.PowerApps/apis/shared_commondataserviceforapps"
                          },
                          "parameters": {
                            "entityName": "aia_sap_employees",
                            "$select": "_aia_immediate_supervisor_value,_aia_user_value",
                            "$filter": "_aia_user_value eq '@{outputs('Get_Requests_by_ID')?['body/_aia_hiring_manager_value']}' and statecode eq 0",
                            "$top": 1
                          },
                          "authentication": "@parameters('$authentication')"
                        }
                      },
                      "If_has_immediate_supervisor": {
                        "actions": {
                          "Add_Approval_Chain_Approver": {
                            "runAfter": {},
                            "metadata": {
                              "operationMetadataId": "20cdd397-1a07-4f4c-a301-0cc0ec061bcc"
                            },
                            "type": "OpenApiConnection",
                            "inputs": {
                              "host": {
                                "connectionName": "shared_commondataserviceforapps",
                                "operationId": "CreateRecord",
                                "apiId": "/providers/Microsoft.PowerApps/apis/shared_commondataserviceforapps"
                              },
                              "parameters": {
                                "entityName": "aia_approval_chain_approvers",
                                "item/aia_name": "1",
                                "item/aia_approval_chain@odata.bind": "/aia_approval_chains(@{outputs('Add_Approval_Chain')?['body/aia_approval_chainid']})",
                                "item/aia_approver@odata.bind": "/systemusers(@{first(outputs('Retrive_SAP_Employees_by_Hiring_Manager')?['body/value'])?['_aia_immediate_supervisor_value']})"
                              },
                              "authentication": "@parameters('$authentication')"
                            }
                          }
                        },
                        "runAfter": {
                          "Retrive_SAP_Employees_by_Hiring_Manager": [
                            "Succeeded"
                          ]
                        },
                        "else": {
                          "actions": {
                            "Set_variable": {
                              "runAfter": {},
                              "metadata": {
                                "operationMetadataId": "852d7ff6-0976-4405-9c52-b34b7c4f68c3"
                              },
                              "type": "SetVariable",
                              "inputs": {
                                "name": "isApprovalLimitBlank",
                                "value": "@true"
                              }
                            }
                          }
                        },
                        "expression": {
                          "equals": [
                            "@contains(first(outputs('Retrive_SAP_Employees_by_Hiring_Manager')?['body/value']),'_aia_immediate_supervisor_value')",
                            "@true"
                          ]
                        },
                        "metadata": {
                          "operationMetadataId": "ea183353-a937-4481-ac7e-8b075dac4209"
                        },
                        "type": "If"
                      }
                    },
                    "runAfter": {},
                    "else": {
                      "actions": {
                        "Check_form_type_is_Cat_1": {
                          "actions": {
                            "AIA_|_ROA_CAT1_Approve_China_Generate": {
                              "runAfter": {},
                              "metadata": {
                                "operationMetadataId": "fcca2726-f06b-410d-b254-a33823285e6f"
                              },
                              "type": "Workflow",
                              "inputs": {
                                "host": {
                                  "workflowReferenceName": "c8f53d06-8170-ed11-81ac-002248593fc2"
                                },
                                "body": {
                                  "text": "@variables('roaid')"
                                },
                                "retryPolicy": {
                                  "type": "none"
                                }
                              }
                            },
                            "set_isApprovalLimitBlank": {
                              "runAfter": {
                                "AIA_|_ROA_CAT1_Approve_China_Generate": [
                                  "Succeeded"
                                ]
                              },
                              "metadata": {
                                "operationMetadataId": "3fc28403-2088-4043-b859-a66cf7ac7b22"
                              },
                              "type": "SetVariable",
                              "inputs": {
                                "name": "isApprovalLimitBlank",
                                "value": "@bool( outputs('AIA_|_ROA_CAT1_Approve_China_Generate')?['Body']['isApprovalLimitBlank'])"
                              }
                            }
                          },
                          "runAfter": {},
                          "expression": {
                            "equals": [
                              "@outputs('Get_Requests_by_ID')?['body/aia_form_type']",
                              1
                            ]
                          },
                          "metadata": {
                            "operationMetadataId": "8554f5b1-f0da-4b41-bc0d-64327760cdb4"
                          },
                          "type": "If"
                        }
                      }
                    },
                    "expression": {
                      "equals": [
                        "@outputs('Get_Requests_by_ID')?['body/aia_form_type']",
                        2
                      ]
                    },
                    "metadata": {
                      "operationMetadataId": "14fac714-2418-437a-b30e-24995164a057"
                    },
                    "type": "If"
                  },
                  "Condition": {
                    "actions": {
                      "Group_Sourcing_Team_ID": {
                        "runAfter": {},
                        "metadata": {
                          "operationMetadataId": "030fc438-b7c5-473a-a024-5c26b9d49c52"
                        },
                        "type": "Workflow",
                        "inputs": {
                          "host": {
                            "workflowReferenceName": "cb8c7cef-6161-ec11-8f8f-000d3a80eca3"
                          },
                          "body": {
                            "text": "Group_Sourcing_Team_ID"
                          }
                        }
                      },
                      "Mark_Activity_Not_Completed_": {
                        "runAfter": {
                          "Group_Sourcing_Team_ID": [
                            "Succeeded"
                          ]
                        },
                        "metadata": {
                          "operationMetadataId": "e418440b-9fa9-4ef2-8fd4-958ad19f0023"
                        },
                        "type": "OpenApiConnection",
                        "inputs": {
                          "host": {
                            "connectionName": "shared_commondataserviceforapps",
                            "operationId": "UpdateRecord",
                            "apiId": "/providers/Microsoft.PowerApps/apis/shared_commondataserviceforapps"
                          },
                          "parameters": {
                            "entityName": "aia_activityapprovalchains",
                            "recordId": "@triggerOutputs()?['body/activityid']",
                            "item/statecode": 0,
                            "item/ownerid_aia_activityapprovalchain@odata.bind": "/teams(@{body('Group_Sourcing_Team_ID')?['result']})"
                          },
                          "authentication": "@parameters('$authentication')"
                        }
                      },
                      "Retrieve_Approval_Chinas_By_Reqeustid_2": {
                        "runAfter": {
                          "Mark_Activity_Not_Completed_": [
                            "Succeeded"
                          ]
                        },
                        "metadata": {
                          "operationMetadataId": "c2f99d47-ab55-464c-ba3c-c5301c18a32e"
                        },
                        "type": "OpenApiConnection",
                        "inputs": {
                          "host": {
                            "connectionName": "shared_commondataserviceforapps",
                            "operationId": "ListRecords",
                            "apiId": "/providers/Microsoft.PowerApps/apis/shared_commondataserviceforapps"
                          },
                          "parameters": {
                            "entityName": "aia_approval_chains",
                            "$select": "aia_name",
                            "$filter": "_aia_roa_value eq @{variables('roaid')} and statecode eq 0",
                            "$top": 1
                          },
                          "authentication": "@parameters('$authentication')"
                        }
                      },
                      "Apply_to_each": {
                        "foreach": "@outputs('Retrieve_Approval_Chinas_By_Reqeustid_2')?['body/value']",
                        "actions": {
                          "Inactive_Approval_Chain": {
                            "runAfter": {},
                            "metadata": {
                              "operationMetadataId": "2a9e5b7e-6565-42f2-b9ec-5e464317d3a8"
                            },
                            "type": "OpenApiConnection",
                            "inputs": {
                              "host": {
                                "connectionName": "shared_commondataserviceforapps",
                                "operationId": "UpdateRecord",
                                "apiId": "/providers/Microsoft.PowerApps/apis/shared_commondataserviceforapps"
                              },
                              "parameters": {
                                "entityName": "aia_approval_chains",
                                "recordId": "@items('Apply_to_each').aia_approval_chainid",
                                "item/statecode": 1,
                                "item/statuscode": 2
                              },
                              "authentication": "@parameters('$authentication')"
                            }
                          }
                        },
                        "runAfter": {
                          "Retrieve_Approval_Chinas_By_Reqeustid_2": [
                            "Succeeded"
                          ]
                        },
                        "metadata": {
                          "operationMetadataId": "c0cf4ad1-0200-4d0c-862f-e858244dfb7a"
                        },
                        "type": "Foreach"
                      }
                    },
                    "runAfter": {
                      "check_form_type_is_Cat2": [
                        "Succeeded"
                      ]
                    },
                    "else": {
                      "actions": {
                        "Mark_Activity_Completed": {
                          "runAfter": {},
                          "metadata": {
                            "operationMetadataId": "b0303b90-aa37-4e9f-a03d-6944e5938da4"
                          },
                          "type": "OpenApiConnection",
                          "inputs": {
                            "host": {
                              "connectionName": "shared_commondataserviceforapps",
                              "operationId": "UpdateRecord",
                              "apiId": "/providers/Microsoft.PowerApps/apis/shared_commondataserviceforapps"
                            },
                            "parameters": {
                              "entityName": "aia_activityapprovalchains",
                              "recordId": "@triggerOutputs()?['body/activityid']",
                              "item/statecode": 1,
                              "item/statuscode": 2
                            },
                            "authentication": "@parameters('$authentication')"
                          }
                        }
                      }
                    },
                    "expression": {
                      "equals": [
                        "@variables('isApprovalLimitBlank')",
                        "@true"
                      ]
                    },
                    "metadata": {
                      "operationMetadataId": "fca2555a-ea2e-4602-914c-677537a3f65a"
                    },
                    "type": "If"
                  }
                }
              },
              "expression": {
                "greater": [
                  "@length(outputs('Retrieve_Approval_Chinas_By_Reqeustid')?['body/value'])",
                  0
                ]
              },
              "metadata": {
                "operationMetadataId": "20e06a6c-55f2-4bc3-a735-62fc1ef966c1"
              },
              "type": "If"
            }
          },
          "runAfter": {
            "isApprovalLimitBlank": [
              "Succeeded"
            ]
          },
          "expression": {
            "equals": [
              "@variables('tablename')",
              "aia_roas"
            ]
          },
          "metadata": {
            "operationMetadataId": "91b7c840-2764-451b-9c26-a7a0e60adf54"
          },
          "type": "If"
        },
        "Initialize_variable": {
          "runAfter": {},
          "metadata": {
            "operationMetadataId": "7e52d352-2a02-424e-ab6b-5f718a9dd13d"
          },
          "type": "InitializeVariable",
          "inputs": {
            "variables": [
              {
                "name": "regardingType",
                "type": "string",
                "value": "@triggerOutputs()?['body/_regardingobjectid_value@Microsoft.Dynamics.CRM.lookuplogicalname']"
              }
            ]
          }
        },
        "isApprovalLimitBlank": {
          "runAfter": {
            "Initialize_roaid": [
              "Succeeded"
            ]
          },
          "metadata": {
            "operationMetadataId": "c10634f4-038f-4499-b9fe-010b31f40d82"
          },
          "type": "InitializeVariable",
          "inputs": {
            "variables": [
              {
                "name": "isApprovalLimitBlank",
                "type": "boolean",
                "value": "@false"
              }
            ]
          }
        }
      }
    },
    "templateName": ""
  },
  "schemaVersion": "1.0.0.0"
}