{
  "properties": {
    "connectionReferences": {
      "shared_sharepointonline": {
        "runtimeSource": "embedded",
        "connection": {
          "connectionReferenceLogicalName": "aia_sharedsharepointonline_68709"
        },
        "api": {
          "name": "shared_sharepointonline"
        }
      },
      "shared_commondataserviceforapps_1": {
        "runtimeSource": "embedded",
        "connection": {
          "connectionReferenceLogicalName": "aia_sharedcommondataserviceforapps_1c6db"
        },
        "api": {
          "name": "shared_commondataserviceforapps"
        }
      }
    },
    "definition": {
      "$schema": "https://schema.management.azure.com/providers/Microsoft.Logic/schemas/2016-06-01/workflowdefinition.json#",
      "contentVersion": "1.0.0.0",
      "parameters": {
        "$connections": {
          "defaultValue": {},
          "type": "Object"
        },
        "$authentication": {
          "defaultValue": {},
          "type": "SecureObject"
        }
      },
      "triggers": {
        "manual": {
          "metadata": {
            "operationMetadataId": "527d520f-d63a-4dea-91ed-d00cfba57fcb"
          },
          "type": "Request",
          "kind": "Button",
          "inputs": {
            "schema": {
              "type": "object",
              "properties": {
                "text": {
                  "title": "SharePoint_Site_Address",
                  "type": "string",
                  "x-ms-dynamically-added": true,
                  "description": "Please enter your input",
                  "x-ms-content-hint": "TEXT"
                },
                "text_1": {
                  "title": "SharePoint_AIA_S2C_Folder_Path",
                  "type": "string",
                  "x-ms-dynamically-added": true,
                  "description": "Please enter your input",
                  "x-ms-content-hint": "TEXT"
                },
                "text_2": {
                  "title": "FolderName",
                  "type": "string",
                  "x-ms-dynamically-added": true,
                  "description": "Please enter your input",
                  "x-ms-content-hint": "TEXT"
                },
                "text_3": {
                  "title": "SourcingRequetGuid",
                  "type": "string",
                  "x-ms-dynamically-added": true,
                  "description": "Please enter your input",
                  "x-ms-content-hint": "TEXT"
                }
              },
              "required": [
                "text",
                "text_1",
                "text_2",
                "text_3"
              ]
            }
          }
        }
      },
      "actions": {
        "Respond_to_a_PowerApp_or_flow": {
          "runAfter": {
            "Finally": [
              "Succeeded"
            ]
          },
          "metadata": {
            "operationMetadataId": "1c705609-99af-4b64-a1a5-001671de5508"
          },
          "type": "Response",
          "kind": "PowerApp",
          "inputs": {
            "statusCode": 200,
            "body": {
              "foldername": "@variables('FolderName')"
            },
            "schema": {
              "type": "object",
              "properties": {
                "foldername": {
                  "title": "foldername",
                  "x-ms-dynamically-added": true,
                  "type": "string"
                }
              }
            }
          }
        },
        "Try": {
          "actions": {
            "Get_all_lists_and_libraries:_Retrieve_library_list_from_site": {
              "runAfter": {},
              "metadata": {
                "operationMetadataId": "e8bd7ba8-955d-4118-aca0-f66e46c72209"
              },
              "type": "OpenApiConnection",
              "inputs": {
                "host": {
                  "connectionName": "shared_sharepointonline",
                  "operationId": "GetAllTables",
                  "apiId": "/providers/Microsoft.PowerApps/apis/shared_sharepointonline"
                },
                "parameters": {
                  "dataset": "@triggerBody()['text']"
                },
                "authentication": {
                  "type": "Raw",
                  "value": "@json(decodeBase64(triggerOutputs().headers['X-MS-APIM-Tokens']))['$ConnectionKey']"
                }
              }
            },
            "Filter_array:_Find_the_library": {
              "runAfter": {
                "Get_all_lists_and_libraries:_Retrieve_library_list_from_site": [
                  "Succeeded"
                ]
              },
              "metadata": {
                "operationMetadataId": "f57fbe98-291b-43eb-98e1-61dafdf3e100"
              },
              "type": "Query",
              "inputs": {
                "from": "@outputs('Get_all_lists_and_libraries:_Retrieve_library_list_from_site')?['body/value']",
                "where": "@equals(item()?['DisplayName'], split(triggerBody()['text_1'], '/')[0])"
              }
            },
            "Condition": {
              "actions": {
                "Create_new_folder:_Create_sourcing_request_folder": {
                  "runAfter": {},
                  "metadata": {
                    "operationMetadataId": "52772db1-e2c3-428c-b87c-d7d7dd46c3bf"
                  },
                  "type": "OpenApiConnection",
                  "inputs": {
                    "host": {
                      "connectionName": "shared_sharepointonline",
                      "operationId": "CreateNewFolder",
                      "apiId": "/providers/Microsoft.PowerApps/apis/shared_sharepointonline"
                    },
                    "parameters": {
                      "dataset": "@triggerBody()['text']",
                      "table": "@first(body('Filter_array:_Find_the_library'))['Name']",
                      "parameters/path": "@{substring(triggerBody()['text_1'],add(indexOf(triggerBody()['text_1'],'/'),1))}@{variables('FolderName')}"
                    },
                    "authentication": {
                      "type": "Raw",
                      "value": "@json(decodeBase64(triggerOutputs().headers['X-MS-APIM-Tokens']))['$ConnectionKey']"
                    }
                  }
                },
                "Update_a_row:_Update_folder_name_to_sourcing_request": {
                  "runAfter": {
                    "Create_new_folder:_Create_sourcing_request_folder": [
                      "Succeeded"
                    ]
                  },
                  "metadata": {
                    "operationMetadataId": "d8741c11-8861-4594-99fd-b1e82efb293b"
                  },
                  "type": "OpenApiConnection",
                  "inputs": {
                    "host": {
                      "connectionName": "shared_commondataserviceforapps_1",
                      "operationId": "UpdateRecord",
                      "apiId": "/providers/Microsoft.PowerApps/apis/shared_commondataserviceforapps"
                    },
                    "parameters": {
                      "entityName": "aia_s2c_sourcingrequests",
                      "recordId": "@triggerBody()['text_3']",
                      "item/aia_sharepoint_folder_name": "@variables('FolderName')"
                    },
                    "authentication": {
                      "type": "Raw",
                      "value": "@json(decodeBase64(triggerOutputs().headers['X-MS-APIM-Tokens']))['$ConnectionKey']"
                    }
                  }
                }
              },
              "runAfter": {
                "Filter_array:_Find_the_library": [
                  "Succeeded"
                ]
              },
              "expression": {
                "greaterOrEquals": [
                  "@length(body('Filter_array:_Find_the_library'))",
                  1
                ]
              },
              "metadata": {
                "operationMetadataId": "d74cb57f-e003-4e3e-abe4-3418009d9f7a"
              },
              "type": "If"
            }
          },
          "runAfter": {
            "Folder_Name": [
              "Succeeded"
            ]
          },
          "metadata": {
            "operationMetadataId": "37f1b59f-2509-4d36-8f3c-a749fa812d3a"
          },
          "type": "Scope"
        },
        "Catch": {
          "actions": {},
          "runAfter": {
            "Try": [
              "Failed",
              "Skipped",
              "TimedOut"
            ]
          },
          "metadata": {
            "operationMetadataId": "e6f3b5ff-d6b1-4246-a5c8-2b02d32b0be3"
          },
          "type": "Scope"
        },
        "Finally": {
          "actions": {},
          "runAfter": {
            "Catch": [
              "Succeeded",
              "Failed",
              "Skipped",
              "TimedOut"
            ]
          },
          "metadata": {
            "operationMetadataId": "d296048e-937e-443e-9a84-1f50244792ef"
          },
          "type": "Scope"
        },
        "Folder_Name": {
          "runAfter": {},
          "metadata": {
            "operationMetadataId": "3a881a8e-ee74-4668-b01f-e8d8f2e0805c"
          },
          "type": "InitializeVariable",
          "inputs": {
            "variables": [
              {
                "name": "FolderName",
                "type": "string",
                "value": "@{trim(replace(replace(replace(replace(replace(replace(replace(replace(replace(replace(replace(replace(triggerBody()['text_2'],'*',' '),'.',' '),'\\',' '),'/',' '),'?',' '),'\"',' '),'<',' '),'>',' '),'|',' '),':',' '),'#',' '),'&',' '))}"
              }
            ]
          }
        }
      }
    },
    "templateName": ""
  },
  "schemaVersion": "1.0.0.0"
}