{
  "properties": {
    "connectionReferences": {
      "shared_office365": {
        "runtimeSource": "embedded",
        "connection": {
          "connectionReferenceLogicalName": "aia_sharedoffice365_705f6"
        },
        "api": {
          "name": "shared_office365"
        }
      },
      "shared_commondataserviceforapps": {
        "runtimeSource": "embedded",
        "connection": {
          "connectionReferenceLogicalName": "aia_sharedcommondataserviceforapps_dba9d"
        },
        "api": {
          "name": "shared_commondataserviceforapps"
        }
      }
    },
    "definition": {
      "$schema": "https://schema.management.azure.com/providers/Microsoft.Logic/schemas/2016-06-01/workflowdefinition.json#",
      "contentVersion": "1.0.0.0",
      "parameters": {
        "$connections": {
          "defaultValue": {},
          "type": "Object"
        },
        "$authentication": {
          "defaultValue": {},
          "type": "SecureObject"
        }
      },
      "triggers": {
        "When_a_row_is_added,_modified_or_deleted": {
          "metadata": {
            "operationMetadataId": "73c8465b-4f5e-423a-9586-6e3b41f1d2eb"
          },
          "type": "OpenApiConnectionWebhook",
          "inputs": {
            "host": {
              "connectionName": "shared_commondataserviceforapps",
              "operationId": "SubscribeWebhookTrigger",
              "apiId": "/providers/Microsoft.PowerApps/apis/shared_commondataserviceforapps"
            },
            "parameters": {
              "subscriptionRequest/message": 3,
              "subscriptionRequest/entityname": "aia_s2c_sourcingrequest",
              "subscriptionRequest/scope": 4,
              "subscriptionRequest/filteringattributes": "aia_requeststatus",
              "subscriptionRequest/filterexpression": "aia_requeststatus eq 914710010 or aia_requeststatus eq 914710012"
            },
            "authentication": "@parameters('$authentication')"
          }
        }
      },
      "actions": {
        "If_request_status_is_equal_to_approved_or_not": {
          "actions": {
            "Send_ROA_Approved_Email_10.8": {
              "runAfter": {},
              "metadata": {
                "operationMetadataId": "44b09b26-34ba-4cfa-bc70-4b0a692faa4e"
              },
              "type": "OpenApiConnection",
              "inputs": {
                "host": {
                  "connectionName": "shared_office365",
                  "operationId": "SendEmailV2",
                  "apiId": "/providers/Microsoft.PowerApps/apis/shared_office365"
                },
                "parameters": {
                  "emailMessage/To": "@join(union(variables('SendEmailAddress'),variables('SendEmailAddress')),';')",
                  "emailMessage/Subject": "ROA fully approved - @{triggerOutputs()?['body/aia_name']} @{triggerOutputs()?['body/aia_requesttitle']}",
                  "emailMessage/Body": "<html xmlns:o=\"urn:schemas-microsoft-com:office:office\" xmlns:w=\"urn:schemas-microsoft-com:office:word\"\n    xmlns:dt=\"uuid:C2F41010-65B3-11d1-A29F-00AA00C14882\" xmlns=\"http://www.w3.org/TR/REC-html40\">\n\n<head>\n    <meta http-equiv=Content-Type content=\"text/html; charset=gb2312\">\n    <meta name=ProgId content=Word.Document>\n    <meta name=Generator content=\"Microsoft Word 14\">\n    <meta name=Originator content=\"Microsoft Word 14\">\n    <title></title>\n    <style>\n        @font-face {\n            font-family: \"Times New Roman\";\n        }\n\n        @font-face {\n            font-family: \"宋体\";\n        }\n\n        @font-face {\n            font-family: \"Calibri\";\n        }\n\n        @font-face {\n            font-family: \"Wingdings\";\n        }\n\n        @font-face {\n            font-family: \"Symbol\";\n        }\n\n        @font-face {\n            font-family: \"Courier New\";\n        }\n\n        @font-face {\n            font-family: \"Arial\";\n        }\n\n        @list l0:level1 {\n            mso-level-number-format: bullet;\n            mso-level-suffix: tab;\n            mso-level-text: \\F0B7;\n            mso-level-tab-stop: none;\n            mso-level-number-position: left;\n            margin-left: 54.0000pt;\n            text-indent: -18.0000pt;\n            font-family: Symbol;\n        }\n\n        @list l0:level2 {\n            mso-level-number-format: bullet;\n            mso-level-suffix: tab;\n            mso-level-text: \\6F;\n            mso-level-tab-stop: none;\n            mso-level-number-position: left;\n            margin-left: 90.0000pt;\n            text-indent: -18.0000pt;\n            font-family: 'Courier New';\n        }\n\n        @list l0:level3 {\n            mso-level-number-format: bullet;\n            mso-level-suffix: tab;\n            mso-level-text: \\F0A7;\n            mso-level-tab-stop: none;\n            mso-level-number-position: left;\n            margin-left: 126.0000pt;\n            text-indent: -18.0000pt;\n            font-family: Wingdings;\n        }\n\n        @list l0:level4 {\n            mso-level-number-format: bullet;\n            mso-level-suffix: tab;\n            mso-level-text: \\F0B7;\n            mso-level-tab-stop: none;\n            mso-level-number-position: left;\n            margin-left: 162.0000pt;\n            text-indent: -18.0000pt;\n            font-family: Symbol;\n        }\n\n        @list l0:level5 {\n            mso-level-number-format: bullet;\n            mso-level-suffix: tab;\n            mso-level-text: \\6F;\n            mso-level-tab-stop: none;\n            mso-level-number-position: left;\n            margin-left: 198.0000pt;\n            text-indent: -18.0000pt;\n            font-family: 'Courier New';\n        }\n\n        @list l0:level6 {\n            mso-level-number-format: bullet;\n            mso-level-suffix: tab;\n            mso-level-text: \\F0A7;\n            mso-level-tab-stop: none;\n            mso-level-number-position: left;\n            margin-left: 234.0000pt;\n            text-indent: -18.0000pt;\n            font-family: Wingdings;\n        }\n\n        @list l0:level7 {\n            mso-level-number-format: bullet;\n            mso-level-suffix: tab;\n            mso-level-text: \\F0B7;\n            mso-level-tab-stop: none;\n            mso-level-number-position: left;\n            margin-left: 270.0000pt;\n            text-indent: -18.0000pt;\n            font-family: Symbol;\n        }\n\n        @list l0:level8 {\n            mso-level-number-format: bullet;\n            mso-level-suffix: tab;\n            mso-level-text: \\6F;\n            mso-level-tab-stop: none;\n            mso-level-number-position: left;\n            margin-left: 306.0000pt;\n            text-indent: -18.0000pt;\n            font-family: 'Courier New';\n        }\n\n        @list l0:level9 {\n            mso-level-number-format: bullet;\n            mso-level-suffix: tab;\n            mso-level-text: \\F0A7;\n            mso-level-tab-stop: none;\n            mso-level-number-position: left;\n            margin-left: 342.0000pt;\n            text-indent: -18.0000pt;\n            font-family: Wingdings;\n        }\n\n        p.MsoNormal {\n            mso-style-name: 正文;\n            mso-style-parent: \"\";\n            margin-bottom: 8.0000pt;\n            line-height: 107%;\n            font-family: Calibri;\n            mso-bidi-font-family: 'Times New Roman';\n            font-size: 11.0000pt;\n        }\n\n        span.10 {\n            font-family: Calibri;\n        }\n\n        span.15 {\n            font-family: Calibri;\n            font-size: 8.0000pt;\n        }\n\n        span.16 {\n            font-family: Calibri;\n            color: rgb(43, 87, 154);\n            background: rgb(230, 230, 230);\n            mso-shading: rgb(230, 230, 230);\n        }\n\n        p.MsoCommentText {\n            mso-style-name: 批注文字;\n            mso-style-noshow: yes;\n            margin-bottom: 8.0000pt;\n            font-family: Calibri;\n            mso-bidi-font-family: 'Times New Roman';\n            font-size: 10.0000pt;\n        }\n\n        p.18 {\n            mso-style-name: \"List Paragraph\";\n            margin-bottom: 8.0000pt;\n            margin-left: 36.0000pt;\n            mso-add-space: auto;\n            line-height: 107%;\n            font-family: Calibri;\n            mso-bidi-font-family: 'Times New Roman';\n            font-size: 11.0000pt;\n        }\n\n        span.msoIns {\n            mso-style-type: export-only;\n            mso-style-name: \"\";\n            text-decoration: underline;\n            text-underline: single;\n            color: blue;\n        }\n\n        span.msoDel {\n            mso-style-type: export-only;\n            mso-style-name: \"\";\n            text-decoration: line-through;\n            color: red;\n        }\n\n        table.MsoNormalTable {\n            mso-style-name: 普通表格;\n            mso-style-parent: \"\";\n            mso-style-noshow: yes;\n            mso-tstyle-rowband-size: 0;\n            mso-tstyle-colband-size: 0;\n            mso-padding-alt: 0.0000pt 5.4000pt 0.0000pt 5.4000pt;\n            mso-para-margin: 0pt;\n            mso-para-margin-bottom: .0001pt;\n            mso-pagination: widow-orphan;\n            font-family: 'Times New Roman';\n            font-size: 10.0000pt;\n            mso-ansi-language: #0400;\n            mso-fareast-language: #0400;\n            mso-bidi-language: #0400;\n        }\n\n        table.MsoTableGrid {\n            mso-style-name: 网格型;\n            mso-tstyle-rowband-size: 0;\n            mso-tstyle-colband-size: 0;\n            mso-padding-alt: 0.0000pt 5.4000pt 0.0000pt 5.4000pt;\n            mso-border-top-alt: 0.5000pt solid windowtext;\n            mso-border-left-alt: 0.5000pt solid windowtext;\n            mso-border-bottom-alt: 0.5000pt solid windowtext;\n            mso-border-right-alt: 0.5000pt solid windowtext;\n            mso-border-insideh: 0.5000pt solid windowtext;\n            mso-border-insidev: 0.5000pt solid windowtext;\n            mso-para-margin: 0pt;\n            mso-para-margin-bottom: .0001pt;\n            mso-pagination: widow-orphan;\n            font-family: 'Times New Roman';\n            font-size: 10.0000pt;\n            mso-ansi-language: #0400;\n            mso-fareast-language: #0400;\n            mso-bidi-language: #0400;\n        }\n\n        @page {\n            mso-page-border-surround-header: no;\n            mso-page-border-surround-footer: no;\n        }\n\n        @page Section0 {\n            margin-top: 72.0000pt;\n            margin-bottom: 72.0000pt;\n            margin-left: 90.0000pt;\n            margin-right: 90.0000pt;\n            size: 595.3000pt 841.9000pt;\n            layout-grid: 15.6000pt;\n            mso-header-margin: 42.5500pt;\n            mso-footer-margin: 49.6000pt;\n        }\n\n        div.Section0 {\n            page: Section0;\n        }\n    </style>\n</head>\n\n<body style=\"tab-interval:21pt;text-justify-trim:punctuation;\"><!--StartFragment-->\n    <div class=\"Section0\" style=\"layout-grid:15.6000pt;\">\n            <table style=\"width:700\">\n                <tr><td><p class=MsoNormal style=\"margin-bottom:0.0000pt;\"><span style=\"mso-spacerun:'yes';font-family:Arial;mso-fareast-font-family:Calibri;\n                    font-size:11.0000pt;\">Hi @{body('Retrieve_given_name_by_user_email_address')?['givennames']} ,</span><span style=\"mso-spacerun:'yes';font-family:Arial;mso-fareast-font-family:Calibri;\n                    font-size:11.0000pt;\">\n                                <o:p></o:p>\n                    </span></p></td></tr>\n                <tr><td><p class=MsoNormal style=\"margin-bottom:0.0000pt;\"><span style=\"mso-spacerun:'yes';font-family:Arial;mso-fareast-font-family:Calibri;\n                        font-size:11.0000pt;\">\n                        <o:p>&nbsp;</o:p>\n                    </span></p></td></tr>\n                <tr><td><p class=MsoNormal style=\"margin-bottom:0.0000pt;\"><span style=\"mso-spacerun:'yes';font-family:Arial;mso-bidi-font-family:'Times New Roman';\n                    font-size:11.0000pt;\">Your ROA for @{triggerOutputs()?['body/aia_name']}\n                                @{triggerOutputs()?['body/aia_requesttitle']} has been fully approved.</span><span style=\"mso-spacerun:'yes';font-family:Arial;mso-fareast-font-family:Calibri;\n                    font-size:11.0000pt;\">&nbsp;You can go to </span><u><a\n                                    href=\"@{body('Retrieve_S2C_Sub_Deep_link_Request_from_configuration_table')?['result']}@{outputs('Retrieve_sourcing_request_by_request_id')?['body/aia_s2c_sourcingrequestid']}\"><span\n                                        style=\"mso-spacerun:'yes';font-family:Arial;mso-fareast-font-family:Calibri;\n                    color:rgb(91,155,213);text-decoration:underline;text-underline:single;\n                    font-size:11.0000pt;\">SODA</span></a></u><span style=\"mso-spacerun:'yes';font-family:Arial;mso-fareast-font-family:Calibri;\n                    font-size:11.0000pt;\">&nbsp;to perform the following actions:</span><span style=\"mso-spacerun:'yes';font-family:Arial;mso-fareast-font-family:Calibri;\n                    font-size:11.0000pt;\">\n                    <o:p></o:p>\n                </span></p></td></tr>\n            <tr><td><p class=18 style=\"margin-bottom:0.0000pt;margin-left:54.0000pt;text-indent:-18.0000pt;\n                    mso-list:l0 level1 lfo1;\"><span style=\"font-family:Symbol;mso-fareast-font-family:Calibri;mso-bidi-font-family:Arial;\n                    font-size:11.0000pt;\"><span style='mso-list:Ignore;'>&#183;<span>&nbsp;</span></span></span>\n                            <![endif]><span style=\"mso-spacerun:'yes';font-family:Arial;mso-fareast-font-family:Calibri;\n                    font-size:11.0000pt;\">Upload Signed Contract</span><span style=\"mso-spacerun:'yes';font-family:Arial;mso-fareast-font-family:Calibri;\n                    font-size:11.0000pt;\">\n                                <o:p></o:p>\n                </span></p></td></tr>\n            <tr><td><p class=18 style=\"margin-bottom:0.0000pt;margin-left:54.0000pt;text-indent:-18.0000pt;\n                    mso-list:l0 level1 lfo1;\">\n                            <![if !supportLists]><span style=\"font-family:Symbol;mso-fareast-font-family:Calibri;mso-bidi-font-family:Arial;\n                    font-size:11.0000pt;\"><span style='mso-list:Ignore;'>&#183;<span>&nbsp;</span></span></span>\n                            <![endif]><span style=\"mso-spacerun:'yes';font-family:Arial;mso-fareast-font-family:Calibri;\n                    font-size:11.0000pt;\">Download PDF form</span><span style=\"mso-spacerun:'yes';font-family:Arial;mso-fareast-font-family:Calibri;\n                    font-size:11.0000pt;\">\n                                <o:p></o:p>\n                </span></p></td></tr>\n            <tr><td><p class=18 style=\"margin-bottom:0.0000pt;margin-left:54.0000pt;text-indent:-18.0000pt;\n                    mso-list:l0 level1 lfo1;\">\n                            <![if !supportLists]><span style=\"font-family:Symbol;mso-fareast-font-family:Calibri;mso-bidi-font-family:Arial;\n                    font-size:11.0000pt;\"><span style='mso-list:Ignore;'>&#183;<span>&nbsp;</span></span></span>\n                            <![endif]><span style=\"mso-spacerun:'yes';font-family:Arial;mso-fareast-font-family:Calibri;\n                    font-size:11.0000pt;\">Onboard Non-Employee Workforce (NEW) </span><span style=\"mso-spacerun:'yes';font-family:Arial;mso-fareast-font-family:Calibri;\n                    font-size:11.0000pt;\">\n                                <o:p></o:p>\n                </span></p></td></tr>\n            <tr><td><p class=MsoNormal><span style=\"mso-spacerun:'yes';font-family:Arial;mso-bidi-font-family:'Times New Roman';\n                    font-size:11.0000pt;\">\n                                <o:p>&nbsp;</o:p>\n                </span></p></td></tr>\n            <tr><td><p class=MsoNormal><span style=\"mso-spacerun:'yes';font-family:Arial;mso-fareast-font-family:Calibri;\n                    font-size:11.0000pt;\">Thank you for your attention. </span><span style=\"mso-spacerun:'yes';font-family:Arial;mso-fareast-font-family:Calibri;\n                    font-size:11.0000pt;\">\n                                <o:p></o:p>\n                </span></p></td></tr>\n            <tr><td><p class=MsoNormal align=center><i style=\"mso-bidi-font-style:normal\"><span style=\"mso-spacerun:'yes';font-family:Arial;mso-fareast-font-family:Calibri;\n                            color:rgb(127,127,127);mso-ansi-font-style:italic;font-size:8.0000pt;\">This is a system-generated email.</span><span style=\"mso-spacerun:'yes';font-family:Arial;mso-bidi-font-family:'Times New Roman';\n                            font-size:11.0000pt;\">\n                                            <o:p></o:p>\n                </span></i></p></td></tr>\n        </table>\n    </div><!--EndFragment-->\n</body>\n\n</html>",
                  "emailMessage/From": "@body('Find_Not_Reply_Email_Address')?['result']",
                  "emailMessage/Importance": "Normal"
                },
                "authentication": "@parameters('$authentication')"
              }
            }
          },
          "runAfter": {
            "Find_Not_Reply_Email_Address": [
              "Succeeded"
            ]
          },
          "else": {
            "actions": {
              "If_request_status_is_equal_to_rejected_or_not": {
                "actions": {
                  "Retrieve_approval_member_reject_reason_by_approval_matrix_id": {
                    "runAfter": {},
                    "metadata": {
                      "operationMetadataId": "b9fe3db2-ef2c-4396-bc18-e2109990774b"
                    },
                    "type": "OpenApiConnection",
                    "inputs": {
                      "host": {
                        "connectionName": "shared_commondataserviceforapps",
                        "operationId": "ListRecords",
                        "apiId": "/providers/Microsoft.PowerApps/apis/shared_commondataserviceforapps"
                      },
                      "parameters": {
                        "entityName": "aia_s2c_approval_members",
                        "fetchXml": "<fetch top=\"1\">\n  <entity name=\"aia_s2c_approval_member\">\n    <attribute name=\"aia_remark\" />\n    <attribute name=\"aia_user\" />\n    <filter>\n      <condition attribute=\"aia_approval_status\" operator=\"eq\" value=\"914710003\" />\n      <condition attribute=\"statecode\" operator=\"eq\" value=\"0\" />\n      <condition attribute=\"aia_approval\" operator=\"eq\" value=\"@{triggerOutputs()?['body/_aia_current_approval_matrix_value']}\" />\n      <condition attribute=\"aia_approved_or_endorsed_by\" operator=\"null\" />\n    </filter>\n  </entity>\n</fetch>",
                        "$top": 1
                      },
                      "authentication": "@parameters('$authentication')"
                    }
                  },
                  "Send_ROA_Rejection_Email_10.9": {
                    "runAfter": {
                      "Retrieve_approval_member_reject_reason_by_approval_matrix_id": [
                        "Succeeded"
                      ]
                    },
                    "metadata": {
                      "operationMetadataId": "827ad748-3f36-460c-b3d5-dfd0873aa142"
                    },
                    "type": "OpenApiConnection",
                    "inputs": {
                      "host": {
                        "connectionName": "shared_office365",
                        "operationId": "SendEmailV2",
                        "apiId": "/providers/Microsoft.PowerApps/apis/shared_office365"
                      },
                      "parameters": {
                        "emailMessage/To": "@join(union(variables('SendEmailAddress'),variables('SendEmailAddress')),';')",
                        "emailMessage/Subject": "ROA rejected - @{triggerOutputs()?['body/aia_name']} @{triggerOutputs()?['body/aia_requesttitle']}",
                        "emailMessage/Body": "<html xmlns:o=\"urn:schemas-microsoft-com:office:office\" xmlns:w=\"urn:schemas-microsoft-com:office:word\"\n    xmlns:dt=\"uuid:C2F41010-65B3-11d1-A29F-00AA00C14882\" xmlns=\"http://www.w3.org/TR/REC-html40\">\n\n<head>\n    <meta http-equiv=Content-Type content=\"text/html; charset=gb2312\">\n    <meta name=ProgId content=Word.Document>\n    <meta name=Generator content=\"Microsoft Word 14\">\n    <meta name=Originator content=\"Microsoft Word 14\">\n    <title></title>\n    <style>\n        @font-face {\n            font-family: \"Times New Roman\";\n        }\n\n        @font-face {\n            font-family: \"宋体\";\n        }\n\n        @font-face {\n            font-family: \"Calibri\";\n        }\n\n        @font-face {\n            font-family: \"Wingdings\";\n        }\n\n        @font-face {\n            font-family: \"Arial\";\n        }\n\n        p.MsoNormal {\n            mso-style-name: 正文;\n            mso-style-parent: \"\";\n            margin-bottom: 8.0000pt;\n            line-height: 107%;\n            font-family: Calibri;\n            mso-bidi-font-family: 'Times New Roman';\n            font-size: 11.0000pt;\n        }\n\n        span.10 {\n            font-family: Calibri;\n        }\n\n        span.15 {\n            font-family: Calibri;\n            color: rgb(43, 87, 154);\n            background: rgb(230, 230, 230);\n            mso-shading: rgb(230, 230, 230);\n        }\n\n        span.16 {\n            font-family: Calibri;\n            font-size: 8.0000pt;\n        }\n\n        p.MsoCommentText {\n            mso-style-name: 批注文字;\n            mso-style-noshow: yes;\n            margin-bottom: 8.0000pt;\n            font-family: Calibri;\n            mso-bidi-font-family: 'Times New Roman';\n            font-size: 10.0000pt;\n        }\n\n        span.msoIns {\n            mso-style-type: export-only;\n            mso-style-name: \"\";\n            text-decoration: underline;\n            text-underline: single;\n            color: blue;\n        }\n\n        span.msoDel {\n            mso-style-type: export-only;\n            mso-style-name: \"\";\n            text-decoration: line-through;\n            color: red;\n        }\n\n        table.MsoNormalTable {\n            mso-style-name: 普通表格;\n            mso-style-parent: \"\";\n            mso-style-noshow: yes;\n            mso-tstyle-rowband-size: 0;\n            mso-tstyle-colband-size: 0;\n            mso-padding-alt: 0.0000pt 5.4000pt 0.0000pt 5.4000pt;\n            mso-para-margin: 0pt;\n            mso-para-margin-bottom: .0001pt;\n            mso-pagination: widow-orphan;\n            font-family: 'Times New Roman';\n            font-size: 10.0000pt;\n            mso-ansi-language: #0400;\n            mso-fareast-language: #0400;\n            mso-bidi-language: #0400;\n        }\n\n        table.MsoTableGrid {\n            mso-style-name: 网格型;\n            mso-tstyle-rowband-size: 0;\n            mso-tstyle-colband-size: 0;\n            mso-padding-alt: 0.0000pt 5.4000pt 0.0000pt 5.4000pt;\n            mso-border-top-alt: 0.5000pt solid windowtext;\n            mso-border-left-alt: 0.5000pt solid windowtext;\n            mso-border-bottom-alt: 0.5000pt solid windowtext;\n            mso-border-right-alt: 0.5000pt solid windowtext;\n            mso-border-insideh: 0.5000pt solid windowtext;\n            mso-border-insidev: 0.5000pt solid windowtext;\n            mso-para-margin: 0pt;\n            mso-para-margin-bottom: .0001pt;\n            mso-pagination: widow-orphan;\n            font-family: 'Times New Roman';\n            font-size: 10.0000pt;\n            mso-ansi-language: #0400;\n            mso-fareast-language: #0400;\n            mso-bidi-language: #0400;\n        }\n\n        @page {\n            mso-page-border-surround-header: no;\n            mso-page-border-surround-footer: no;\n        }\n\n        @page Section0 {\n            margin-top: 72.0000pt;\n            margin-bottom: 72.0000pt;\n            margin-left: 90.0000pt;\n            margin-right: 90.0000pt;\n            size: 595.3000pt 841.9000pt;\n            layout-grid: 15.6000pt;\n            mso-header-margin: 42.5500pt;\n            mso-footer-margin: 49.6000pt;\n        }\n\n        div.Section0 {\n            page: Section0;\n        }\n    </style>\n</head>\n\n<body style=\"tab-interval:21pt;text-justify-trim:punctuation;\"><!--StartFragment-->\n    <div class=\"Section0\" style=\"layout-grid:15.6000pt;\">\n        <table style=\"width:700\">\n            <tr>\n                <td>\n                    <p class=MsoNormal style=\"margin-bottom:0.0000pt;\"><span style=\"mso-spacerun:'yes';font-family:Arial;mso-fareast-font-family:Calibri;\n        font-size:11.0000pt;\">Hi @{body('Retrieve_given_name_by_user_email_address')?['givennames']} </span><span\n                            style=\"mso-spacerun:'yes';font-family:Arial;mso-fareast-font-family:Calibri;\n        font-size:11.0000pt;\">\n                            <o:p></o:p>\n                        </span></p>\n                </td>\n            </tr>\n            <tr>\n                <td>\n                    <p class=MsoNormal style=\"margin-bottom:0.0000pt;\"><span style=\"mso-spacerun:'yes';font-family:Arial;mso-fareast-font-family:Calibri;\n        font-size:11.0000pt;\">\n                            <o:p>&nbsp;</o:p>\n                        </span></p>\n                </td>\n            </tr>\n            <tr>\n                <td>\n                    <p class=MsoNormal style=\"margin-bottom:0.0000pt;\"><span style=\"mso-spacerun:'yes';font-family:Arial;mso-fareast-font-family:Calibri;\n                        font-size:11.0000pt;\">The ROA below has been rejected by\n                            @{first(outputs('Retrieve_approval_member_reject_reason_by_approval_matrix_id')?['body/value'])?['_aia_user_value@OData.Community.Display.V1.FormattedValue']}.\n                            You can go to </span><u><a\n                                href=\"@{body('Retrieve_S2C_Sub_Deep_link_Request_from_configuration_table')?['result']}@{outputs('Retrieve_sourcing_request_by_request_id')?['body/aia_s2c_sourcingrequestid']}\"><span\n                                    style=\"mso-spacerun:'yes';font-family:Arial;mso-fareast-font-family:Calibri;\n        color:rgb(91,155,213);text-decoration:underline;text-underline:single;\n        font-size:11.0000pt;\">SODA</span></a></u><span style=\"mso-spacerun:'yes';font-family:Arial;mso-fareast-font-family:Calibri;\n        font-size:11.0000pt;\">&nbsp;to review the comments and reopen the ROA if needed.</span><span style=\"mso-spacerun:'yes';font-family:Arial;mso-fareast-font-family:Calibri;\n        font-size:11.0000pt;\">\n                            <o:p></o:p>\n                        </span></p>\n                </td>\n            </tr>\n            <tr>\n                <td>\n                    <p class=MsoNormal style=\"margin-bottom:0.0000pt;\"><span style=\"mso-spacerun:'yes';font-family:Arial;mso-fareast-font-family:Calibri;\n        font-size:11.0000pt;\">\n                            <o:p>&nbsp;</o:p>\n                        </span></p>\n                </td>\n            </tr>\n            <tr>\n                <td>\n                    <p class=MsoNormal style=\"margin-bottom:0.0000pt;\"><span style=\"mso-spacerun:'yes';font-family:Arial;mso-fareast-font-family:Calibri;\n        font-size:11.0000pt;\">Reason of rejection: </span><span\n                            style=\"mso-spacerun:'yes';font-family:Arial;mso-fareast-font-family:Calibri;\n        font-size:11.0000pt;background:rgb(192,192,192);mso-highlight:rgb(192,192,192);\">@{first(outputs('Retrieve_approval_member_reject_reason_by_approval_matrix_id')?['body/value'])?['aia_remark']}</span><span\n                            style=\"mso-spacerun:'yes';font-family:Arial;mso-fareast-font-family:Calibri;\n        font-size:11.0000pt;\">&nbsp;</span><span style=\"mso-spacerun:'yes';font-family:Arial;mso-fareast-font-family:Calibri;\n        font-size:11.0000pt;\">\n                            <o:p></o:p>\n                        </span></p>\n                </td>\n            </tr>\n            <tr>\n                <td>\n                    <p class=MsoNormal style=\"margin-bottom:0.0000pt;\"><span style=\"mso-spacerun:'yes';font-family:Arial;mso-fareast-font-family:Calibri;\n        font-size:11.0000pt;\">\n                            <o:p>&nbsp;</o:p>\n                        </span></p>\n                </td>\n            </tr>\n            <tr>\n                <td>\n                    <table class=MsoTableGrid border=1 cellspacing=0\n                        style=\"border-collapse:collapse;border:none;mso-border-left-alt:0.5000pt solid rgb(231,230,230);\n        mso-border-top-alt:0.5000pt solid rgb(231,230,230);mso-border-right-alt:0.5000pt solid rgb(231,230,230);mso-border-bottom-alt:0.5000pt solid rgb(231,230,230);\n        mso-border-insideh:0.5000pt solid rgb(231,230,230);mso-border-insidev:0.5000pt solid rgb(231,230,230);mso-padding-alt:0.0000pt 5.4000pt 0.0000pt 5.4000pt ; width:100%\">\n                        <tr>\n                            <td width=560 valign=top colspan=2 style=\"width:420.4500pt;padding:0.0000pt 5.4000pt 0.0000pt 5.4000pt ;border-left:1.0000pt solid rgb(231,230,230);\n        mso-border-left-alt:0.5000pt solid rgb(231,230,230);border-right:1.0000pt solid rgb(231,230,230);mso-border-right-alt:0.5000pt solid rgb(231,230,230);\n        border-top:1.0000pt solid rgb(231,230,230);mso-border-top-alt:0.5000pt solid rgb(231,230,230);border-bottom:1.0000pt solid rgb(231,230,230);\n        mso-border-bottom-alt:0.5000pt solid rgb(231,230,230);background:rgb(216,216,216);\">\n                                <p class=MsoNormal style=\"margin-bottom:3.0000pt;\"><b\n                                        style=\"mso-bidi-font-weight:normal\"><span style=\"font-family:Arial;mso-fareast-font-family:Calibri;mso-ansi-font-weight:bold;\n        font-size:11.0000pt;\">Request Overview</span></b><b style=\"mso-bidi-font-weight:normal\"><span style=\"font-family:Arial;mso-fareast-font-family:Calibri;mso-ansi-font-weight:bold;\n        font-size:11.0000pt;\">\n                                            <o:p></o:p>\n                                        </span></b></p>\n                            </td>\n                        </tr>\n                        <tr>\n                            <td width=166 valign=top style=\"width:124.9500pt;padding:0.0000pt 5.4000pt 0.0000pt 5.4000pt ;border-left:1.0000pt solid rgb(231,230,230);\n        mso-border-left-alt:0.5000pt solid rgb(231,230,230);border-right:1.0000pt solid rgb(231,230,230);mso-border-right-alt:0.5000pt solid rgb(231,230,230);\n        border-top:none;mso-border-top-alt:0.5000pt solid rgb(231,230,230);border-bottom:1.0000pt solid rgb(231,230,230);\n        mso-border-bottom-alt:0.5000pt solid rgb(231,230,230);background:rgb(241,241,241);\">\n                                <p class=MsoNormal style=\"margin-bottom:0.0000pt;line-height:150%;\"><span\n                                        style=\"font-family:Arial;mso-fareast-font-family:Calibri;font-size:11.0000pt;\">Request\n                                        ID</span><span style=\"font-family:Arial;mso-fareast-font-family:Calibri;color:rgb(211,17,69);\n        font-size:11.0000pt;\">\n                                        <o:p></o:p>\n                                    </span></p>\n                            </td>\n                            <td width=394 valign=top style=\"width:295.5000pt;padding:0.0000pt 5.4000pt 0.0000pt 5.4000pt ;border-left:1.0000pt solid rgb(231,230,230);\n        mso-border-left-alt:0.5000pt solid rgb(231,230,230);border-right:1.0000pt solid rgb(231,230,230);mso-border-right-alt:0.5000pt solid rgb(231,230,230);\n        border-top:1.0000pt solid rgb(231,230,230);mso-border-top-alt:0.5000pt solid rgb(231,230,230);border-bottom:1.0000pt solid rgb(231,230,230);\n        mso-border-bottom-alt:0.5000pt solid rgb(231,230,230);\">\n                                <p class=MsoNormal style=\"margin-bottom:0.0000pt;line-height:150%;\"><span\n                                        style=\"font-family:Arial;mso-fareast-font-family:Calibri;font-size:11.0000pt;\">@{triggerOutputs()?['body/aia_name']}</span><span\n                                        style=\"font-family:Arial;mso-fareast-font-family:Calibri;font-size:11.0000pt;\"><span\n                                            style=\"mso-spacerun:'yes';\">&nbsp;</span></span><span\n                                        style=\"font-family:Arial;mso-fareast-font-family:Calibri;font-size:11.0000pt;\">\n                                        <o:p></o:p>\n                                    </span></p>\n                            </td>\n                        </tr>\n                        <tr>\n                            <td width=166 valign=top style=\"width:124.9500pt;padding:0.0000pt 5.4000pt 0.0000pt 5.4000pt ;border-left:1.0000pt solid rgb(231,230,230);\n        mso-border-left-alt:0.5000pt solid rgb(231,230,230);border-right:1.0000pt solid rgb(231,230,230);mso-border-right-alt:0.5000pt solid rgb(231,230,230);\n        border-top:none;mso-border-top-alt:0.5000pt solid rgb(231,230,230);border-bottom:1.0000pt solid rgb(231,230,230);\n        mso-border-bottom-alt:0.5000pt solid rgb(231,230,230);background:rgb(241,241,241);\">\n                                <p class=MsoNormal style=\"margin-bottom:0.0000pt;line-height:150%;\"><span\n                                        style=\"font-family:Arial;mso-fareast-font-family:Calibri;font-size:11.0000pt;\">Requestor\n                                    </span><span style=\"font-family:Arial;mso-fareast-font-family:Calibri;color:rgb(211,17,69);\n        font-size:11.0000pt;\">\n                                        <o:p></o:p>\n                                    </span></p>\n                            </td>\n                            <td width=394 valign=top style=\"width:295.5000pt;padding:0.0000pt 5.4000pt 0.0000pt 5.4000pt ;border-left:1.0000pt solid rgb(231,230,230);\n        mso-border-left-alt:0.5000pt solid rgb(231,230,230);border-right:1.0000pt solid rgb(231,230,230);mso-border-right-alt:0.5000pt solid rgb(231,230,230);\n        border-top:none;mso-border-top-alt:0.5000pt solid rgb(231,230,230);border-bottom:1.0000pt solid rgb(231,230,230);\n        mso-border-bottom-alt:0.5000pt solid rgb(231,230,230);\">\n                                <p class=MsoNormal style=\"margin-bottom:0.0000pt;line-height:150%;\"><span\n                                        style=\"font-family:Arial;mso-fareast-font-family:Calibri;font-size:11.0000pt;\">@{outputs('Retrieve_sourcing_request_by_request_id')?['body/_aia_requestor_value@OData.Community.Display.V1.FormattedValue']}</span><span\n                                        style=\"font-family:Arial;mso-fareast-font-family:Calibri;font-size:11.0000pt;\">\n                                        <o:p></o:p>\n                                    </span></p>\n                            </td>\n                        </tr>\n                        <tr>\n                            <td width=166 valign=top style=\"width:124.9500pt;padding:0.0000pt 5.4000pt 0.0000pt 5.4000pt ;border-left:1.0000pt solid rgb(231,230,230);\n        mso-border-left-alt:0.5000pt solid rgb(231,230,230);border-right:1.0000pt solid rgb(231,230,230);mso-border-right-alt:0.5000pt solid rgb(231,230,230);\n        border-top:none;mso-border-top-alt:0.5000pt solid rgb(231,230,230);border-bottom:1.0000pt solid rgb(231,230,230);\n        mso-border-bottom-alt:0.5000pt solid rgb(231,230,230);background:rgb(241,241,241);\">\n                                <p class=MsoNormal style=\"margin-bottom:0.0000pt;line-height:150%;\"><span\n                                        style=\"font-family:Arial;mso-fareast-font-family:Calibri;font-size:11.0000pt;\">Contract\n                                        Owner</span><span\n                                        style=\"font-family:Arial;mso-fareast-font-family:Calibri;font-size:11.0000pt;\">\n                                        <o:p></o:p>\n                                    </span></p>\n                            </td>\n                            <td width=394 valign=top style=\"width:295.5000pt;padding:0.0000pt 5.4000pt 0.0000pt 5.4000pt ;border-left:1.0000pt solid rgb(231,230,230);\n        mso-border-left-alt:0.5000pt solid rgb(231,230,230);border-right:1.0000pt solid rgb(231,230,230);mso-border-right-alt:0.5000pt solid rgb(231,230,230);\n        border-top:none;mso-border-top-alt:0.5000pt solid rgb(231,230,230);border-bottom:1.0000pt solid rgb(231,230,230);\n        mso-border-bottom-alt:0.5000pt solid rgb(231,230,230);\">\n                                <p class=MsoNormal style=\"margin-bottom:0.0000pt;line-height:150%;\"><span\n                                        style=\"font-family:Arial;mso-fareast-font-family:Calibri;font-size:11.0000pt;\">@{outputs('Retrieve_sourcing_request_by_request_id')?['body/_aia_contractowner_value@OData.Community.Display.V1.FormattedValue']}</span><span\n                                        style=\"font-family:Arial;mso-fareast-font-family:Calibri;font-size:11.0000pt;\">\n                                        <o:p></o:p>\n                                    </span></p>\n                            </td>\n                        </tr>\n                        <tr>\n                            <td width=166 valign=top style=\"width:124.9500pt;padding:0.0000pt 5.4000pt 0.0000pt 5.4000pt ;border-left:1.0000pt solid rgb(231,230,230);\n        mso-border-left-alt:0.5000pt solid rgb(231,230,230);border-right:1.0000pt solid rgb(231,230,230);mso-border-right-alt:0.5000pt solid rgb(231,230,230);\n        border-top:none;mso-border-top-alt:0.5000pt solid rgb(231,230,230);border-bottom:1.0000pt solid rgb(231,230,230);\n        mso-border-bottom-alt:0.5000pt solid rgb(231,230,230);background:rgb(241,241,241);\">\n                                <p class=MsoNormal style=\"margin-bottom:0.0000pt;line-height:150%;\"><span\n                                        style=\"font-family:Arial;mso-fareast-font-family:Calibri;font-size:11.0000pt;\">Sourcing\n                                        Representative</span><span\n                                        style=\"font-family:Arial;mso-fareast-font-family:Calibri;font-size:11.0000pt;\">\n                                        <o:p></o:p>\n                                    </span></p>\n                            </td>\n                            <td width=394 valign=top style=\"width:295.5000pt;padding:0.0000pt 5.4000pt 0.0000pt 5.4000pt ;border-left:1.0000pt solid rgb(231,230,230);\n        mso-border-left-alt:0.5000pt solid rgb(231,230,230);border-right:1.0000pt solid rgb(231,230,230);mso-border-right-alt:0.5000pt solid rgb(231,230,230);\n        border-top:none;mso-border-top-alt:0.5000pt solid rgb(231,230,230);border-bottom:1.0000pt solid rgb(231,230,230);\n        mso-border-bottom-alt:0.5000pt solid rgb(231,230,230);\">\n                                <p class=MsoNormal style=\"margin-bottom:0.0000pt;line-height:150%;\"><span\n                                        style=\"font-family:Arial;mso-fareast-font-family:Calibri;font-size:11.0000pt;\">@{outputs('Retrieve_sourcing_request_by_request_id')?['body/_aia_sourcingrepresentative_value@OData.Community.Display.V1.FormattedValue']}</span><span\n                                        style=\"font-family:Arial;mso-fareast-font-family:Calibri;font-size:11.0000pt;\">\n                                        <o:p></o:p>\n                                    </span></p>\n                            </td>\n                        </tr>\n                        <tr>\n                            <td width=166 valign=top style=\"width:124.9500pt;padding:0.0000pt 5.4000pt 0.0000pt 5.4000pt ;border-left:1.0000pt solid rgb(231,230,230);\n        mso-border-left-alt:0.5000pt solid rgb(231,230,230);border-right:1.0000pt solid rgb(231,230,230);mso-border-right-alt:0.5000pt solid rgb(231,230,230);\n        border-top:none;mso-border-top-alt:0.5000pt solid rgb(231,230,230);border-bottom:1.0000pt solid rgb(231,230,230);\n        mso-border-bottom-alt:0.5000pt solid rgb(231,230,230);background:rgb(241,241,241);\">\n                                <p class=MsoNormal style=\"margin-bottom:0.0000pt;line-height:150%;\"><span\n                                        style=\"font-family:Arial;mso-fareast-font-family:Calibri;font-size:11.0000pt;\">Request\n                                        Title</span><span\n                                        style=\"font-family:Arial;mso-fareast-font-family:Calibri;font-size:11.0000pt;\">\n                                        <o:p></o:p>\n                                    </span></p>\n                            </td>\n                            <td width=394 valign=top style=\"width:295.5000pt;padding:0.0000pt 5.4000pt 0.0000pt 5.4000pt ;border-left:1.0000pt solid rgb(231,230,230);\n        mso-border-left-alt:0.5000pt solid rgb(231,230,230);border-right:1.0000pt solid rgb(231,230,230);mso-border-right-alt:0.5000pt solid rgb(231,230,230);\n        border-top:none;mso-border-top-alt:0.5000pt solid rgb(231,230,230);border-bottom:1.0000pt solid rgb(231,230,230);\n        mso-border-bottom-alt:0.5000pt solid rgb(231,230,230);\">\n                                <p class=MsoNormal style=\"margin-bottom:0.0000pt;line-height:150%;\"><span\n                                        style=\"font-family:Arial;mso-fareast-font-family:Calibri;font-size:11.0000pt;\">@{triggerOutputs()?['body/aia_requesttitle']}</span><span\n                                        style=\"font-family:Arial;mso-fareast-font-family:Calibri;font-size:11.0000pt;\">\n                                        <o:p></o:p>\n                                    </span></p>\n                            </td>\n                        </tr>\n                        <tr>\n                            <td width=166 valign=top style=\"width:124.9500pt;padding:0.0000pt 5.4000pt 0.0000pt 5.4000pt ;border-left:1.0000pt solid rgb(231,230,230);\n        mso-border-left-alt:0.5000pt solid rgb(231,230,230);border-right:1.0000pt solid rgb(231,230,230);mso-border-right-alt:0.5000pt solid rgb(231,230,230);\n        border-top:none;mso-border-top-alt:0.5000pt solid rgb(231,230,230);border-bottom:1.0000pt solid rgb(231,230,230);\n        mso-border-bottom-alt:0.5000pt solid rgb(231,230,230);background:rgb(241,241,241);\">\n                                <p class=MsoNormal style=\"margin-bottom:0.0000pt;line-height:150%;\"><span\n                                        style=\"font-family:Arial;mso-fareast-font-family:Calibri;font-size:11.0000pt;\">Request\n                                        Status</span><span\n                                        style=\"font-family:Arial;mso-fareast-font-family:Calibri;font-size:11.0000pt;\">\n                                        <o:p></o:p>\n                                    </span></p>\n                            </td>\n                            <td width=394 valign=top style=\"width:295.5000pt;padding:0.0000pt 5.4000pt 0.0000pt 5.4000pt ;border-left:1.0000pt solid rgb(231,230,230);\n        mso-border-left-alt:0.5000pt solid rgb(231,230,230);border-right:1.0000pt solid rgb(231,230,230);mso-border-right-alt:0.5000pt solid rgb(231,230,230);\n        border-top:none;mso-border-top-alt:0.5000pt solid rgb(231,230,230);border-bottom:1.0000pt solid rgb(231,230,230);\n        mso-border-bottom-alt:0.5000pt solid rgb(231,230,230);\">\n                                <p class=MsoNormal style=\"margin-bottom:0.0000pt;line-height:150%;\"><span\n                                        style=\"font-family:Arial;mso-fareast-font-family:Calibri;font-size:11.0000pt;\">@{triggerOutputs()?['body/_aia_requeststatus_label']}</span><span\n                                        style=\"font-family:Arial;mso-fareast-font-family:Calibri;font-size:11.0000pt;\">\n                                        <o:p></o:p>\n                                    </span></p>\n                            </td>\n                        </tr>\n                    </table>\n                </td>\n            </tr>\n            <tr>\n                <td>\n                    <p class=MsoNormal style=\"margin-bottom:0.0000pt;\"><span style=\"mso-spacerun:'yes';font-family:Arial;mso-fareast-font-family:Calibri;\n        font-size:11.0000pt;\">\n                            <o:p>&nbsp;</o:p>\n                        </span></p>\n                </td>\n            </tr>\n            <tr>\n                <td>\n                    <p class=MsoNormal style=\"margin-top:10.0000pt;margin-bottom:12.0000pt;\"><span style=\"mso-spacerun:'yes';font-family:Arial;mso-fareast-font-family:Calibri;\n        font-size:11.0000pt;\">Thank you for your attention. </span><span style=\"mso-spacerun:'yes';font-family:Arial;mso-fareast-font-family:Calibri;\n        font-size:11.0000pt;\">\n                            <o:p></o:p>\n                        </span></p>\n                </td>\n            </tr>\n            <tr><td><p class=MsoNormal align=center><i style=\"mso-bidi-font-style:normal\"><span style=\"mso-spacerun:'yes';font-family:Arial;mso-fareast-font-family:Calibri;\n                            color:rgb(127,127,127);mso-ansi-font-style:italic;font-size:8.0000pt;\">This is a system-generated email.</span><span style=\"mso-spacerun:'yes';font-family:Calibri;mso-bidi-font-family:'Times New Roman';\n                            font-size:11.0000pt;\">\n                                            <o:p></o:p>\n                </span></i></p></td></tr>\n        </table>\n    </div><!--EndFragment-->\n</body>\n\n</html>",
                        "emailMessage/From": "@body('Find_Not_Reply_Email_Address')?['result']",
                        "emailMessage/Importance": "Normal"
                      },
                      "authentication": "@parameters('$authentication')"
                    }
                  }
                },
                "runAfter": {},
                "expression": {
                  "equals": [
                    "@triggerOutputs()?['body/aia_requeststatus']",
                    914710012
                  ]
                },
                "metadata": {
                  "operationMetadataId": "b170c05e-4e98-4b62-9760-b39757419bb0"
                },
                "type": "If"
              }
            }
          },
          "expression": {
            "equals": [
              "@triggerOutputs()?['body/aia_requeststatus']",
              914710010
            ]
          },
          "metadata": {
            "operationMetadataId": "4c80bf60-476b-4027-9723-93e8d2fa3a8a"
          },
          "type": "If"
        },
        "Retrieve_sourcing_request_by_request_id": {
          "runAfter": {},
          "metadata": {
            "operationMetadataId": "0272812c-dde6-42d2-937c-8934ac4e8ac4"
          },
          "type": "OpenApiConnection",
          "inputs": {
            "host": {
              "connectionName": "shared_commondataserviceforapps",
              "operationId": "GetItem",
              "apiId": "/providers/Microsoft.PowerApps/apis/shared_commondataserviceforapps"
            },
            "parameters": {
              "entityName": "aia_s2c_sourcingrequests",
              "recordId": "@triggerOutputs()?['body/aia_s2c_sourcingrequestid']",
              "$select": "aia_s2c_sourcingrequestid,_aia_contractowner_value,_aia_requestor_value,_aia_sourcingrepresentative_value",
              "$expand": "aia_Requestor($select=internalemailaddress),aia_ContractOwner($select=internalemailaddress),aia_sourcingrepresentative($select=internalemailaddress)"
            },
            "authentication": "@parameters('$authentication')"
          }
        },
        "Retrieve_given_name_by_user_email_address": {
          "runAfter": {
            "Condition": [
              "Succeeded"
            ]
          },
          "metadata": {
            "operationMetadataId": "9334a386-a680-40b3-aec8-95f3de6483a4"
          },
          "type": "Workflow",
          "inputs": {
            "host": {
              "workflowReferenceName": "161d9f88-f8f1-ec11-bb3d-6045bd1bf92d"
            },
            "body": {
              "text": "@join(union(variables('SendEmailAddress'),variables('SendEmailAddress')),';')",
              "text_1": ";",
              "text_2": ","
            }
          }
        },
        "Retrieve_S2C_Sub_Deep_link_Request_from_configuration_table": {
          "runAfter": {
            "Retrieve_given_name_by_user_email_address": [
              "Succeeded"
            ]
          },
          "metadata": {
            "operationMetadataId": "3721cfbe-dbbd-4dbc-af5b-575747ae5024"
          },
          "type": "Workflow",
          "inputs": {
            "host": {
              "workflowReferenceName": "cb8c7cef-6161-ec11-8f8f-000d3a80eca3"
            },
            "body": {
              "text": "S2C_Sub_Deeplink_Request"
            }
          }
        },
        "Find_Not_Reply_Email_Address": {
          "runAfter": {
            "S2C_Group_Sourcing_Email_Address": [
              "Succeeded"
            ]
          },
          "metadata": {
            "operationMetadataId": "3f85489f-56fc-4e7d-a479-982e7017ee1e"
          },
          "type": "Workflow",
          "inputs": {
            "host": {
              "workflowReferenceName": "cb8c7cef-6161-ec11-8f8f-000d3a80eca3"
            },
            "body": {
              "text": "Not_Reply_Email_Address"
            }
          }
        },
        "Send_Email_Address": {
          "runAfter": {
            "Retrieve_sourcing_request_by_request_id": [
              "Succeeded"
            ]
          },
          "metadata": {
            "operationMetadataId": "50499498-8ec5-49fb-b016-3c66e369f45d"
          },
          "type": "InitializeVariable",
          "inputs": {
            "variables": [
              {
                "name": "SendEmailAddress",
                "type": "array"
              }
            ]
          }
        },
        "Append_Requestor_to_array_variable": {
          "runAfter": {
            "Send_Email_Address": [
              "Succeeded"
            ]
          },
          "metadata": {
            "operationMetadataId": "629dd8ae-de92-4c64-a7ef-44279f0bbd5c"
          },
          "type": "AppendToArrayVariable",
          "inputs": {
            "name": "SendEmailAddress",
            "value": "@outputs('Retrieve_sourcing_request_by_request_id')?['body/aia_requestor/internalemailaddress']"
          }
        },
        "Append_CO_to_array_variable": {
          "runAfter": {
            "Append_Requestor_to_array_variable": [
              "Succeeded"
            ]
          },
          "metadata": {
            "operationMetadataId": "b131dd85-fe0d-4a20-b744-83c99ae8c312"
          },
          "type": "AppendToArrayVariable",
          "inputs": {
            "name": "SendEmailAddress",
            "value": "@outputs('Retrieve_sourcing_request_by_request_id')?['body/aia_contractowner/internalemailaddress']"
          }
        },
        "Condition": {
          "actions": {
            "Append_SR_to_array_variable": {
              "runAfter": {},
              "metadata": {
                "operationMetadataId": "ff9aee95-4553-4483-84ad-906ae7f3a0fc"
              },
              "type": "AppendToArrayVariable",
              "inputs": {
                "name": "SendEmailAddress",
                "value": "@outputs('Retrieve_sourcing_request_by_request_id')?['body/aia_sourcingrepresentative/internalemailaddress']"
              }
            }
          },
          "runAfter": {
            "Append_CO_to_array_variable": [
              "Succeeded"
            ]
          },
          "expression": {
            "equals": [
              "@not(empty(outputs('Retrieve_sourcing_request_by_request_id')?['body/aia_sourcingrepresentative/internalemailaddress']))",
              true
            ]
          },
          "metadata": {
            "operationMetadataId": "5b94ba6b-17ff-45ff-a266-d1077d50842d"
          },
          "type": "If"
        },
        "S2C_Group_Sourcing_Email_Address": {
          "runAfter": {
            "Retrieve_S2C_Sub_Deep_link_Request_from_configuration_table": [
              "Succeeded"
            ]
          },
          "metadata": {
            "operationMetadataId": "3f85489f-56fc-4e7d-a479-982e7017ee1e"
          },
          "type": "Workflow",
          "inputs": {
            "host": {
              "workflowReferenceName": "cb8c7cef-6161-ec11-8f8f-000d3a80eca3"
            },
            "body": {
              "text": "S2C_Group_Sourcing_Email_Address"
            }
          }
        }
      }
    },
    "templateName": ""
  },
  "schemaVersion": "1.0.0.0"
}