{
  "properties": {
    "connectionReferences": {
      "shared_commondataserviceforapps": {
        "runtimeSource": "embedded",
        "connection": {
          "connectionReferenceLogicalName": "aia_sharedcommondataserviceforapps_dba9d"
        },
        "api": {
          "name": "shared_commondataserviceforapps"
        }
      },
      "shared_commondataserviceforapps_1": {
        "runtimeSource": "embedded",
        "connection": {
          "connectionReferenceLogicalName": "aia_sharedcommondataserviceforapps_1c6db"
        },
        "api": {
          "name": "shared_commondataserviceforapps"
        }
      }
    },
    "definition": {
      "$schema": "https://schema.management.azure.com/providers/Microsoft.Logic/schemas/2016-06-01/workflowdefinition.json#",
      "contentVersion": "1.0.0.0",
      "parameters": {
        "$connections": {
          "defaultValue": {},
          "type": "Object"
        },
        "$authentication": {
          "defaultValue": {},
          "type": "SecureObject"
        }
      },
      "triggers": {
        "When_a_row_is_added,_modified_or_deleted": {
          "metadata": {
            "operationMetadataId": "25b66967-caad-4ee6-a027-3699bc11ffa1"
          },
          "type": "OpenApiConnectionWebhook",
          "inputs": {
            "host": {
              "connectionName": "shared_commondataserviceforapps",
              "operationId": "SubscribeWebhookTrigger",
              "apiId": "/providers/Microsoft.PowerApps/apis/shared_commondataserviceforapps"
            },
            "parameters": {
              "subscriptionRequest/message": 3,
              "subscriptionRequest/entityname": "aia_s2c_approval_member",
              "subscriptionRequest/scope": 4,
              "subscriptionRequest/filteringattributes": "aia_approval_status",
              "subscriptionRequest/filterexpression": "aia_approval_status eq 914710002"
            },
            "authentication": "@parameters('$authentication')"
          }
        }
      },
      "actions": {
        "Retrieve_approval_matrix_by_id": {
          "runAfter": {},
          "metadata": {
            "operationMetadataId": "b3b6550a-90a1-4749-8682-18fe052d5ffb"
          },
          "type": "OpenApiConnection",
          "inputs": {
            "host": {
              "connectionName": "shared_commondataserviceforapps",
              "operationId": "GetItem",
              "apiId": "/providers/Microsoft.PowerApps/apis/shared_commondataserviceforapps"
            },
            "parameters": {
              "entityName": "aia_s2c_approvals",
              "recordId": "@triggerOutputs()?['body/_aia_approval_value']"
            },
            "authentication": "@parameters('$authentication')"
          }
        },
        "If_approval_status_eq_approved_or_not": {
          "actions": {
            "If_user_role_is_equal_to_approver_or_not": {
              "actions": {
                "If_exist_pending_approver_or_not": {
                  "actions": {
                    "Retrieve_approval_layer_by_approval_member_id": {
                      "runAfter": {},
                      "metadata": {
                        "operationMetadataId": "49be80a5-1f40-4da7-b407-b781581a7041"
                      },
                      "type": "OpenApiConnection",
                      "inputs": {
                        "host": {
                          "connectionName": "shared_commondataserviceforapps",
                          "operationId": "GetItem",
                          "apiId": "/providers/Microsoft.PowerApps/apis/shared_commondataserviceforapps"
                        },
                        "parameters": {
                          "entityName": "aia_s2c_approval_layers",
                          "recordId": "@triggerOutputs()?['body/_aia_approval_layer_value']"
                        },
                        "authentication": "@parameters('$authentication')"
                      }
                    },
                    "If_next_approval_layer_is_null_or_not": {
                      "actions": {
                        "Update_next_approval_layer_approval_status_to_pending": {
                          "runAfter": {},
                          "metadata": {
                            "operationMetadataId": "bd69c9ac-effe-4a65-b32b-bfdb9475abfb"
                          },
                          "type": "OpenApiConnection",
                          "inputs": {
                            "host": {
                              "connectionName": "shared_commondataserviceforapps",
                              "operationId": "UpdateRecord",
                              "apiId": "/providers/Microsoft.PowerApps/apis/shared_commondataserviceforapps"
                            },
                            "parameters": {
                              "entityName": "aia_s2c_approval_layers",
                              "recordId": "@outputs('Retrieve_approval_layer_by_approval_member_id')?['body/_aia_next_approval_layer_value']",
                              "item/aia_approval_status": 914710001
                            },
                            "authentication": "@parameters('$authentication')"
                          }
                        },
                        "Retrieve_approver_list_by_next_approval_layer_id": {
                          "runAfter": {
                            "Update_next_approval_layer_approval_status_to_pending": [
                              "Succeeded"
                            ]
                          },
                          "metadata": {
                            "operationMetadataId": "ccb91484-9ba6-4268-a5ad-32a6c46c0e3a"
                          },
                          "type": "OpenApiConnection",
                          "inputs": {
                            "host": {
                              "connectionName": "shared_commondataserviceforapps",
                              "operationId": "ListRecords",
                              "apiId": "/providers/Microsoft.PowerApps/apis/shared_commondataserviceforapps"
                            },
                            "parameters": {
                              "entityName": "aia_s2c_approval_members",
                              "$filter": "_aia_approval_layer_value eq @{outputs('Update_next_approval_layer_approval_status_to_pending')?['body/aia_s2c_approval_layerid']} and statecode eq 0"
                            },
                            "authentication": "@parameters('$authentication')"
                          }
                        },
                        "Apply_to_each_2": {
                          "foreach": "@outputs('Retrieve_approver_list_by_next_approval_layer_id')?['body/value']",
                          "actions": {
                            "Update_next_approval_member_approval_status_to_pending": {
                              "runAfter": {},
                              "metadata": {
                                "operationMetadataId": "7ea8f47c-f1e3-4fab-b6a6-0c0338065fa3"
                              },
                              "type": "OpenApiConnection",
                              "inputs": {
                                "host": {
                                  "connectionName": "shared_commondataserviceforapps",
                                  "operationId": "UpdateRecord",
                                  "apiId": "/providers/Microsoft.PowerApps/apis/shared_commondataserviceforapps"
                                },
                                "parameters": {
                                  "entityName": "aia_s2c_approval_members",
                                  "recordId": "@items('Apply_to_each_2')?['aia_s2c_approval_memberid']",
                                  "item/aia_approval_status": 914710001
                                },
                                "authentication": "@parameters('$authentication')"
                              }
                            },
                            "AIA_|_S2C_Generate_approval_ROA_and_Endorse_ROAactivity": {
                              "runAfter": {
                                "Update_next_approval_member_approval_status_to_pending": [
                                  "Succeeded"
                                ]
                              },
                              "metadata": {
                                "operationMetadataId": "a0b2d97f-0f84-4eb0-ba99-9b9b62a76590"
                              },
                              "type": "Workflow",
                              "inputs": {
                                "host": {
                                  "workflowReferenceName": "dde0b067-7dae-ed11-83ff-002248593e63"
                                },
                                "body": {
                                  "text": "@items('Apply_to_each_2')?['_aia_approval_value']",
                                  "text_1": "@items('Apply_to_each_2')?['aia_s2c_approval_memberid']",
                                  "text_2": "false"
                                },
                                "retryPolicy": {
                                  "type": "none"
                                }
                              }
                            }
                          },
                          "runAfter": {
                            "Retrieve_approver_list_by_next_approval_layer_id": [
                              "Succeeded"
                            ]
                          },
                          "metadata": {
                            "operationMetadataId": "ad5b43d0-c204-4230-9657-9ff07487adc7"
                          },
                          "type": "Foreach"
                        }
                      },
                      "runAfter": {
                        "Update_approval_layer_1_approval_status_to_approved": [
                          "Succeeded"
                        ]
                      },
                      "else": {
                        "actions": {
                          "Update_approval_matrix_approval_status_to_approved": {
                            "runAfter": {},
                            "metadata": {
                              "operationMetadataId": "c113ba42-1a91-4c08-a0a7-f1d9129f7698"
                            },
                            "type": "OpenApiConnection",
                            "inputs": {
                              "host": {
                                "connectionName": "shared_commondataserviceforapps",
                                "operationId": "UpdateRecord",
                                "apiId": "/providers/Microsoft.PowerApps/apis/shared_commondataserviceforapps"
                              },
                              "parameters": {
                                "entityName": "aia_s2c_approvals",
                                "recordId": "@outputs('Retrieve_approval_matrix_by_id')?['body/aia_s2c_approvalid']",
                                "item/aia_approval_status": 914710002
                              },
                              "authentication": "@parameters('$authentication')"
                            }
                          },
                          "Update_sourcing_request`s_request_status_to_approved": {
                            "runAfter": {
                              "Update_approval_matrix_approval_status_to_approved": [
                                "Succeeded"
                              ]
                            },
                            "metadata": {
                              "operationMetadataId": "8dc89329-884f-40da-be54-771f8d34df27"
                            },
                            "type": "OpenApiConnection",
                            "inputs": {
                              "host": {
                                "connectionName": "shared_commondataserviceforapps",
                                "operationId": "UpdateRecord",
                                "apiId": "/providers/Microsoft.PowerApps/apis/shared_commondataserviceforapps"
                              },
                              "parameters": {
                                "entityName": "aia_s2c_sourcingrequests",
                                "recordId": "@outputs('Retrieve_approval_matrix_by_id')?['body/_aia_sourcing_request_value']",
                                "item/aia_requeststatus": 914710010
                              },
                              "authentication": "@parameters('$authentication')"
                            }
                          }
                        }
                      },
                      "expression": {
                        "equals": [
                          "@not(empty(outputs('Retrieve_approval_layer_by_approval_member_id')?['body/_aia_next_approval_layer_value']))",
                          true
                        ]
                      },
                      "metadata": {
                        "operationMetadataId": "a321e444-7a0b-4feb-8322-b97dcbb0938a"
                      },
                      "type": "If"
                    },
                    "Update_approval_layer_1_approval_status_to_approved": {
                      "runAfter": {
                        "Retrieve_approval_layer_by_approval_member_id": [
                          "Succeeded"
                        ]
                      },
                      "metadata": {
                        "operationMetadataId": "32b71902-3daf-4104-80c3-6c803fb14c0e"
                      },
                      "type": "OpenApiConnection",
                      "inputs": {
                        "host": {
                          "connectionName": "shared_commondataserviceforapps",
                          "operationId": "UpdateRecord",
                          "apiId": "/providers/Microsoft.PowerApps/apis/shared_commondataserviceforapps"
                        },
                        "parameters": {
                          "entityName": "aia_s2c_approval_layers",
                          "recordId": "@outputs('Retrieve_approval_layer_by_approval_member_id')?['body/aia_s2c_approval_layerid']",
                          "item/aia_approval_status": 914710002
                        },
                        "authentication": "@parameters('$authentication')"
                      }
                    }
                  },
                  "runAfter": {
                    "Retrieve_pending_approver_list_by_approval_layer_id": [
                      "Succeeded"
                    ]
                  },
                  "expression": {
                    "and": [
                      {
                        "lessOrEquals": [
                          "@length(outputs('Retrieve_pending_approver_list_by_approval_layer_id')?['body/value'])",
                          0
                        ]
                      },
                      {
                        "not": {
                          "equals": [
                            "@triggerOutputs()?['body/aia_iscascadeupdatedfromsameteam']",
                            "@true"
                          ]
                        }
                      }
                    ]
                  },
                  "metadata": {
                    "operationMetadataId": "4a6a0b16-b737-4aed-860c-c844f18f3358"
                  },
                  "type": "If"
                },
                "Retrieve_approve_ROA_by_approval_member_id": {
                  "runAfter": {
                    "If_exist_pending_approver_or_not": [
                      "Succeeded"
                    ]
                  },
                  "metadata": {
                    "operationMetadataId": "17bb2916-2764-496f-ba27-0392203c9180"
                  },
                  "type": "OpenApiConnection",
                  "inputs": {
                    "host": {
                      "connectionName": "shared_commondataserviceforapps",
                      "operationId": "ListRecords",
                      "apiId": "/providers/Microsoft.PowerApps/apis/shared_commondataserviceforapps"
                    },
                    "parameters": {
                      "entityName": "aia_s2c_approval_activities",
                      "$filter": "_regardingobjectid_value eq @{outputs('Retrieve_approval_matrix_by_id')?['body/_aia_sourcing_request_value']} and _aia_approval_value eq @{outputs('Retrieve_approval_matrix_by_id')?['body/aia_s2c_approvalid']} and _aia_approval_member_value eq @{triggerOutputs()?['body/aia_s2c_approval_memberid']} and statecode eq 0",
                      "$top": 1
                    },
                    "authentication": "@parameters('$authentication')"
                  }
                },
                "Retrieve_endorser_list_by_approval_id": {
                  "runAfter": {
                    "If_existing_approve_ROA_or_not": [
                      "Succeeded"
                    ]
                  },
                  "metadata": {
                    "operationMetadataId": "93284434-de17-4c71-b381-b8e507bc62ca"
                  },
                  "type": "OpenApiConnection",
                  "inputs": {
                    "host": {
                      "connectionName": "shared_commondataserviceforapps",
                      "operationId": "ListRecords",
                      "apiId": "/providers/Microsoft.PowerApps/apis/shared_commondataserviceforapps"
                    },
                    "parameters": {
                      "entityName": "aia_s2c_approval_members",
                      "$filter": "_aia_approval_value eq @{triggerOutputs()?['body/_aia_approval_value']} and aia_user_role eq 914710001 and aia_approval_status eq 914710001 and statecode eq 0"
                    },
                    "authentication": "@parameters('$authentication')"
                  }
                },
                "Apply_to_each": {
                  "foreach": "@outputs('Retrieve_endorser_list_by_approval_id')?['body/value']",
                  "actions": {
                    "If_approval_status_eq_disable_or_not": {
                      "actions": {
                        "Update_approval_member_approval_status_to_disabled": {
                          "runAfter": {},
                          "metadata": {
                            "operationMetadataId": "e09570d9-a50d-4b43-a2c1-9a1d64a1404b"
                          },
                          "type": "OpenApiConnection",
                          "inputs": {
                            "host": {
                              "connectionName": "shared_commondataserviceforapps",
                              "operationId": "UpdateRecord",
                              "apiId": "/providers/Microsoft.PowerApps/apis/shared_commondataserviceforapps"
                            },
                            "parameters": {
                              "entityName": "aia_s2c_approval_members",
                              "recordId": "@items('Apply_to_each')?['aia_s2c_approval_memberid']",
                              "item/aia_approval_status": 914710004
                            },
                            "authentication": "@parameters('$authentication')"
                          }
                        },
                        "Update_approval_is_endorsement_disabled_to_Yes": {
                          "runAfter": {
                            "Update_approval_member_approval_status_to_disabled": [
                              "Succeeded"
                            ]
                          },
                          "metadata": {
                            "operationMetadataId": "9fbda2a4-a5cb-4142-b6df-de81fc1aa89e"
                          },
                          "type": "OpenApiConnection",
                          "inputs": {
                            "host": {
                              "connectionName": "shared_commondataserviceforapps",
                              "operationId": "UpdateRecord",
                              "apiId": "/providers/Microsoft.PowerApps/apis/shared_commondataserviceforapps"
                            },
                            "parameters": {
                              "entityName": "aia_s2c_approvals",
                              "recordId": "@outputs('Retrieve_approval_matrix_by_id')?['body/aia_s2c_approvalid']",
                              "item/aia_endorsement_disabled": true
                            },
                            "authentication": "@parameters('$authentication')"
                          }
                        },
                        "Retrieve_endorse_ROA_by_approval_member_id": {
                          "runAfter": {
                            "Update_approval_is_endorsement_disabled_to_Yes": [
                              "Succeeded"
                            ]
                          },
                          "metadata": {
                            "operationMetadataId": "6cd3510c-c262-49aa-9e48-2a8086995796"
                          },
                          "type": "OpenApiConnection",
                          "inputs": {
                            "host": {
                              "connectionName": "shared_commondataserviceforapps",
                              "operationId": "ListRecords",
                              "apiId": "/providers/Microsoft.PowerApps/apis/shared_commondataserviceforapps"
                            },
                            "parameters": {
                              "entityName": "aia_s2c_endorse_activities",
                              "$filter": "_regardingobjectid_value eq @{outputs('Retrieve_approval_matrix_by_id')?['body/_aia_sourcing_request_value']} and _aia_approval_value eq @{outputs('Retrieve_approval_matrix_by_id')?['body/aia_s2c_approvalid']} and _aia_approval_member_value eq @{items('Apply_to_each')?['aia_s2c_approval_memberid']} and statecode eq 0",
                              "$top": 1
                            },
                            "authentication": "@parameters('$authentication')"
                          }
                        },
                        "If_existing_endorse_ROA_or_not": {
                          "actions": {
                            "Update_endorse_ROA_activity_status_to_completed": {
                              "runAfter": {},
                              "metadata": {
                                "operationMetadataId": "c8af8baa-e2c0-4e23-906d-6e8eb1e4695c"
                              },
                              "type": "OpenApiConnection",
                              "inputs": {
                                "host": {
                                  "connectionName": "shared_commondataserviceforapps",
                                  "operationId": "UpdateRecord",
                                  "apiId": "/providers/Microsoft.PowerApps/apis/shared_commondataserviceforapps"
                                },
                                "parameters": {
                                  "entityName": "aia_s2c_endorse_activities",
                                  "recordId": "@first(outputs('Retrieve_endorse_ROA_by_approval_member_id')?['body/value'])['activityid']",
                                  "item/statecode": 1
                                },
                                "authentication": "@parameters('$authentication')"
                              }
                            }
                          },
                          "runAfter": {
                            "Retrieve_endorse_ROA_by_approval_member_id": [
                              "Succeeded"
                            ]
                          },
                          "expression": {
                            "greater": [
                              "@length(outputs('Retrieve_endorse_ROA_by_approval_member_id')?['body/value'])",
                              0
                            ]
                          },
                          "metadata": {
                            "operationMetadataId": "d575956b-ab02-47d2-8fd1-bbb507fee7f4"
                          },
                          "type": "If"
                        }
                      },
                      "runAfter": {},
                      "expression": {
                        "not": {
                          "equals": [
                            "@items('Apply_to_each')?['aia_approval_status']",
                            914710004
                          ]
                        }
                      },
                      "metadata": {
                        "operationMetadataId": "9ed7cb83-bc15-47c0-a187-6967512e9b19"
                      },
                      "type": "If"
                    }
                  },
                  "runAfter": {
                    "Retrieve_endorser_list_by_approval_id": [
                      "Succeeded"
                    ]
                  },
                  "metadata": {
                    "operationMetadataId": "1f207589-09db-4522-a690-957804c55bce"
                  },
                  "type": "Foreach"
                },
                "Create_S2C_activity_log_base_on_approval_matrix": {
                  "runAfter": {
                    "Apply_to_each": [
                      "Succeeded"
                    ]
                  },
                  "metadata": {
                    "operationMetadataId": "ae5e4ab6-1b6f-4b3e-a757-7f0fa327955f"
                  },
                  "type": "OpenApiConnection",
                  "inputs": {
                    "host": {
                      "connectionName": "shared_commondataserviceforapps",
                      "operationId": "CreateRecord",
                      "apiId": "/providers/Microsoft.PowerApps/apis/shared_commondataserviceforapps"
                    },
                    "parameters": {
                      "entityName": "aia_s2cactivitylogs",
                      "item/aia_name": "1st Approver has approved - Set endorsement status of endorsers with no response as \"No Decision\"",
                      "item/aia_approval@odata.bind": "/aia_s2c_approvals(@{outputs('Retrieve_approval_matrix_by_id')?['body/aia_s2c_approvalid']})",
                      "item/aia_log_type": 914710005,
                      "item/aia_sourcing_request@odata.bind": "/aia_s2c_sourcingrequests(@{outputs('Retrieve_approval_matrix_by_id')?['body/_aia_sourcing_request_value']})"
                    },
                    "authentication": "@parameters('$authentication')"
                  }
                },
                "Retrieve_pending_approver_list_by_approval_layer_id": {
                  "runAfter": {},
                  "metadata": {
                    "operationMetadataId": "82237e90-5e2d-4ab7-8ebb-61b32fff58d9"
                  },
                  "type": "OpenApiConnection",
                  "inputs": {
                    "host": {
                      "connectionName": "shared_commondataserviceforapps",
                      "operationId": "ListRecords",
                      "apiId": "/providers/Microsoft.PowerApps/apis/shared_commondataserviceforapps"
                    },
                    "parameters": {
                      "entityName": "aia_s2c_approval_members",
                      "$filter": "_aia_approval_layer_value eq @{triggerOutputs()?['body/_aia_approval_layer_value']} and aia_user_role eq 914710000 and aia_approval_status eq 914710001 and statecode eq 0"
                    },
                    "authentication": "@parameters('$authentication')"
                  }
                },
                "If_existing_approve_ROA_or_not": {
                  "actions": {
                    "Update_approve_ROA_status_to_completed": {
                      "runAfter": {},
                      "metadata": {
                        "operationMetadataId": "622f2734-bb25-411f-805d-0e6b6bd98d1b"
                      },
                      "type": "OpenApiConnection",
                      "inputs": {
                        "host": {
                          "connectionName": "shared_commondataserviceforapps",
                          "operationId": "UpdateRecord",
                          "apiId": "/providers/Microsoft.PowerApps/apis/shared_commondataserviceforapps"
                        },
                        "parameters": {
                          "entityName": "aia_s2c_approval_activities",
                          "recordId": "@first(outputs('Retrieve_approve_ROA_by_approval_member_id')?['body/value'])['activityid']",
                          "item/statecode": 1
                        },
                        "authentication": "@parameters('$authentication')"
                      }
                    }
                  },
                  "runAfter": {
                    "Retrieve_approve_ROA_by_approval_member_id": [
                      "Succeeded"
                    ]
                  },
                  "expression": {
                    "greater": [
                      "@length(outputs('Retrieve_approve_ROA_by_approval_member_id')?['body/value'])",
                      0
                    ]
                  },
                  "metadata": {
                    "operationMetadataId": "89ac8793-b247-4da5-a634-9659eebc2c81"
                  },
                  "type": "If"
                }
              },
              "runAfter": {
                "If_approval_member_team_is_equal_to_null_or_not": [
                  "Succeeded"
                ]
              },
              "else": {
                "actions": {
                  "If_user_role_is_equal_to_endorser_or_not": {
                    "actions": {
                      "If_existing_endorse_ROA_or_not_2": {
                        "actions": {
                          "Update_endorse_ROA_activity_status_to_completed_3": {
                            "runAfter": {},
                            "metadata": {
                              "operationMetadataId": "c8af8baa-e2c0-4e23-906d-6e8eb1e4695c"
                            },
                            "type": "OpenApiConnection",
                            "inputs": {
                              "host": {
                                "connectionName": "shared_commondataserviceforapps",
                                "operationId": "UpdateRecord",
                                "apiId": "/providers/Microsoft.PowerApps/apis/shared_commondataserviceforapps"
                              },
                              "parameters": {
                                "entityName": "aia_s2c_endorse_activities",
                                "recordId": "@first(outputs('Retrieve_endorse_ROA_by_approval_member_id_3')?['body/value'])['activityid']",
                                "item/statecode": 1
                              },
                              "authentication": "@parameters('$authentication')"
                            }
                          }
                        },
                        "runAfter": {
                          "Retrieve_endorse_ROA_by_approval_member_id_3": [
                            "Succeeded"
                          ]
                        },
                        "expression": {
                          "greater": [
                            "@length(outputs('Retrieve_endorse_ROA_by_approval_member_id_3')?['body/value'])",
                            0
                          ]
                        },
                        "metadata": {
                          "operationMetadataId": "d575956b-ab02-47d2-8fd1-bbb507fee7f4"
                        },
                        "type": "If"
                      },
                      "Retrieve_endorse_ROA_by_approval_member_id_3": {
                        "runAfter": {},
                        "metadata": {
                          "operationMetadataId": "6cd3510c-c262-49aa-9e48-2a8086995796"
                        },
                        "type": "OpenApiConnection",
                        "inputs": {
                          "host": {
                            "connectionName": "shared_commondataserviceforapps",
                            "operationId": "ListRecords",
                            "apiId": "/providers/Microsoft.PowerApps/apis/shared_commondataserviceforapps"
                          },
                          "parameters": {
                            "entityName": "aia_s2c_endorse_activities",
                            "$filter": "_regardingobjectid_value eq @{outputs('Retrieve_approval_matrix_by_id')?['body/_aia_sourcing_request_value']} and _aia_approval_value eq @{outputs('Retrieve_approval_matrix_by_id')?['body/aia_s2c_approvalid']} and _aia_approval_member_value eq @{triggerOutputs()?['body/aia_s2c_approval_memberid']} and statecode eq 0",
                            "$top": 1
                          },
                          "authentication": "@parameters('$authentication')"
                        }
                      },
                      "Find_Draft_S2C_Approval_Member": {
                        "runAfter": {
                          "If_existing_endorse_ROA_or_not_2": [
                            "Succeeded"
                          ]
                        },
                        "metadata": {
                          "operationMetadataId": "d6e2c773-2520-486a-8b0f-f76c5a9f79ae"
                        },
                        "type": "OpenApiConnection",
                        "inputs": {
                          "host": {
                            "connectionName": "shared_commondataserviceforapps_1",
                            "operationId": "ListRecords",
                            "apiId": "/providers/Microsoft.PowerApps/apis/shared_commondataserviceforapps"
                          },
                          "parameters": {
                            "entityName": "aia_s2c_approval_members",
                            "fetchXml": "<fetch>\n  <entity name=\"aia_s2c_approval_member\">\n    <attribute name=\"aia_s2c_approval_memberid\" />\n    <attribute name=\"aia_approval_status\" />\n    <filter>\n      <condition attribute=\"aia_approval\" operator=\"eq\" value=\"@{triggerOutputs()?['body/_aia_approval_value']}\" />\n      <condition attribute=\"aia_user_role\" operator=\"eq\" value=\"914710001\" />\n      <condition attribute=\"statecode\" operator=\"eq\" value=\"0\" />\n      <condition attribute=\"aia_approval_status\" operator=\"ne\" value=\"914710002\" />\n    </filter>\n  </entity>\n</fetch>"
                          },
                          "authentication": "@parameters('$authentication')"
                        }
                      },
                      "Condition": {
                        "actions": {
                          "Find_First_Layer_S2C_Approval_Member": {
                            "runAfter": {},
                            "metadata": {
                              "operationMetadataId": "1aa30750-efe2-4686-8721-25ee00be310a"
                            },
                            "type": "OpenApiConnection",
                            "inputs": {
                              "host": {
                                "connectionName": "shared_commondataserviceforapps_1",
                                "operationId": "ListRecords",
                                "apiId": "/providers/Microsoft.PowerApps/apis/shared_commondataserviceforapps"
                              },
                              "parameters": {
                                "entityName": "aia_s2c_approval_members",
                                "fetchXml": "<fetch>\n  <entity name=\"aia_s2c_approval_member\">\n    <attribute name=\"aia_s2c_approval_memberid\" />\n    <attribute name=\"aia_approval_status\" />\n    <filter>\n      <condition attribute=\"aia_approval\" operator=\"eq\" value=\"@{triggerOutputs()?['body/_aia_approval_value']}\" />\n      <condition attribute=\"aia_user_role\" operator=\"eq\" value=\"914710000\" />\n      <condition attribute=\"statecode\" operator=\"eq\" value=\"0\" />\n      <condition attribute=\"aia_approval_status\" operator=\"eq\" value=\"914710001\" />\n    </filter>\n    <link-entity name=\"aia_s2c_approval_activity\" from=\"aia_approval_member\" to=\"aia_s2c_approval_memberid\" link-type=\"inner\" alias=\"approvalroa\">\n      <attribute name=\"activityid\" />\n      <attribute name=\"aia_is_first_layer\" />\n      <filter>\n        <condition attribute=\"aia_is_first_layer\" operator=\"eq\" value=\"1\" />\n        <condition attribute=\"aia_has_approval_email_sent\" operator=\"eq\" value=\"0\" />\n      </filter>\n    </link-entity>\n  </entity>\n</fetch>"
                              },
                              "authentication": "@parameters('$authentication')"
                            }
                          },
                          "Apply_to_each_4": {
                            "foreach": "@outputs('Find_First_Layer_S2C_Approval_Member')?['body/value']",
                            "actions": {
                              "AIA_|_10.1_10.10_Send_ROA_Approval_Actionable_Email_or_to-do": {
                                "runAfter": {},
                                "metadata": {
                                  "operationMetadataId": "192af20f-9fad-4c74-9c44-90aed7647687"
                                },
                                "type": "Workflow",
                                "inputs": {
                                  "host": {
                                    "workflowReferenceName": "9557cd6f-d66a-ed11-81ac-002248593fc2"
                                  },
                                  "body": {
                                    "text": "@outputs('Retrieve_approval_matrix_by_id')?['body/_aia_sourcing_request_value']",
                                    "text_1": "10.1",
                                    "text_2": "@items('Apply_to_each_4')?['aia_s2c_approval_memberid']",
                                    "text_3": "@items('Apply_to_each_4')?['approvalroa.activityid']"
                                  }
                                }
                              }
                            },
                            "runAfter": {
                              "Find_First_Layer_S2C_Approval_Member": [
                                "Succeeded"
                              ]
                            },
                            "metadata": {
                              "operationMetadataId": "2a36f417-a574-4b96-a43a-3c3141d516f4"
                            },
                            "type": "Foreach"
                          }
                        },
                        "runAfter": {
                          "Find_Draft_S2C_Approval_Member": [
                            "Succeeded"
                          ]
                        },
                        "expression": {
                          "lessOrEquals": [
                            "@length(outputs('Find_Draft_S2C_Approval_Member')?['body/value'])",
                            0
                          ]
                        },
                        "metadata": {
                          "operationMetadataId": "3301ecd9-1293-4022-9682-52c3ccf862c7"
                        },
                        "type": "If"
                      }
                    },
                    "runAfter": {},
                    "expression": {
                      "and": [
                        {
                          "equals": [
                            "@triggerOutputs()?['body/aia_user_role']",
                            914710001
                          ]
                        },
                        {
                          "not": {
                            "equals": [
                              "@triggerOutputs()?['body/aia_iscascadeupdatedfromsameteam']",
                              "@true"
                            ]
                          }
                        }
                      ]
                    },
                    "metadata": {
                      "operationMetadataId": "ab62afc0-dc4c-47dd-99ea-99f0a7179d14"
                    },
                    "type": "If"
                  }
                }
              },
              "expression": {
                "equals": [
                  "@triggerOutputs()?['body/aia_user_role']",
                  914710000
                ]
              },
              "metadata": {
                "operationMetadataId": "58b16b7e-f1cd-4838-a8e9-d9f9e706f26e"
              },
              "type": "If"
            },
            "If_approval_member_team_is_equal_to_null_or_not": {
              "actions": {
                "Retrieve_team_member_list_by_team_id": {
                  "runAfter": {},
                  "metadata": {
                    "operationMetadataId": "cf545426-dedc-45af-81ce-7f953f0372cb"
                  },
                  "type": "OpenApiConnection",
                  "inputs": {
                    "host": {
                      "connectionName": "shared_commondataserviceforapps",
                      "operationId": "ListRecords",
                      "apiId": "/providers/Microsoft.PowerApps/apis/shared_commondataserviceforapps"
                    },
                    "parameters": {
                      "entityName": "aia_s2c_approval_members",
                      "$filter": "_aia_approval_value eq @{triggerOutputs()?['body/_aia_approval_value']} and _aia_team_value eq @{triggerOutputs()?['body/_aia_team_value']} and aia_approval_status eq 914710001 and statecode eq 0"
                    },
                    "authentication": "@parameters('$authentication')"
                  }
                },
                "Apply_to_each_3": {
                  "foreach": "@outputs('Retrieve_team_member_list_by_team_id')?['body/value']",
                  "actions": {
                    "Update_approval_member_approval_status_to_approved": {
                      "runAfter": {},
                      "metadata": {
                        "operationMetadataId": "e64ede20-7fa8-41c9-9c35-e9edcd517bcc"
                      },
                      "type": "OpenApiConnection",
                      "inputs": {
                        "host": {
                          "connectionName": "shared_commondataserviceforapps",
                          "operationId": "UpdateRecord",
                          "apiId": "/providers/Microsoft.PowerApps/apis/shared_commondataserviceforapps"
                        },
                        "parameters": {
                          "entityName": "aia_s2c_approval_members",
                          "recordId": "@items('Apply_to_each_3')?['aia_s2c_approval_memberid']",
                          "item/aia_approval_status": 914710002,
                          "item/aia_approved_or_endorsed_by@odata.bind": "/systemusers(@{triggerOutputs()?['body/_aia_user_value']})",
                          "item/aia_iscascadeupdatedfromsameteam": true
                        },
                        "authentication": "@parameters('$authentication')"
                      }
                    },
                    "If_user_role_is_equal_to_approver": {
                      "actions": {
                        "Retrieve_approve_ROA_by_approval_member_id_2": {
                          "runAfter": {},
                          "metadata": {
                            "operationMetadataId": "17bb2916-2764-496f-ba27-0392203c9180"
                          },
                          "type": "OpenApiConnection",
                          "inputs": {
                            "host": {
                              "connectionName": "shared_commondataserviceforapps",
                              "operationId": "ListRecords",
                              "apiId": "/providers/Microsoft.PowerApps/apis/shared_commondataserviceforapps"
                            },
                            "parameters": {
                              "entityName": "aia_s2c_approval_activities",
                              "$filter": "_regardingobjectid_value eq @{outputs('Retrieve_approval_matrix_by_id')?['body/_aia_sourcing_request_value']} and _aia_approval_value eq @{outputs('Retrieve_approval_matrix_by_id')?['body/aia_s2c_approvalid']} and _aia_approval_member_value eq @{items('Apply_to_each_3')?['aia_s2c_approval_memberid']} and statecode eq 0",
                              "$top": 1
                            },
                            "authentication": "@parameters('$authentication')"
                          }
                        },
                        "Update_approve_ROA_status_to_completed_2": {
                          "runAfter": {
                            "Retrieve_approve_ROA_by_approval_member_id_2": [
                              "Succeeded"
                            ]
                          },
                          "metadata": {
                            "operationMetadataId": "622f2734-bb25-411f-805d-0e6b6bd98d1b"
                          },
                          "type": "OpenApiConnection",
                          "inputs": {
                            "host": {
                              "connectionName": "shared_commondataserviceforapps",
                              "operationId": "UpdateRecord",
                              "apiId": "/providers/Microsoft.PowerApps/apis/shared_commondataserviceforapps"
                            },
                            "parameters": {
                              "entityName": "aia_s2c_approval_activities",
                              "recordId": "@first(outputs('Retrieve_approve_ROA_by_approval_member_id_2')?['body/value'])['activityid']",
                              "item/statecode": 1
                            },
                            "authentication": "@parameters('$authentication')"
                          }
                        }
                      },
                      "runAfter": {
                        "Update_approval_member_approval_status_to_approved": [
                          "Succeeded"
                        ]
                      },
                      "else": {
                        "actions": {
                          "Retrieve_endorse_ROA_by_approval_member_id_2": {
                            "runAfter": {},
                            "metadata": {
                              "operationMetadataId": "6cd3510c-c262-49aa-9e48-2a8086995796"
                            },
                            "type": "OpenApiConnection",
                            "inputs": {
                              "host": {
                                "connectionName": "shared_commondataserviceforapps",
                                "operationId": "ListRecords",
                                "apiId": "/providers/Microsoft.PowerApps/apis/shared_commondataserviceforapps"
                              },
                              "parameters": {
                                "entityName": "aia_s2c_endorse_activities",
                                "$filter": "_regardingobjectid_value eq @{outputs('Retrieve_approval_matrix_by_id')?['body/_aia_sourcing_request_value']} and _aia_approval_value eq @{outputs('Retrieve_approval_matrix_by_id')?['body/aia_s2c_approvalid']} and _aia_approval_member_value eq @{items('Apply_to_each_3')?['aia_s2c_approval_memberid']} and statecode eq 0",
                                "$top": 1
                              },
                              "authentication": "@parameters('$authentication')"
                            }
                          },
                          "Update_endorse_ROA_activity_status_to_completed_2": {
                            "runAfter": {
                              "Retrieve_endorse_ROA_by_approval_member_id_2": [
                                "Succeeded"
                              ]
                            },
                            "metadata": {
                              "operationMetadataId": "c8af8baa-e2c0-4e23-906d-6e8eb1e4695c"
                            },
                            "type": "OpenApiConnection",
                            "inputs": {
                              "host": {
                                "connectionName": "shared_commondataserviceforapps",
                                "operationId": "UpdateRecord",
                                "apiId": "/providers/Microsoft.PowerApps/apis/shared_commondataserviceforapps"
                              },
                              "parameters": {
                                "entityName": "aia_s2c_endorse_activities",
                                "recordId": "@first(outputs('Retrieve_endorse_ROA_by_approval_member_id_2')?['body/value'])['activityid']",
                                "item/statecode": 1
                              },
                              "authentication": "@parameters('$authentication')"
                            }
                          }
                        }
                      },
                      "expression": {
                        "equals": [
                          "@items('Apply_to_each_3')?['aia_user_role']",
                          914710000
                        ]
                      },
                      "metadata": {
                        "operationMetadataId": "a9b72ae3-2e00-4f09-92b1-dba9fbcfd5d0"
                      },
                      "type": "If"
                    }
                  },
                  "runAfter": {
                    "Retrieve_team_member_list_by_team_id": [
                      "Succeeded"
                    ]
                  },
                  "metadata": {
                    "operationMetadataId": "a27b9a4b-afe5-4a50-acad-e010154f2673"
                  },
                  "type": "Foreach"
                }
              },
              "runAfter": {},
              "expression": {
                "equals": [
                  "@not(empty(triggerOutputs()?['body/_aia_team_value']))",
                  true
                ]
              },
              "metadata": {
                "operationMetadataId": "0b578598-72b1-4092-890a-ebad4e41215a"
              },
              "type": "If"
            }
          },
          "runAfter": {
            "Retrieve_approval_matrix_by_id": [
              "Succeeded"
            ]
          },
          "expression": {
            "and": [
              {
                "equals": [
                  "@outputs('Retrieve_approval_matrix_by_id')?['body/aia_approval_status']",
                  914710001
                ]
              },
              {
                "equals": [
                  "@outputs('Retrieve_approval_matrix_by_id')?['body/aia_approval_matrix_status']",
                  914710001
                ]
              },
              {
                "equals": [
                  "@triggerOutputs()?['body/aia_approval_status']",
                  914710002
                ]
              }
            ]
          },
          "metadata": {
            "operationMetadataId": "86c6a24a-ac98-48f0-b30e-0580f3ed88e5"
          },
          "type": "If"
        }
      }
    },
    "templateName": ""
  },
  "schemaVersion": "1.0.0.0"
}