{
  "properties": {
    "connectionReferences": {
      "shared_commondataserviceforapps": {
        "runtimeSource": "embedded",
        "connection": {
          "connectionReferenceLogicalName": "aia_sharedcommondataserviceforapps_fce10"
        },
        "api": {
          "name": "shared_commondataserviceforapps"
        }
      }
    },
    "definition": {
      "$schema": "https://schema.management.azure.com/providers/Microsoft.Logic/schemas/2016-06-01/workflowdefinition.json#",
      "contentVersion": "1.0.0.0",
      "parameters": {
        "$connections": {
          "defaultValue": {},
          "type": "Object"
        },
        "$authentication": {
          "defaultValue": {},
          "type": "SecureObject"
        }
      },
      "triggers": {
        "Upsert_Approval_Logs_added": {
          "metadata": {
            "operationMetadataId": "f575fa85-78e0-46aa-aaaa-1d991b8f8d37"
          },
          "type": "OpenApiConnectionWebhook",
          "inputs": {
            "host": {
              "connectionName": "shared_commondataserviceforapps",
              "operationId": "SubscribeWebhookTrigger",
              "apiId": "/providers/Microsoft.PowerApps/apis/shared_commondataserviceforapps"
            },
            "parameters": {
              "subscriptionRequest/message": 1,
              "subscriptionRequest/entityname": "aia_upsertapprovallog",
              "subscriptionRequest/scope": 4
            },
            "authentication": "@parameters('$authentication')"
          }
        }
      },
      "actions": {
        "Perform_an_unbound_action": {
          "runAfter": {
            "Update_Approval_Log_state_to_procesing_": [
              "Succeeded"
            ]
          },
          "metadata": {
            "operationMetadataId": "0c930af2-3cfa-477f-85cb-0004453d7909"
          },
          "type": "OpenApiConnection",
          "inputs": {
            "host": {
              "connectionName": "shared_commondataserviceforapps",
              "operationId": "PerformUnboundAction",
              "apiId": "/providers/Microsoft.PowerApps/apis/shared_commondataserviceforapps"
            },
            "parameters": {
              "actionName": "aia_ProcessApprovalLogNew",
              "item/ApprovalLogId": "@triggerOutputs()?['body/aia_upsertapprovallogid']",
              "item/RequestID": "@triggerOutputs()?['body/_aia_sourcing_request_value']"
            },
            "authentication": "@parameters('$authentication')",
            "retryPolicy": {
              "type": "fixed",
              "count": 3,
              "interval": "PT10S"
            }
          }
        },
        "Update_Approval_Log_state_to_procesing_": {
          "runAfter": {},
          "metadata": {
            "operationMetadataId": "aac4d63c-8f64-4b1b-a9b0-4e96094308ae"
          },
          "type": "OpenApiConnection",
          "inputs": {
            "host": {
              "connectionName": "shared_commondataserviceforapps",
              "operationId": "UpdateRecord",
              "apiId": "/providers/Microsoft.PowerApps/apis/shared_commondataserviceforapps"
            },
            "parameters": {
              "entityName": "aia_upsertapprovallogs",
              "recordId": "@triggerOutputs()?['body/aia_upsertapprovallogid']",
              "item/aia_upsert_status": 914710003
            },
            "authentication": "@parameters('$authentication')"
          }
        },
        "Update__Upsert_Approval_Logs_Succuess": {
          "runAfter": {
            "Run_a_Child_Flow": [
              "Succeeded"
            ]
          },
          "metadata": {
            "operationMetadataId": "435ccdc0-5df4-4eff-a3da-782797e861b3"
          },
          "type": "OpenApiConnection",
          "inputs": {
            "host": {
              "connectionName": "shared_commondataserviceforapps",
              "operationId": "UpdateRecord",
              "apiId": "/providers/Microsoft.PowerApps/apis/shared_commondataserviceforapps"
            },
            "parameters": {
              "entityName": "aia_upsertapprovallogs",
              "recordId": "@triggerOutputs()?['body/aia_upsertapprovallogid']",
              "item/aia_upsert_status": 914710001
            },
            "authentication": "@parameters('$authentication')"
          }
        },
        "Run_a_Child_Flow": {
          "runAfter": {
            "Perform_an_unbound_action": [
              "Succeeded"
            ]
          },
          "metadata": {
            "operationMetadataId": "e262b604-6aa2-41b3-94c3-2a5d69d759bf"
          },
          "type": "Workflow",
          "inputs": {
            "host": {
              "workflowReferenceName": "c174bf1a-79ae-ed11-83ff-002248593e63"
            },
            "body": {
              "text": "@triggerOutputs()?['body/_aia_sourcing_request_value']"
            }
          }
        }
      }
    },
    "templateName": ""
  },
  "schemaVersion": "1.0.0.0"
}