{
  "properties": {
    "connectionReferences": {
      "shared_commondataserviceforapps": {
        "runtimeSource": "embedded",
        "connection": {
          "connectionReferenceLogicalName": "aia_sharedcommondataserviceforapps_dba9d"
        },
        "api": {
          "name": "shared_commondataserviceforapps"
        }
      },
      "shared_commondataserviceforapps_1": {
        "runtimeSource": "embedded",
        "connection": {
          "connectionReferenceLogicalName": "aia_sharedcommondataserviceforapps_f1fd0"
        },
        "api": {
          "name": "shared_commondataserviceforapps"
        }
      }
    },
    "definition": {
      "$schema": "https://schema.management.azure.com/providers/Microsoft.Logic/schemas/2016-06-01/workflowdefinition.json#",
      "contentVersion": "1.0.0.0",
      "parameters": {
        "$connections": {
          "defaultValue": {},
          "type": "Object"
        },
        "$authentication": {
          "defaultValue": {},
          "type": "SecureObject"
        }
      },
      "triggers": {
        "When_a_row_is_added,_modified_or_deleted": {
          "metadata": {
            "operationMetadataId": "644e7f20-5cc3-4b46-b6a0-b4537dabeace"
          },
          "type": "OpenApiConnectionWebhook",
          "inputs": {
            "host": {
              "connectionName": "shared_commondataserviceforapps",
              "operationId": "SubscribeWebhookTrigger",
              "apiId": "/providers/Microsoft.PowerApps/apis/shared_commondataserviceforapps"
            },
            "parameters": {
              "subscriptionRequest/message": 3,
              "subscriptionRequest/entityname": "aia_s2c_sourcingrequest",
              "subscriptionRequest/scope": 4,
              "subscriptionRequest/filteringattributes": "aia_initialcostestimationinusd,aia_aialegalentity,aia_contractowner,aia_dataprivacyrisk,aia_informationsecurityrisk,aia_businesscontinuityrisk,aia_is_expense_approval,aia_expense_amount_in_usd,aia_wbs_code,aia_countries_involved,aia_cost_categories_involved,aia_requeststatus",
              "subscriptionRequest/filterexpression": "aia_requeststatus eq 914710009"
            },
            "authentication": "@parameters('$authentication')"
          }
        }
      },
      "actions": {
        "If_request_status_not_equal_to_Pending_Approval_and_so_on": {
          "actions": {
            "If_legal_entity_not_equal_to_null": {
              "actions": {
                "Retrieve_legal_entity_by_id": {
                  "runAfter": {},
                  "metadata": {
                    "operationMetadataId": "7b4e238b-91c3-4dd9-aca1-cab3b603ad80"
                  },
                  "type": "OpenApiConnection",
                  "inputs": {
                    "host": {
                      "connectionName": "shared_commondataserviceforapps",
                      "operationId": "GetItem",
                      "apiId": "/providers/Microsoft.PowerApps/apis/shared_commondataserviceforapps"
                    },
                    "parameters": {
                      "entityName": "aia_aialegalentities",
                      "recordId": "@outputs('Retrieve_sourcing_request_by_id')?['body/_aia_aialegalentity_value']"
                    },
                    "authentication": "@parameters('$authentication')"
                  }
                },
                "If_country_equal_to_SSHK": {
                  "actions": {
                    "Retrieve_team_member_of_legal_entity_team": {
                      "runAfter": {},
                      "metadata": {
                        "operationMetadataId": "f35fdc88-6ef9-4286-af0f-1c07fc067d73"
                      },
                      "type": "OpenApiConnection",
                      "inputs": {
                        "host": {
                          "connectionName": "shared_commondataserviceforapps",
                          "operationId": "ListRecords",
                          "apiId": "/providers/Microsoft.PowerApps/apis/shared_commondataserviceforapps"
                        },
                        "parameters": {
                          "entityName": "systemusers",
                          "fetchXml": "<fetch>\n  <entity name=\"systemuser\">\n    <link-entity name=\"teammembership\" from=\"systemuserid\" to=\"systemuserid\">\n      <filter>\n        <condition attribute=\"teamid\" operator=\"eq\" value=\"@{outputs('Retrieve_legal_entity_by_id')?['body/_aia_team_value']}\" />\n      </filter>\n    </link-entity>\n  </entity>\n</fetch>"
                        },
                        "authentication": "@parameters('$authentication')"
                      }
                    },
                    "Apply_to_each": {
                      "foreach": "@outputs('Retrieve_team_member_of_legal_entity_team')?['body/value']",
                      "actions": {
                        "Create_endorser_base_on_team_member": {
                          "runAfter": {},
                          "metadata": {
                            "operationMetadataId": "0498c1c6-5635-40f6-9ece-fd994dfa04f4"
                          },
                          "type": "OpenApiConnection",
                          "inputs": {
                            "host": {
                              "connectionName": "shared_commondataserviceforapps",
                              "operationId": "CreateRecord",
                              "apiId": "/providers/Microsoft.PowerApps/apis/shared_commondataserviceforapps"
                            },
                            "parameters": {
                              "entityName": "aia_s2c_approval_members",
                              "item/aia_approval@odata.bind": "/aia_s2c_approvals(@{outputs('Create_approval_matrix_for_sourcing_request')?['body/aia_s2c_approvalid']})",
                              "item/aia_approval_status": 914710000,
                              "item/aia_generation_type": 914710000,
                              "item/aia_name": "@items('Apply_to_each')?['fullname']",
                              "item/aia_user@odata.bind": "/systemusers(@{items('Apply_to_each')?['systemuserid']})",
                              "item/aia_user_role": 914710001,
                              "item/aia_approvertype": "914710000",
                              "item/aia_team@odata.bind": "/teams(@{outputs('Retrieve_legal_entity_by_id')?['body/_aia_team_value']})"
                            },
                            "authentication": "@parameters('$authentication')"
                          }
                        }
                      },
                      "runAfter": {
                        "Retrieve_team_member_of_legal_entity_team": [
                          "Succeeded"
                        ]
                      },
                      "metadata": {
                        "operationMetadataId": "66dc7abe-1f41-4a09-9fc2-e300aced3fc0"
                      },
                      "type": "Foreach"
                    },
                    "Retrieve_VCM_team_from_team_member": {
                      "runAfter": {
                        "Apply_to_each": [
                          "Succeeded"
                        ]
                      },
                      "metadata": {
                        "operationMetadataId": "eff44532-d45c-4f61-9c87-efcd2e094bdb"
                      },
                      "type": "OpenApiConnection",
                      "inputs": {
                        "host": {
                          "connectionName": "shared_commondataserviceforapps",
                          "operationId": "ListRecords",
                          "apiId": "/providers/Microsoft.PowerApps/apis/shared_commondataserviceforapps"
                        },
                        "parameters": {
                          "entityName": "aia_s2c_teammembers",
                          "fetchXml": "<fetch top=\"1\">\n  <entity name=\"aia_s2c_teammember\">\n    <attribute name=\"aia_s2c_teammemberid\" />\n    <filter>\n      <condition attribute=\"aia_sourcingrequest\" operator=\"eq\" value=\"@{outputs('Retrieve_sourcing_request_by_id')?['body/aia_s2c_sourcingrequestid']}\" />\n      <condition attribute=\"aia_team\" operator=\"eq\" value=\"@{outputs('Retrieve_legal_entity_by_id')?['body/_aia_team_value']}\" />\n      <condition attribute=\"statecode\" operator=\"eq\" value=\"0\" />\n    </filter>\n  </entity>\n</fetch>"
                        },
                        "authentication": "@parameters('$authentication')"
                      }
                    },
                    "If_existing_VCM_team_or_not": {
                      "actions": {
                        "Update_VCM_team_state_code_to_inactive": {
                          "runAfter": {},
                          "metadata": {
                            "operationMetadataId": "40972156-8020-46a6-921f-a7932f99fe8e"
                          },
                          "type": "OpenApiConnection",
                          "inputs": {
                            "host": {
                              "connectionName": "shared_commondataserviceforapps",
                              "operationId": "UpdateRecord",
                              "apiId": "/providers/Microsoft.PowerApps/apis/shared_commondataserviceforapps"
                            },
                            "parameters": {
                              "entityName": "aia_s2c_teammembers",
                              "recordId": "@first(outputs('Retrieve_VCM_team_from_team_member')?['body/value'])['aia_s2c_teammemberid']",
                              "item/statecode": 1
                            },
                            "authentication": "@parameters('$authentication')"
                          }
                        }
                      },
                      "runAfter": {
                        "Retrieve_VCM_team_from_team_member": [
                          "Succeeded"
                        ]
                      },
                      "expression": {
                        "and": [
                          {
                            "greater": [
                              "@length(outputs('Retrieve_VCM_team_from_team_member')?['body/value'])",
                              0
                            ]
                          },
                          {
                            "equals": [
                              1,
                              2
                            ]
                          }
                        ]
                      },
                      "metadata": {
                        "operationMetadataId": "c3e6a912-3900-4db9-82c5-acdd79e72520"
                      },
                      "type": "If",
                      "description": "ROA inprogress 状态时并不需要从Team Member移除VCM(直到Pending Approval再移除)"
                    }
                  },
                  "runAfter": {
                    "Retrieve_legal_entity_by_id": [
                      "Succeeded"
                    ]
                  },
                  "expression": {
                    "equals": [
                      "@outputs('Retrieve_legal_entity_by_id')?['body/aia_country']",
                      "SSHK"
                    ]
                  },
                  "metadata": {
                    "operationMetadataId": "344dc1c4-ecaf-4fd8-bf65-d1865afd63c4"
                  },
                  "type": "If"
                }
              },
              "runAfter": {
                "Update_approval_matrix_to_current_approval_matrix_of_sourcing_request": [
                  "Succeeded"
                ]
              },
              "expression": {
                "not": {
                  "equals": [
                    "@outputs('Retrieve_sourcing_request_by_id')?['body/_aia_aialegalentity_value']",
                    null
                  ]
                }
              },
              "metadata": {
                "operationMetadataId": "bd8f0a2d-4f1c-42f7-91c0-8cb93c6c5121"
              },
              "type": "If"
            },
            "Update_approval_matrix_to_current_approval_matrix_of_sourcing_request": {
              "runAfter": {
                "Create_approval_matrix_for_sourcing_request": [
                  "Succeeded"
                ]
              },
              "metadata": {
                "operationMetadataId": "251e32f8-7498-411d-bf44-ab79e3b99e39"
              },
              "type": "OpenApiConnection",
              "inputs": {
                "host": {
                  "connectionName": "shared_commondataserviceforapps",
                  "operationId": "UpdateRecord",
                  "apiId": "/providers/Microsoft.PowerApps/apis/shared_commondataserviceforapps"
                },
                "parameters": {
                  "entityName": "aia_s2c_sourcingrequests",
                  "recordId": "@outputs('Retrieve_sourcing_request_by_id')?['body/aia_s2c_sourcingrequestid']",
                  "item/aia_current_approval_matrix@odata.bind": "/aia_s2c_approvals(@{outputs('Create_approval_matrix_for_sourcing_request')?['body/aia_s2c_approvalid']})"
                },
                "authentication": "@parameters('$authentication')"
              }
            },
            "Approver_and_Endorser_Duplicates_Detection": {
              "runAfter": {
                "If_contract_value_less_than_or_equal_to_1M": [
                  "Succeeded"
                ]
              },
              "metadata": {
                "operationMetadataId": "0c140de0-9680-44f6-ad63-e62f59ed2b6d"
              },
              "type": "Workflow",
              "inputs": {
                "host": {
                  "workflowReferenceName": "4859e360-7166-ed11-9561-002248593e63"
                },
                "body": {
                  "text": "@outputs('Retrieve_sourcing_request_by_id')?['body/aia_s2c_sourcingrequestid']",
                  "text_1": "@outputs('Create_approval_matrix_for_sourcing_request')?['body/aia_s2c_approvalid']"
                },
                "retryPolicy": {
                  "type": "none"
                }
              }
            },
            "If_contract_value_less_than_or_equal_to_1M": {
              "actions": {
                "Pre-fill_in_Business_Approver_or_Endorser_for_less_than_1_million": {
                  "runAfter": {},
                  "metadata": {
                    "operationMetadataId": "1e190134-eff8-4ddf-ae6f-4018948f8697"
                  },
                  "type": "Workflow",
                  "inputs": {
                    "host": {
                      "workflowReferenceName": "37b5e756-f25f-ed11-9562-002248593fc2"
                    },
                    "body": {
                      "text": "@outputs('Retrieve_sourcing_request_by_id')?['body/aia_s2c_sourcingrequestid']",
                      "text_1": "@outputs('Create_approval_matrix_for_sourcing_request')?['body/aia_s2c_approvalid']"
                    },
                    "retryPolicy": {
                      "type": "none"
                    }
                  }
                }
              },
              "runAfter": {
                "Split_min_value_and_max_value": [
                  "Succeeded"
                ]
              },
              "else": {
                "actions": {
                  "If_following_countries_or_cost_include_is_equal_to_none_of_the_above_or_not": {
                    "actions": {
                      "Get_group_tax_team_id_from_configuration_table": {
                        "runAfter": {},
                        "metadata": {
                          "operationMetadataId": "280baf45-a735-43cb-b79f-0c9f33b4b52a"
                        },
                        "type": "Workflow",
                        "inputs": {
                          "host": {
                            "workflowReferenceName": "cb8c7cef-6161-ec11-8f8f-000d3a80eca3"
                          },
                          "body": {
                            "text": "Group_Tax_TeamId"
                          }
                        }
                      },
                      "Retrieve_team_member_of_group_tax_team": {
                        "runAfter": {
                          "Get_group_tax_team_id_from_configuration_table": [
                            "Succeeded"
                          ]
                        },
                        "metadata": {
                          "operationMetadataId": "f35fdc88-6ef9-4286-af0f-1c07fc067d73"
                        },
                        "type": "OpenApiConnection",
                        "inputs": {
                          "host": {
                            "connectionName": "shared_commondataserviceforapps",
                            "operationId": "ListRecords",
                            "apiId": "/providers/Microsoft.PowerApps/apis/shared_commondataserviceforapps"
                          },
                          "parameters": {
                            "entityName": "systemusers",
                            "fetchXml": "<fetch>\n  <entity name=\"systemuser\">\n    <link-entity name=\"teammembership\" from=\"systemuserid\" to=\"systemuserid\">\n      <filter>\n        <condition attribute=\"teamid\" operator=\"eq\" value=\"@{body('Get_group_tax_team_id_from_configuration_table')?['result']}\" />\n      </filter>\n    </link-entity>\n  </entity>\n</fetch>"
                          },
                          "authentication": "@parameters('$authentication')"
                        }
                      },
                      "Apply_to_each_2": {
                        "foreach": "@outputs('Retrieve_team_member_of_group_tax_team')?['body/value']",
                        "actions": {
                          "Create_endorser_base_on_group_tax_team_member": {
                            "runAfter": {},
                            "metadata": {
                              "operationMetadataId": "0498c1c6-5635-40f6-9ece-fd994dfa04f4"
                            },
                            "type": "OpenApiConnection",
                            "inputs": {
                              "host": {
                                "connectionName": "shared_commondataserviceforapps",
                                "operationId": "CreateRecord",
                                "apiId": "/providers/Microsoft.PowerApps/apis/shared_commondataserviceforapps"
                              },
                              "parameters": {
                                "entityName": "aia_s2c_approval_members",
                                "item/aia_approval@odata.bind": "/aia_s2c_approvals(@{outputs('Create_approval_matrix_for_sourcing_request')?['body/aia_s2c_approvalid']})",
                                "item/aia_approval_status": 914710000,
                                "item/aia_generation_type": 914710000,
                                "item/aia_name": "@items('Apply_to_each_2')?['fullname']",
                                "item/aia_user@odata.bind": "/systemusers(@{items('Apply_to_each_2')?['systemuserid']})",
                                "item/aia_user_role": 914710001,
                                "item/aia_approvertype": "914710000",
                                "item/aia_team@odata.bind": "/teams(@{body('Get_group_tax_team_id_from_configuration_table')?['result']})"
                              },
                              "authentication": "@parameters('$authentication')"
                            }
                          }
                        },
                        "runAfter": {
                          "Retrieve_team_member_of_group_tax_team": [
                            "Succeeded"
                          ]
                        },
                        "metadata": {
                          "operationMetadataId": "66dc7abe-1f41-4a09-9fc2-e300aced3fc0"
                        },
                        "type": "Foreach"
                      },
                      "Retrieve_group_tax_team_from_team_member": {
                        "runAfter": {
                          "Apply_to_each_2": [
                            "Succeeded"
                          ]
                        },
                        "metadata": {
                          "operationMetadataId": "74623236-f645-44c2-a8e3-c76c440af1b6"
                        },
                        "type": "OpenApiConnection",
                        "inputs": {
                          "host": {
                            "connectionName": "shared_commondataserviceforapps",
                            "operationId": "ListRecords",
                            "apiId": "/providers/Microsoft.PowerApps/apis/shared_commondataserviceforapps"
                          },
                          "parameters": {
                            "entityName": "aia_s2c_teammembers",
                            "fetchXml": "<fetch top=\"1\">\n  <entity name=\"aia_s2c_teammember\">\n    <attribute name=\"aia_s2c_teammemberid\" />\n    <filter>\n      <condition attribute=\"aia_sourcingrequest\" operator=\"eq\" value=\"@{outputs('Retrieve_sourcing_request_by_id')?['body/aia_s2c_sourcingrequestid']}\" />\n      <condition attribute=\"aia_team\" operator=\"eq\" value=\"@{body('Get_group_tax_team_id_from_configuration_table')?['result']}\" />\n      <condition attribute=\"statecode\" operator=\"eq\" value=\"0\" />\n    </filter>\n  </entity>\n</fetch>"
                          },
                          "authentication": "@parameters('$authentication')"
                        }
                      },
                      "If_existing_group_tax_team_or_not": {
                        "actions": {
                          "Update_group_tax_team_state_code_to_inactive": {
                            "runAfter": {},
                            "metadata": {
                              "operationMetadataId": "7d188506-a18f-4611-b67d-a09537514b3d"
                            },
                            "type": "OpenApiConnection",
                            "inputs": {
                              "host": {
                                "connectionName": "shared_commondataserviceforapps",
                                "operationId": "UpdateRecord",
                                "apiId": "/providers/Microsoft.PowerApps/apis/shared_commondataserviceforapps"
                              },
                              "parameters": {
                                "entityName": "aia_s2c_teammembers",
                                "recordId": "@first(outputs('Retrieve_group_tax_team_from_team_member')?['body/value'])['aia_s2c_teammemberid']",
                                "item/statecode": 1
                              },
                              "authentication": "@parameters('$authentication')"
                            }
                          }
                        },
                        "runAfter": {
                          "Retrieve_group_tax_team_from_team_member": [
                            "Succeeded"
                          ]
                        },
                        "expression": {
                          "and": [
                            {
                              "greater": [
                                "@length(outputs('Retrieve_group_tax_team_from_team_member')?['body/value'])",
                                0
                              ]
                            },
                            {
                              "equals": [
                                1,
                                2
                              ]
                            }
                          ]
                        },
                        "metadata": {
                          "operationMetadataId": "b1318a81-8e00-43d5-a0c1-cf7829f0368c"
                        },
                        "type": "If",
                        "description": "ROA inprogress 状态时并不需要从Team Member移除Group Tax Team(直到Pending Approval再移除)"
                      }
                    },
                    "runAfter": {},
                    "expression": {
                      "or": [
                        {
                          "not": {
                            "equals": [
                              "@string(outputs('Retrieve_sourcing_request_by_id')?['body/aia_countries_involved'])",
                              "0"
                            ]
                          }
                        },
                        {
                          "not": {
                            "equals": [
                              "@string(outputs('Retrieve_sourcing_request_by_id')?['body/aia_cost_categories_involved'])",
                              "0"
                            ]
                          }
                        }
                      ]
                    },
                    "metadata": {
                      "operationMetadataId": "c6ecf674-a96a-4fbf-a96b-f20ddd880a54"
                    },
                    "type": "If"
                  },
                  "Pre-fill_in_Business_Approver_or_Endorser_for_greater_than_1_million": {
                    "runAfter": {
                      "If_following_countries_or_cost_include_is_equal_to_none_of_the_above_or_not": [
                        "Succeeded"
                      ]
                    },
                    "metadata": {
                      "operationMetadataId": "23ee6ae6-6f5c-4a1d-9833-c568cdd4f58a"
                    },
                    "type": "Workflow",
                    "inputs": {
                      "host": {
                        "workflowReferenceName": "6ab39c06-f45f-ed11-9562-002248593e63"
                      },
                      "body": {
                        "text": "@outputs('Retrieve_sourcing_request_by_id')?['body/aia_s2c_sourcingrequestid']",
                        "text_1": "@outputs('Create_approval_matrix_for_sourcing_request')?['body/aia_s2c_approvalid']"
                      },
                      "retryPolicy": {
                        "type": "none"
                      }
                    }
                  }
                }
              },
              "expression": {
                "lessOrEquals": [
                  "@outputs('Retrieve_sourcing_request_by_id')?['body/aia_initialcostestimationinusd']",
                  "@int(outputs('Split_min_value_and_max_value')[1])"
                ]
              },
              "metadata": {
                "operationMetadataId": "3e9e14a9-1d01-4a73-90ab-999f6026fc5f"
              },
              "type": "If"
            },
            "Retrieve_Contract_Value_from_configuration_table": {
              "runAfter": {
                "If_legal_entity_not_equal_to_null": [
                  "Succeeded"
                ]
              },
              "metadata": {
                "operationMetadataId": "c7505733-fb4a-4962-a6e0-f01ebe97071c"
              },
              "type": "Workflow",
              "inputs": {
                "host": {
                  "workflowReferenceName": "a87a92b0-d56b-ed11-81ac-002248593e63"
                },
                "body": {
                  "text": "AIA_S2C_ContractValue_List",
                  "text_1": "60k - 1M"
                }
              }
            },
            "Split_min_value_and_max_value": {
              "runAfter": {
                "Retrieve_Contract_Value_from_configuration_table": [
                  "Succeeded"
                ]
              },
              "metadata": {
                "operationMetadataId": "d3b467cb-09c0-41cf-a17a-16c5c3ea028a"
              },
              "type": "Compose",
              "inputs": "@split(outputs('Retrieve_Contract_Value_from_configuration_table')?['Body']?['result'],'-')"
            },
            "If_existing_current_approval_matrix_or_not": {
              "actions": {
                "Deactive_Approval_Matrix_": {
                  "runAfter": {
                    "Move_deactive_approval_matrix_into_action": [
                      "Succeeded"
                    ]
                  },
                  "metadata": {
                    "operationMetadataId": "5bb121c0-597d-4b0a-9726-a5dad399d346"
                  },
                  "type": "OpenApiConnection",
                  "inputs": {
                    "host": {
                      "connectionName": "shared_commondataserviceforapps_1",
                      "operationId": "PerformUnboundAction",
                      "apiId": "/providers/Microsoft.PowerApps/apis/shared_commondataserviceforapps"
                    },
                    "parameters": {
                      "actionName": "aia_ProcessaddApproverandEndorsertoTeamMember",
                      "item/RequestID": "@triggerOutputs()?['body/aia_s2c_sourcingrequestid']",
                      "item/DeactiveApprovalMatrixID": "@first(outputs('Retrieve_existing_approval_matrix_by_sourcing_request_id')?['body/value'])['aia_s2c_approvalid']"
                    },
                    "authentication": "@parameters('$authentication')",
                    "retryPolicy": {
                      "type": "fixed",
                      "count": 3,
                      "interval": "PT10S"
                    }
                  }
                },
                "Move_deactive_approval_matrix_into_action": {
                  "actions": {
                    "Retrieve_approval_member_list_by_approval_matrix_id": {
                      "runAfter": {},
                      "metadata": {
                        "operationMetadataId": "2b73a9e8-5d6b-475b-a74a-b5c950d18155"
                      },
                      "type": "OpenApiConnection",
                      "inputs": {
                        "host": {
                          "connectionName": "shared_commondataserviceforapps",
                          "operationId": "ListRecords",
                          "apiId": "/providers/Microsoft.PowerApps/apis/shared_commondataserviceforapps"
                        },
                        "parameters": {
                          "entityName": "aia_s2c_approval_members",
                          "$select": "aia_s2c_approval_memberid",
                          "$filter": "_aia_approval_value eq @{first(outputs('Retrieve_existing_approval_matrix_by_sourcing_request_id')?['body/value'])['aia_s2c_approvalid']} and statecode eq 0"
                        },
                        "authentication": "@parameters('$authentication')"
                      }
                    },
                    "Apply_for_all_approval_member": {
                      "foreach": "@outputs('Retrieve_approval_member_list_by_approval_matrix_id')?['body/value']",
                      "actions": {
                        "Update_approval_member_status_to_inactive": {
                          "runAfter": {},
                          "metadata": {
                            "operationMetadataId": "d54496ea-6cac-4a7c-82b4-4a7ba69364d5"
                          },
                          "type": "OpenApiConnection",
                          "inputs": {
                            "host": {
                              "connectionName": "shared_commondataserviceforapps",
                              "operationId": "UpdateRecord",
                              "apiId": "/providers/Microsoft.PowerApps/apis/shared_commondataserviceforapps"
                            },
                            "parameters": {
                              "entityName": "aia_s2c_approval_members",
                              "recordId": "@items('Apply_for_all_approval_member')?['aia_s2c_approval_memberid']",
                              "item/statecode": 1
                            },
                            "authentication": "@parameters('$authentication')"
                          }
                        }
                      },
                      "runAfter": {
                        "Retrieve_approval_member_list_by_approval_matrix_id": [
                          "Succeeded"
                        ]
                      },
                      "metadata": {
                        "operationMetadataId": "537b6e4f-2efd-4c26-a2c4-884712bf54de"
                      },
                      "type": "Foreach"
                    },
                    "Retrieve_approve_ROA_by_approval_member_id": {
                      "runAfter": {
                        "Apply_for_all_approval_member": [
                          "Succeeded"
                        ]
                      },
                      "metadata": {
                        "operationMetadataId": "9afbdd21-5e16-44ad-b2b8-d37201a0613c"
                      },
                      "type": "OpenApiConnection",
                      "inputs": {
                        "host": {
                          "connectionName": "shared_commondataserviceforapps",
                          "operationId": "ListRecords",
                          "apiId": "/providers/Microsoft.PowerApps/apis/shared_commondataserviceforapps"
                        },
                        "parameters": {
                          "entityName": "aia_s2c_approval_activities",
                          "$filter": "_regardingobjectid_value eq @{triggerOutputs()?['body/aia_s2c_sourcingrequestid']} and _aia_approval_value eq @{first(outputs('Retrieve_existing_approval_matrix_by_sourcing_request_id')?['body/value'])['aia_s2c_approvalid']} and statecode eq 0"
                        },
                        "authentication": "@parameters('$authentication')"
                      }
                    },
                    "If_existing_approve_ROA_or_not": {
                      "actions": {
                        "Apply_to_each_3": {
                          "foreach": "@outputs('Retrieve_approve_ROA_by_approval_member_id')?['body/value']",
                          "actions": {
                            "Update_approve_ROA_activity_status_to_canceled": {
                              "runAfter": {},
                              "metadata": {
                                "operationMetadataId": "3a520495-ecc7-4499-986c-ec6fbbc942a9"
                              },
                              "type": "OpenApiConnection",
                              "inputs": {
                                "host": {
                                  "connectionName": "shared_commondataserviceforapps",
                                  "operationId": "UpdateRecord",
                                  "apiId": "/providers/Microsoft.PowerApps/apis/shared_commondataserviceforapps"
                                },
                                "parameters": {
                                  "entityName": "aia_s2c_approval_activities",
                                  "recordId": "@items('Apply_to_each_3')?['activityid']",
                                  "item/statecode": 2
                                },
                                "authentication": "@parameters('$authentication')"
                              }
                            }
                          },
                          "runAfter": {},
                          "metadata": {
                            "operationMetadataId": "13c20b62-5dfb-46ac-ab96-62f057eb11d0"
                          },
                          "type": "Foreach"
                        }
                      },
                      "runAfter": {
                        "Retrieve_approve_ROA_by_approval_member_id": [
                          "Succeeded"
                        ]
                      },
                      "expression": {
                        "greater": [
                          "@length(outputs('Retrieve_approve_ROA_by_approval_member_id')?['body/value'])",
                          0
                        ]
                      },
                      "metadata": {
                        "operationMetadataId": "b41f755d-8a94-4e18-a125-ded0572ae548"
                      },
                      "type": "If"
                    },
                    "Retrieve_endorse_ROA_by_approval_member_id": {
                      "runAfter": {
                        "If_existing_approve_ROA_or_not": [
                          "Succeeded"
                        ]
                      },
                      "metadata": {
                        "operationMetadataId": "de750b7d-aa28-4384-bd8f-b9725dd3ce42"
                      },
                      "type": "OpenApiConnection",
                      "inputs": {
                        "host": {
                          "connectionName": "shared_commondataserviceforapps",
                          "operationId": "ListRecords",
                          "apiId": "/providers/Microsoft.PowerApps/apis/shared_commondataserviceforapps"
                        },
                        "parameters": {
                          "entityName": "aia_s2c_endorse_activities",
                          "$filter": "_regardingobjectid_value eq @{triggerOutputs()?['body/aia_s2c_sourcingrequestid']} and _aia_approval_value eq @{first(outputs('Retrieve_existing_approval_matrix_by_sourcing_request_id')?['body/value'])['aia_s2c_approvalid']} and statecode eq 0"
                        },
                        "authentication": "@parameters('$authentication')"
                      }
                    },
                    "If_existing_endorse_ROA_or_not": {
                      "actions": {
                        "Apply_to_each_4": {
                          "foreach": "@outputs('Retrieve_endorse_ROA_by_approval_member_id')?['body/value']",
                          "actions": {
                            "Update_endorse_ROA_activity_status_to_canceled": {
                              "runAfter": {},
                              "metadata": {
                                "operationMetadataId": "fb3e7cae-a853-4d03-8f0a-7595d06538c2"
                              },
                              "type": "OpenApiConnection",
                              "inputs": {
                                "host": {
                                  "connectionName": "shared_commondataserviceforapps",
                                  "operationId": "UpdateRecord",
                                  "apiId": "/providers/Microsoft.PowerApps/apis/shared_commondataserviceforapps"
                                },
                                "parameters": {
                                  "entityName": "aia_s2c_endorse_activities",
                                  "recordId": "@items('Apply_to_each_4')?['activityid']",
                                  "item/statecode": 2
                                },
                                "authentication": "@parameters('$authentication')"
                              }
                            }
                          },
                          "runAfter": {},
                          "metadata": {
                            "operationMetadataId": "60961ee0-a1dc-45db-8077-12eea04947e2"
                          },
                          "type": "Foreach"
                        }
                      },
                      "runAfter": {
                        "Retrieve_endorse_ROA_by_approval_member_id": [
                          "Succeeded"
                        ]
                      },
                      "expression": {
                        "greater": [
                          "@length(outputs('Retrieve_endorse_ROA_by_approval_member_id')?['body/value'])",
                          0
                        ]
                      },
                      "metadata": {
                        "operationMetadataId": "dfd85798-cca5-4203-b395-84a31d5265ce"
                      },
                      "type": "If"
                    },
                    "Retrieve_approval_layer_list_by_approval_matrix_id": {
                      "runAfter": {
                        "If_existing_endorse_ROA_or_not": [
                          "Succeeded"
                        ]
                      },
                      "metadata": {
                        "operationMetadataId": "b9eb9aca-64a1-48a1-b862-f8757ea49774"
                      },
                      "type": "OpenApiConnection",
                      "inputs": {
                        "host": {
                          "connectionName": "shared_commondataserviceforapps",
                          "operationId": "ListRecords",
                          "apiId": "/providers/Microsoft.PowerApps/apis/shared_commondataserviceforapps"
                        },
                        "parameters": {
                          "entityName": "aia_s2c_approval_layers",
                          "$select": "aia_s2c_approval_layerid",
                          "$filter": "_aia_approval_value eq @{first(outputs('Retrieve_existing_approval_matrix_by_sourcing_request_id')?['body/value'])['aia_s2c_approvalid']} and statecode eq 0"
                        },
                        "authentication": "@parameters('$authentication')"
                      }
                    },
                    "Apply_for_all_approval_layer": {
                      "foreach": "@outputs('Retrieve_approval_layer_list_by_approval_matrix_id')?['body/value']",
                      "actions": {
                        "Update_approval_layer_status_to_inactive": {
                          "runAfter": {},
                          "metadata": {
                            "operationMetadataId": "5798e4ca-278f-4cc3-8258-28e75ae2e5c6"
                          },
                          "type": "OpenApiConnection",
                          "inputs": {
                            "host": {
                              "connectionName": "shared_commondataserviceforapps",
                              "operationId": "UpdateRecord",
                              "apiId": "/providers/Microsoft.PowerApps/apis/shared_commondataserviceforapps"
                            },
                            "parameters": {
                              "entityName": "aia_s2c_approval_layers",
                              "recordId": "@items('Apply_for_all_approval_layer')?['aia_s2c_approval_layerid']",
                              "item/statecode": 1
                            },
                            "authentication": "@parameters('$authentication')"
                          }
                        }
                      },
                      "runAfter": {
                        "Retrieve_approval_layer_list_by_approval_matrix_id": [
                          "Succeeded"
                        ]
                      },
                      "metadata": {
                        "operationMetadataId": "02b32c1d-c706-471c-a006-8ab2771e0203"
                      },
                      "type": "Foreach"
                    },
                    "Update_approval_matrix_status_to_inactive": {
                      "runAfter": {
                        "Apply_for_all_approval_layer": [
                          "Succeeded"
                        ]
                      },
                      "metadata": {
                        "operationMetadataId": "54bb944e-84c4-49ea-8630-4715bec2f346"
                      },
                      "type": "OpenApiConnection",
                      "inputs": {
                        "host": {
                          "connectionName": "shared_commondataserviceforapps",
                          "operationId": "UpdateRecord",
                          "apiId": "/providers/Microsoft.PowerApps/apis/shared_commondataserviceforapps"
                        },
                        "parameters": {
                          "entityName": "aia_s2c_approvals",
                          "recordId": "@first(outputs('Retrieve_existing_approval_matrix_by_sourcing_request_id')?['body/value'])['aia_s2c_approvalid']",
                          "item/statecode": 1
                        },
                        "authentication": "@parameters('$authentication')"
                      }
                    }
                  },
                  "runAfter": {},
                  "expression": {
                    "equals": [
                      1,
                      2
                    ]
                  },
                  "metadata": {
                    "operationMetadataId": "1fb379ba-6d32-495d-a8b9-1c6b4f97b3ef"
                  },
                  "type": "If"
                }
              },
              "runAfter": {
                "Retrieve_existing_approval_matrix_by_sourcing_request_id": [
                  "Succeeded"
                ]
              },
              "expression": {
                "greater": [
                  "@length(outputs('Retrieve_existing_approval_matrix_by_sourcing_request_id')?['body/value'])",
                  0
                ]
              },
              "metadata": {
                "operationMetadataId": "305768bb-61c0-4f92-8295-0bc11d9ee1b6"
              },
              "type": "If"
            },
            "Retrieve_existing_approval_matrix_by_sourcing_request_id": {
              "runAfter": {},
              "metadata": {
                "operationMetadataId": "a29f7954-cd03-46f7-bbf4-17619b8c789d"
              },
              "type": "OpenApiConnection",
              "inputs": {
                "host": {
                  "connectionName": "shared_commondataserviceforapps",
                  "operationId": "ListRecords",
                  "apiId": "/providers/Microsoft.PowerApps/apis/shared_commondataserviceforapps"
                },
                "parameters": {
                  "entityName": "aia_s2c_approvals",
                  "fetchXml": "<fetch top=\"1\">\n  <entity name=\"aia_s2c_approval\">\n    <attribute name=\"aia_s2c_approvalid\" />\n    <filter>\n      <condition attribute=\"aia_sourcing_request\" operator=\"eq\" value=\"@{triggerOutputs()?['body/aia_s2c_sourcingrequestid']}\" />\n      <condition attribute=\"statecode\" operator=\"eq\" value=\"0\" />\n    </filter>\n    <order attribute=\"createdon\" descending=\"true\" />\n  </entity>\n</fetch>"
                },
                "authentication": "@parameters('$authentication')"
              }
            },
            "Create_approval_matrix_for_sourcing_request": {
              "runAfter": {
                "If_existing_current_approval_matrix_or_not": [
                  "Succeeded"
                ]
              },
              "metadata": {
                "operationMetadataId": "6f3597ab-8030-4fff-81c4-c6c7e857763a"
              },
              "type": "OpenApiConnection",
              "inputs": {
                "host": {
                  "connectionName": "shared_commondataserviceforapps",
                  "operationId": "CreateRecord",
                  "apiId": "/providers/Microsoft.PowerApps/apis/shared_commondataserviceforapps"
                },
                "parameters": {
                  "entityName": "aia_s2c_approvals",
                  "item/aia_name": "Approval Matrix - @{outputs('Retrieve_sourcing_request_by_id')?['body/aia_requesttitle']}",
                  "item/aia_approval_matrix_status": 914710000,
                  "item/aia_approval_status": 914710000,
                  "item/aia_sourcing_request@odata.bind": "/aia_s2c_sourcingrequests(@{outputs('Retrieve_sourcing_request_by_id')?['body/aia_s2c_sourcingrequestid']})"
                },
                "authentication": "@parameters('$authentication')"
              }
            },
            "Update_approval_matrix_status_to_completed": {
              "runAfter": {
                "Approver_and_Endorser_Duplicates_Detection": [
                  "Succeeded"
                ]
              },
              "metadata": {
                "operationMetadataId": "0a7b3e18-38bf-420f-934c-39c014998118"
              },
              "type": "OpenApiConnection",
              "inputs": {
                "host": {
                  "connectionName": "shared_commondataserviceforapps",
                  "operationId": "UpdateRecord",
                  "apiId": "/providers/Microsoft.PowerApps/apis/shared_commondataserviceforapps"
                },
                "parameters": {
                  "entityName": "aia_s2c_approvals",
                  "recordId": "@outputs('Create_approval_matrix_for_sourcing_request')?['body/aia_s2c_approvalid']",
                  "item/aia_approval_matrix_status": 914710001
                },
                "authentication": "@parameters('$authentication')"
              }
            }
          },
          "runAfter": {
            "Retrieve_sourcing_request_by_id": [
              "Succeeded"
            ]
          },
          "else": {
            "actions": {
              "Terminate": {
                "runAfter": {},
                "metadata": {
                  "operationMetadataId": "6e0ffb1c-99d4-4bf9-a33f-8b2e82366e1b"
                },
                "type": "Terminate",
                "inputs": {
                  "runStatus": "Failed",
                  "runError": {
                    "code": "500",
                    "message": "The current state cannot generate Approval Matrix."
                  }
                }
              }
            }
          },
          "expression": {
            "and": [
              {
                "not": {
                  "equals": [
                    "@outputs('Retrieve_sourcing_request_by_id')?['body/aia_requeststatus']",
                    914710011
                  ]
                }
              },
              {
                "not": {
                  "equals": [
                    "@outputs('Retrieve_sourcing_request_by_id')?['body/aia_requeststatus']",
                    914710010
                  ]
                }
              },
              {
                "not": {
                  "equals": [
                    "@outputs('Retrieve_sourcing_request_by_id')?['body/aia_requeststatus']",
                    914710012
                  ]
                }
              },
              {
                "not": {
                  "equals": [
                    "@outputs('Retrieve_sourcing_request_by_id')?['body/aia_requeststatus']",
                    914710003
                  ]
                }
              },
              {
                "not": {
                  "equals": [
                    "@outputs('Retrieve_sourcing_request_by_id')?['body/aia_requeststatus']",
                    914710004
                  ]
                }
              },
              {
                "not": {
                  "equals": [
                    "@outputs('Retrieve_sourcing_request_by_id')?['body/aia_requeststatus']",
                    914710013
                  ]
                }
              }
            ]
          },
          "metadata": {
            "operationMetadataId": "94614856-2182-4824-89fa-75d316fe0c88"
          },
          "type": "If"
        },
        "Retrieve_sourcing_request_by_id": {
          "runAfter": {},
          "metadata": {
            "operationMetadataId": "a4449769-7a1a-4fb0-b527-7838bc41d664"
          },
          "type": "OpenApiConnection",
          "inputs": {
            "host": {
              "connectionName": "shared_commondataserviceforapps",
              "operationId": "GetItem",
              "apiId": "/providers/Microsoft.PowerApps/apis/shared_commondataserviceforapps"
            },
            "parameters": {
              "entityName": "aia_s2c_sourcingrequests",
              "recordId": "@triggerOutputs()?['body/aia_s2c_sourcingrequestid']"
            },
            "authentication": "@parameters('$authentication')"
          }
        }
      },
      "outputs": {}
    },
    "templateName": ""
  },
  "schemaVersion": "1.0.0.0"
}